# ProBuilder 5.2.4
# https://unity3d.com/unity/features/worldbuilding/probuilder
# 11/20/2025 5:15:10 AM

mtllib ./DemoTerrain.mtl
o DemoTerrain

g DemoTerrain
v 12 -26 -282
v 12 -25 -282
v 12 -26 -283
v 12 -25 -283
v 12 -27 -282
v 12 -27 -283
v 12 -28 -282
v 12 -28 -283
v 8 -23 -282
v 7 -23 -282
v 8 -23 -283
v 7 -23 -283
v 9 -23 -282
v 9 -23 -283
v 10 -23 -282
v 10 -23 -283
v 11 -23 -282
v 11 -23 -283
v 12 -23 -282
v 12 -23 -283
v 12 -24 -282
v 12 -24 -283
v 12 -26 -284
v 12 -25 -284
v 12 -27 -284
v 12 -28 -284
v 8 -23 -284
v 7 -23 -284
v 9 -23 -284
v 10 -23 -284
v 11 -23 -284
v 12 -23 -284
v 12 -24 -284
v 12 -26 -285
v 12 -25 -285
v 12 -27 -285
v 12 -28 -285
v 8 -23 -285
v 7 -23 -285
v 9 -23 -285
v 10 -23 -285
v 11 -23 -285
v 12 -23 -285
v 12 -24 -285
v 12 -26 -286
v 12 -25 -286
v 12 -27 -286
v 12 -28 -286
v 8 -23 -286
v 7 -23 -286
v 9 -23 -286
v 10 -23 -286
v 11 -23 -286
v 12 -23 -286
v 12 -24 -286
v 12 -26 -287
v 12 -25 -287
v 12 -27 -287
v 12 -28 -287
v 8 -23 -287
v 7 -23 -287
v 9 -23 -287
v 10 -23 -287
v 11 -23 -287
v 12 -23 -287
v 12 -24 -287
v 12 -26 -288
v 12 -25 -288
v 12 -27 -288
v 12 -28 -288
v 8 -23 -288
v 7 -23 -288
v 9 -23 -288
v 10 -23 -288
v 11 -23 -288
v 12 -23 -288
v 12 -24 -288
v 12 -26 -289
v 12 -25 -289
v 12 -27 -289
v 12 -28 -289
v 8 -23 -289
v 7 -23 -289
v 9 -23 -289
v 10 -23 -289
v 11 -23 -289
v 12 -23 -289
v 12 -24 -289
v 12 -26 -290
v 12 -25 -290
v 12 -27 -290
v 12 -28 -290
v 8 -23 -290
v 7 -23 -290
v 9 -23 -290
v 10 -23 -290
v 11 -23 -290
v 12 -23 -290
v 12 -24 -290
v 12 -26 -291
v 12 -25 -291
v 12 -27 -291
v 12 -28 -291
v 8 -23 -291
v 7 -23 -291
v 9 -23 -291
v 10 -23 -291
v 11 -23 -291
v 12 -23 -291
v 12 -24 -291
v 12 -26 -292
v 12 -25 -292
v 12 -27 -292
v 12 -28 -292
v 8 -23 -292
v 7 -23 -292
v 9 -23 -292
v 10 -23 -292
v 11 -23 -292
v 12 -23 -292
v 12 -24 -292
v 12 -26 -293
v 12 -25 -293
v 12 -27 -293
v 12 -28 -293
v 8 -23 -293
v 7 -23 -293
v 9 -23 -293
v 10 -23 -293
v 11 -23 -293
v 12 -23 -293
v 12 -24 -293
v 12 -26 -294
v 12 -25 -294
v 12 -27 -294
v 12 -28 -294
v 8 -23 -294
v 7 -23 -294
v 9 -23 -294
v 10 -23 -294
v 11 -23 -294
v 12 -23 -294
v 12 -24 -294
v 12 -26 -295
v 12 -25 -295
v 12 -27 -295
v 12 -28 -295
v 11 -28 -294
v 11 -28 -295
v 10 -28 -294
v 10 -28 -295
v 8 -23 -295
v 7 -23 -295
v 9 -23 -295
v 10 -23 -295
v 11 -23 -295
v 12 -23 -295
v 12 -24 -295
v 12 -26 -296
v 12 -25 -296
v 12 -27 -296
v 12 -28 -296
v 11 -28 -296
v 10 -28 -296
v 9 -28 -295
v 9 -28 -296
v 8 -28 -295
v 8 -28 -296
v 7 -28 -295
v 7 -28 -296
v 7 -27 -295
v 7 -27 -296
v 8 -23 -296
v 7 -23 -296
v 9 -23 -296
v 10 -23 -296
v 11 -23 -296
v 12 -23 -296
v 12 -24 -296
v 12 -26 -297
v 12 -25 -297
v 12 -27 -297
v 12 -28 -297
v 11 -28 -297
v 10 -28 -297
v 9 -28 -297
v 8 -28 -297
v 7 -28 -297
v 7 -27 -297
v 8 -23 -297
v 7 -23 -297
v 9 -23 -297
v 10 -23 -297
v 11 -23 -297
v 12 -23 -297
v 12 -24 -297
v 12 -26 -298
v 12 -25 -298
v 12 -27 -298
v 12 -28 -298
v 11 -28 -298
v 10 -28 -298
v 9 -28 -298
v 8 -28 -298
v 7 -28 -298
v 7 -27 -298
v 8 -23 -298
v 7 -23 -298
v 9 -23 -298
v 10 -23 -298
v 11 -23 -298
v 12 -23 -298
v 12 -24 -298
v 12 -26 -299
v 12 -25 -299
v 12 -27 -299
v 12 -28 -299
v 11 -28 -299
v 10 -28 -299
v 9 -28 -299
v 8 -28 -299
v 7 -28 -299
v 7 -27 -299
v 7 -26 -298
v 7 -26 -299
v 7 -25 -298
v 7 -25 -299
v 7 -24 -298
v 7 -24 -299
v 7 -23 -299
v 8 -23 -299
v 9 -23 -299
v 10 -23 -299
v 11 -23 -299
v 12 -23 -299
v 12 -24 -299
v 12 -26 -300
v 12 -25 -300
v 12 -27 -300
v 12 -28 -300
v 11 -28 -300
v 10 -28 -300
v 9 -28 -300
v 8 -28 -300
v 7 -28 -300
v 7 -27 -300
v 7 -26 -300
v 7 -25 -300
v 7 -24 -300
v 7 -23 -300
v 8 -23 -300
v 9 -23 -300
v 10 -23 -300
v 11 -23 -300
v 12 -23 -300
v 12 -24 -300
v 12 -26 -301
v 12 -25 -301
v 12 -27 -301
v 12 -28 -301
v 11 -28 -301
v 10 -28 -301
v 9 -28 -301
v 8 -28 -301
v 7 -28 -301
v 7 -27 -301
v 7 -26 -301
v 7 -25 -301
v 7 -24 -301
v 7 -23 -301
v 8 -23 -301
v 9 -23 -301
v 10 -23 -301
v 11 -23 -301
v 12 -23 -301
v 12 -24 -301
v 8 -24 -301
v 8 -25 -301
v 8 -26 -301
v 8 -27 -301
v 9 -24 -301
v 9 -25 -301
v 9 -26 -301
v 9 -27 -301
v 10 -24 -301
v 10 -25 -301
v 10 -26 -301
v 10 -27 -301
v 11 -24 -301
v 11 -25 -301
v 11 -26 -301
v 11 -27 -301
v 7 -25.5 -294
v 7 -25.5 -295
v 6.5 -25.5 -294
v 6.5 -25.5 -295
v 7 -25.5 -296
v 6.5 -25.5 -296
v 7 -25.5 -297
v 6.5 -25.5 -297
v 7 -25.5 -298
v 6.5 -25.5 -298
v 6.5 -27 -293
v 6.5 -27 -294
v 5 -27 -293
v 5 -27 -294
v 6.5 -27 -295
v 5 -27 -295
v 6.5 -27 -296
v 5 -27 -296
v 6.5 -27 -297
v 5 -27 -297
v 6.5 -27 -298
v 5 -27 -298
v 4 -27 -296
v 4 -27 -297
v 4 -27 -298
v 3 -27 -296
v 3 -27 -297
v 3 -27 -298
v 2 -27 -297
v 2 -27 -298
v 2 -23 -282
v 2 -23 -283
v 3 -23 -282
v 3 -23 -283
v 2 -23 -284
v 3 -23 -284
v 2 -23 -285
v 3 -23 -285
v 2 -23 -286
v 3 -23 -286
v 2 -23 -287
v 3 -23 -287
v 2 -23 -288
v 3 -23 -288
v 2 -23 -289
v 3 -23 -289
v 2 -23 -290
v 3 -23 -290
v 2 -23 -291
v 3 -23 -291
v 2 -23 -292
v 3 -23 -292
v 2 -23 -293
v 3 -23 -293
v 2 -23 -294
v 3 -23 -294
v 2 -23 -295
v 3 -23 -295
v 2 -23 -296
v 3 -23 -296
v 2 -23 -297
v 3 -23 -297
v 2 -23 -298
v 3 -23 -298
v 4 -23 -282
v 4 -23 -283
v 4 -23 -284
v 4 -23 -285
v 4 -23 -286
v 4 -23 -287
v 4 -23 -288
v 4 -23 -289
v 4 -23 -290
v 4 -23 -291
v 4 -23 -292
v 4 -23 -293
v 4 -23 -294
v 4 -23 -295
v 4 -23 -296
v 4 -23 -297
v 4 -23 -298
v 5 -23 -282
v 5 -23 -283
v 5 -23 -284
v 5 -23 -285
v 5 -23 -286
v 5 -23 -287
v 5 -23 -288
v 5 -23 -289
v 5 -23 -290
v 5 -23 -291
v 5 -23 -292
v 5 -23 -293
v 5 -23 -294
v 5 -23 -295
v 5 -23 -296
v 5 -23 -297
v 5 -23 -298
v 6 -23 -282
v 6 -23 -283
v 6 -23 -284
v 6 -23 -285
v 6 -23 -286
v 6 -23 -287
v 6 -23 -288
v 6 -23 -289
v 6 -23 -290
v 6 -23 -291
v 6 -23 -292
v 6 -23 -293
v 6 -23 -294
v 6 -23 -295
v 6 -23 -296
v 6 -23 -297
v 6 -23 -298
v 6 -24 -298
v 6 -25 -298
v 6 -26 -298
v 6 -27 -298
v 7 -26 -297
v 6.5 -26 -297
v 6.5 -26 -298
v 7 -26 -296
v 6.5 -26 -296
v 7 -26 -295
v 6.5 -26 -295
v 6.5 -26 -294
v 6.5 -26 -293
v 7 -26 -294
v 6.5 -25.5 -293
v 7 -24 -282
v 6 -24 -282
v 7 -25 -282
v 6 -25 -282
v 7 -26 -282
v 6 -26 -282
v 7 -27 -282
v 6 -27 -282
v 5 -24 -282
v 5 -25 -282
v 5 -26 -282
v 5 -27 -282
v 4 -24 -282
v 4 -25 -282
v 4 -26 -282
v 4 -27 -282
v 3 -24 -282
v 3 -25 -282
v 3 -26 -282
v 3 -27 -282
v 2 -24 -282
v 2 -25 -282
v 2 -26 -282
v 2 -27 -282
v 6.5 -27 -292
v 6.5 -26 -292
v 6.5 -25.5 -292
v 7 -26 -293
v 7 -25.5 -293
v 5 -24 -298
v 5 -25 -298
v 5 -26 -298
v 4 -24 -298
v 4 -25 -298
v 4 -26 -298
v 3 -24 -298
v 3 -25 -298
v 3 -26 -298
v 2 -24 -298
v 2 -25 -298
v 2 -26 -298
v 1 -24 -298
v 1 -23 -298
v 1 -25 -298
v 1 -26 -298
v 1 -27 -298
v 0.5 -24 -298
v 0.5 -23 -298
v 0.5 -25 -298
v 0.5 -26 -298
v 0.5 -27 -298
v -0.5 -24 -298
v -0.5 -23 -298
v -0.5 -25 -298
v -0.5 -26 -298
v -0.5 -27 -298
v -1 -24 -298
v -1 -23 -298
v -1 -25 -298
v -1 -26 -298
v -1 -27 -298
v -2 -24 -298
v -2 -23 -298
v -2 -25 -298
v -2 -26 -298
v -2 -27 -298
v 0.5 -27 -297
v -0.5 -27 -297
v 1 -27 -297
v -1 -27 -295
v -2 -27 -295
v -1 -27 -294
v -2 -27 -294
v -1 -27 -293
v -2 -27 -293
v -0.5 -27 -294
v -0.5 -27 -293
v 0.5 -27 -294
v 0.5 -27 -293
v -1 -27 -293.25
v -2 -27 -293.25
v -1 -26 -293.25
v -2 -26 -293.25
v -0.5 -27 -293.25
v -0.5 -26 -293.25
v 1 -27 -293.25
v 0.5 -27 -293.25
v 1 -26 -293.25
v 0.5 -26 -293.25
v 2 -27 -293.25
v 2 -26 -293.25
v -1 -25 -293.25
v -2 -25 -293.25
v -0.5 -25 -293.25
v 1 -25 -293.25
v 0.5 -25 -293.25
v 2 -25 -293.25
v -1 -24 -293.25
v -2 -24 -293.25
v -0.5 -24 -293.25
v 0.5 -24 -293.25
v 1 -24 -293.25
v 2 -24 -293.25
v -1 -23 -293.25
v -2 -23 -293.25
v -0.5 -23 -293.25
v 0.5 -23 -293.25
v 1 -23 -293.25
v 2 -23 -293.25
v -1 -23 -293
v -2 -23 -293
v -1 -23 -294
v -2 -23 -294
v -0.5 -23 -293
v -0.5 -23 -294
v 0.5 -23 -293
v 0.5 -23 -294
v 1 -23 -293
v 1 -23 -294
v -1 -23 -295
v -2 -23 -295
v -0.5 -23 -295
v 0.5 -23 -295
v 1 -23 -295
v -1 -23 -296
v -2 -23 -296
v -0.5 -23 -296
v 0.5 -23 -296
v 1 -23 -296
v -1 -23 -297
v -2 -23 -297
v -0.5 -23 -297
v 0.5 -23 -297
v 1 -23 -297
v -2 -24 -297
v -2 -25 -297
v -2 -25 -294
v -2 -25 -293
v -2 -26 -294
v -2 -26 -293
v -2 -26 -297
v -2 -26 -295
v 1 -27 -293
v 2 -27 -293
v 0.5 -26 -293
v 0.5 -25 -293
v -0.5 -25 -293
v -0.5 -26 -293
v -1 -26 -293
v -1 -25 -293
v -1 -27 -292
v -1 -26 -292
v -1 -27 -291
v -1 -26 -291
v -1 -25 -291
v 0 -26 -291
v 0 -25 -291
v 0 -27 -291
v 1 -26 -291
v 1 -25 -291
v 1 -27 -291
v 1 -26 -292
v 1 -25 -292
v 1 -27 -292
v 1 -26 -293
v 1 -25 -293
v -1 -28 -293
v -1 -28 -292
v -0.5 -28 -293
v 0.5 -28 -293
v 1 -28 -293
v 1 -28 -292
v 1 -28 -291
v 0 -28 -291
v -1 -28 -291
v 0 -28 -292
v 0 -28 -293
v 1 -24 -293
v 1 -24 -292
v 1 -24 -291
v 0 -24 -291
v -1 -24 -291
v 0.5 -24 -293
v 1 -23 -292
v 1 -23 -291
v 0 -23 -291
v -1 -23 -291
v 11 -28 -282
v 11 -28 -283
v 10 -28 -282
v 10 -28 -283
v 9 -28 -282
v 9 -28 -283
v 8 -28 -282
v 8 -28 -283
v 7 -28 -282
v 7 -28 -283
v 7 -27 -283
v 11 -28 -284
v 10 -28 -284
v 9 -28 -284
v 8 -28 -284
v 7 -28 -284
v 7 -27 -284
v 11 -28 -285
v 10 -28 -285
v 9 -28 -285
v 8 -28 -285
v 7 -28 -285
v 7 -27 -285
v 11 -28 -286
v 10 -28 -286
v 9 -28 -286
v 8 -28 -286
v 7 -28 -286
v 7 -27 -286
v 11 -28 -287
v 10 -28 -287
v 9 -28 -287
v 8 -28 -287
v 7 -28 -287
v 7 -27 -287
v 11 -28 -288
v 10 -28 -288
v 9 -28 -288
v 8 -28 -288
v 7 -28 -288
v 7 -27 -288
v 11 -28 -289
v 10 -28 -289
v 9 -28 -289
v 8 -28 -289
v 7 -28 -289
v 7 -27 -289
v 11 -28 -290
v 10 -28 -290
v 9 -28 -290
v 8 -28 -290
v 7 -28 -290
v 7 -27 -290
v 11 -28 -291
v 10 -28 -291
v 9 -28 -291
v 8 -28 -291
v 7 -28 -291
v 7 -27 -291
v 11 -28 -292
v 10 -28 -292
v 9 -28 -292
v 8 -28 -292
v 7 -28 -292
v 7 -27 -292
v 11 -28 -293
v 10 -28 -293
v 9 -28 -293
v 8 -28 -293
v 7 -28 -293
v 7 -27 -293
v 9 -28 -294
v 8 -28 -294
v 7 -28 -294
v 7 -27 -294
v 6 -27 -283
v 6 -27 -284
v 6 -27 -285
v 6 -27 -286
v 6 -27 -287
v 6 -27 -288
v 6 -27 -289
v 6 -27 -290
v 6 -27 -291
v 6 -27 -292
v 7 -25.5 -292
v 5 -27 -283
v 5 -27 -284
v 5 -27 -285
v 5 -27 -286
v 5 -27 -287
v 5 -27 -288
v 5 -27 -289
v 5 -27 -290
v 5 -27 -291
v 5 -27 -292
v 4 -27 -283
v 4 -27 -284
v 4 -27 -285
v 4 -27 -286
v 4 -27 -287
v 4 -27 -288
v 4 -27 -289
v 4 -27 -290
v 4 -27 -291
v 4 -27 -292
v 4 -27 -293
v 4 -27 -294
v 4 -27 -295
v 3 -27 -283
v 3 -27 -284
v 3 -27 -285
v 3 -27 -286
v 3 -27 -287
v 3 -27 -288
v 3 -27 -289
v 3 -27 -290
v 3 -27 -291
v 3 -27 -292
v 3 -27 -293
v 3 -27 -294
v 3 -27 -295
v 2 -27 -283
v 2 -27 -284
v 2 -27 -285
v 2 -27 -286
v 2 -27 -287
v 2 -27 -288
v 2 -27 -289
v 2 -27 -290
v 2 -27 -291
v 2 -27 -292
v 2 -27 -294
v 2 -27 -295
v 2 -27 -296
v 2 -26 -283
v 2 -26 -284
v 2 -26 -285
v 2 -26 -286
v 2 -26 -287
v 2 -26 -288
v 2 -26 -289
v 2 -26 -290
v 2 -26 -291
v 2 -26 -292
v 2 -26 -293
v 2 -25 -283
v 2 -25 -284
v 2 -25 -285
v 2 -25 -286
v 2 -25 -287
v 2 -25 -288
v 2 -25 -289
v 2 -25 -290
v 2 -25 -291
v 2 -25 -292
v 2 -25 -293
v 2 -24 -283
v 2 -24 -284
v 2 -24 -285
v 2 -24 -286
v 2 -24 -287
v 2 -24 -288
v 2 -24 -289
v 2 -24 -290
v 2 -24 -291
v 2 -24 -292
v 2 -24 -293
v 7 -26 -292
v -1 -27 -297
v -2 -27 -297
v -1 -27 -296
v -2 -27 -296
v -0.5 -27 -296
v 0.5 -27 -296
v 1 -27 -296
v -0.5 -27 -295
v 0.5 -27 -295
v 1 -27 -295
v 1 -27 -294
v -2 -24 -294
v -2 -24 -293
v -2 -24 -295
v -2 -24 -296
v -2 -25 -295
v -2 -25 -296
v -2 -26 -296
v -1 -25 -292
v -1 -24 -292
v -1 -24 -293
v -0.5 -24 -293
v -1 -23 -292
v 1 0 -0.5
v 1 0 0.5
v 1 1 -0.5
v 1 1 0.5
v 1 0 -1
v 1 1 -1
v 0.5 0 -1
v 0.5 1 -1
v -0.5 0 -1
v -0.5 1 -1
v -1 0 -1
v -1 1 -1
v -1 0 -0.5
v -1 1 -0.5
v -1 0 0.5
v -1 1 0.5
v 1 2 -0.5
v 1 2 0.5
v 1 2 -1
v 0.5 2 -1
v -0.5 2 -1
v -1 2 -1
v -1 2 -0.5
v -1 2 0.5
v -1 0 1
v -1 1 1
v -1 2 1
v 1 1 1
v 1 0 1
v 1 2 1
v 0.5 1 1
v 0.5 0 1
v 0.5 2 1
v -0.5 0 1
v -0.5 1 1
v -0.5 2 1
v 0.5 0 2
v -0.5 0 2
v 1 0 2
v -1 0 2
v 0.5 -1 -1
v -0.5 -1 -1
v -1 -1 -1
v -1 -1 -0.5
v -1 -1 0.5
v -1 -1 1
v -0.5 -1 1
v 1 -1 -1
v 1 -1 -0.5
v 1 -1 0.5
v 1 -1 1
v 0.5 -1 1
v -0.5 -2 -1
v -1 -2 -1
v 0.5 -2 -1
v 1 -2 -1
v 1 -2 -0.5
v 1 -2 0.5
v 1 -2 1
v 0.5 -2 1
v -0.5 -2 1
v -1 -2 1
v -1 -2 0.5
v -1 -2 -0.5
v -0.5 -3 -1
v -1 -3 -1
v 0.5 -3 -1
v 1 -3 -1
v 1 -3 -0.5
v 1 -3 0.5
v 1 -3 1
v 0.5 -3 1
v -0.5 -3 1
v -1 -3 1
v -1 -3 0.5
v -1 -3 -0.5
v -0.5 -4 -1
v -1 -4 -1
v 0.5 -4 -1
v 1 -4 -1
v 1 -4 -0.5
v 1 -4 0.5
v 1 -4 1
v 0.5 -4 1
v -0.5 -4 1
v -1 -4 1
v -1 -4 0.5
v -1 -4 -0.5
v -0.5 -5 -1
v -1 -5 -1
v 0.5 -5 -1
v 1 -5 -1
v 1 -5 -0.5
v 1 -5 0.5
v 1 -5 1
v 0.5 -5 1
v -0.5 -5 1
v -1 -5 1
v -1 -5 0.5
v -1 -5 -0.5
v -0.5 -6 -1
v -1 -6 -1
v 0.5 -6 -1
v 1 -6 -1
v 1 -6 -0.5
v 1 -6 0.5
v 1 -6 1
v 0.5 -6 1
v -0.5 -6 1
v -1 -6 1
v -1 -6 0.5
v -1 -6 -0.5
v -0.5 -7 -1
v -1 -7 -1
v 0.5 -7 -1
v 1 -7 -1
v 1 -7 -0.5
v 1 -7 0.5
v 1 -7 1
v 0.5 -7 1
v -0.5 -7 1
v -1 -7 1
v -1 -7 0.5
v -1 -7 -0.5
v -0.5 -8 -1
v -1 -8 -1
v 0.5 -8 -1
v 1 -8 -1
v 1 -8 -0.5
v 1 -8 0.5
v 1 -8 1
v 0.5 -8 1
v -0.5 -8 1
v -1 -8 1
v -1 -8 0.5
v -1 -8 -0.5
v -0.5 -9 -1
v -1 -9 -1
v 0.5 -9 -1
v 1 -9 -1
v 1 -9 -0.5
v 1 -9 0.5
v 1 -9 1
v 0.5 -9 1
v -0.5 -9 1
v -1 -9 1
v -1 -9 0.5
v -1 -9 -0.5
v -0.5 -10 -1
v -1 -10 -1
v 0.5 -10 -1
v 1 -10 -1
v 1 -10 -0.5
v 1 -10 0.5
v 1 -10 1
v 0.5 -10 1
v -0.5 -10 1
v -1 -10 1
v -1 -10 0.5
v -1 -10 -0.5
v -0.5 -11 -1
v -1 -11 -1
v 0.5 -11 -1
v 1 -11 -1
v 1 -11 -0.5
v 1 -11 0.5
v 1 -11 1
v 0.5 -11 1
v -0.5 -11 1
v -1 -11 1
v -1 -11 0.5
v -1 -11 -0.5
v -0.5 -12 -1
v -1 -12 -1
v 0.5 -12 -1
v 1 -12 -1
v 1 -12 -0.5
v 1 -12 0.5
v 1 -12 1
v 0.5 -12 1
v -0.5 -12 1
v -1 -12 1
v -1 -12 0.5
v -1 -12 -0.5
v -0.5 -13 -1
v -1 -13 -1
v 0.5 -13 -1
v 1 -13 -1
v 1 -13 -0.5
v 1 -13 0.5
v 1 -13 1
v 0.5 -13 1
v -0.5 -13 1
v -1 -13 1
v -1 -13 0.5
v -1 -13 -0.5
v -0.5 -14 -1
v -1 -14 -1
v 0.5 -14 -1
v 1 -14 -1
v 1 -14 -0.5
v 1 -14 0.5
v 1 -14 1
v 0.5 -14 1
v -0.5 -14 1
v -1 -14 1
v -1 -14 0.5
v -1 -14 -0.5
v -0.5 -15 -1
v -1 -15 -1
v 0.5 -15 -1
v 1 -15 -1
v 1 -15 -0.5
v 1 -15 0.5
v 1 -15 1
v 0.5 -15 1
v -0.5 -15 1
v -1 -15 1
v -1 -15 0.5
v -1 -15 -0.5
v -0.5 -16 -1
v -1 -16 -1
v 0.5 -16 -1
v 1 -16 -1
v 1 -16 -0.5
v 1 -16 0.5
v 1 -16 1
v 0.5 -16 1
v -0.5 -16 1
v -1 -16 1
v -1 -16 0.5
v -1 -16 -0.5
v -0.5 -17 -1
v -1 -17 -1
v 0.5 -17 -1
v 1 -17 -1
v 1 -17 -0.5
v 1 -17 0.5
v 1 -17 1
v 0.5 -17 1
v -0.5 -17 1
v -1 -17 1
v -1 -17 0.5
v -1 -17 -0.5
v -0.5 -18 -1
v -1 -18 -1
v 0.5 -18 -1
v 1 -18 -1
v 1 -18 -0.5
v 1 -18 0.5
v 1 -18 1
v 0.5 -18 1
v -0.5 -18 1
v -1 -18 1
v -1 -18 0.5
v -1 -18 -0.5
v -0.5 -19 -1
v -1 -19 -1
v 0.5 -19 -1
v 1 -19 -1
v 1 -19 -0.5
v 1 -19 0.5
v 1 -19 1
v 0.5 -19 1
v -0.5 -19 1
v -1 -19 1
v -1 -19 0.5
v -1 -19 -0.5
v -0.5 -20 -1
v -1 -20 -1
v 0.5 -20 -1
v 1 -20 -1
v 1 -20 -0.5
v 1 -20 0.5
v 1 -20 1
v 0.5 -20 1
v -0.5 -20 1
v -1 -20 1
v -1 -20 0.5
v -1 -20 -0.5
v -0.5 -21 -1
v -1 -21 -1
v 0.5 -21 -1
v 1 -21 -1
v 1 -21 -0.5
v 1 -21 0.5
v 1 -21 1
v 0.5 -21 1
v -0.5 -21 1
v -1 -21 1
v -1 -21 0.5
v -1 -21 -0.5
v -0.5 -22 -1
v -1 -22 -1
v 0.5 -22 -1
v 1 -22 -1
v 1 -22 -0.5
v 1 -22 0.5
v 1 -22 1
v 0.5 -22 1
v -0.5 -22 1
v -1 -22 1
v -1 -22 0.5
v -1 -22 -0.5
v -0.5 -23 -1
v -1 -23 -1
v 0.5 -23 -1
v 1 -23 -1
v 1 -23 -0.5
v 1 -23 0.5
v -1 -23 -0.5
v -1 -23 0.5
v -0.5 -24 -1
v -1 -24 -1
v 0.5 -24 -1
v 1 -24 -1
v 1 -24 -0.5
v 1 -24 0.5
v -1 -24 -0.5
v -1 -24 0.5
v -0.5 -25 -1
v -1 -25 -1
v 0.5 -25 -1
v 1 -25 -1
v 1 -25 -0.5
v 1 -25 0.5
v -1 -25 -0.5
v -1 -25 0.5
v 1 -26 0.5
v 1 -26 -0.5
v 1 -26 -1
v 0.5 -26 -1
v -0.5 -26 -1
v -1 -26 -1
v -1 -26 -0.5
v -1 -26 0.5
v 1 -27 0.5
v 1 -27 -0.5
v 1 -27 -1
v 0.5 -27 -1
v -0.5 -27 -1
v -1 -27 -1
v -1 -27 -0.5
v -1 -27 0.5
v 0.5 -27 1
v -0.5 -27 1
v 0.5 -27 2
v -0.5 -27 2
v -1 -27 2
v -1 -27 1
v 1 -27 1
v 1 -27 2
v 0.5 -27 1.25
v 1 -27 1.25
v 0.5 -26 1.25
v 1 -26 1.25
v -1 -27 1.25
v -0.5 -27 1.25
v -1 -26 1.25
v -0.5 -26 1.25
v 0.5 -25 1.25
v 1 -25 1.25
v -1 -25 1.25
v -0.5 -25 1.25
v -1 -24 1.25
v -0.5 -24 1.25
v 0.5 -24 1.25
v 1 -24 1.25
v -2 -27 1.25
v -2 -26 1.25
v -2 -25 1.25
v -2 -24 1.25
v 2 -26 1.25
v 2 -27 1.25
v 2 -25 1.25
v 2 -24 1.25
v 0.5 -27 3
v -0.5 -27 3
v -1 -27 3
v 1 -27 3
v -2 -27 2
v -2 -27 1
v -2 -27 3
v 2 -27 1
v 2 -27 2
v 2 -27 3
v -0.5 -23 1.25
v 0.5 -23 1.25
v -2 -23 1.25
v -1 -23 1.25
v 1 -23 1.25
v 2 -23 1.25
v -1 -27 4
v -2 -27 4
v -0.5 -27 4
v 0.5 -27 4
v 1 -27 4
v 2 -27 4
v -1 -27 5
v -2 -27 5
v -0.5 -27 5
v 0.5 -27 5
v 1 -27 5
v 2 -27 5
v -1 -27 6
v -2 -27 6
v -0.5 -27 6
v 0.5 -27 6
v 1 -27 6
v 2 -27 6
v 3 -27 1
v 3 -27 2
v 3 -27 3
v 3 -27 4
v 4 -27 1
v 4 -27 2
v 4 -27 3
v 4 -27 4
v 5 -27 1
v 5 -27 2
v 5 -27 3
v 5 -27 4
v -2 -24 1
v -2 -23 1
v -2 -24 2
v -2 -23 2
v -2 -25 1
v -2 -25 2
v -2 -26 1
v -2 -26 2
v -2 -24 3
v -2 -23 3
v -2 -25 3
v -2 -26 3
v -2 -24 4
v -2 -23 4
v -2 -25 4
v -2 -26 4
v -2 -24 5
v -2 -23 5
v -2 -25 5
v -2 -26 5
v -2 -24 6
v -2 -23 6
v -2 -25 6
v -2 -26 6
v -1 -23 6
v -1 -23 5
v -1 -23 4
v -1 -23 3
v -1 -23 2
v -1 -23 1
v 0 -23 6
v 0 -23 5
v 0 -23 4
v 0 -23 3
v 0 -23 2
v 0 -23 1
v 1 -23 6
v 1 -23 5
v 1 -23 4
v 1 -23 3
v 1 -23 2
v 1 -23 1
v 2 -23 6
v 2 -23 5
v 2 -23 4
v 2 -23 3
v 2 -23 2
v 2 -23 1
v 2 -26 6
v 1 -26 6
v 0.5 -26 6
v -0.5 -26 6
v -1 -26 6
v 2 -25 6
v 1 -25 6
v 0.5 -25 6
v -0.5 -25 6
v -1 -25 6
v 2 -24 6
v 1 -24 6
v 0.5 -24 6
v -0.5 -24 6
v -1 -24 6
v 0.5 -23 6
v -0.5 -23 6
v 3 -27 5
v 3 -27 6
v 4 -27 5
v 4 -27 6
v 5 -27 5
v 5 -27 6
v 3 -24 6
v 3 -23 6
v 3 -25 6
v 3 -26 6
v 4 -24 6
v 4 -23 6
v 4 -25 6
v 4 -26 6
v 5 -24 6
v 5 -23 6
v 5 -25 6
v 5 -26 6
v 3 -23 3
v 3 -23 2
v 3 -23 1
v 3 -23 4
v 3 -23 5
v 4 -23 3
v 4 -23 2
v 4 -23 1
v 4 -23 4
v 4 -23 5
v 5 -23 3
v 5 -23 2
v 5 -23 1
v 5 -23 4
v 5 -23 5
v 2 -26 1
v 2 -26 0
v 2 -27 0
v 2 -25 1
v 2 -25 0
v 2 -24 1
v 2 -24 0
v 2 -23 0
v 2 -26 -1
v 2 -27 -1
v 2 -25 -1
v 2 -24 -1
v 2 -23 -1
v 6 -27 1
v 6 -27 2
v 6 -27 3
v 6 -27 4
v 6 -27 5
v 6 -27 6
v 7 -27 1
v 7 -27 2
v 7 -27 3
v 7 -27 4
v 7 -27 5
v 7 -27 6
v 6 -24 6
v 6 -23 6
v 6 -25 6
v 6 -26 6
v 7 -24 6
v 7 -23 6
v 7 -25 6
v 7 -26 6
v 6 -23 5
v 6 -23 4
v 6 -23 3
v 6 -23 2
v 6 -23 1
v 7 -23 5
v 7 -23 4
v 7 -23 3
v 7 -23 2
v 7 -23 1
v 6.5 -26 6
v 6.5 -26 5
v 6.5 -27 6
v 6.5 -27 5
v 6.5 -26 4
v 6.5 -27 4
v 6.5 -26 3
v 6.5 -27 3
v 6.5 -26 2
v 6.5 -27 2
v 6.5 -26 1
v 6.5 -27 1
v 6 -27 0
v 7 -27 0
v 5 -27 0
v 4 -27 0
v 3 -27 0
v 6 -27 -1
v 7 -27 -1
v 5 -27 -1
v 4 -27 -1
v 3 -27 -1
v 6 -27 -2
v 7 -27 -2
v 5 -27 -2
v 4 -27 -2
v 3 -27 -2
v 2 -27 -2
v 6 -27 -3
v 7 -27 -3
v 5 -27 -3
v 4 -27 -3
v 3 -27 -3
v 2 -27 -3
v 6 -27 -4
v 7 -27 -4
v 5 -27 -4
v 4 -27 -4
v 3 -27 -4
v 2 -27 -4
v 6 -27 -5
v 7 -27 -5
v 5 -27 -5
v 4 -27 -5
v 3 -27 -5
v 2 -27 -5
v 6 -27 -6
v 7 -27 -6
v 5 -27 -6
v 4 -27 -6
v 3 -27 -6
v 2 -27 -6
v 6 -27 -7
v 7 -27 -7
v 5 -27 -7
v 4 -27 -7
v 3 -27 -7
v 2 -27 -7
v 6 -27 -8
v 7 -27 -8
v 5 -27 -8
v 4 -27 -8
v 3 -27 -8
v 2 -27 -8
v 2 -23 -2
v 2 -24 -2
v 2 -25 -2
v 2 -26 -2
v 2 -23 -3
v 2 -24 -3
v 2 -25 -3
v 2 -26 -3
v 2 -23 -4
v 2 -24 -4
v 2 -25 -4
v 2 -26 -4
v 2 -23 -5
v 2 -24 -5
v 2 -25 -5
v 2 -26 -5
v 2 -23 -6
v 2 -24 -6
v 2 -25 -6
v 2 -26 -6
v 2 -23 -7
v 2 -24 -7
v 2 -25 -7
v 2 -26 -7
v 2 -23 -8
v 2 -24 -8
v 2 -25 -8
v 2 -26 -8
v 7 -25.5 5
v 7 -25.5 6
v 6.5 -25.5 5
v 6.5 -25.5 6
v 7 -26 5
v 7 -25.5 4
v 6.5 -25.5 4
v 7 -26 4
v 7 -25.5 3
v 6.5 -25.5 3
v 7 -26 3
v 7 -25.5 2
v 6.5 -25.5 2
v 7 -26 2
v 7 -25.5 1
v 6.5 -25.5 1
v 7 -26 0
v 6.5 -27 0
v 6.5 -26 0
v 7 -26 1
v 7 -25.5 0
v 6.5 -25.5 0
v 7 -28 5
v 7 -28 6
v 7 -28 4
v 7 -28 3
v 7 -28 2
v 7 -28 1
v 7 -28 -1
v 7 -28 0
v 7 -28 -2
v 7 -28 -3
v 7 -28 -4
v 7 -28 -5
v 7 -28 -6
v 7 -28 -7
v 7 -28 -8
v 8 -28 5
v 8 -28 6
v 8 -28 4
v 8 -28 3
v 8 -28 2
v 8 -28 1
v 8 -28 0
v 8 -28 -1
v 8 -28 -2
v 8 -28 -3
v 8 -28 -4
v 8 -28 -5
v 8 -28 -6
v 8 -28 -7
v 8 -28 -8
v 9 -28 5
v 9 -28 6
v 9 -28 4
v 9 -28 3
v 9 -28 2
v 9 -28 1
v 9 -28 0
v 9 -28 -1
v 9 -28 -2
v 9 -28 -3
v 9 -28 -4
v 9 -28 -5
v 9 -28 -6
v 9 -28 -7
v 9 -28 -8
v 10 -28 5
v 10 -28 6
v 10 -28 4
v 10 -28 3
v 10 -28 2
v 10 -28 1
v 10 -28 0
v 10 -28 -1
v 10 -28 -2
v 10 -28 -3
v 10 -28 -4
v 10 -28 -5
v 10 -28 -6
v 10 -28 -7
v 10 -28 -8
v 11 -28 5
v 11 -28 6
v 11 -28 4
v 11 -28 3
v 11 -28 2
v 11 -28 1
v 11 -28 0
v 11 -28 -1
v 11 -28 -2
v 11 -28 -3
v 11 -28 -4
v 11 -28 -5
v 11 -28 -6
v 11 -28 -7
v 11 -28 -8
v 12 -28 5
v 12 -28 6
v 12 -28 4
v 12 -28 3
v 12 -28 2
v 12 -28 1
v 12 -28 0
v 12 -28 -1
v 12 -28 -2
v 12 -28 -3
v 12 -28 -4
v 12 -28 -5
v 12 -28 -6
v 12 -28 -7
v 12 -28 -8
v 12 -27 5
v 12 -27 6
v 12 -27 4
v 12 -27 3
v 12 -27 2
v 12 -27 1
v 12 -27 0
v 12 -27 -1
v 12 -27 -2
v 12 -27 -3
v 12 -27 -4
v 12 -27 -5
v 12 -27 -6
v 12 -27 -7
v 12 -27 -8
v 12 -26 5
v 12 -26 6
v 12 -26 4
v 12 -26 3
v 12 -26 2
v 12 -26 1
v 12 -26 0
v 12 -26 -1
v 12 -26 -2
v 12 -26 -3
v 12 -26 -4
v 12 -26 -5
v 12 -26 -6
v 12 -26 -7
v 12 -26 -8
v 12 -25 5
v 12 -25 6
v 12 -25 4
v 12 -25 3
v 12 -25 2
v 12 -25 1
v 12 -25 0
v 12 -25 -1
v 12 -25 -2
v 12 -25 -3
v 12 -25 -4
v 12 -25 -5
v 12 -25 -6
v 12 -25 -7
v 12 -25 -8
v 12 -24 5
v 12 -24 6
v 12 -24 4
v 12 -24 3
v 12 -24 2
v 12 -24 1
v 12 -24 0
v 12 -24 -1
v 12 -24 -2
v 12 -24 -3
v 12 -24 -4
v 12 -24 -5
v 12 -24 -6
v 12 -24 -7
v 12 -24 -8
v 12 -23 5
v 12 -23 6
v 12 -23 4
v 12 -23 3
v 12 -23 2
v 12 -23 1
v 12 -23 0
v 12 -23 -1
v 12 -23 -2
v 12 -23 -3
v 12 -23 -4
v 12 -23 -5
v 12 -23 -6
v 12 -23 -7
v 12 -23 -8
v 11 -23 5
v 11 -23 6
v 11 -23 4
v 11 -23 3
v 11 -23 2
v 11 -23 1
v 11 -23 0
v 11 -23 -1
v 11 -23 -2
v 11 -23 -3
v 11 -23 -4
v 11 -23 -5
v 11 -23 -6
v 11 -23 -7
v 11 -23 -8
v 10 -23 5
v 10 -23 6
v 10 -23 4
v 10 -23 3
v 10 -23 2
v 10 -23 1
v 10 -23 0
v 10 -23 -1
v 10 -23 -2
v 10 -23 -3
v 10 -23 -4
v 10 -23 -5
v 10 -23 -6
v 10 -23 -7
v 10 -23 -8
v 9 -23 5
v 9 -23 6
v 9 -23 4
v 9 -23 3
v 9 -23 2
v 9 -23 1
v 9 -23 0
v 9 -23 -1
v 9 -23 -2
v 9 -23 -3
v 9 -23 -4
v 9 -23 -5
v 9 -23 -6
v 9 -23 -7
v 9 -23 -8
v 8 -23 5
v 8 -23 6
v 8 -23 4
v 8 -23 3
v 8 -23 2
v 8 -23 1
v 8 -23 0
v 8 -23 -1
v 8 -23 -2
v 8 -23 -3
v 8 -23 -4
v 8 -23 -5
v 8 -23 -6
v 8 -23 -7
v 8 -23 -8
v 7 -23 0
v 7 -23 -1
v 7 -23 -2
v 7 -23 -3
v 7 -23 -4
v 7 -23 -5
v 7 -23 -6
v 7 -23 -7
v 7 -23 -8
v 12 -23 7
v 12 -24 7
v 11 -23 7
v 10 -23 7
v 9 -23 7
v 8 -23 7
v 7 -23 7
v 7 -24 7
v 7 -25 7
v 7 -26 7
v 7 -27 7
v 7 -28 7
v 8 -28 7
v 9 -28 7
v 10 -28 7
v 11 -28 7
v 12 -28 7
v 12 -27 7
v 12 -26 7
v 12 -25 7
v 12 -23 8
v 12 -24 8
v 11 -23 8
v 10 -23 8
v 9 -23 8
v 8 -23 8
v 7 -23 8
v 7 -24 8
v 7 -25 8
v 7 -26 8
v 7 -27 8
v 7 -28 8
v 8 -28 8
v 9 -28 8
v 10 -28 8
v 11 -28 8
v 12 -28 8
v 12 -27 8
v 12 -26 8
v 12 -25 8
v 12 -23 9
v 12 -24 9
v 11 -23 9
v 10 -23 9
v 9 -23 9
v 8 -23 9
v 7 -23 9
v 7 -24 9
v 7 -25 9
v 7 -26 9
v 7 -27 9
v 7 -28 9
v 8 -28 9
v 9 -28 9
v 10 -28 9
v 11 -28 9
v 12 -28 9
v 12 -27 9
v 12 -26 9
v 12 -25 9
v 3 -23 0
v 4 -23 0
v 5 -23 0
v 6 -23 0
v 3 -23 -1
v 4 -23 -1
v 5 -23 -1
v 6 -23 -1
v 3 -23 -2
v 4 -23 -2
v 5 -23 -2
v 6 -23 -2
v 3 -23 -3
v 4 -23 -3
v 5 -23 -3
v 6 -23 -3
v 3 -23 -4
v 4 -23 -4
v 5 -23 -4
v 6 -23 -4
v 3 -23 -5
v 4 -23 -5
v 5 -23 -5
v 6 -23 -5
v 3 -23 -6
v 4 -23 -6
v 5 -23 -6
v 6 -23 -6
v 3 -23 -7
v 4 -23 -7
v 5 -23 -7
v 6 -23 -7
v 3 -23 -8
v 4 -23 -8
v 5 -23 -8
v 6 -23 -8
v 12 -28 -9
v 12 -27 -9
v 11 -28 -9
v 10 -28 -9
v 12 -26 -9
v 9 -28 -9
v 8 -28 -9
v 12 -25 -9
v 7 -28 -9
v 7 -27 -9
v 12 -24 -9
v 6 -27 -9
v 5 -27 -9
v 12 -23 -9
v 4 -27 -9
v 3 -27 -9
v 2 -27 -9
v 2 -26 -9
v 11 -23 -9
v 2 -25 -9
v 10 -23 -9
v 9 -23 -9
v 8 -23 -9
v 2 -24 -9
v 7 -23 -9
v 6 -23 -9
v 2 -23 -9
v 5 -23 -9
v 4 -23 -9
v 3 -23 -9
v 12 -28 -10
v 12 -27 -10
v 11 -28 -10
v 10 -28 -10
v 12 -26 -10
v 9 -28 -10
v 8 -28 -10
v 12 -25 -10
v 7 -28 -10
v 7 -27 -10
v 12 -24 -10
v 6 -27 -10
v 5 -27 -10
v 12 -23 -10
v 4 -27 -10
v 3 -27 -10
v 2 -27 -10
v 2 -26 -10
v 11 -23 -10
v 2 -25 -10
v 10 -23 -10
v 9 -23 -10
v 8 -23 -10
v 2 -24 -10
v 7 -23 -10
v 6 -23 -10
v 2 -23 -10
v 5 -23 -10
v 4 -23 -10
v 3 -23 -10
v 3 -24 -10
v 3 -25 -10
v 3 -26 -10
v 4 -24 -10
v 4 -25 -10
v 4 -26 -10
v 5 -24 -10
v 5 -25 -10
v 5 -26 -10
v 6 -24 -10
v 6 -25 -10
v 6 -26 -10
v 7 -24 -10
v 7 -25 -10
v 7 -26 -10
v 7 -23 -11
v 7 -24 -11
v 7 -25 -11
v 7 -26 -11
v 7 -27 -11
v 7 -28 -11
v 8 -28 -11
v 9 -28 -11
v 10 -28 -11
v 11 -28 -11
v 12 -28 -11
v 12 -27 -11
v 12 -26 -11
v 12 -25 -11
v 12 -24 -11
v 12 -23 -11
v 11 -23 -11
v 8 -23 -11
v 9 -23 -11
v 10 -23 -11
v 7 -23 -12
v 7 -24 -12
v 7 -25 -12
v 7 -26 -12
v 7 -27 -12
v 7 -28 -12
v 8 -28 -12
v 9 -28 -12
v 10 -28 -12
v 11 -28 -12
v 12 -28 -12
v 12 -27 -12
v 12 -26 -12
v 12 -25 -12
v 12 -24 -12
v 12 -23 -12
v 11 -23 -12
v 8 -23 -12
v 9 -23 -12
v 10 -23 -12
v 7 -23 -13
v 7 -24 -13
v 7 -25 -13
v 7 -26 -13
v 7 -27 -13
v 7 -28 -13
v 8 -28 -13
v 9 -28 -13
v 10 -28 -13
v 11 -28 -13
v 12 -28 -13
v 12 -27 -13
v 12 -26 -13
v 12 -25 -13
v 12 -24 -13
v 12 -23 -13
v 11 -23 -13
v 8 -23 -13
v 9 -23 -13
v 10 -23 -13
v 11 -24 9
v 10 -24 9
v 9 -24 9
v 8 -24 9
v 11 -25 9
v 10 -25 9
v 9 -25 9
v 8 -25 9
v 11 -26 9
v 10 -26 9
v 9 -26 9
v 8 -26 9
v 11 -27 9
v 10 -27 9
v 9 -27 9
v 8 -27 9
v 6 -23 -13
v 6 -24 -13
v 6 -25 -13
v 6 -26 -13
v 6 -27 -13
v 5 -23 -13
v 5 -24 -13
v 5 -25 -13
v 5 -26 -13
v 5 -27 -13
v 4 -23 -13
v 4 -24 -13
v 4 -25 -13
v 4 -26 -13
v 4 -27 -13
v 3 -23 -13
v 3 -24 -13
v 3 -25 -13
v 3 -26 -13
v 3 -27 -13
v 3 -23 -14
v 3 -24 -14
v 3 -25 -14
v 3 -26 -14
v 3 -27 -14
v 3 -23 -15
v 3 -24 -15
v 3 -25 -15
v 3 -26 -15
v 3 -27 -15
v 3 -23 -16
v 3 -24 -16
v 3 -25 -16
v 3 -26 -16
v 3 -27 -16
v 3 -23 -17
v 3 -24 -17
v 3 -25 -17
v 3 -26 -17
v 3 -27 -17
v 3 -23 -18
v 3 -24 -18
v 3 -25 -18
v 3 -26 -18
v 3 -27 -18
v 3 -23 -19
v 3 -24 -19
v 3 -25 -19
v 3 -26 -19
v 3 -27 -19
v 3 -23 -20
v 3 -24 -20
v 3 -25 -20
v 3 -26 -20
v 3 -27 -20
v 4 -23 -20
v 4 -24 -20
v 4 -25 -20
v 4 -26 -20
v 4 -27 -20
v 5 -23 -20
v 5 -24 -20
v 5 -25 -20
v 5 -26 -20
v 5 -27 -20
v 6 -23 -20
v 6 -24 -20
v 6 -25 -20
v 6 -26 -20
v 6 -27 -20
v 7 -23 -20
v 7 -24 -20
v 7 -25 -20
v 7 -26 -20
v 7 -27 -20
v 4 -27 -14
v 4 -27 -15
v 4 -27 -16
v 4 -27 -17
v 4 -27 -18
v 4 -27 -19
v 5 -27 -14
v 5 -27 -15
v 5 -27 -16
v 5 -27 -17
v 5 -27 -18
v 5 -27 -19
v 6 -27 -14
v 6 -27 -15
v 6 -27 -16
v 6 -27 -17
v 6 -27 -18
v 6 -27 -19
v 7 -27 -14
v 7 -27 -15
v 7 -27 -16
v 7 -27 -17
v 7 -27 -18
v 7 -27 -19
v 7 -28 -14
v 7 -28 -15
v 7 -28 -16
v 7 -28 -17
v 7 -28 -18
v 7 -28 -19
v 7 -28 -20
v 8 -28 -14
v 8 -28 -15
v 8 -28 -16
v 8 -28 -17
v 8 -28 -18
v 8 -28 -19
v 8 -28 -20
v 9 -28 -14
v 9 -28 -15
v 9 -28 -16
v 9 -28 -17
v 9 -28 -18
v 9 -28 -19
v 9 -28 -20
v 10 -28 -14
v 10 -28 -15
v 10 -28 -16
v 10 -28 -17
v 10 -28 -18
v 10 -28 -19
v 10 -28 -20
v 11 -28 -14
v 11 -28 -15
v 11 -28 -16
v 11 -28 -17
v 11 -28 -18
v 11 -28 -19
v 11 -28 -20
v 12 -28 -14
v 12 -28 -15
v 12 -28 -16
v 12 -28 -17
v 12 -28 -18
v 12 -28 -19
v 12 -28 -20
v 12 -27 -14
v 12 -27 -15
v 12 -27 -16
v 12 -27 -17
v 12 -27 -18
v 12 -27 -19
v 12 -27 -20
v 12 -26 -14
v 12 -26 -15
v 12 -26 -16
v 12 -26 -17
v 12 -26 -18
v 12 -26 -19
v 12 -26 -20
v 12 -25 -14
v 12 -25 -15
v 12 -25 -16
v 12 -25 -17
v 12 -25 -18
v 12 -25 -19
v 12 -25 -20
v 12 -24 -14
v 12 -24 -15
v 12 -24 -16
v 12 -24 -17
v 12 -24 -18
v 12 -24 -19
v 12 -24 -20
v 12 -23 -14
v 12 -23 -15
v 12 -23 -16
v 12 -23 -17
v 12 -23 -18
v 12 -23 -19
v 12 -23 -20
v 11 -23 -14
v 11 -23 -15
v 11 -23 -16
v 11 -23 -17
v 11 -23 -18
v 11 -23 -19
v 11 -23 -20
v 10 -23 -14
v 10 -23 -15
v 10 -23 -16
v 10 -23 -17
v 10 -23 -18
v 10 -23 -19
v 10 -23 -20
v 9 -23 -14
v 9 -23 -15
v 9 -23 -16
v 9 -23 -17
v 9 -23 -18
v 9 -23 -19
v 9 -23 -20
v 8 -23 -14
v 8 -23 -15
v 8 -23 -16
v 8 -23 -17
v 8 -23 -18
v 8 -23 -19
v 8 -23 -20
v 7 -23 -14
v 7 -23 -15
v 7 -23 -16
v 7 -23 -17
v 7 -23 -18
v 7 -23 -19
v 6 -23 -14
v 6 -23 -15
v 6 -23 -16
v 6 -23 -17
v 6 -23 -18
v 6 -23 -19
v 5 -23 -14
v 5 -23 -15
v 5 -23 -16
v 5 -23 -17
v 5 -23 -18
v 5 -23 -19
v 4 -23 -14
v 4 -23 -15
v 4 -23 -16
v 4 -23 -17
v 4 -23 -18
v 4 -23 -19
v 8 -23 -21
v 7 -23 -21
v 9 -23 -21
v 10 -23 -21
v 11 -23 -21
v 12 -23 -21
v 12 -24 -21
v 12 -25 -21
v 12 -26 -21
v 12 -27 -21
v 12 -28 -21
v 11 -28 -21
v 10 -28 -21
v 9 -28 -21
v 8 -28 -21
v 7 -28 -21
v 7 -27 -21
v 7 -26 -21
v 7 -25 -21
v 7 -24 -21
v 8 -23 -22
v 7 -23 -22
v 9 -23 -22
v 10 -23 -22
v 11 -23 -22
v 12 -23 -22
v 12 -24 -22
v 12 -25 -22
v 12 -26 -22
v 12 -27 -22
v 12 -28 -22
v 11 -28 -22
v 10 -28 -22
v 9 -28 -22
v 8 -28 -22
v 7 -28 -22
v 7 -27 -22
v 7 -26 -22
v 7 -25 -22
v 7 -24 -22
v 8 -23 -23
v 7 -23 -23
v 9 -23 -23
v 10 -23 -23
v 11 -23 -23
v 12 -23 -23
v 12 -24 -23
v 12 -25 -23
v 12 -26 -23
v 12 -27 -23
v 12 -28 -23
v 11 -28 -23
v 10 -28 -23
v 9 -28 -23
v 8 -28 -23
v 7 -28 -23
v 7 -27 -23
v 7 -26 -23
v 7 -25 -23
v 7 -24 -23
v 7 -28 -24
v 8 -28 -24
v 9 -28 -24
v 10 -28 -24
v 11 -28 -24
v 12 -28 -24
v 7 -28 -25
v 8 -28 -25
v 9 -28 -25
v 10 -28 -25
v 11 -28 -25
v 12 -28 -25
v 7 -28 -26
v 8 -28 -26
v 9 -28 -26
v 10 -28 -26
v 11 -28 -26
v 12 -28 -26
v 7 -28 -27
v 8 -28 -27
v 9 -28 -27
v 10 -28 -27
v 11 -28 -27
v 12 -28 -27
v 13 -24 -24
v 13 -23 -24
v 13 -25 -24
v 13 -26 -24
v 13 -27 -24
v 13 -28 -24
v 14 -24 -25
v 14 -23 -25
v 14 -25 -25
v 14 -26 -25
v 14 -27 -25
v 14 -28 -25
v 15 -24 -26
v 15 -23 -26
v 15 -25 -26
v 15 -26 -26
v 15 -27 -26
v 15 -28 -26
v 16 -24 -27
v 16 -23 -27
v 16 -25 -27
v 16 -26 -27
v 16 -27 -27
v 16 -28 -27
v 9 -28 -28
v 10 -28 -28
v 9 -27 -28
v 10 -27 -28
v 9 -26 -28
v 10 -26 -28
v 9 -25 -28
v 10 -25 -28
v 9 -24 -28
v 10 -24 -28
v 9 -23 -28
v 10 -23 -28
v 11 -23 -29
v 11 -24 -29
v 11 -25 -29
v 11 -26 -29
v 11 -27 -29
v 11 -28 -29
v 16 -24 -28
v 16 -23 -28
v 16 -25 -28
v 16 -26 -28
v 16 -27 -28
v 16 -28 -28
v 16 -24 -29
v 16 -23 -29
v 16 -25 -29
v 16 -26 -29
v 16 -27 -29
v 16 -28 -29
v 16 -24 -30
v 16 -23 -30
v 16 -25 -30
v 16 -26 -30
v 16 -27 -30
v 16 -28 -30
v 16 -24 -31
v 16 -23 -31
v 16 -25 -31
v 16 -26 -31
v 16 -27 -31
v 16 -28 -31
v 18 -25 -31
v 18 -24 -31
v 18 -25 -32
v 18 -24 -32
v 18 -26 -31
v 18 -26 -32
v 18 -27 -31
v 18 -27 -32
v 16 -28 -32
v 16 -27 -32
v 18 -25 -33
v 18 -24 -33
v 18 -26 -33
v 18 -27 -33
v 16 -28 -33
v 16 -27 -33
v 18 -25 -34
v 18 -24 -34
v 20 -26 -33
v 20 -25 -33
v 20 -26 -34
v 20 -25 -34
v 20 -27 -33
v 20 -27 -34
v 16 -28 -34
v 16 -27 -34
v 15 -28 -30
v 15 -28 -31
v 14 -28 -30
v 14 -28 -31
v 13 -28 -30
v 13 -28 -31
v 12 -28 -30
v 12 -28 -31
v 11 -28 -30
v 11 -28 -31
v 12 -28 -29
v 12 -28 -28
v 11 -28 -28
v 13 -28 -25
v 13 -28 -26
v 14 -28 -26
v 13 -28 -27
v 14 -28 -27
v 15 -28 -27
v 13 -28 -28
v 14 -28 -28
v 15 -28 -28
v 15 -28 -29
v 14 -28 -29
v 13 -28 -29
v 11 -23 -30
v 11 -24 -30
v 11 -25 -30
v 11 -26 -30
v 11 -27 -30
v 11 -23 -31
v 11 -24 -31
v 11 -25 -31
v 11 -26 -31
v 11 -27 -31
v 11 -23 -32
v 11 -24 -32
v 11 -25 -32
v 11 -26 -32
v 11 -27 -32
v 11 -28 -32
v 11 -23 -33
v 11 -24 -33
v 11 -25 -33
v 11 -26 -33
v 11 -27 -33
v 11 -28 -33
v 11 -23 -34
v 11 -24 -34
v 11 -25 -34
v 11 -26 -34
v 11 -27 -34
v 11 -28 -34
v 8 -24 -29
v 8 -23 -29
v 8 -25 -29
v 8 -26 -29
v 8 -27 -29
v 8 -28 -29
v 8 -24 -30
v 8 -23 -30
v 8 -25 -30
v 8 -26 -30
v 8 -27 -30
v 8 -28 -30
v 8 -28 -31
v 8 -27 -31
v 8 -28 -32
v 8 -27 -32
v 8 -24 -32
v 8 -23 -32
v 8 -24 -33
v 8 -23 -33
v 8 -25 -32
v 8 -25 -33
v 8 -26 -32
v 8 -26 -33
v 8 -27 -33
v 8 -28 -33
v 8 -24 -34
v 8 -23 -34
v 8 -25 -34
v 8 -26 -34
v 8 -27 -34
v 8 -28 -34
v 6 -23 -24
v 6 -24 -24
v 6 -25 -24
v 6 -26 -24
v 6 -27 -24
v 6 -28 -24
v 5 -23 -25
v 5 -24 -25
v 5 -25 -25
v 5 -26 -25
v 5 -27 -25
v 5 -28 -25
v 4 -23 -26
v 4 -24 -26
v 4 -25 -26
v 4 -26 -26
v 4 -27 -26
v 4 -28 -26
v 3 -23 -27
v 3 -24 -27
v 3 -25 -27
v 3 -26 -27
v 3 -27 -27
v 3 -28 -27
v 3 -23 -28
v 3 -24 -28
v 3 -25 -28
v 3 -26 -28
v 3 -27 -28
v 3 -28 -28
v 3 -23 -29
v 3 -24 -29
v 3 -25 -29
v 3 -26 -29
v 3 -27 -29
v 3 -28 -29
v 8 -28 -28
v 7 -28 -28
v 7 -28 -29
v 6 -28 -25
v 6 -28 -26
v 5 -28 -26
v 5 -28 -27
v 6 -28 -27
v 4 -28 -27
v 4 -28 -28
v 5 -28 -28
v 4 -28 -29
v 5 -28 -29
v 6 -28 -28
v 6 -28 -29
v 11 -27 -35
v 11 -28 -35
v 11 -23 -35
v 11 -24 -35
v 11 -25 -35
v 11 -26 -35
v 3 -23 -30
v 3 -24 -30
v 3 -25 -30
v 3 -26 -30
v 3 -27 -30
v 3 -28 -30
v 3 -23 -31
v 3 -24 -31
v 3 -25 -31
v 3 -26 -31
v 3 -27 -31
v 3 -28 -31
v 3 -23 -32
v 3 -24 -32
v 3 -25 -32
v 3 -26 -32
v 3 -27 -32
v 3 -28 -32
v 3 -23 -33
v 3 -24 -33
v 3 -25 -33
v 3 -26 -33
v 3 -27 -33
v 3 -28 -33
v 3 -23 -34
v 3 -24 -34
v 3 -25 -34
v 3 -26 -34
v 3 -27 -34
v 3 -28 -34
v 3 -23 -35
v 3 -24 -35
v 3 -25 -35
v 3 -26 -35
v 3 -27 -35
v 3 -28 -35
v 10 -23 -36
v 10 -24 -36
v 10 -25 -36
v 10 -26 -36
v 10 -27 -36
v 10 -28 -36
v 9 -23 -36
v 9 -24 -36
v 9 -25 -36
v 9 -26 -36
v 9 -27 -36
v 9 -28 -36
v 8 -23 -35
v 8 -24 -35
v 8 -25 -35
v 8 -26 -35
v 8 -27 -35
v 8 -28 -35
v 12 -23 -24
v 11 -23 -24
v 10 -23 -24
v 9 -23 -24
v 8 -23 -24
v 7 -23 -24
v 12 -23 -25
v 11 -23 -25
v 10 -23 -25
v 9 -23 -25
v 8 -23 -25
v 7 -23 -25
v 12 -23 -26
v 11 -23 -26
v 10 -23 -26
v 9 -23 -26
v 8 -23 -26
v 7 -23 -26
v 12 -23 -27
v 11 -23 -27
v 10 -23 -27
v 9 -23 -27
v 8 -23 -27
v 7 -23 -27
v 12 -23 -28
v 11 -23 -28
v 8 -23 -28
v 7 -23 -28
v 4 -28 -30
v 5 -28 -30
v 6 -28 -30
v 7 -28 -30
v 4 -28 -31
v 5 -28 -31
v 6 -28 -31
v 7 -28 -31
v 4 -28 -32
v 5 -28 -32
v 6 -28 -32
v 7 -28 -32
v 12 -28 -32
v 13 -28 -32
v 14 -28 -32
v 15 -28 -32
v 4 -28 -33
v 5 -28 -33
v 6 -28 -33
v 7 -28 -33
v 12 -28 -33
v 13 -28 -33
v 14 -28 -33
v 15 -28 -33
v 4 -28 -34
v 5 -28 -34
v 6 -28 -34
v 7 -28 -34
v 12 -28 -34
v 13 -28 -34
v 14 -28 -34
v 15 -28 -34
v 4 -28 -35
v 5 -28 -35
v 6 -28 -35
v 7 -28 -35
v 12 -28 -35
v 13 -28 -35
v 14 -28 -35
v 15 -28 -35
v 16 -28 -35
v 3 -28 -36
v 4 -28 -36
v 5 -28 -36
v 6 -28 -36
v 7 -28 -36
v 8 -28 -36
v 11 -28 -36
v 12 -28 -36
v 13 -28 -36
v 14 -28 -36
v 15 -28 -36
v 16 -28 -36
v 3 -28 -37
v 4 -28 -37
v 5 -28 -37
v 6 -28 -37
v 7 -28 -37
v 8 -28 -37
v 11 -28 -37
v 12 -28 -37
v 13 -28 -37
v 14 -28 -37
v 15 -28 -37
v 16 -28 -37
v 4 -28 -38
v 5 -28 -38
v 6 -28 -38
v 7 -28 -38
v 8 -28 -38
v 11 -28 -38
v 12 -28 -38
v 13 -28 -38
v 14 -28 -38
v 15 -28 -38
v 5 -28 -39
v 6 -28 -39
v 7 -28 -39
v 8 -28 -39
v 11 -28 -39
v 12 -28 -39
v 13 -28 -39
v 14 -28 -39
v 6 -28 -40
v 7 -28 -40
v 8 -28 -40
v 11 -28 -40
v 12 -28 -40
v 13 -28 -40
v 3 -23 -36
v 3 -24 -36
v 3 -25 -36
v 3 -26 -36
v 3 -27 -36
v 3 -23 -37
v 3 -24 -37
v 3 -25 -37
v 3 -26 -37
v 3 -27 -37
v 4 -23 -38
v 4 -24 -38
v 4 -25 -38
v 4 -26 -38
v 4 -27 -38
v 5 -23 -39
v 5 -24 -39
v 5 -25 -39
v 5 -26 -39
v 5 -27 -39
v 6 -23 -40
v 6 -24 -40
v 6 -25 -40
v 6 -26 -40
v 6 -27 -40
v 7 -23 -41
v 7 -24 -41
v 7 -25 -41
v 7 -26 -41
v 7 -27 -41
v 7 -28 -41
v 9 -28 -39
v 9 -28 -38
v 9 -28 -40
v 9 -28 -37
v 10 -28 -39
v 10 -28 -38
v 10 -28 -40
v 10 -28 -37
v 8 -28 -41
v 9 -28 -41
v 10 -28 -41
v 11 -28 -41
v 12 -28 -41
v 7 -28 -42
v 8 -28 -42
v 9 -28 -42
v 10 -28 -42
v 11 -28 -42
v 12 -28 -42
v 7 -28 -43
v 8 -28 -43
v 9 -28 -43
v 10 -28 -43
v 11 -28 -43
v 12 -28 -43
v 7 -28 -44
v 8 -28 -44
v 9 -28 -44
v 10 -28 -44
v 11 -28 -44
v 12 -28 -44
v 18 -25 -35
v 18 -24 -35
v 18 -26 -34
v 18 -26 -35
v 18 -27 -34
v 18 -27 -35
v 16 -27 -35
v 16 -24 -35
v 16 -23 -35
v 16 -24 -36
v 16 -23 -36
v 16 -25 -35
v 16 -25 -36
v 16 -26 -35
v 16 -26 -36
v 16 -27 -36
v 16 -24 -37
v 16 -23 -37
v 16 -25 -37
v 16 -26 -37
v 16 -27 -37
v 15 -24 -38
v 15 -23 -38
v 15 -25 -38
v 15 -26 -38
v 15 -27 -38
v 14 -24 -39
v 14 -23 -39
v 14 -25 -39
v 14 -26 -39
v 14 -27 -39
v 13 -24 -40
v 13 -23 -40
v 13 -25 -40
v 13 -26 -40
v 13 -27 -40
v 12 -24 -41
v 12 -23 -41
v 12 -25 -41
v 12 -26 -41
v 12 -27 -41
v 12 -24 -42
v 12 -23 -42
v 12 -25 -42
v 12 -26 -42
v 12 -27 -42
v 12 -24 -43
v 12 -23 -43
v 12 -25 -43
v 12 -26 -43
v 12 -27 -43
v 12 -24 -44
v 12 -23 -44
v 12 -25 -44
v 12 -26 -44
v 12 -27 -44
v 7 -23 -42
v 7 -24 -42
v 7 -25 -42
v 7 -26 -42
v 7 -27 -42
v 7 -23 -43
v 7 -24 -43
v 7 -25 -43
v 7 -26 -43
v 7 -27 -43
v 7 -23 -44
v 7 -24 -44
v 7 -25 -44
v 7 -26 -44
v 7 -27 -44
v 13 -23 -25
v 13 -23 -26
v 14 -23 -26
v 13 -23 -27
v 14 -23 -27
v 15 -23 -27
v 13 -23 -28
v 14 -23 -28
v 15 -23 -28
v 6 -23 -25
v 6 -23 -26
v 5 -23 -26
v 6 -23 -27
v 5 -23 -27
v 4 -23 -27
v 6 -23 -28
v 5 -23 -28
v 4 -23 -28
v 4 -23 -29
v 5 -23 -29
v 6 -23 -29
v 7 -23 -29
v 12 -23 -29
v 13 -23 -29
v 14 -23 -29
v 15 -23 -29
v 4 -23 -30
v 5 -23 -30
v 6 -23 -30
v 7 -23 -30
v 12 -23 -30
v 13 -23 -30
v 14 -23 -30
v 15 -23 -30
v 4 -23 -31
v 5 -23 -31
v 6 -23 -31
v 7 -23 -31
v 8 -23 -31
v 12 -23 -31
v 13 -23 -31
v 14 -23 -31
v 15 -23 -31
v 4 -23 -32
v 5 -23 -32
v 6 -23 -32
v 7 -23 -32
v 12 -23 -32
v 13 -23 -32
v 14 -23 -32
v 15 -23 -32
v 16 -23 -32
v 4 -23 -33
v 5 -23 -33
v 6 -23 -33
v 7 -23 -33
v 12 -23 -33
v 13 -23 -33
v 14 -23 -33
v 15 -23 -33
v 16 -23 -33
v 4 -23 -34
v 5 -23 -34
v 6 -23 -34
v 7 -23 -34
v 12 -23 -34
v 13 -23 -34
v 14 -23 -34
v 15 -23 -34
v 16 -23 -34
v 4 -23 -35
v 5 -23 -35
v 6 -23 -35
v 7 -23 -35
v 12 -23 -35
v 13 -23 -35
v 14 -23 -35
v 15 -23 -35
v 4 -23 -36
v 5 -23 -36
v 6 -23 -36
v 7 -23 -36
v 8 -23 -36
v 12 -23 -36
v 11 -23 -36
v 13 -23 -36
v 14 -23 -36
v 15 -23 -36
v 4 -23 -37
v 5 -23 -37
v 6 -23 -37
v 7 -23 -37
v 8 -23 -37
v 12 -23 -37
v 11 -23 -37
v 13 -23 -37
v 14 -23 -37
v 15 -23 -37
v 14 -23 -38
v 13 -23 -38
v 13 -23 -39
v 12 -23 -38
v 12 -23 -39
v 12 -23 -40
v 10 -23 -37
v 9 -23 -37
v 8 -23 -38
v 7 -23 -38
v 6 -23 -38
v 5 -23 -38
v 8 -23 -39
v 7 -23 -39
v 6 -23 -39
v 8 -23 -40
v 7 -23 -40
v 8 -23 -41
v 11 -23 -38
v 11 -23 -39
v 11 -23 -40
v 11 -23 -41
v 10 -23 -38
v 9 -23 -38
v 10 -23 -39
v 9 -23 -39
v 10 -23 -40
v 9 -23 -40
v 10 -23 -41
v 9 -23 -41
v 11 -23 -42
v 8 -23 -42
v 10 -23 -42
v 9 -23 -42
v 11 -23 -43
v 8 -23 -43
v 10 -23 -43
v 9 -23 -43
v 11 -23 -44
v 8 -23 -44
v 10 -23 -44
v 9 -23 -44
v 9 -24 -30
v 9 -25 -30
v 9 -26 -30
v 9 -27 -30
v 9 -25 -32
v 9 -24 -32
v 9 -26 -32
v 9 -27 -31
v 9 -27 -32
v 10 -24 -30
v 10 -25 -30
v 10 -26 -30
v 10 -27 -30
v 10 -25 -32
v 10 -24 -32
v 9 -26 -34
v 9 -25 -34
v 10 -26 -34
v 10 -25 -34
v 10 -27 -31
v 9 -27 -34
v 10 -27 -34
v 10 -27 -32
v 9 -26 -33
v 9 -25 -33
v 10 -26 -32
v 10 -26 -33
v 10 -27 -33
v 10 -25 -33
v 9 -27 -33
v 17 -25 -35
v 17 -24 -35
v 17 -27 -34
v 17 -27 -35
v 17 -26 -35
v 17 -27 -33
v 17 -24 -31
v 17 -25 -31
v 17 -26 -31
v 17 -27 -31
v 17 -27 -32
v 19 -26 -33
v 19 -27 -33
v 19 -27 -34
v 19 -26 -34
v 19 -25 -34
v 19 -25 -33
v 12 -26 -45
v 12 -25 -45
v 12 -27 -45
v 12 -28 -45
v 7 -28 -45
v 7 -27 -45
v 7 -26 -45
v 7 -25 -45
v 7 -24 -45
v 7 -23 -45
v 8 -23 -45
v 9 -23 -45
v 10 -23 -45
v 11 -23 -45
v 12 -23 -45
v 12 -24 -45
v 12 -26 -46
v 12 -25 -46
v 12 -27 -46
v 12 -28 -46
v 7 -27 -46
v 7 -28 -46
v 7 -26 -46
v 7 -25 -46
v 7 -24 -46
v 7 -23 -46
v 8 -23 -46
v 9 -23 -46
v 10 -23 -46
v 11 -23 -46
v 12 -23 -46
v 12 -24 -46
v 12 -26 -47
v 12 -25 -47
v 12 -27 -47
v 12 -28 -47
v 7 -27 -47
v 7 -28 -47
v 7 -26 -47
v 7 -25 -47
v 7 -24 -47
v 7 -23 -47
v 8 -23 -47
v 9 -23 -47
v 10 -23 -47
v 11 -23 -47
v 12 -23 -47
v 12 -24 -47
v 12 -26 -48
v 12 -25 -48
v 12 -27 -48
v 12 -28 -48
v 7 -27 -48
v 7 -28 -48
v 7 -26 -48
v 7 -25 -48
v 7 -24 -48
v 7 -23 -48
v 8 -23 -48
v 9 -23 -48
v 10 -23 -48
v 11 -23 -48
v 12 -23 -48
v 12 -24 -48
v 12 -26 -49
v 12 -25 -49
v 12 -27 -49
v 12 -28 -49
v 11 -28 -49
v 7 -28 -49
v 8 -28 -49
v 7 -27 -49
v 7 -26 -49
v 7 -25 -49
v 7 -24 -49
v 7 -23 -49
v 8 -23 -49
v 9 -23 -49
v 10 -23 -49
v 11 -23 -49
v 12 -23 -49
v 12 -24 -49
v 12 -26 -50
v 12 -25 -50
v 12 -27 -50
v 12 -28 -50
v 11 -28 -50
v 10 -28 -49
v 10 -28 -50
v 9 -28 -49
v 9 -28 -50
v 8 -28 -50
v 7 -28 -50
v 7 -27 -50
v 7 -26 -50
v 7 -25 -50
v 7 -24 -50
v 7 -23 -50
v 8 -23 -50
v 9 -23 -50
v 10 -23 -50
v 11 -23 -50
v 12 -23 -50
v 12 -24 -50
v 12 -26 -51
v 12 -25 -51
v 12 -27 -51
v 12 -28 -51
v 11 -28 -51
v 10 -28 -51
v 9 -28 -51
v 8 -28 -51
v 7 -28 -51
v 7 -27 -51
v 7 -26 -51
v 7 -25 -51
v 7 -24 -51
v 7 -23 -51
v 8 -23 -51
v 9 -23 -51
v 10 -23 -51
v 11 -23 -51
v 12 -23 -51
v 12 -24 -51
v 12 -26 -52
v 12 -25 -52
v 12 -27 -52
v 12 -28 -52
v 11 -28 -52
v 10 -28 -52
v 9 -28 -52
v 8 -28 -52
v 7 -28 -52
v 7 -27 -52
v 7 -26 -52
v 7 -25 -52
v 7 -24 -52
v 7 -23 -52
v 8 -23 -52
v 9 -23 -52
v 10 -23 -52
v 11 -23 -52
v 12 -23 -52
v 12 -24 -52
v 12 -26 -53
v 12 -25 -53
v 12 -27 -53
v 12 -28 -53
v 11 -28 -53
v 10 -28 -53
v 9 -28 -53
v 8 -28 -53
v 7 -28 -53
v 7 -27 -53
v 8 -23 -53
v 7 -23 -53
v 9 -23 -53
v 10 -23 -53
v 11 -23 -53
v 12 -23 -53
v 12 -24 -53
v 12 -26 -54
v 12 -25 -54
v 12 -27 -54
v 12 -28 -54
v 11 -28 -54
v 10 -28 -54
v 9 -28 -54
v 8 -28 -54
v 7 -28 -54
v 7 -27 -54
v 8 -23 -54
v 7 -23 -54
v 9 -23 -54
v 10 -23 -54
v 11 -23 -54
v 12 -23 -54
v 12 -24 -54
v 12 -26 -55
v 12 -25 -55
v 12 -27 -55
v 12 -28 -55
v 11 -28 -55
v 10 -28 -55
v 9 -28 -55
v 8 -28 -55
v 7 -28 -55
v 7 -27 -55
v 8 -23 -55
v 7 -23 -55
v 9 -23 -55
v 10 -23 -55
v 11 -23 -55
v 12 -23 -55
v 12 -24 -55
v 12 -26 -56
v 12 -25 -56
v 12 -27 -56
v 12 -28 -56
v 11 -28 -56
v 10 -28 -56
v 9 -28 -56
v 8 -28 -56
v 7 -28 -56
v 7 -27 -56
v 8 -23 -56
v 7 -23 -56
v 9 -23 -56
v 10 -23 -56
v 11 -23 -56
v 12 -23 -56
v 12 -24 -56
v 9 -23 -31
v 9 -23 -30
v 9 -23 -32
v 10 -23 -31
v 10 -23 -30
v 10 -23 -32
v 18 -23 -35
v 18 -23 -34
v 18 -23 -33
v 18 -23 -32
v 18 -23 -31
v 17 -23 -32
v 17 -23 -31
v 17 -23 -33
v 17 -23 -34
v 17 -23 -35
v 10.25 -26 -32
v 10.25 -27 -32
v 10.25 -25 -32
v 10.25 -24 -32
v 10.25 -23 -32
v 10.25 -23 -31
v 10.25 -23 -30
v 10.25 -24 -30
v 10.25 -25 -30
v 10.25 -26 -30
v 10.25 -27 -30
v 10.25 -27 -31
v 10.5 -26 -32
v 10.5 -27 -32
v 10.5 -25 -32
v 10.5 -24 -32
v 10.5 -23 -32
v 10.5 -23 -31
v 10.5 -23 -30
v 10.5 -24 -30
v 10.5 -25 -30
v 10.5 -26 -30
v 10.5 -27 -30
v 10.5 -27 -31
v 10.75 -26 -32
v 10.75 -27 -32
v 10.75 -25 -32
v 10.75 -24 -32
v 10.75 -23 -32
v 10.75 -23 -31
v 10.75 -23 -30
v 10.75 -24 -30
v 10.75 -25 -30
v 10.75 -26 -30
v 10.75 -27 -30
v 10.75 -27 -31
v 10.75 -24 -31
v 10.75 -25 -31
v 10.75 -26 -31
v -0.5 -26 1
v -0.5 -25 1
v 0.5 -25 1
v 0.5 -26 1
v 0.5 -23 1
v -0.5 -23 1
v 1 -24 1
v 0.5 -24 1
v -0.5 -24 1
v -1 -24 1
v 1 -25 1
v -1 -25 1
v 1 -26 1
v -1 -26 1
v -0.5 -28 -1
v -1 -28 -1
v 0.5 -28 -1
v 1 -28 -1
v 1 -28 -0.5
v 1 -28 0.5
v 1 -28 1
v 0.5 -28 1
v -0.5 -28 1
v -1 -28 1
v -1 -28 0.5
v -1 -28 -0.5
v -0.5 -28 0.5
v 0.5 -28 0.5
v -0.5 -28 -0.5
v 0.5 -28 -0.5
v 7 -29 -47
v 7 -29 -46
v 7 -29 -48
v 8 -29 -49
v 9 -29 -49
v 10 -29 -49
v 11 -29 -49
v 12 -29 -48
v 12 -29 -47
v 12 -29 -46
v 12 -29 -45
v 11 -29 -44
v 10 -29 -44
v 9 -29 -44
v 8 -29 -44
v 7 -29 -45
v 7 -30 -47
v 7 -30 -46
v 7 -30 -48
v 8 -30 -49
v 9 -30 -49
v 10 -30 -49
v 11 -30 -49
v 12 -30 -48
v 12 -30 -47
v 12 -30 -46
v 12 -30 -45
v 11 -30 -44
v 10 -30 -44
v 9 -30 -44
v 8 -30 -44
v 7 -30 -45
v 7 -31 -47
v 7 -31 -46
v 7 -31 -48
v 8 -31 -49
v 9 -31 -49
v 10 -31 -49
v 11 -31 -49
v 12 -31 -48
v 12 -31 -47
v 12 -31 -46
v 12 -31 -45
v 11 -31 -44
v 10 -31 -44
v 9 -31 -44
v 8 -31 -44
v 7 -31 -45
v 7 -32 -47
v 7 -32 -46
v 7 -32 -48
v 8 -32 -49
v 9 -32 -49
v 10 -32 -49
v 11 -32 -49
v 12 -32 -48
v 12 -32 -47
v 12 -32 -46
v 12 -32 -45
v 11 -32 -44
v 10 -32 -44
v 9 -32 -44
v 8 -32 -44
v 7 -32 -45
v 7 -33 -47
v 7 -33 -46
v 7 -33 -48
v 8 -33 -49
v 9 -33 -49
v 10 -33 -49
v 11 -33 -49
v 12 -33 -48
v 12 -33 -47
v 12 -33 -46
v 12 -33 -45
v 11 -33 -44
v 10 -33 -44
v 9 -33 -44
v 8 -33 -44
v 7 -33 -45
v 7 -34 -47
v 7 -34 -46
v 7 -34 -48
v 8 -34 -49
v 9 -34 -49
v 10 -34 -49
v 11 -34 -49
v 12 -34 -48
v 12 -34 -47
v 12 -34 -46
v 12 -34 -45
v 11 -34 -44
v 10 -34 -44
v 9 -34 -44
v 8 -34 -44
v 7 -34 -45
v 6 -23 -54
v 6 -23 -53
v 6 -23 -52
v 6 -24 -52
v 6 -25 -52
v 6 -26 -52
v 6 -27 -52
v 6 -23 -55
v 6 -23 -56
v 7 -24 -56
v 6 -24 -56
v 7 -25 -56
v 6 -25 -56
v 7 -26 -56
v 6 -26 -56
v 6 -27 -56
v 6 -27 -55
v 6 -27 -54
v 6 -27 -53
v 5 -23 -54
v 5 -23 -53
v 5 -23 -52
v 5 -24 -52
v 5 -25 -52
v 5 -26 -52
v 5 -27 -52
v 5 -23 -55
v 5 -23 -56
v 5 -24 -56
v 5 -25 -56
v 5 -26 -56
v 5 -27 -56
v 5 -27 -55
v 5 -27 -54
v 5 -27 -53
v 4 -23 -54
v 4 -23 -53
v 4 -23 -52
v 4 -24 -52
v 4 -25 -52
v 4 -26 -52
v 4 -27 -52
v 4 -23 -55
v 4 -23 -56
v 4 -24 -56
v 4 -25 -56
v 4 -26 -56
v 4 -27 -56
v 4 -27 -55
v 4 -27 -54
v 4 -27 -53
v 4 -24 -53
v 4 -24 -54
v 4 -24 -55
v 4 -25 -53
v 4 -25 -54
v 4 -25 -55
v 4 -26 -53
v 4 -26 -54
v 4 -26 -55
v 12 -26 -169
v 12 -25 -169
v 12 -26 -170
v 12 -25 -170
v 12 -27 -169
v 12 -27 -170
v 12 -28 -169
v 12 -28 -170
v 11 -28 -169
v 11 -28 -170
v 10 -28 -169
v 10 -28 -170
v 9 -28 -169
v 9 -28 -170
v 8 -28 -169
v 8 -28 -170
v 7 -28 -169
v 7 -28 -170
v 7 -27 -169
v 7 -27 -170
v 7 -26 -169
v 7 -26 -170
v 7 -25 -169
v 7 -25 -170
v 7 -24 -169
v 7 -24 -170
v 7 -23 -169
v 7 -23 -170
v 8 -23 -169
v 8 -23 -170
v 9 -23 -169
v 9 -23 -170
v 10 -23 -169
v 10 -23 -170
v 11 -23 -169
v 11 -23 -170
v 12 -23 -169
v 12 -23 -170
v 12 -24 -169
v 12 -24 -170
v 12 -26 -171
v 12 -25 -171
v 12 -27 -171
v 12 -28 -171
v 11 -28 -171
v 10 -28 -171
v 9 -28 -171
v 8 -28 -171
v 7 -28 -171
v 7 -27 -171
v 7 -26 -171
v 7 -25 -171
v 7 -24 -171
v 7 -23 -171
v 8 -23 -171
v 9 -23 -171
v 10 -23 -171
v 11 -23 -171
v 12 -23 -171
v 12 -24 -171
v 12 -26 -172
v 12 -25 -172
v 12 -27 -172
v 12 -28 -172
v 11 -28 -172
v 10 -28 -172
v 9 -28 -172
v 8 -28 -172
v 7 -28 -172
v 7 -27 -172
v 7 -26 -172
v 7 -25 -172
v 7 -24 -172
v 7 -23 -172
v 8 -23 -172
v 9 -23 -172
v 10 -23 -172
v 11 -23 -172
v 12 -23 -172
v 12 -24 -172
v 12 -26 -173
v 12 -25 -173
v 12 -27 -173
v 12 -28 -173
v 11 -28 -173
v 10 -28 -173
v 9 -28 -173
v 8 -28 -173
v 7 -28 -173
v 7 -27 -173
v 7 -26 -173
v 7 -25 -173
v 7 -24 -173
v 7 -23 -173
v 8 -23 -173
v 9 -23 -173
v 10 -23 -173
v 11 -23 -173
v 12 -23 -173
v 12 -24 -173
v 12 -26 -174
v 12 -25 -174
v 12 -27 -174
v 12 -28 -174
v 11 -28 -174
v 10 -28 -174
v 9 -28 -174
v 8 -28 -174
v 7 -28 -174
v 7 -27 -174
v 7 -26 -174
v 7 -25 -174
v 7 -24 -174
v 7 -23 -174
v 8 -23 -174
v 9 -23 -174
v 10 -23 -174
v 11 -23 -174
v 12 -23 -174
v 12 -24 -174
v 12 -26 -175
v 12 -25 -175
v 12 -27 -175
v 12 -28 -175
v 11 -28 -175
v 10 -28 -175
v 9 -28 -175
v 8 -28 -175
v 7 -28 -175
v 7 -27 -175
v 7 -26 -175
v 7 -25 -175
v 7 -24 -175
v 7 -23 -175
v 8 -23 -175
v 9 -23 -175
v 10 -23 -175
v 11 -23 -175
v 12 -23 -175
v 12 -24 -175
v 12 -26 -176
v 12 -25 -176
v 12 -27 -176
v 12 -28 -176
v 11 -28 -176
v 10 -28 -176
v 9 -28 -176
v 8 -28 -176
v 7 -28 -176
v 7 -27 -176
v 7 -26 -176
v 7 -25 -176
v 7 -24 -176
v 7 -23 -176
v 8 -23 -176
v 9 -23 -176
v 10 -23 -176
v 11 -23 -176
v 12 -23 -176
v 12 -24 -176
v 12 -26 -177
v 12 -25 -177
v 12 -27 -177
v 12 -28 -177
v 11 -28 -177
v 10 -28 -177
v 9 -28 -177
v 8 -28 -177
v 7 -28 -177
v 7 -27 -177
v 7 -26 -177
v 7 -25 -177
v 7 -24 -177
v 7 -23 -177
v 8 -23 -177
v 9 -23 -177
v 10 -23 -177
v 11 -23 -177
v 12 -23 -177
v 12 -24 -177
v 12 -26 -178
v 12 -25 -178
v 12 -27 -178
v 12 -28 -178
v 11 -28 -178
v 10 -28 -178
v 9 -28 -178
v 8 -28 -178
v 7 -28 -178
v 7 -27 -178
v 7 -26 -178
v 7 -25 -178
v 7 -24 -178
v 7 -23 -178
v 8 -23 -178
v 9 -23 -178
v 10 -23 -178
v 11 -23 -178
v 12 -23 -178
v 12 -24 -178
v 12 -26 -179
v 12 -25 -179
v 12 -27 -179
v 12 -28 -179
v 11 -28 -179
v 10 -28 -179
v 9 -28 -179
v 8 -28 -179
v 7 -28 -179
v 7 -27 -179
v 7 -26 -179
v 7 -25 -179
v 7 -24 -179
v 7 -23 -179
v 8 -23 -179
v 9 -23 -179
v 10 -23 -179
v 11 -23 -179
v 12 -23 -179
v 12 -24 -179
v 12 -26 -180
v 12 -25 -180
v 12 -27 -180
v 12 -28 -180
v 11 -28 -180
v 10 -28 -180
v 9 -28 -180
v 8 -28 -180
v 7 -28 -180
v 7 -27 -180
v 7 -26 -180
v 7 -25 -180
v 7 -24 -180
v 7 -23 -180
v 8 -23 -180
v 9 -23 -180
v 10 -23 -180
v 11 -23 -180
v 12 -23 -180
v 12 -24 -180
v 12 -26 -181
v 12 -25 -181
v 12 -27 -181
v 12 -28 -181
v 11 -28 -181
v 10 -28 -181
v 9 -28 -181
v 8 -28 -181
v 7 -28 -181
v 7 -27 -181
v 7 -26 -181
v 7 -25 -181
v 7 -24 -181
v 7 -23 -181
v 8 -23 -181
v 9 -23 -181
v 10 -23 -181
v 11 -23 -181
v 12 -23 -181
v 12 -24 -181
v 12 -26 -182
v 12 -25 -182
v 12 -27 -182
v 12 -28 -182
v 11 -28 -182
v 10 -28 -182
v 9 -28 -182
v 8 -28 -182
v 7 -28 -182
v 7 -27 -182
v 7 -26 -182
v 7 -25 -182
v 7 -24 -182
v 7 -23 -182
v 8 -23 -182
v 9 -23 -182
v 10 -23 -182
v 11 -23 -182
v 12 -23 -182
v 12 -24 -182
v 12 -26 -183
v 12 -25 -183
v 12 -27 -183
v 12 -28 -183
v 11 -28 -183
v 10 -28 -183
v 9 -28 -183
v 8 -28 -183
v 7 -28 -183
v 7 -27 -183
v 7 -26 -183
v 7 -25 -183
v 7 -24 -183
v 7 -23 -183
v 8 -23 -183
v 9 -23 -183
v 10 -23 -183
v 11 -23 -183
v 12 -23 -183
v 12 -24 -183
v 12 -26 -184
v 12 -25 -184
v 12 -27 -184
v 12 -28 -184
v 11 -28 -184
v 10 -28 -184
v 9 -28 -184
v 8 -28 -184
v 7 -28 -184
v 7 -27 -184
v 7 -26 -184
v 7 -25 -184
v 7 -24 -184
v 7 -23 -184
v 8 -23 -184
v 9 -23 -184
v 10 -23 -184
v 11 -23 -184
v 12 -23 -184
v 12 -24 -184
v 12 -26 -185
v 12 -25 -185
v 12 -27 -185
v 12 -28 -185
v 11 -28 -185
v 10 -28 -185
v 9 -28 -185
v 8 -28 -185
v 7 -28 -185
v 7 -27 -185
v 7 -26 -185
v 7 -25 -185
v 7 -24 -185
v 7 -23 -185
v 8 -23 -185
v 9 -23 -185
v 10 -23 -185
v 11 -23 -185
v 12 -23 -185
v 12 -24 -185
v 12 -26 -186
v 12 -25 -186
v 12 -27 -186
v 12 -28 -186
v 11 -28 -186
v 10 -28 -186
v 9 -28 -186
v 8 -28 -186
v 7 -28 -186
v 7 -27 -186
v 7 -26 -186
v 7 -25 -186
v 7 -24 -186
v 7 -23 -186
v 8 -23 -186
v 9 -23 -186
v 10 -23 -186
v 11 -23 -186
v 12 -23 -186
v 12 -24 -186
v 12 -26 -187
v 12 -25 -187
v 12 -27 -187
v 12 -28 -187
v 11 -28 -187
v 10 -28 -187
v 9 -28 -187
v 8 -28 -187
v 7 -28 -187
v 7 -27 -187
v 7 -26 -187
v 7 -25 -187
v 7 -24 -187
v 7 -23 -187
v 8 -23 -187
v 9 -23 -187
v 10 -23 -187
v 11 -23 -187
v 12 -23 -187
v 12 -24 -187
v 12 -26 -188
v 12 -25 -188
v 12 -27 -188
v 12 -28 -188
v 11 -28 -188
v 10 -28 -188
v 9 -28 -188
v 8 -28 -188
v 7 -28 -188
v 7 -27 -188
v 7 -26 -188
v 7 -25 -188
v 7 -24 -188
v 7 -23 -188
v 8 -23 -188
v 9 -23 -188
v 10 -23 -188
v 11 -23 -188
v 12 -23 -188
v 12 -24 -188
v 12 -26 -189
v 12 -25 -189
v 12 -27 -189
v 12 -28 -189
v 11 -28 -189
v 10 -28 -189
v 9 -28 -189
v 8 -28 -189
v 7 -28 -189
v 7 -27 -189
v 7 -26 -189
v 7 -25 -189
v 7 -24 -189
v 7 -23 -189
v 8 -23 -189
v 9 -23 -189
v 10 -23 -189
v 11 -23 -189
v 12 -23 -189
v 12 -24 -189
v 12 -26 -190
v 12 -25 -190
v 12 -27 -190
v 12 -28 -190
v 11 -28 -190
v 10 -28 -190
v 9 -28 -190
v 8 -28 -190
v 7 -28 -190
v 7 -27 -190
v 7 -26 -190
v 7 -25 -190
v 7 -24 -190
v 7 -23 -190
v 8 -23 -190
v 9 -23 -190
v 10 -23 -190
v 11 -23 -190
v 12 -23 -190
v 12 -24 -190
v 12 -26 -191
v 12 -25 -191
v 12 -27 -191
v 12 -28 -191
v 11 -28 -191
v 10 -28 -191
v 9 -28 -191
v 8 -28 -191
v 7 -28 -191
v 7 -27 -191
v 7 -26 -191
v 7 -25 -191
v 7 -24 -191
v 7 -23 -191
v 8 -23 -191
v 9 -23 -191
v 10 -23 -191
v 11 -23 -191
v 12 -23 -191
v 12 -24 -191
v 12 -26 -192
v 12 -25 -192
v 12 -27 -192
v 12 -28 -192
v 11 -28 -192
v 10 -28 -192
v 9 -28 -192
v 8 -28 -192
v 7 -28 -192
v 7 -27 -192
v 7 -26 -192
v 7 -25 -192
v 7 -24 -192
v 7 -23 -192
v 8 -23 -192
v 9 -23 -192
v 10 -23 -192
v 11 -23 -192
v 12 -23 -192
v 12 -24 -192
v 12 -26 -193
v 12 -25 -193
v 12 -27 -193
v 12 -28 -193
v 11 -28 -193
v 10 -28 -193
v 9 -28 -193
v 8 -28 -193
v 7 -28 -193
v 7 -27 -193
v 7 -26 -193
v 7 -25 -193
v 7 -24 -193
v 7 -23 -193
v 8 -23 -193
v 9 -23 -193
v 10 -23 -193
v 11 -23 -193
v 12 -23 -193
v 12 -24 -193
v 12 -26 -194
v 12 -25 -194
v 12 -27 -194
v 12 -28 -194
v 11 -28 -194
v 10 -28 -194
v 9 -28 -194
v 8 -28 -194
v 7 -28 -194
v 7 -27 -194
v 7 -26 -194
v 7 -25 -194
v 7 -24 -194
v 7 -23 -194
v 8 -23 -194
v 9 -23 -194
v 10 -23 -194
v 11 -23 -194
v 12 -23 -194
v 12 -24 -194
v 12 -26 -195
v 12 -25 -195
v 12 -27 -195
v 12 -28 -195
v 11 -28 -195
v 10 -28 -195
v 9 -28 -195
v 8 -28 -195
v 7 -28 -195
v 7 -27 -195
v 7 -26 -195
v 7 -25 -195
v 7 -24 -195
v 7 -23 -195
v 8 -23 -195
v 9 -23 -195
v 10 -23 -195
v 11 -23 -195
v 12 -23 -195
v 12 -24 -195
v 12 -26 -196
v 12 -25 -196
v 12 -27 -196
v 12 -28 -196
v 11 -28 -196
v 10 -28 -196
v 9 -28 -196
v 8 -28 -196
v 7 -28 -196
v 7 -27 -196
v 7 -26 -196
v 7 -25 -196
v 7 -24 -196
v 7 -23 -196
v 8 -23 -196
v 9 -23 -196
v 10 -23 -196
v 11 -23 -196
v 12 -23 -196
v 12 -24 -196
v 12 -26 -197
v 12 -25 -197
v 12 -27 -197
v 12 -28 -197
v 11 -28 -197
v 10 -28 -197
v 9 -28 -197
v 8 -28 -197
v 7 -28 -197
v 7 -27 -197
v 7 -26 -197
v 7 -25 -197
v 7 -24 -197
v 7 -23 -197
v 8 -23 -197
v 9 -23 -197
v 10 -23 -197
v 11 -23 -197
v 12 -23 -197
v 12 -24 -197
v 12 -26 -198
v 12 -25 -198
v 12 -27 -198
v 12 -28 -198
v 11 -28 -198
v 10 -28 -198
v 9 -28 -198
v 8 -28 -198
v 7 -28 -198
v 7 -27 -198
v 7 -26 -198
v 7 -25 -198
v 7 -24 -198
v 7 -23 -198
v 8 -23 -198
v 9 -23 -198
v 10 -23 -198
v 11 -23 -198
v 12 -23 -198
v 12 -24 -198
v 12 -26 -199
v 12 -25 -199
v 12 -27 -199
v 12 -28 -199
v 11 -28 -199
v 10 -28 -199
v 9 -28 -199
v 8 -28 -199
v 7 -28 -199
v 7 -27 -199
v 7 -26 -199
v 7 -25 -199
v 7 -24 -199
v 7 -23 -199
v 8 -23 -199
v 9 -23 -199
v 10 -23 -199
v 11 -23 -199
v 12 -23 -199
v 12 -24 -199
v 12 -26 -200
v 12 -25 -200
v 12 -27 -200
v 12 -28 -200
v 11 -28 -200
v 10 -28 -200
v 9 -28 -200
v 8 -28 -200
v 7 -28 -200
v 7 -27 -200
v 7 -26 -200
v 7 -25 -200
v 7 -24 -200
v 7 -23 -200
v 8 -23 -200
v 9 -23 -200
v 10 -23 -200
v 11 -23 -200
v 12 -23 -200
v 12 -24 -200
v 12 -26 -201
v 12 -25 -201
v 12 -27 -201
v 12 -28 -201
v 11 -28 -201
v 10 -28 -201
v 9 -28 -201
v 8 -28 -201
v 7 -28 -201
v 7 -27 -201
v 7 -26 -201
v 7 -25 -201
v 7 -24 -201
v 7 -23 -201
v 8 -23 -201
v 9 -23 -201
v 10 -23 -201
v 11 -23 -201
v 12 -23 -201
v 12 -24 -201
v 12 -26 -202
v 12 -25 -202
v 12 -27 -202
v 12 -28 -202
v 11 -28 -202
v 10 -28 -202
v 9 -28 -202
v 8 -28 -202
v 7 -28 -202
v 7 -27 -202
v 7 -26 -202
v 7 -25 -202
v 7 -24 -202
v 7 -23 -202
v 8 -23 -202
v 9 -23 -202
v 10 -23 -202
v 11 -23 -202
v 12 -23 -202
v 12 -24 -202
v 12 -26 -203
v 12 -25 -203
v 12 -27 -203
v 12 -28 -203
v 11 -28 -203
v 10 -28 -203
v 9 -28 -203
v 8 -28 -203
v 7 -28 -203
v 7 -27 -203
v 7 -26 -203
v 7 -25 -203
v 7 -24 -203
v 7 -23 -203
v 8 -23 -203
v 9 -23 -203
v 10 -23 -203
v 11 -23 -203
v 12 -23 -203
v 12 -24 -203
v 12 -26 -204
v 12 -25 -204
v 12 -27 -204
v 12 -28 -204
v 11 -28 -204
v 10 -28 -204
v 9 -28 -204
v 8 -28 -204
v 7 -28 -204
v 7 -27 -204
v 7 -26 -204
v 7 -25 -204
v 7 -24 -204
v 7 -23 -204
v 8 -23 -204
v 9 -23 -204
v 10 -23 -204
v 11 -23 -204
v 12 -23 -204
v 12 -24 -204
v 12 -26 -205
v 12 -25 -205
v 12 -27 -205
v 12 -28 -205
v 11 -28 -205
v 10 -28 -205
v 9 -28 -205
v 8 -28 -205
v 7 -28 -205
v 7 -27 -205
v 7 -26 -205
v 7 -25 -205
v 7 -24 -205
v 7 -23 -205
v 8 -23 -205
v 9 -23 -205
v 10 -23 -205
v 11 -23 -205
v 12 -23 -205
v 12 -24 -205
v 12 -26 -206
v 12 -25 -206
v 12 -27 -206
v 12 -28 -206
v 11 -28 -206
v 10 -28 -206
v 9 -28 -206
v 8 -28 -206
v 7 -28 -206
v 7 -27 -206
v 7 -26 -206
v 7 -25 -206
v 7 -24 -206
v 7 -23 -206
v 8 -23 -206
v 9 -23 -206
v 10 -23 -206
v 11 -23 -206
v 12 -23 -206
v 12 -24 -206
v 12 -26 -207
v 12 -25 -207
v 12 -27 -207
v 12 -28 -207
v 11 -28 -207
v 10 -28 -207
v 9 -28 -207
v 8 -28 -207
v 7 -28 -207
v 7 -27 -207
v 7 -26 -207
v 7 -25 -207
v 7 -24 -207
v 7 -23 -207
v 8 -23 -207
v 9 -23 -207
v 10 -23 -207
v 11 -23 -207
v 12 -23 -207
v 12 -24 -207
v 12 -26 -208
v 12 -25 -208
v 12 -27 -208
v 12 -28 -208
v 11 -28 -208
v 10 -28 -208
v 9 -28 -208
v 8 -28 -208
v 7 -28 -208
v 7 -27 -208
v 7 -26 -208
v 7 -25 -208
v 7 -24 -208
v 7 -23 -208
v 8 -23 -208
v 9 -23 -208
v 10 -23 -208
v 11 -23 -208
v 12 -23 -208
v 12 -24 -208
v 12 -26 -209
v 12 -25 -209
v 12 -27 -209
v 12 -28 -209
v 11 -28 -209
v 10 -28 -209
v 9 -28 -209
v 8 -28 -209
v 7 -28 -209
v 7 -27 -209
v 7 -26 -209
v 7 -25 -209
v 7 -24 -209
v 7 -23 -209
v 8 -23 -209
v 9 -23 -209
v 10 -23 -209
v 11 -23 -209
v 12 -23 -209
v 12 -24 -209
v 12 -26 -210
v 12 -25 -210
v 12 -27 -210
v 12 -28 -210
v 11 -28 -210
v 10 -28 -210
v 9 -28 -210
v 8 -28 -210
v 7 -28 -210
v 7 -27 -210
v 7 -26 -210
v 7 -25 -210
v 7 -24 -210
v 7 -23 -210
v 8 -23 -210
v 9 -23 -210
v 10 -23 -210
v 11 -23 -210
v 12 -23 -210
v 12 -24 -210
v 12 -26 -211
v 12 -25 -211
v 12 -27 -211
v 12 -28 -211
v 11 -28 -211
v 10 -28 -211
v 9 -28 -211
v 8 -28 -211
v 7 -28 -211
v 7 -27 -211
v 7 -26 -211
v 7 -25 -211
v 7 -24 -211
v 7 -23 -211
v 8 -23 -211
v 9 -23 -211
v 10 -23 -211
v 11 -23 -211
v 12 -23 -211
v 12 -24 -211
v 12 -26 -212
v 12 -25 -212
v 12 -27 -212
v 12 -28 -212
v 11 -28 -212
v 10 -28 -212
v 9 -28 -212
v 8 -28 -212
v 7 -28 -212
v 7 -27 -212
v 7 -26 -212
v 7 -25 -212
v 7 -24 -212
v 7 -23 -212
v 8 -23 -212
v 9 -23 -212
v 10 -23 -212
v 11 -23 -212
v 12 -23 -212
v 12 -24 -212
v 12 -26 -213
v 12 -25 -213
v 12 -27 -213
v 12 -28 -213
v 11 -28 -213
v 10 -28 -213
v 9 -28 -213
v 8 -28 -213
v 7 -28 -213
v 7 -27 -213
v 7 -26 -213
v 7 -25 -213
v 7 -24 -213
v 7 -23 -213
v 8 -23 -213
v 9 -23 -213
v 10 -23 -213
v 11 -23 -213
v 12 -23 -213
v 12 -24 -213
v 12 -26 -214
v 12 -25 -214
v 12 -27 -214
v 12 -28 -214
v 11 -28 -214
v 10 -28 -214
v 9 -28 -214
v 8 -28 -214
v 7 -28 -214
v 7 -27 -214
v 7 -26 -214
v 7 -25 -214
v 7 -24 -214
v 7 -23 -214
v 8 -23 -214
v 9 -23 -214
v 10 -23 -214
v 11 -23 -214
v 12 -23 -214
v 12 -24 -214
v 12 -26 -215
v 12 -25 -215
v 12 -27 -215
v 12 -28 -215
v 11 -28 -215
v 10 -28 -215
v 9 -28 -215
v 8 -28 -215
v 7 -28 -215
v 7 -27 -215
v 7 -26 -215
v 7 -25 -215
v 7 -24 -215
v 7 -23 -215
v 8 -23 -215
v 9 -23 -215
v 10 -23 -215
v 11 -23 -215
v 12 -23 -215
v 12 -24 -215
v 12 -26 -216
v 12 -25 -216
v 12 -27 -216
v 12 -28 -216
v 11 -28 -216
v 10 -28 -216
v 9 -28 -216
v 8 -28 -216
v 7 -28 -216
v 7 -27 -216
v 7 -26 -216
v 7 -25 -216
v 7 -24 -216
v 7 -23 -216
v 8 -23 -216
v 9 -23 -216
v 10 -23 -216
v 11 -23 -216
v 12 -23 -216
v 12 -24 -216
v 12 -26 -217
v 12 -25 -217
v 12 -27 -217
v 12 -28 -217
v 11 -28 -217
v 10 -28 -217
v 9 -28 -217
v 8 -28 -217
v 7 -28 -217
v 7 -27 -217
v 7 -26 -217
v 7 -25 -217
v 7 -24 -217
v 7 -23 -217
v 8 -23 -217
v 9 -23 -217
v 10 -23 -217
v 11 -23 -217
v 12 -23 -217
v 12 -24 -217
v 12 -26 -218
v 12 -25 -218
v 12 -27 -218
v 12 -28 -218
v 11 -28 -218
v 10 -28 -218
v 9 -28 -218
v 8 -28 -218
v 7 -28 -218
v 7 -27 -218
v 7 -26 -218
v 7 -25 -218
v 7 -24 -218
v 7 -23 -218
v 8 -23 -218
v 9 -23 -218
v 10 -23 -218
v 11 -23 -218
v 12 -23 -218
v 12 -24 -218
v 12 -26 -219
v 12 -25 -219
v 12 -27 -219
v 12 -28 -219
v 11 -28 -219
v 10 -28 -219
v 9 -28 -219
v 8 -28 -219
v 7 -28 -219
v 7 -27 -219
v 7 -26 -219
v 7 -25 -219
v 7 -24 -219
v 7 -23 -219
v 8 -23 -219
v 9 -23 -219
v 10 -23 -219
v 11 -23 -219
v 12 -23 -219
v 12 -24 -219
v 12 -26 -220
v 12 -25 -220
v 12 -27 -220
v 12 -28 -220
v 11 -28 -220
v 10 -28 -220
v 9 -28 -220
v 8 -28 -220
v 7 -28 -220
v 7 -27 -220
v 7 -26 -220
v 7 -25 -220
v 7 -24 -220
v 7 -23 -220
v 8 -23 -220
v 9 -23 -220
v 10 -23 -220
v 11 -23 -220
v 12 -23 -220
v 12 -24 -220
v 12 -26 -221
v 12 -25 -221
v 12 -27 -221
v 12 -28 -221
v 11 -28 -221
v 10 -28 -221
v 9 -28 -221
v 8 -28 -221
v 7 -28 -221
v 7 -27 -221
v 7 -26 -221
v 7 -25 -221
v 7 -24 -221
v 7 -23 -221
v 8 -23 -221
v 9 -23 -221
v 10 -23 -221
v 11 -23 -221
v 12 -23 -221
v 12 -24 -221
v 12 -26 -222
v 12 -25 -222
v 12 -27 -222
v 12 -28 -222
v 11 -28 -222
v 10 -28 -222
v 9 -28 -222
v 8 -28 -222
v 7 -28 -222
v 7 -27 -222
v 7 -26 -222
v 7 -25 -222
v 7 -24 -222
v 7 -23 -222
v 8 -23 -222
v 9 -23 -222
v 10 -23 -222
v 11 -23 -222
v 12 -23 -222
v 12 -24 -222
v 12 -26 -223
v 12 -25 -223
v 12 -27 -223
v 12 -28 -223
v 11 -28 -223
v 10 -28 -223
v 9 -28 -223
v 8 -28 -223
v 7 -28 -223
v 7 -27 -223
v 7 -26 -223
v 7 -25 -223
v 7 -24 -223
v 7 -23 -223
v 8 -23 -223
v 9 -23 -223
v 10 -23 -223
v 11 -23 -223
v 12 -23 -223
v 12 -24 -223
v 12 -26 -224
v 12 -25 -224
v 12 -27 -224
v 12 -28 -224
v 11 -28 -224
v 10 -28 -224
v 9 -28 -224
v 8 -28 -224
v 7 -28 -224
v 7 -27 -224
v 7 -26 -224
v 7 -25 -224
v 7 -24 -224
v 7 -23 -224
v 8 -23 -224
v 9 -23 -224
v 10 -23 -224
v 11 -23 -224
v 12 -23 -224
v 12 -24 -224
v 12 -26 -225
v 12 -25 -225
v 12 -27 -225
v 12 -28 -225
v 11 -28 -225
v 10 -28 -225
v 9 -28 -225
v 8 -28 -225
v 7 -28 -225
v 7 -27 -225
v 7 -26 -225
v 7 -25 -225
v 7 -24 -225
v 7 -23 -225
v 8 -23 -225
v 9 -23 -225
v 10 -23 -225
v 11 -23 -225
v 12 -23 -225
v 12 -24 -225
v 12 -26 -226
v 12 -25 -226
v 12 -27 -226
v 12 -28 -226
v 11 -28 -226
v 10 -28 -226
v 9 -28 -226
v 8 -28 -226
v 7 -28 -226
v 7 -27 -226
v 7 -26 -226
v 7 -25 -226
v 7 -24 -226
v 7 -23 -226
v 8 -23 -226
v 9 -23 -226
v 10 -23 -226
v 11 -23 -226
v 12 -23 -226
v 12 -24 -226
v 12 -26 -227
v 12 -25 -227
v 12 -27 -227
v 12 -28 -227
v 11 -28 -227
v 10 -28 -227
v 9 -28 -227
v 8 -28 -227
v 7 -28 -227
v 7 -27 -227
v 7 -26 -227
v 7 -25 -227
v 7 -24 -227
v 7 -23 -227
v 8 -23 -227
v 9 -23 -227
v 10 -23 -227
v 11 -23 -227
v 12 -23 -227
v 12 -24 -227
v 12 -26 -228
v 12 -25 -228
v 12 -27 -228
v 12 -28 -228
v 11 -28 -228
v 10 -28 -228
v 9 -28 -228
v 8 -28 -228
v 7 -28 -228
v 7 -27 -228
v 7 -26 -228
v 7 -25 -228
v 7 -24 -228
v 7 -23 -228
v 8 -23 -228
v 9 -23 -228
v 10 -23 -228
v 11 -23 -228
v 12 -23 -228
v 12 -24 -228
v 12 -26 -229
v 12 -25 -229
v 12 -27 -229
v 12 -28 -229
v 11 -28 -229
v 10 -28 -229
v 9 -28 -229
v 8 -28 -229
v 7 -28 -229
v 7 -27 -229
v 7 -26 -229
v 7 -25 -229
v 7 -24 -229
v 7 -23 -229
v 8 -23 -229
v 9 -23 -229
v 10 -23 -229
v 11 -23 -229
v 12 -23 -229
v 12 -24 -229
v 12 -26 -230
v 12 -25 -230
v 12 -27 -230
v 12 -28 -230
v 11 -28 -230
v 10 -28 -230
v 9 -28 -230
v 8 -28 -230
v 7 -28 -230
v 7 -27 -230
v 7 -26 -230
v 7 -25 -230
v 7 -24 -230
v 7 -23 -230
v 8 -23 -230
v 9 -23 -230
v 10 -23 -230
v 11 -23 -230
v 12 -23 -230
v 12 -24 -230
v 12 -26 -231
v 12 -25 -231
v 12 -27 -231
v 12 -28 -231
v 11 -28 -231
v 10 -28 -231
v 9 -28 -231
v 8 -28 -231
v 7 -28 -231
v 7 -27 -231
v 7 -26 -231
v 7 -25 -231
v 7 -24 -231
v 7 -23 -231
v 8 -23 -231
v 9 -23 -231
v 10 -23 -231
v 11 -23 -231
v 12 -23 -231
v 12 -24 -231
v 12 -26 -232
v 12 -25 -232
v 12 -27 -232
v 12 -28 -232
v 11 -28 -232
v 10 -28 -232
v 9 -28 -232
v 8 -28 -232
v 7 -28 -232
v 7 -27 -232
v 7 -26 -232
v 7 -25 -232
v 7 -24 -232
v 7 -23 -232
v 8 -23 -232
v 9 -23 -232
v 10 -23 -232
v 11 -23 -232
v 12 -23 -232
v 12 -24 -232
v 12 -26 -233
v 12 -25 -233
v 12 -27 -233
v 12 -28 -233
v 11 -28 -233
v 10 -28 -233
v 9 -28 -233
v 8 -28 -233
v 7 -28 -233
v 7 -27 -233
v 7 -26 -233
v 7 -25 -233
v 7 -24 -233
v 7 -23 -233
v 8 -23 -233
v 9 -23 -233
v 10 -23 -233
v 11 -23 -233
v 12 -23 -233
v 12 -24 -233
v 12 -26 -234
v 12 -25 -234
v 12 -27 -234
v 12 -28 -234
v 11 -28 -234
v 10 -28 -234
v 9 -28 -234
v 8 -28 -234
v 7 -28 -234
v 7 -27 -234
v 7 -26 -234
v 7 -25 -234
v 7 -24 -234
v 7 -23 -234
v 8 -23 -234
v 9 -23 -234
v 10 -23 -234
v 11 -23 -234
v 12 -23 -234
v 12 -24 -234
v 12 -26 -235
v 12 -25 -235
v 12 -27 -235
v 12 -28 -235
v 11 -28 -235
v 10 -28 -235
v 9 -28 -235
v 8 -28 -235
v 7 -28 -235
v 7 -27 -235
v 7 -26 -235
v 7 -25 -235
v 7 -24 -235
v 7 -23 -235
v 8 -23 -235
v 9 -23 -235
v 10 -23 -235
v 11 -23 -235
v 12 -23 -235
v 12 -24 -235
v 12 -26 -236
v 12 -25 -236
v 12 -27 -236
v 12 -28 -236
v 11 -28 -236
v 10 -28 -236
v 9 -28 -236
v 8 -28 -236
v 7 -28 -236
v 7 -27 -236
v 7 -26 -236
v 7 -25 -236
v 7 -24 -236
v 7 -23 -236
v 8 -23 -236
v 9 -23 -236
v 10 -23 -236
v 11 -23 -236
v 12 -23 -236
v 12 -24 -236
v 12 -26 -237
v 12 -25 -237
v 12 -27 -237
v 12 -28 -237
v 11 -28 -237
v 10 -28 -237
v 9 -28 -237
v 8 -28 -237
v 7 -28 -237
v 7 -27 -237
v 7 -26 -237
v 7 -25 -237
v 7 -24 -237
v 7 -23 -237
v 8 -23 -237
v 9 -23 -237
v 10 -23 -237
v 11 -23 -237
v 12 -23 -237
v 12 -24 -237
v 12 -26 -238
v 12 -25 -238
v 12 -27 -238
v 12 -28 -238
v 11 -28 -238
v 10 -28 -238
v 9 -28 -238
v 8 -28 -238
v 7 -28 -238
v 7 -27 -238
v 7 -26 -238
v 7 -25 -238
v 7 -24 -238
v 7 -23 -238
v 8 -23 -238
v 9 -23 -238
v 10 -23 -238
v 11 -23 -238
v 12 -23 -238
v 12 -24 -238
v 12 -26 -239
v 12 -25 -239
v 12 -27 -239
v 12 -28 -239
v 11 -28 -239
v 10 -28 -239
v 9 -28 -239
v 8 -28 -239
v 7 -28 -239
v 7 -27 -239
v 7 -26 -239
v 7 -25 -239
v 7 -24 -239
v 7 -23 -239
v 8 -23 -239
v 9 -23 -239
v 10 -23 -239
v 11 -23 -239
v 12 -23 -239
v 12 -24 -239
v 12 -26 -240
v 12 -25 -240
v 12 -27 -240
v 12 -28 -240
v 11 -28 -240
v 10 -28 -240
v 9 -28 -240
v 8 -28 -240
v 7 -28 -240
v 7 -27 -240
v 7 -26 -240
v 7 -25 -240
v 7 -24 -240
v 7 -23 -240
v 8 -23 -240
v 9 -23 -240
v 10 -23 -240
v 11 -23 -240
v 12 -23 -240
v 12 -24 -240
v 12 -26 -241
v 12 -25 -241
v 12 -27 -241
v 12 -28 -241
v 11 -28 -241
v 10 -28 -241
v 9 -28 -241
v 8 -28 -241
v 7 -28 -241
v 7 -27 -241
v 7 -26 -241
v 7 -25 -241
v 7 -24 -241
v 7 -23 -241
v 8 -23 -241
v 9 -23 -241
v 10 -23 -241
v 11 -23 -241
v 12 -23 -241
v 12 -24 -241
v 12 -26 -242
v 12 -25 -242
v 12 -27 -242
v 12 -28 -242
v 11 -28 -242
v 10 -28 -242
v 9 -28 -242
v 8 -28 -242
v 7 -28 -242
v 7 -27 -242
v 7 -26 -242
v 7 -25 -242
v 7 -24 -242
v 7 -23 -242
v 8 -23 -242
v 9 -23 -242
v 10 -23 -242
v 11 -23 -242
v 12 -23 -242
v 12 -24 -242
v 12 -26 -243
v 12 -25 -243
v 12 -27 -243
v 12 -28 -243
v 11 -28 -243
v 10 -28 -243
v 9 -28 -243
v 8 -28 -243
v 7 -28 -243
v 7 -27 -243
v 7 -26 -243
v 7 -25 -243
v 7 -24 -243
v 7 -23 -243
v 8 -23 -243
v 9 -23 -243
v 10 -23 -243
v 11 -23 -243
v 12 -23 -243
v 12 -24 -243
v 12 -26 -244
v 12 -25 -244
v 12 -27 -244
v 12 -28 -244
v 11 -28 -244
v 10 -28 -244
v 9 -28 -244
v 8 -28 -244
v 7 -28 -244
v 7 -27 -244
v 7 -26 -244
v 7 -25 -244
v 7 -24 -244
v 7 -23 -244
v 8 -23 -244
v 9 -23 -244
v 10 -23 -244
v 11 -23 -244
v 12 -23 -244
v 12 -24 -244
v 12 -26 -245
v 12 -25 -245
v 12 -27 -245
v 12 -28 -245
v 11 -28 -245
v 10 -28 -245
v 9 -28 -245
v 8 -28 -245
v 7 -28 -245
v 7 -27 -245
v 7 -26 -245
v 7 -25 -245
v 7 -24 -245
v 7 -23 -245
v 8 -23 -245
v 9 -23 -245
v 10 -23 -245
v 11 -23 -245
v 12 -23 -245
v 12 -24 -245
v 12 -26 -246
v 12 -25 -246
v 12 -27 -246
v 12 -28 -246
v 11 -28 -246
v 10 -28 -246
v 9 -28 -246
v 8 -28 -246
v 7 -28 -246
v 7 -27 -246
v 7 -26 -246
v 7 -25 -246
v 7 -24 -246
v 7 -23 -246
v 8 -23 -246
v 9 -23 -246
v 10 -23 -246
v 11 -23 -246
v 12 -23 -246
v 12 -24 -246
v 12 -26 -247
v 12 -25 -247
v 12 -27 -247
v 12 -28 -247
v 11 -28 -247
v 10 -28 -247
v 9 -28 -247
v 8 -28 -247
v 7 -28 -247
v 7 -27 -247
v 7 -26 -247
v 7 -25 -247
v 7 -24 -247
v 7 -23 -247
v 8 -23 -247
v 9 -23 -247
v 10 -23 -247
v 11 -23 -247
v 12 -23 -247
v 12 -24 -247
v 12 -26 -248
v 12 -25 -248
v 12 -27 -248
v 12 -28 -248
v 11 -28 -248
v 10 -28 -248
v 9 -28 -248
v 8 -28 -248
v 7 -28 -248
v 7 -27 -248
v 7 -26 -248
v 7 -25 -248
v 7 -24 -248
v 7 -23 -248
v 8 -23 -248
v 9 -23 -248
v 10 -23 -248
v 11 -23 -248
v 12 -23 -248
v 12 -24 -248
v 12 -26 -249
v 12 -25 -249
v 12 -27 -249
v 12 -28 -249
v 11 -28 -249
v 10 -28 -249
v 9 -28 -249
v 8 -28 -249
v 7 -28 -249
v 7 -27 -249
v 7 -26 -249
v 7 -25 -249
v 7 -24 -249
v 7 -23 -249
v 8 -23 -249
v 9 -23 -249
v 10 -23 -249
v 11 -23 -249
v 12 -23 -249
v 12 -24 -249
v 12 -26 -250
v 12 -25 -250
v 12 -27 -250
v 12 -28 -250
v 11 -28 -250
v 10 -28 -250
v 9 -28 -250
v 8 -28 -250
v 7 -28 -250
v 7 -27 -250
v 7 -26 -250
v 7 -25 -250
v 7 -24 -250
v 7 -23 -250
v 8 -23 -250
v 9 -23 -250
v 10 -23 -250
v 11 -23 -250
v 12 -23 -250
v 12 -24 -250
v 12 -26 -251
v 12 -25 -251
v 12 -27 -251
v 12 -28 -251
v 11 -28 -251
v 10 -28 -251
v 9 -28 -251
v 8 -28 -251
v 7 -28 -251
v 7 -27 -251
v 7 -26 -251
v 7 -25 -251
v 7 -24 -251
v 7 -23 -251
v 8 -23 -251
v 9 -23 -251
v 10 -23 -251
v 11 -23 -251
v 12 -23 -251
v 12 -24 -251
v 12 -26 -252
v 12 -25 -252
v 12 -27 -252
v 12 -28 -252
v 11 -28 -252
v 10 -28 -252
v 9 -28 -252
v 8 -28 -252
v 7 -28 -252
v 7 -27 -252
v 7 -26 -252
v 7 -25 -252
v 7 -24 -252
v 7 -23 -252
v 8 -23 -252
v 9 -23 -252
v 10 -23 -252
v 11 -23 -252
v 12 -23 -252
v 12 -24 -252
v 12 -26 -253
v 12 -25 -253
v 12 -27 -253
v 12 -28 -253
v 11 -28 -253
v 10 -28 -253
v 9 -28 -253
v 8 -28 -253
v 7 -28 -253
v 7 -27 -253
v 7 -26 -253
v 7 -25 -253
v 7 -24 -253
v 7 -23 -253
v 8 -23 -253
v 9 -23 -253
v 10 -23 -253
v 11 -23 -253
v 12 -23 -253
v 12 -24 -253
v 12 -26 -254
v 12 -25 -254
v 12 -27 -254
v 12 -28 -254
v 11 -28 -254
v 10 -28 -254
v 9 -28 -254
v 8 -28 -254
v 7 -28 -254
v 7 -27 -254
v 7 -26 -254
v 7 -25 -254
v 7 -24 -254
v 7 -23 -254
v 8 -23 -254
v 9 -23 -254
v 10 -23 -254
v 11 -23 -254
v 12 -23 -254
v 12 -24 -254
v 12 -26 -255
v 12 -25 -255
v 12 -27 -255
v 12 -28 -255
v 11 -28 -255
v 10 -28 -255
v 9 -28 -255
v 8 -28 -255
v 7 -28 -255
v 7 -27 -255
v 7 -26 -255
v 7 -25 -255
v 7 -24 -255
v 7 -23 -255
v 8 -23 -255
v 9 -23 -255
v 10 -23 -255
v 11 -23 -255
v 12 -23 -255
v 12 -24 -255
v 12 -26 -256
v 12 -25 -256
v 12 -27 -256
v 12 -28 -256
v 11 -28 -256
v 10 -28 -256
v 9 -28 -256
v 8 -28 -256
v 7 -28 -256
v 7 -27 -256
v 7 -26 -256
v 7 -25 -256
v 7 -24 -256
v 7 -23 -256
v 8 -23 -256
v 9 -23 -256
v 10 -23 -256
v 11 -23 -256
v 12 -23 -256
v 12 -24 -256
v 12 -26 -257
v 12 -25 -257
v 12 -27 -257
v 12 -28 -257
v 11 -28 -257
v 10 -28 -257
v 9 -28 -257
v 8 -28 -257
v 7 -28 -257
v 7 -27 -257
v 7 -26 -257
v 7 -25 -257
v 7 -24 -257
v 7 -23 -257
v 8 -23 -257
v 9 -23 -257
v 10 -23 -257
v 11 -23 -257
v 12 -23 -257
v 12 -24 -257
v 12 -26 -258
v 12 -25 -258
v 12 -27 -258
v 12 -28 -258
v 11 -28 -258
v 10 -28 -258
v 9 -28 -258
v 8 -28 -258
v 7 -28 -258
v 7 -27 -258
v 7 -26 -258
v 7 -25 -258
v 7 -24 -258
v 7 -23 -258
v 8 -23 -258
v 9 -23 -258
v 10 -23 -258
v 11 -23 -258
v 12 -23 -258
v 12 -24 -258
v 12 -26 -259
v 12 -25 -259
v 12 -27 -259
v 12 -28 -259
v 11 -28 -259
v 10 -28 -259
v 9 -28 -259
v 8 -28 -259
v 7 -28 -259
v 7 -27 -259
v 7 -26 -259
v 7 -25 -259
v 7 -24 -259
v 7 -23 -259
v 8 -23 -259
v 9 -23 -259
v 10 -23 -259
v 11 -23 -259
v 12 -23 -259
v 12 -24 -259
v 12 -26 -260
v 12 -25 -260
v 12 -27 -260
v 12 -28 -260
v 11 -28 -260
v 10 -28 -260
v 9 -28 -260
v 8 -28 -260
v 7 -28 -260
v 7 -27 -260
v 7 -26 -260
v 7 -25 -260
v 7 -24 -260
v 7 -23 -260
v 8 -23 -260
v 9 -23 -260
v 10 -23 -260
v 11 -23 -260
v 12 -23 -260
v 12 -24 -260
v 12 -26 -261
v 12 -25 -261
v 12 -27 -261
v 12 -28 -261
v 11 -28 -261
v 10 -28 -261
v 9 -28 -261
v 8 -28 -261
v 7 -28 -261
v 7 -27 -261
v 7 -26 -261
v 7 -25 -261
v 7 -24 -261
v 7 -23 -261
v 8 -23 -261
v 9 -23 -261
v 10 -23 -261
v 11 -23 -261
v 12 -23 -261
v 12 -24 -261
v 12 -26 -262
v 12 -25 -262
v 12 -27 -262
v 12 -28 -262
v 11 -28 -262
v 10 -28 -262
v 9 -28 -262
v 8 -28 -262
v 7 -28 -262
v 7 -27 -262
v 7 -26 -262
v 7 -25 -262
v 7 -24 -262
v 7 -23 -262
v 8 -23 -262
v 9 -23 -262
v 10 -23 -262
v 11 -23 -262
v 12 -23 -262
v 12 -24 -262
v 12 -26 -263
v 12 -25 -263
v 12 -27 -263
v 12 -28 -263
v 11 -28 -263
v 10 -28 -263
v 9 -28 -263
v 8 -28 -263
v 7 -28 -263
v 7 -27 -263
v 7 -26 -263
v 7 -25 -263
v 7 -24 -263
v 7 -23 -263
v 8 -23 -263
v 9 -23 -263
v 10 -23 -263
v 11 -23 -263
v 12 -23 -263
v 12 -24 -263
v 12 -26 -264
v 12 -25 -264
v 12 -27 -264
v 12 -28 -264
v 11 -28 -264
v 10 -28 -264
v 9 -28 -264
v 8 -28 -264
v 7 -28 -264
v 7 -27 -264
v 7 -26 -264
v 7 -25 -264
v 7 -24 -264
v 7 -23 -264
v 8 -23 -264
v 9 -23 -264
v 10 -23 -264
v 11 -23 -264
v 12 -23 -264
v 12 -24 -264
v 12 -26 -265
v 12 -25 -265
v 12 -27 -265
v 12 -28 -265
v 11 -28 -265
v 10 -28 -265
v 9 -28 -265
v 8 -28 -265
v 7 -28 -265
v 7 -27 -265
v 7 -26 -265
v 7 -25 -265
v 7 -24 -265
v 7 -23 -265
v 8 -23 -265
v 9 -23 -265
v 10 -23 -265
v 11 -23 -265
v 12 -23 -265
v 12 -24 -265
v 12 -26 -266
v 12 -25 -266
v 12 -27 -266
v 12 -28 -266
v 11 -28 -266
v 10 -28 -266
v 9 -28 -266
v 8 -28 -266
v 7 -28 -266
v 7 -27 -266
v 7 -26 -266
v 7 -25 -266
v 7 -24 -266
v 7 -23 -266
v 8 -23 -266
v 9 -23 -266
v 10 -23 -266
v 11 -23 -266
v 12 -23 -266
v 12 -24 -266
v 12 -26 -267
v 12 -25 -267
v 12 -27 -267
v 12 -28 -267
v 11 -28 -267
v 10 -28 -267
v 9 -28 -267
v 8 -28 -267
v 7 -28 -267
v 7 -27 -267
v 7 -26 -267
v 7 -25 -267
v 7 -24 -267
v 7 -23 -267
v 8 -23 -267
v 9 -23 -267
v 10 -23 -267
v 11 -23 -267
v 12 -23 -267
v 12 -24 -267
v 12 -26 -268
v 12 -25 -268
v 12 -27 -268
v 12 -28 -268
v 11 -28 -268
v 10 -28 -268
v 9 -28 -268
v 8 -28 -268
v 7 -28 -268
v 7 -27 -268
v 7 -26 -268
v 7 -25 -268
v 7 -24 -268
v 7 -23 -268
v 8 -23 -268
v 9 -23 -268
v 10 -23 -268
v 11 -23 -268
v 12 -23 -268
v 12 -24 -268
v 12 -26 -269
v 12 -25 -269
v 12 -27 -269
v 12 -28 -269
v 11 -28 -269
v 10 -28 -269
v 9 -28 -269
v 8 -28 -269
v 7 -28 -269
v 7 -27 -269
v 7 -26 -269
v 7 -25 -269
v 7 -24 -269
v 7 -23 -269
v 8 -23 -269
v 9 -23 -269
v 10 -23 -269
v 11 -23 -269
v 12 -23 -269
v 12 -24 -269
v 12 -26 -270
v 12 -25 -270
v 12 -27 -270
v 12 -28 -270
v 11 -28 -270
v 10 -28 -270
v 9 -28 -270
v 8 -28 -270
v 7 -28 -270
v 7 -27 -270
v 7 -26 -270
v 7 -25 -270
v 7 -24 -270
v 7 -23 -270
v 8 -23 -270
v 9 -23 -270
v 10 -23 -270
v 11 -23 -270
v 12 -23 -270
v 12 -24 -270
v 12 -26 -271
v 12 -25 -271
v 12 -27 -271
v 12 -28 -271
v 11 -28 -271
v 10 -28 -271
v 9 -28 -271
v 8 -28 -271
v 7 -28 -271
v 7 -27 -271
v 7 -26 -271
v 7 -25 -271
v 7 -24 -271
v 7 -23 -271
v 8 -23 -271
v 9 -23 -271
v 10 -23 -271
v 11 -23 -271
v 12 -23 -271
v 12 -24 -271
v 12 -26 -272
v 12 -25 -272
v 12 -27 -272
v 12 -28 -272
v 11 -28 -272
v 10 -28 -272
v 9 -28 -272
v 8 -28 -272
v 7 -28 -272
v 7 -27 -272
v 7 -26 -272
v 7 -25 -272
v 7 -24 -272
v 7 -23 -272
v 8 -23 -272
v 9 -23 -272
v 10 -23 -272
v 11 -23 -272
v 12 -23 -272
v 12 -24 -272
v 12 -26 -273
v 12 -25 -273
v 12 -27 -273
v 12 -28 -273
v 11 -28 -273
v 10 -28 -273
v 9 -28 -273
v 8 -28 -273
v 7 -28 -273
v 7 -27 -273
v 7 -26 -273
v 7 -25 -273
v 7 -24 -273
v 7 -23 -273
v 8 -23 -273
v 9 -23 -273
v 10 -23 -273
v 11 -23 -273
v 12 -23 -273
v 12 -24 -273
v 12 -26 -274
v 12 -25 -274
v 12 -27 -274
v 12 -28 -274
v 11 -28 -274
v 10 -28 -274
v 9 -28 -274
v 8 -28 -274
v 7 -28 -274
v 7 -27 -274
v 7 -26 -274
v 7 -25 -274
v 7 -24 -274
v 7 -23 -274
v 8 -23 -274
v 9 -23 -274
v 10 -23 -274
v 11 -23 -274
v 12 -23 -274
v 12 -24 -274
v 12 -26 -275
v 12 -25 -275
v 12 -27 -275
v 12 -28 -275
v 11 -28 -275
v 10 -28 -275
v 9 -28 -275
v 8 -28 -275
v 7 -28 -275
v 7 -27 -275
v 7 -26 -275
v 7 -25 -275
v 7 -24 -275
v 7 -23 -275
v 8 -23 -275
v 9 -23 -275
v 10 -23 -275
v 11 -23 -275
v 12 -23 -275
v 12 -24 -275
v 12 -26 -276
v 12 -25 -276
v 12 -27 -276
v 12 -28 -276
v 11 -28 -276
v 10 -28 -276
v 9 -28 -276
v 8 -28 -276
v 7 -28 -276
v 7 -27 -276
v 7 -26 -276
v 7 -25 -276
v 7 -24 -276
v 7 -23 -276
v 8 -23 -276
v 9 -23 -276
v 10 -23 -276
v 11 -23 -276
v 12 -23 -276
v 12 -24 -276
v 12 -26 -277
v 12 -25 -277
v 12 -27 -277
v 12 -28 -277
v 11 -28 -277
v 10 -28 -277
v 9 -28 -277
v 8 -28 -277
v 7 -28 -277
v 7 -27 -277
v 7 -26 -277
v 7 -25 -277
v 7 -24 -277
v 7 -23 -277
v 8 -23 -277
v 9 -23 -277
v 10 -23 -277
v 11 -23 -277
v 12 -23 -277
v 12 -24 -277
v 12 -26 -278
v 12 -25 -278
v 12 -27 -278
v 12 -28 -278
v 11 -28 -278
v 10 -28 -278
v 9 -28 -278
v 8 -28 -278
v 7 -28 -278
v 7 -27 -278
v 7 -26 -278
v 7 -25 -278
v 7 -24 -278
v 7 -23 -278
v 8 -23 -278
v 9 -23 -278
v 10 -23 -278
v 11 -23 -278
v 12 -23 -278
v 12 -24 -278
v 12 -26 -279
v 12 -25 -279
v 12 -27 -279
v 12 -28 -279
v 11 -28 -279
v 10 -28 -279
v 9 -28 -279
v 8 -28 -279
v 7 -28 -279
v 7 -27 -279
v 7 -26 -279
v 7 -25 -279
v 7 -24 -279
v 7 -23 -279
v 8 -23 -279
v 9 -23 -279
v 10 -23 -279
v 11 -23 -279
v 12 -23 -279
v 12 -24 -279
v 12 -26 -280
v 12 -25 -280
v 12 -27 -280
v 12 -28 -280
v 11 -28 -280
v 10 -28 -280
v 9 -28 -280
v 8 -28 -280
v 7 -28 -280
v 7 -27 -280
v 7 -26 -280
v 7 -25 -280
v 7 -24 -280
v 7 -23 -280
v 8 -23 -280
v 9 -23 -280
v 10 -23 -280
v 11 -23 -280
v 12 -23 -280
v 12 -24 -280
v 12 -26 -281
v 12 -25 -281
v 12 -27 -281
v 12 -28 -281
v 11 -28 -281
v 10 -28 -281
v 9 -28 -281
v 8 -28 -281
v 7 -28 -281
v 7 -27 -281
v 7 -26 -281
v 7 -25 -281
v 7 -24 -281
v 7 -23 -281
v 8 -23 -281
v 9 -23 -281
v 10 -23 -281
v 11 -23 -281
v 12 -23 -281
v 12 -24 -281
v 12 -26 -57
v 12 -25 -57
v 12 -27 -57
v 12 -28 -57
v 11 -28 -57
v 10 -28 -57
v 9 -28 -57
v 8 -28 -57
v 7 -28 -57
v 7 -27 -57
v 7 -26 -57
v 7 -25 -57
v 7 -24 -57
v 7 -23 -57
v 8 -23 -57
v 9 -23 -57
v 10 -23 -57
v 11 -23 -57
v 12 -23 -57
v 12 -24 -57
v 12 -26 -58
v 12 -25 -58
v 12 -27 -58
v 12 -28 -58
v 11 -28 -58
v 10 -28 -58
v 9 -28 -58
v 8 -28 -58
v 7 -28 -58
v 7 -27 -58
v 7 -26 -58
v 7 -25 -58
v 7 -24 -58
v 7 -23 -58
v 8 -23 -58
v 9 -23 -58
v 10 -23 -58
v 11 -23 -58
v 12 -23 -58
v 12 -24 -58
v 12 -26 -59
v 12 -25 -59
v 12 -27 -59
v 12 -28 -59
v 11 -28 -59
v 10 -28 -59
v 9 -28 -59
v 8 -28 -59
v 7 -28 -59
v 7 -27 -59
v 7 -26 -59
v 7 -25 -59
v 7 -24 -59
v 7 -23 -59
v 8 -23 -59
v 9 -23 -59
v 10 -23 -59
v 11 -23 -59
v 12 -23 -59
v 12 -24 -59
v 12 -26 -60
v 12 -25 -60
v 12 -27 -60
v 12 -28 -60
v 11 -28 -60
v 10 -28 -60
v 9 -28 -60
v 8 -28 -60
v 7 -28 -60
v 7 -27 -60
v 7 -26 -60
v 7 -25 -60
v 7 -24 -60
v 7 -23 -60
v 8 -23 -60
v 9 -23 -60
v 10 -23 -60
v 11 -23 -60
v 12 -23 -60
v 12 -24 -60
v 12 -26 -61
v 12 -25 -61
v 12 -27 -61
v 12 -28 -61
v 11 -28 -61
v 10 -28 -61
v 9 -28 -61
v 8 -28 -61
v 7 -28 -61
v 7 -27 -61
v 7 -26 -61
v 7 -25 -61
v 7 -24 -61
v 7 -23 -61
v 8 -23 -61
v 9 -23 -61
v 10 -23 -61
v 11 -23 -61
v 12 -23 -61
v 12 -24 -61
v 12 -26 -62
v 12 -25 -62
v 12 -27 -62
v 12 -28 -62
v 11 -28 -62
v 10 -28 -62
v 9 -28 -62
v 8 -28 -62
v 7 -28 -62
v 7 -27 -62
v 7 -26 -62
v 7 -25 -62
v 7 -24 -62
v 7 -23 -62
v 8 -23 -62
v 9 -23 -62
v 10 -23 -62
v 11 -23 -62
v 12 -23 -62
v 12 -24 -62
v 12 -26 -63
v 12 -25 -63
v 12 -27 -63
v 12 -28 -63
v 11 -28 -63
v 10 -28 -63
v 9 -28 -63
v 8 -28 -63
v 7 -28 -63
v 7 -27 -63
v 7 -26 -63
v 7 -25 -63
v 7 -24 -63
v 7 -23 -63
v 8 -23 -63
v 9 -23 -63
v 10 -23 -63
v 11 -23 -63
v 12 -23 -63
v 12 -24 -63
v 12 -26 -64
v 12 -25 -64
v 12 -27 -64
v 12 -28 -64
v 11 -28 -64
v 10 -28 -64
v 9 -28 -64
v 8 -28 -64
v 7 -28 -64
v 7 -27 -64
v 7 -26 -64
v 7 -25 -64
v 7 -24 -64
v 7 -23 -64
v 8 -23 -64
v 9 -23 -64
v 10 -23 -64
v 11 -23 -64
v 12 -23 -64
v 12 -24 -64
v 12 -26 -65
v 12 -25 -65
v 12 -27 -65
v 12 -28 -65
v 11 -28 -65
v 10 -28 -65
v 9 -28 -65
v 8 -28 -65
v 7 -28 -65
v 7 -27 -65
v 7 -26 -65
v 7 -25 -65
v 7 -24 -65
v 7 -23 -65
v 8 -23 -65
v 9 -23 -65
v 10 -23 -65
v 11 -23 -65
v 12 -23 -65
v 12 -24 -65
v 12 -26 -66
v 12 -25 -66
v 12 -27 -66
v 12 -28 -66
v 11 -28 -66
v 10 -28 -66
v 9 -28 -66
v 8 -28 -66
v 7 -28 -66
v 7 -27 -66
v 7 -26 -66
v 7 -25 -66
v 7 -24 -66
v 7 -23 -66
v 8 -23 -66
v 9 -23 -66
v 10 -23 -66
v 11 -23 -66
v 12 -23 -66
v 12 -24 -66
v 12 -26 -67
v 12 -25 -67
v 12 -27 -67
v 12 -28 -67
v 11 -28 -67
v 10 -28 -67
v 9 -28 -67
v 8 -28 -67
v 7 -28 -67
v 7 -27 -67
v 7 -26 -67
v 7 -25 -67
v 7 -24 -67
v 7 -23 -67
v 8 -23 -67
v 9 -23 -67
v 10 -23 -67
v 11 -23 -67
v 12 -23 -67
v 12 -24 -67
v 12 -26 -68
v 12 -25 -68
v 12 -27 -68
v 12 -28 -68
v 11 -28 -68
v 10 -28 -68
v 9 -28 -68
v 8 -28 -68
v 7 -28 -68
v 7 -27 -68
v 7 -26 -68
v 7 -25 -68
v 7 -24 -68
v 7 -23 -68
v 8 -23 -68
v 9 -23 -68
v 10 -23 -68
v 11 -23 -68
v 12 -23 -68
v 12 -24 -68
v 12 -26 -69
v 12 -25 -69
v 12 -27 -69
v 12 -28 -69
v 11 -28 -69
v 10 -28 -69
v 9 -28 -69
v 8 -28 -69
v 7 -28 -69
v 7 -27 -69
v 7 -26 -69
v 7 -25 -69
v 7 -24 -69
v 7 -23 -69
v 8 -23 -69
v 9 -23 -69
v 10 -23 -69
v 11 -23 -69
v 12 -23 -69
v 12 -24 -69
v 12 -26 -70
v 12 -25 -70
v 12 -27 -70
v 12 -28 -70
v 11 -28 -70
v 10 -28 -70
v 9 -28 -70
v 8 -28 -70
v 7 -28 -70
v 7 -27 -70
v 7 -26 -70
v 7 -25 -70
v 7 -24 -70
v 7 -23 -70
v 8 -23 -70
v 9 -23 -70
v 10 -23 -70
v 11 -23 -70
v 12 -23 -70
v 12 -24 -70
v 12 -26 -71
v 12 -25 -71
v 12 -27 -71
v 12 -28 -71
v 11 -28 -71
v 10 -28 -71
v 9 -28 -71
v 8 -28 -71
v 7 -28 -71
v 7 -27 -71
v 7 -26 -71
v 7 -25 -71
v 7 -24 -71
v 7 -23 -71
v 8 -23 -71
v 9 -23 -71
v 10 -23 -71
v 11 -23 -71
v 12 -23 -71
v 12 -24 -71
v 12 -26 -72
v 12 -25 -72
v 12 -27 -72
v 12 -28 -72
v 11 -28 -72
v 10 -28 -72
v 9 -28 -72
v 8 -28 -72
v 7 -28 -72
v 7 -27 -72
v 7 -26 -72
v 7 -25 -72
v 7 -24 -72
v 7 -23 -72
v 8 -23 -72
v 9 -23 -72
v 10 -23 -72
v 11 -23 -72
v 12 -23 -72
v 12 -24 -72
v 12 -26 -73
v 12 -25 -73
v 12 -27 -73
v 12 -28 -73
v 11 -28 -73
v 10 -28 -73
v 9 -28 -73
v 8 -28 -73
v 7 -28 -73
v 7 -27 -73
v 7 -26 -73
v 7 -25 -73
v 7 -24 -73
v 7 -23 -73
v 8 -23 -73
v 9 -23 -73
v 10 -23 -73
v 11 -23 -73
v 12 -23 -73
v 12 -24 -73
v 12 -26 -74
v 12 -25 -74
v 12 -27 -74
v 12 -28 -74
v 11 -28 -74
v 10 -28 -74
v 9 -28 -74
v 8 -28 -74
v 7 -28 -74
v 7 -27 -74
v 7 -26 -74
v 7 -25 -74
v 7 -24 -74
v 7 -23 -74
v 8 -23 -74
v 9 -23 -74
v 10 -23 -74
v 11 -23 -74
v 12 -23 -74
v 12 -24 -74
v 12 -26 -75
v 12 -25 -75
v 12 -27 -75
v 12 -28 -75
v 11 -28 -75
v 10 -28 -75
v 9 -28 -75
v 8 -28 -75
v 7 -28 -75
v 7 -27 -75
v 7 -26 -75
v 7 -25 -75
v 7 -24 -75
v 7 -23 -75
v 8 -23 -75
v 9 -23 -75
v 10 -23 -75
v 11 -23 -75
v 12 -23 -75
v 12 -24 -75
v 12 -26 -76
v 12 -25 -76
v 12 -27 -76
v 12 -28 -76
v 11 -28 -76
v 10 -28 -76
v 9 -28 -76
v 8 -28 -76
v 7 -28 -76
v 7 -27 -76
v 7 -26 -76
v 7 -25 -76
v 7 -24 -76
v 7 -23 -76
v 8 -23 -76
v 9 -23 -76
v 10 -23 -76
v 11 -23 -76
v 12 -23 -76
v 12 -24 -76
v 12 -26 -77
v 12 -25 -77
v 12 -27 -77
v 12 -28 -77
v 11 -28 -77
v 10 -28 -77
v 9 -28 -77
v 8 -28 -77
v 7 -28 -77
v 7 -27 -77
v 7 -26 -77
v 7 -25 -77
v 7 -24 -77
v 7 -23 -77
v 8 -23 -77
v 9 -23 -77
v 10 -23 -77
v 11 -23 -77
v 12 -23 -77
v 12 -24 -77
v 12 -26 -78
v 12 -25 -78
v 12 -27 -78
v 12 -28 -78
v 11 -28 -78
v 10 -28 -78
v 9 -28 -78
v 8 -28 -78
v 7 -28 -78
v 7 -27 -78
v 7 -26 -78
v 7 -25 -78
v 7 -24 -78
v 7 -23 -78
v 8 -23 -78
v 9 -23 -78
v 10 -23 -78
v 11 -23 -78
v 12 -23 -78
v 12 -24 -78
v 12 -26 -79
v 12 -25 -79
v 12 -27 -79
v 12 -28 -79
v 11 -28 -79
v 10 -28 -79
v 9 -28 -79
v 8 -28 -79
v 7 -28 -79
v 7 -27 -79
v 7 -26 -79
v 7 -25 -79
v 7 -24 -79
v 7 -23 -79
v 8 -23 -79
v 9 -23 -79
v 10 -23 -79
v 11 -23 -79
v 12 -23 -79
v 12 -24 -79
v 12 -26 -80
v 12 -25 -80
v 12 -27 -80
v 12 -28 -80
v 11 -28 -80
v 10 -28 -80
v 9 -28 -80
v 8 -28 -80
v 7 -28 -80
v 7 -27 -80
v 7 -26 -80
v 7 -25 -80
v 7 -24 -80
v 7 -23 -80
v 8 -23 -80
v 9 -23 -80
v 10 -23 -80
v 11 -23 -80
v 12 -23 -80
v 12 -24 -80
v 12 -26 -81
v 12 -25 -81
v 12 -27 -81
v 12 -28 -81
v 11 -28 -81
v 10 -28 -81
v 9 -28 -81
v 8 -28 -81
v 7 -28 -81
v 7 -27 -81
v 7 -26 -81
v 7 -25 -81
v 7 -24 -81
v 7 -23 -81
v 8 -23 -81
v 9 -23 -81
v 10 -23 -81
v 11 -23 -81
v 12 -23 -81
v 12 -24 -81
v 12 -26 -82
v 12 -25 -82
v 12 -27 -82
v 12 -28 -82
v 11 -28 -82
v 10 -28 -82
v 9 -28 -82
v 8 -28 -82
v 7 -28 -82
v 7 -27 -82
v 7 -26 -82
v 7 -25 -82
v 7 -24 -82
v 7 -23 -82
v 8 -23 -82
v 9 -23 -82
v 10 -23 -82
v 11 -23 -82
v 12 -23 -82
v 12 -24 -82
v 12 -26 -83
v 12 -25 -83
v 12 -27 -83
v 12 -28 -83
v 11 -28 -83
v 10 -28 -83
v 9 -28 -83
v 8 -28 -83
v 7 -28 -83
v 7 -27 -83
v 7 -26 -83
v 7 -25 -83
v 7 -24 -83
v 7 -23 -83
v 8 -23 -83
v 9 -23 -83
v 10 -23 -83
v 11 -23 -83
v 12 -23 -83
v 12 -24 -83
v 12 -26 -84
v 12 -25 -84
v 12 -27 -84
v 12 -28 -84
v 11 -28 -84
v 10 -28 -84
v 9 -28 -84
v 8 -28 -84
v 7 -28 -84
v 7 -27 -84
v 7 -26 -84
v 7 -25 -84
v 7 -24 -84
v 7 -23 -84
v 8 -23 -84
v 9 -23 -84
v 10 -23 -84
v 11 -23 -84
v 12 -23 -84
v 12 -24 -84
v 12 -26 -85
v 12 -25 -85
v 12 -27 -85
v 12 -28 -85
v 11 -28 -85
v 10 -28 -85
v 9 -28 -85
v 8 -28 -85
v 7 -28 -85
v 7 -27 -85
v 7 -26 -85
v 7 -25 -85
v 7 -24 -85
v 7 -23 -85
v 8 -23 -85
v 9 -23 -85
v 10 -23 -85
v 11 -23 -85
v 12 -23 -85
v 12 -24 -85
v 12 -26 -86
v 12 -25 -86
v 12 -27 -86
v 12 -28 -86
v 11 -28 -86
v 10 -28 -86
v 9 -28 -86
v 8 -28 -86
v 7 -28 -86
v 7 -27 -86
v 7 -26 -86
v 7 -25 -86
v 7 -24 -86
v 7 -23 -86
v 8 -23 -86
v 9 -23 -86
v 10 -23 -86
v 11 -23 -86
v 12 -23 -86
v 12 -24 -86
v 12 -26 -87
v 12 -25 -87
v 12 -27 -87
v 12 -28 -87
v 11 -28 -87
v 10 -28 -87
v 9 -28 -87
v 8 -28 -87
v 7 -28 -87
v 7 -27 -87
v 7 -26 -87
v 7 -25 -87
v 7 -24 -87
v 7 -23 -87
v 8 -23 -87
v 9 -23 -87
v 10 -23 -87
v 11 -23 -87
v 12 -23 -87
v 12 -24 -87
v 12 -26 -88
v 12 -25 -88
v 12 -27 -88
v 12 -28 -88
v 11 -28 -88
v 10 -28 -88
v 9 -28 -88
v 8 -28 -88
v 7 -28 -88
v 7 -27 -88
v 7 -26 -88
v 7 -25 -88
v 7 -24 -88
v 7 -23 -88
v 8 -23 -88
v 9 -23 -88
v 10 -23 -88
v 11 -23 -88
v 12 -23 -88
v 12 -24 -88
v 12 -26 -89
v 12 -25 -89
v 12 -27 -89
v 12 -28 -89
v 11 -28 -89
v 10 -28 -89
v 9 -28 -89
v 8 -28 -89
v 7 -28 -89
v 7 -27 -89
v 7 -26 -89
v 7 -25 -89
v 7 -24 -89
v 7 -23 -89
v 8 -23 -89
v 9 -23 -89
v 10 -23 -89
v 11 -23 -89
v 12 -23 -89
v 12 -24 -89
v 12 -26 -90
v 12 -25 -90
v 12 -27 -90
v 12 -28 -90
v 11 -28 -90
v 10 -28 -90
v 9 -28 -90
v 8 -28 -90
v 7 -28 -90
v 7 -27 -90
v 7 -26 -90
v 7 -25 -90
v 7 -24 -90
v 7 -23 -90
v 8 -23 -90
v 9 -23 -90
v 10 -23 -90
v 11 -23 -90
v 12 -23 -90
v 12 -24 -90
v 12 -26 -91
v 12 -25 -91
v 12 -27 -91
v 12 -28 -91
v 11 -28 -91
v 10 -28 -91
v 9 -28 -91
v 8 -28 -91
v 7 -28 -91
v 7 -27 -91
v 7 -26 -91
v 7 -25 -91
v 7 -24 -91
v 7 -23 -91
v 8 -23 -91
v 9 -23 -91
v 10 -23 -91
v 11 -23 -91
v 12 -23 -91
v 12 -24 -91
v 12 -26 -92
v 12 -25 -92
v 12 -27 -92
v 12 -28 -92
v 11 -28 -92
v 10 -28 -92
v 9 -28 -92
v 8 -28 -92
v 7 -28 -92
v 7 -27 -92
v 7 -26 -92
v 7 -25 -92
v 7 -24 -92
v 7 -23 -92
v 8 -23 -92
v 9 -23 -92
v 10 -23 -92
v 11 -23 -92
v 12 -23 -92
v 12 -24 -92
v 12 -26 -93
v 12 -25 -93
v 12 -27 -93
v 12 -28 -93
v 11 -28 -93
v 10 -28 -93
v 9 -28 -93
v 8 -28 -93
v 7 -28 -93
v 7 -27 -93
v 7 -26 -93
v 7 -25 -93
v 7 -24 -93
v 7 -23 -93
v 8 -23 -93
v 9 -23 -93
v 10 -23 -93
v 11 -23 -93
v 12 -23 -93
v 12 -24 -93
v 12 -26 -94
v 12 -25 -94
v 12 -27 -94
v 12 -28 -94
v 11 -28 -94
v 10 -28 -94
v 9 -28 -94
v 8 -28 -94
v 7 -28 -94
v 7 -27 -94
v 7 -26 -94
v 7 -25 -94
v 7 -24 -94
v 7 -23 -94
v 8 -23 -94
v 9 -23 -94
v 10 -23 -94
v 11 -23 -94
v 12 -23 -94
v 12 -24 -94
v 12 -26 -95
v 12 -25 -95
v 12 -27 -95
v 12 -28 -95
v 11 -28 -95
v 10 -28 -95
v 9 -28 -95
v 8 -28 -95
v 7 -28 -95
v 7 -27 -95
v 7 -26 -95
v 7 -25 -95
v 7 -24 -95
v 7 -23 -95
v 8 -23 -95
v 9 -23 -95
v 10 -23 -95
v 11 -23 -95
v 12 -23 -95
v 12 -24 -95
v 12 -26 -96
v 12 -25 -96
v 12 -27 -96
v 12 -28 -96
v 11 -28 -96
v 10 -28 -96
v 9 -28 -96
v 8 -28 -96
v 7 -28 -96
v 7 -27 -96
v 7 -26 -96
v 7 -25 -96
v 7 -24 -96
v 7 -23 -96
v 8 -23 -96
v 9 -23 -96
v 10 -23 -96
v 11 -23 -96
v 12 -23 -96
v 12 -24 -96
v 12 -26 -97
v 12 -25 -97
v 12 -27 -97
v 12 -28 -97
v 11 -28 -97
v 10 -28 -97
v 9 -28 -97
v 8 -28 -97
v 7 -28 -97
v 7 -27 -97
v 7 -26 -97
v 7 -25 -97
v 7 -24 -97
v 7 -23 -97
v 8 -23 -97
v 9 -23 -97
v 10 -23 -97
v 11 -23 -97
v 12 -23 -97
v 12 -24 -97
v 12 -26 -98
v 12 -25 -98
v 12 -27 -98
v 12 -28 -98
v 11 -28 -98
v 10 -28 -98
v 9 -28 -98
v 8 -28 -98
v 7 -28 -98
v 7 -27 -98
v 7 -26 -98
v 7 -25 -98
v 7 -24 -98
v 7 -23 -98
v 8 -23 -98
v 9 -23 -98
v 10 -23 -98
v 11 -23 -98
v 12 -23 -98
v 12 -24 -98
v 12 -26 -99
v 12 -25 -99
v 12 -27 -99
v 12 -28 -99
v 11 -28 -99
v 10 -28 -99
v 9 -28 -99
v 8 -28 -99
v 7 -28 -99
v 7 -27 -99
v 7 -26 -99
v 7 -25 -99
v 7 -24 -99
v 7 -23 -99
v 8 -23 -99
v 9 -23 -99
v 10 -23 -99
v 11 -23 -99
v 12 -23 -99
v 12 -24 -99
v 12 -26 -100
v 12 -25 -100
v 12 -27 -100
v 12 -28 -100
v 11 -28 -100
v 10 -28 -100
v 9 -28 -100
v 8 -28 -100
v 7 -28 -100
v 7 -27 -100
v 7 -26 -100
v 7 -25 -100
v 7 -24 -100
v 7 -23 -100
v 8 -23 -100
v 9 -23 -100
v 10 -23 -100
v 11 -23 -100
v 12 -23 -100
v 12 -24 -100
v 12 -26 -101
v 12 -25 -101
v 12 -27 -101
v 12 -28 -101
v 11 -28 -101
v 10 -28 -101
v 9 -28 -101
v 8 -28 -101
v 7 -28 -101
v 7 -27 -101
v 7 -26 -101
v 7 -25 -101
v 7 -24 -101
v 7 -23 -101
v 8 -23 -101
v 9 -23 -101
v 10 -23 -101
v 11 -23 -101
v 12 -23 -101
v 12 -24 -101
v 12 -26 -102
v 12 -25 -102
v 12 -27 -102
v 12 -28 -102
v 11 -28 -102
v 10 -28 -102
v 9 -28 -102
v 8 -28 -102
v 7 -28 -102
v 7 -27 -102
v 7 -26 -102
v 7 -25 -102
v 7 -24 -102
v 7 -23 -102
v 8 -23 -102
v 9 -23 -102
v 10 -23 -102
v 11 -23 -102
v 12 -23 -102
v 12 -24 -102
v 12 -26 -103
v 12 -25 -103
v 12 -27 -103
v 12 -28 -103
v 11 -28 -103
v 10 -28 -103
v 9 -28 -103
v 8 -28 -103
v 7 -28 -103
v 7 -27 -103
v 7 -26 -103
v 7 -25 -103
v 7 -24 -103
v 7 -23 -103
v 8 -23 -103
v 9 -23 -103
v 10 -23 -103
v 11 -23 -103
v 12 -23 -103
v 12 -24 -103
v 12 -26 -104
v 12 -25 -104
v 12 -27 -104
v 12 -28 -104
v 11 -28 -104
v 10 -28 -104
v 9 -28 -104
v 8 -28 -104
v 7 -28 -104
v 7 -27 -104
v 7 -26 -104
v 7 -25 -104
v 7 -24 -104
v 7 -23 -104
v 8 -23 -104
v 9 -23 -104
v 10 -23 -104
v 11 -23 -104
v 12 -23 -104
v 12 -24 -104
v 12 -26 -105
v 12 -25 -105
v 12 -27 -105
v 12 -28 -105
v 11 -28 -105
v 10 -28 -105
v 9 -28 -105
v 8 -28 -105
v 7 -28 -105
v 7 -27 -105
v 7 -26 -105
v 7 -25 -105
v 7 -24 -105
v 7 -23 -105
v 8 -23 -105
v 9 -23 -105
v 10 -23 -105
v 11 -23 -105
v 12 -23 -105
v 12 -24 -105
v 12 -26 -106
v 12 -25 -106
v 12 -27 -106
v 12 -28 -106
v 11 -28 -106
v 10 -28 -106
v 9 -28 -106
v 8 -28 -106
v 7 -28 -106
v 7 -27 -106
v 7 -26 -106
v 7 -25 -106
v 7 -24 -106
v 7 -23 -106
v 8 -23 -106
v 9 -23 -106
v 10 -23 -106
v 11 -23 -106
v 12 -23 -106
v 12 -24 -106
v 12 -26 -107
v 12 -25 -107
v 12 -27 -107
v 12 -28 -107
v 11 -28 -107
v 10 -28 -107
v 9 -28 -107
v 8 -28 -107
v 7 -28 -107
v 7 -27 -107
v 7 -26 -107
v 7 -25 -107
v 7 -24 -107
v 7 -23 -107
v 8 -23 -107
v 9 -23 -107
v 10 -23 -107
v 11 -23 -107
v 12 -23 -107
v 12 -24 -107
v 12 -26 -108
v 12 -25 -108
v 12 -27 -108
v 12 -28 -108
v 11 -28 -108
v 10 -28 -108
v 9 -28 -108
v 8 -28 -108
v 7 -28 -108
v 7 -27 -108
v 7 -26 -108
v 7 -25 -108
v 7 -24 -108
v 7 -23 -108
v 8 -23 -108
v 9 -23 -108
v 10 -23 -108
v 11 -23 -108
v 12 -23 -108
v 12 -24 -108
v 12 -26 -109
v 12 -25 -109
v 12 -27 -109
v 12 -28 -109
v 11 -28 -109
v 10 -28 -109
v 9 -28 -109
v 8 -28 -109
v 7 -28 -109
v 7 -27 -109
v 7 -26 -109
v 7 -25 -109
v 7 -24 -109
v 7 -23 -109
v 8 -23 -109
v 9 -23 -109
v 10 -23 -109
v 11 -23 -109
v 12 -23 -109
v 12 -24 -109
v 12 -26 -110
v 12 -25 -110
v 12 -27 -110
v 12 -28 -110
v 11 -28 -110
v 10 -28 -110
v 9 -28 -110
v 8 -28 -110
v 7 -28 -110
v 7 -27 -110
v 7 -26 -110
v 7 -25 -110
v 7 -24 -110
v 7 -23 -110
v 8 -23 -110
v 9 -23 -110
v 10 -23 -110
v 11 -23 -110
v 12 -23 -110
v 12 -24 -110
v 12 -26 -111
v 12 -25 -111
v 12 -27 -111
v 12 -28 -111
v 11 -28 -111
v 10 -28 -111
v 9 -28 -111
v 8 -28 -111
v 7 -28 -111
v 7 -27 -111
v 7 -26 -111
v 7 -25 -111
v 7 -24 -111
v 7 -23 -111
v 8 -23 -111
v 9 -23 -111
v 10 -23 -111
v 11 -23 -111
v 12 -23 -111
v 12 -24 -111
v 12 -26 -112
v 12 -25 -112
v 12 -27 -112
v 12 -28 -112
v 11 -28 -112
v 10 -28 -112
v 9 -28 -112
v 8 -28 -112
v 7 -28 -112
v 7 -27 -112
v 7 -26 -112
v 7 -25 -112
v 7 -24 -112
v 7 -23 -112
v 8 -23 -112
v 9 -23 -112
v 10 -23 -112
v 11 -23 -112
v 12 -23 -112
v 12 -24 -112
v 12 -26 -113
v 12 -25 -113
v 12 -27 -113
v 12 -28 -113
v 11 -28 -113
v 10 -28 -113
v 9 -28 -113
v 8 -28 -113
v 7 -28 -113
v 7 -27 -113
v 7 -26 -113
v 7 -25 -113
v 7 -24 -113
v 7 -23 -113
v 8 -23 -113
v 9 -23 -113
v 10 -23 -113
v 11 -23 -113
v 12 -23 -113
v 12 -24 -113
v 12 -26 -114
v 12 -25 -114
v 12 -27 -114
v 12 -28 -114
v 11 -28 -114
v 10 -28 -114
v 9 -28 -114
v 8 -28 -114
v 7 -28 -114
v 7 -27 -114
v 7 -26 -114
v 7 -25 -114
v 7 -24 -114
v 7 -23 -114
v 8 -23 -114
v 9 -23 -114
v 10 -23 -114
v 11 -23 -114
v 12 -23 -114
v 12 -24 -114
v 12 -26 -115
v 12 -25 -115
v 12 -27 -115
v 12 -28 -115
v 11 -28 -115
v 10 -28 -115
v 9 -28 -115
v 8 -28 -115
v 7 -28 -115
v 7 -27 -115
v 7 -26 -115
v 7 -25 -115
v 7 -24 -115
v 7 -23 -115
v 8 -23 -115
v 9 -23 -115
v 10 -23 -115
v 11 -23 -115
v 12 -23 -115
v 12 -24 -115
v 12 -26 -116
v 12 -25 -116
v 12 -27 -116
v 12 -28 -116
v 11 -28 -116
v 10 -28 -116
v 9 -28 -116
v 8 -28 -116
v 7 -28 -116
v 7 -27 -116
v 7 -26 -116
v 7 -25 -116
v 7 -24 -116
v 7 -23 -116
v 8 -23 -116
v 9 -23 -116
v 10 -23 -116
v 11 -23 -116
v 12 -23 -116
v 12 -24 -116
v 12 -26 -117
v 12 -25 -117
v 12 -27 -117
v 12 -28 -117
v 11 -28 -117
v 10 -28 -117
v 9 -28 -117
v 8 -28 -117
v 7 -28 -117
v 7 -27 -117
v 7 -26 -117
v 7 -25 -117
v 7 -24 -117
v 7 -23 -117
v 8 -23 -117
v 9 -23 -117
v 10 -23 -117
v 11 -23 -117
v 12 -23 -117
v 12 -24 -117
v 12 -26 -118
v 12 -25 -118
v 12 -27 -118
v 12 -28 -118
v 11 -28 -118
v 10 -28 -118
v 9 -28 -118
v 8 -28 -118
v 7 -28 -118
v 7 -27 -118
v 7 -26 -118
v 7 -25 -118
v 7 -24 -118
v 7 -23 -118
v 8 -23 -118
v 9 -23 -118
v 10 -23 -118
v 11 -23 -118
v 12 -23 -118
v 12 -24 -118
v 12 -26 -119
v 12 -25 -119
v 12 -27 -119
v 12 -28 -119
v 11 -28 -119
v 10 -28 -119
v 9 -28 -119
v 8 -28 -119
v 7 -28 -119
v 7 -27 -119
v 7 -26 -119
v 7 -25 -119
v 7 -24 -119
v 7 -23 -119
v 8 -23 -119
v 9 -23 -119
v 10 -23 -119
v 11 -23 -119
v 12 -23 -119
v 12 -24 -119
v 12 -26 -120
v 12 -25 -120
v 12 -27 -120
v 12 -28 -120
v 11 -28 -120
v 10 -28 -120
v 9 -28 -120
v 8 -28 -120
v 7 -28 -120
v 7 -27 -120
v 7 -26 -120
v 7 -25 -120
v 7 -24 -120
v 7 -23 -120
v 8 -23 -120
v 9 -23 -120
v 10 -23 -120
v 11 -23 -120
v 12 -23 -120
v 12 -24 -120
v 12 -26 -121
v 12 -25 -121
v 12 -27 -121
v 12 -28 -121
v 11 -28 -121
v 10 -28 -121
v 9 -28 -121
v 8 -28 -121
v 7 -28 -121
v 7 -27 -121
v 7 -26 -121
v 7 -25 -121
v 7 -24 -121
v 7 -23 -121
v 8 -23 -121
v 9 -23 -121
v 10 -23 -121
v 11 -23 -121
v 12 -23 -121
v 12 -24 -121
v 12 -26 -122
v 12 -25 -122
v 12 -27 -122
v 12 -28 -122
v 11 -28 -122
v 10 -28 -122
v 9 -28 -122
v 8 -28 -122
v 7 -28 -122
v 7 -27 -122
v 7 -26 -122
v 7 -25 -122
v 7 -24 -122
v 7 -23 -122
v 8 -23 -122
v 9 -23 -122
v 10 -23 -122
v 11 -23 -122
v 12 -23 -122
v 12 -24 -122
v 12 -26 -123
v 12 -25 -123
v 12 -27 -123
v 12 -28 -123
v 11 -28 -123
v 10 -28 -123
v 9 -28 -123
v 8 -28 -123
v 7 -28 -123
v 7 -27 -123
v 7 -26 -123
v 7 -25 -123
v 7 -24 -123
v 7 -23 -123
v 8 -23 -123
v 9 -23 -123
v 10 -23 -123
v 11 -23 -123
v 12 -23 -123
v 12 -24 -123
v 12 -26 -124
v 12 -25 -124
v 12 -27 -124
v 12 -28 -124
v 11 -28 -124
v 10 -28 -124
v 9 -28 -124
v 8 -28 -124
v 7 -28 -124
v 7 -27 -124
v 7 -26 -124
v 7 -25 -124
v 7 -24 -124
v 7 -23 -124
v 8 -23 -124
v 9 -23 -124
v 10 -23 -124
v 11 -23 -124
v 12 -23 -124
v 12 -24 -124
v 12 -26 -125
v 12 -25 -125
v 12 -27 -125
v 12 -28 -125
v 11 -28 -125
v 10 -28 -125
v 9 -28 -125
v 8 -28 -125
v 7 -28 -125
v 7 -27 -125
v 7 -26 -125
v 7 -25 -125
v 7 -24 -125
v 7 -23 -125
v 8 -23 -125
v 9 -23 -125
v 10 -23 -125
v 11 -23 -125
v 12 -23 -125
v 12 -24 -125
v 12 -26 -126
v 12 -25 -126
v 12 -27 -126
v 12 -28 -126
v 11 -28 -126
v 10 -28 -126
v 9 -28 -126
v 8 -28 -126
v 7 -28 -126
v 7 -27 -126
v 7 -26 -126
v 7 -25 -126
v 7 -24 -126
v 7 -23 -126
v 8 -23 -126
v 9 -23 -126
v 10 -23 -126
v 11 -23 -126
v 12 -23 -126
v 12 -24 -126
v 12 -26 -127
v 12 -25 -127
v 12 -27 -127
v 12 -28 -127
v 11 -28 -127
v 10 -28 -127
v 9 -28 -127
v 8 -28 -127
v 7 -28 -127
v 7 -27 -127
v 7 -26 -127
v 7 -25 -127
v 7 -24 -127
v 7 -23 -127
v 8 -23 -127
v 9 -23 -127
v 10 -23 -127
v 11 -23 -127
v 12 -23 -127
v 12 -24 -127
v 12 -26 -128
v 12 -25 -128
v 12 -27 -128
v 12 -28 -128
v 11 -28 -128
v 10 -28 -128
v 9 -28 -128
v 8 -28 -128
v 7 -28 -128
v 7 -27 -128
v 7 -26 -128
v 7 -25 -128
v 7 -24 -128
v 7 -23 -128
v 8 -23 -128
v 9 -23 -128
v 10 -23 -128
v 11 -23 -128
v 12 -23 -128
v 12 -24 -128
v 12 -26 -129
v 12 -25 -129
v 12 -27 -129
v 12 -28 -129
v 11 -28 -129
v 10 -28 -129
v 9 -28 -129
v 8 -28 -129
v 7 -28 -129
v 7 -27 -129
v 7 -26 -129
v 7 -25 -129
v 7 -24 -129
v 7 -23 -129
v 8 -23 -129
v 9 -23 -129
v 10 -23 -129
v 11 -23 -129
v 12 -23 -129
v 12 -24 -129
v 12 -26 -130
v 12 -25 -130
v 12 -27 -130
v 12 -28 -130
v 11 -28 -130
v 10 -28 -130
v 9 -28 -130
v 8 -28 -130
v 7 -28 -130
v 7 -27 -130
v 7 -26 -130
v 7 -25 -130
v 7 -24 -130
v 7 -23 -130
v 8 -23 -130
v 9 -23 -130
v 10 -23 -130
v 11 -23 -130
v 12 -23 -130
v 12 -24 -130
v 12 -26 -131
v 12 -25 -131
v 12 -27 -131
v 12 -28 -131
v 11 -28 -131
v 10 -28 -131
v 9 -28 -131
v 8 -28 -131
v 7 -28 -131
v 7 -27 -131
v 7 -26 -131
v 7 -25 -131
v 7 -24 -131
v 7 -23 -131
v 8 -23 -131
v 9 -23 -131
v 10 -23 -131
v 11 -23 -131
v 12 -23 -131
v 12 -24 -131
v 12 -26 -132
v 12 -25 -132
v 12 -27 -132
v 12 -28 -132
v 11 -28 -132
v 10 -28 -132
v 9 -28 -132
v 8 -28 -132
v 7 -28 -132
v 7 -27 -132
v 7 -26 -132
v 7 -25 -132
v 7 -24 -132
v 7 -23 -132
v 8 -23 -132
v 9 -23 -132
v 10 -23 -132
v 11 -23 -132
v 12 -23 -132
v 12 -24 -132
v 12 -26 -133
v 12 -25 -133
v 12 -27 -133
v 12 -28 -133
v 11 -28 -133
v 10 -28 -133
v 9 -28 -133
v 8 -28 -133
v 7 -28 -133
v 7 -27 -133
v 7 -26 -133
v 7 -25 -133
v 7 -24 -133
v 7 -23 -133
v 8 -23 -133
v 9 -23 -133
v 10 -23 -133
v 11 -23 -133
v 12 -23 -133
v 12 -24 -133
v 12 -26 -134
v 12 -25 -134
v 12 -27 -134
v 12 -28 -134
v 11 -28 -134
v 10 -28 -134
v 9 -28 -134
v 8 -28 -134
v 7 -28 -134
v 7 -27 -134
v 7 -26 -134
v 7 -25 -134
v 7 -24 -134
v 7 -23 -134
v 8 -23 -134
v 9 -23 -134
v 10 -23 -134
v 11 -23 -134
v 12 -23 -134
v 12 -24 -134
v 12 -26 -135
v 12 -25 -135
v 12 -27 -135
v 12 -28 -135
v 11 -28 -135
v 10 -28 -135
v 9 -28 -135
v 8 -28 -135
v 7 -28 -135
v 7 -27 -135
v 7 -26 -135
v 7 -25 -135
v 7 -24 -135
v 7 -23 -135
v 8 -23 -135
v 9 -23 -135
v 10 -23 -135
v 11 -23 -135
v 12 -23 -135
v 12 -24 -135
v 12 -26 -136
v 12 -25 -136
v 12 -27 -136
v 12 -28 -136
v 11 -28 -136
v 10 -28 -136
v 9 -28 -136
v 8 -28 -136
v 7 -28 -136
v 7 -27 -136
v 7 -26 -136
v 7 -25 -136
v 7 -24 -136
v 7 -23 -136
v 8 -23 -136
v 9 -23 -136
v 10 -23 -136
v 11 -23 -136
v 12 -23 -136
v 12 -24 -136
v 12 -26 -137
v 12 -25 -137
v 12 -27 -137
v 12 -28 -137
v 11 -28 -137
v 10 -28 -137
v 9 -28 -137
v 8 -28 -137
v 7 -28 -137
v 7 -27 -137
v 7 -26 -137
v 7 -25 -137
v 7 -24 -137
v 7 -23 -137
v 8 -23 -137
v 9 -23 -137
v 10 -23 -137
v 11 -23 -137
v 12 -23 -137
v 12 -24 -137
v 12 -26 -138
v 12 -25 -138
v 12 -27 -138
v 12 -28 -138
v 11 -28 -138
v 10 -28 -138
v 9 -28 -138
v 8 -28 -138
v 7 -28 -138
v 7 -27 -138
v 7 -26 -138
v 7 -25 -138
v 7 -24 -138
v 7 -23 -138
v 8 -23 -138
v 9 -23 -138
v 10 -23 -138
v 11 -23 -138
v 12 -23 -138
v 12 -24 -138
v 12 -26 -139
v 12 -25 -139
v 12 -27 -139
v 12 -28 -139
v 11 -28 -139
v 10 -28 -139
v 9 -28 -139
v 8 -28 -139
v 7 -28 -139
v 7 -27 -139
v 7 -26 -139
v 7 -25 -139
v 7 -24 -139
v 7 -23 -139
v 8 -23 -139
v 9 -23 -139
v 10 -23 -139
v 11 -23 -139
v 12 -23 -139
v 12 -24 -139
v 12 -26 -140
v 12 -25 -140
v 12 -27 -140
v 12 -28 -140
v 11 -28 -140
v 10 -28 -140
v 9 -28 -140
v 8 -28 -140
v 7 -28 -140
v 7 -27 -140
v 7 -26 -140
v 7 -25 -140
v 7 -24 -140
v 7 -23 -140
v 8 -23 -140
v 9 -23 -140
v 10 -23 -140
v 11 -23 -140
v 12 -23 -140
v 12 -24 -140
v 12 -26 -141
v 12 -25 -141
v 12 -27 -141
v 12 -28 -141
v 11 -28 -141
v 10 -28 -141
v 9 -28 -141
v 8 -28 -141
v 7 -28 -141
v 7 -27 -141
v 7 -26 -141
v 7 -25 -141
v 7 -24 -141
v 7 -23 -141
v 8 -23 -141
v 9 -23 -141
v 10 -23 -141
v 11 -23 -141
v 12 -23 -141
v 12 -24 -141
v 12 -26 -142
v 12 -25 -142
v 12 -27 -142
v 12 -28 -142
v 11 -28 -142
v 10 -28 -142
v 9 -28 -142
v 8 -28 -142
v 7 -28 -142
v 7 -27 -142
v 7 -26 -142
v 7 -25 -142
v 7 -24 -142
v 7 -23 -142
v 8 -23 -142
v 9 -23 -142
v 10 -23 -142
v 11 -23 -142
v 12 -23 -142
v 12 -24 -142
v 12 -26 -143
v 12 -25 -143
v 12 -27 -143
v 12 -28 -143
v 11 -28 -143
v 10 -28 -143
v 9 -28 -143
v 8 -28 -143
v 7 -28 -143
v 7 -27 -143
v 7 -26 -143
v 7 -25 -143
v 7 -24 -143
v 7 -23 -143
v 8 -23 -143
v 9 -23 -143
v 10 -23 -143
v 11 -23 -143
v 12 -23 -143
v 12 -24 -143
v 12 -26 -144
v 12 -25 -144
v 12 -27 -144
v 12 -28 -144
v 11 -28 -144
v 10 -28 -144
v 9 -28 -144
v 8 -28 -144
v 7 -28 -144
v 7 -27 -144
v 7 -26 -144
v 7 -25 -144
v 7 -24 -144
v 7 -23 -144
v 8 -23 -144
v 9 -23 -144
v 10 -23 -144
v 11 -23 -144
v 12 -23 -144
v 12 -24 -144
v 12 -26 -145
v 12 -25 -145
v 12 -27 -145
v 12 -28 -145
v 11 -28 -145
v 10 -28 -145
v 9 -28 -145
v 8 -28 -145
v 7 -28 -145
v 7 -27 -145
v 7 -26 -145
v 7 -25 -145
v 7 -24 -145
v 7 -23 -145
v 8 -23 -145
v 9 -23 -145
v 10 -23 -145
v 11 -23 -145
v 12 -23 -145
v 12 -24 -145
v 12 -26 -146
v 12 -25 -146
v 12 -27 -146
v 12 -28 -146
v 11 -28 -146
v 10 -28 -146
v 9 -28 -146
v 8 -28 -146
v 7 -28 -146
v 7 -27 -146
v 7 -26 -146
v 7 -25 -146
v 7 -24 -146
v 7 -23 -146
v 8 -23 -146
v 9 -23 -146
v 10 -23 -146
v 11 -23 -146
v 12 -23 -146
v 12 -24 -146
v 12 -26 -147
v 12 -25 -147
v 12 -27 -147
v 12 -28 -147
v 11 -28 -147
v 10 -28 -147
v 9 -28 -147
v 8 -28 -147
v 7 -28 -147
v 7 -27 -147
v 7 -26 -147
v 7 -25 -147
v 7 -24 -147
v 7 -23 -147
v 8 -23 -147
v 9 -23 -147
v 10 -23 -147
v 11 -23 -147
v 12 -23 -147
v 12 -24 -147
v 12 -26 -148
v 12 -25 -148
v 12 -27 -148
v 12 -28 -148
v 11 -28 -148
v 10 -28 -148
v 9 -28 -148
v 8 -28 -148
v 7 -28 -148
v 7 -27 -148
v 7 -26 -148
v 7 -25 -148
v 7 -24 -148
v 7 -23 -148
v 8 -23 -148
v 9 -23 -148
v 10 -23 -148
v 11 -23 -148
v 12 -23 -148
v 12 -24 -148
v 12 -26 -149
v 12 -25 -149
v 12 -27 -149
v 12 -28 -149
v 11 -28 -149
v 10 -28 -149
v 9 -28 -149
v 8 -28 -149
v 7 -28 -149
v 7 -27 -149
v 7 -26 -149
v 7 -25 -149
v 7 -24 -149
v 7 -23 -149
v 8 -23 -149
v 9 -23 -149
v 10 -23 -149
v 11 -23 -149
v 12 -23 -149
v 12 -24 -149
v 12 -26 -150
v 12 -25 -150
v 12 -27 -150
v 12 -28 -150
v 11 -28 -150
v 10 -28 -150
v 9 -28 -150
v 8 -28 -150
v 7 -28 -150
v 7 -27 -150
v 7 -26 -150
v 7 -25 -150
v 7 -24 -150
v 7 -23 -150
v 8 -23 -150
v 9 -23 -150
v 10 -23 -150
v 11 -23 -150
v 12 -23 -150
v 12 -24 -150
v 12 -26 -151
v 12 -25 -151
v 12 -27 -151
v 12 -28 -151
v 11 -28 -151
v 10 -28 -151
v 9 -28 -151
v 8 -28 -151
v 7 -28 -151
v 7 -27 -151
v 7 -26 -151
v 7 -25 -151
v 7 -24 -151
v 7 -23 -151
v 8 -23 -151
v 9 -23 -151
v 10 -23 -151
v 11 -23 -151
v 12 -23 -151
v 12 -24 -151
v 12 -26 -152
v 12 -25 -152
v 12 -27 -152
v 12 -28 -152
v 11 -28 -152
v 10 -28 -152
v 9 -28 -152
v 8 -28 -152
v 7 -28 -152
v 7 -27 -152
v 7 -26 -152
v 7 -25 -152
v 7 -24 -152
v 7 -23 -152
v 8 -23 -152
v 9 -23 -152
v 10 -23 -152
v 11 -23 -152
v 12 -23 -152
v 12 -24 -152
v 12 -26 -153
v 12 -25 -153
v 12 -27 -153
v 12 -28 -153
v 11 -28 -153
v 10 -28 -153
v 9 -28 -153
v 8 -28 -153
v 7 -28 -153
v 7 -27 -153
v 7 -26 -153
v 7 -25 -153
v 7 -24 -153
v 7 -23 -153
v 8 -23 -153
v 9 -23 -153
v 10 -23 -153
v 11 -23 -153
v 12 -23 -153
v 12 -24 -153
v 12 -26 -154
v 12 -25 -154
v 12 -27 -154
v 12 -28 -154
v 11 -28 -154
v 10 -28 -154
v 9 -28 -154
v 8 -28 -154
v 7 -28 -154
v 7 -27 -154
v 7 -26 -154
v 7 -25 -154
v 7 -24 -154
v 7 -23 -154
v 8 -23 -154
v 9 -23 -154
v 10 -23 -154
v 11 -23 -154
v 12 -23 -154
v 12 -24 -154
v 12 -26 -155
v 12 -25 -155
v 12 -27 -155
v 12 -28 -155
v 11 -28 -155
v 10 -28 -155
v 9 -28 -155
v 8 -28 -155
v 7 -28 -155
v 7 -27 -155
v 7 -26 -155
v 7 -25 -155
v 7 -24 -155
v 7 -23 -155
v 8 -23 -155
v 9 -23 -155
v 10 -23 -155
v 11 -23 -155
v 12 -23 -155
v 12 -24 -155
v 12 -26 -156
v 12 -25 -156
v 12 -27 -156
v 12 -28 -156
v 11 -28 -156
v 10 -28 -156
v 9 -28 -156
v 8 -28 -156
v 7 -28 -156
v 7 -27 -156
v 7 -26 -156
v 7 -25 -156
v 7 -24 -156
v 7 -23 -156
v 8 -23 -156
v 9 -23 -156
v 10 -23 -156
v 11 -23 -156
v 12 -23 -156
v 12 -24 -156
v 12 -26 -157
v 12 -25 -157
v 12 -27 -157
v 12 -28 -157
v 11 -28 -157
v 10 -28 -157
v 9 -28 -157
v 8 -28 -157
v 7 -28 -157
v 7 -27 -157
v 7 -26 -157
v 7 -25 -157
v 7 -24 -157
v 7 -23 -157
v 8 -23 -157
v 9 -23 -157
v 10 -23 -157
v 11 -23 -157
v 12 -23 -157
v 12 -24 -157
v 12 -26 -158
v 12 -25 -158
v 12 -27 -158
v 12 -28 -158
v 11 -28 -158
v 10 -28 -158
v 9 -28 -158
v 8 -28 -158
v 7 -28 -158
v 7 -27 -158
v 7 -26 -158
v 7 -25 -158
v 7 -24 -158
v 7 -23 -158
v 8 -23 -158
v 9 -23 -158
v 10 -23 -158
v 11 -23 -158
v 12 -23 -158
v 12 -24 -158
v 12 -26 -159
v 12 -25 -159
v 12 -27 -159
v 12 -28 -159
v 11 -28 -159
v 10 -28 -159
v 9 -28 -159
v 8 -28 -159
v 7 -28 -159
v 7 -27 -159
v 7 -26 -159
v 7 -25 -159
v 7 -24 -159
v 7 -23 -159
v 8 -23 -159
v 9 -23 -159
v 10 -23 -159
v 11 -23 -159
v 12 -23 -159
v 12 -24 -159
v 12 -26 -160
v 12 -25 -160
v 12 -27 -160
v 12 -28 -160
v 11 -28 -160
v 10 -28 -160
v 9 -28 -160
v 8 -28 -160
v 7 -28 -160
v 7 -27 -160
v 7 -26 -160
v 7 -25 -160
v 7 -24 -160
v 7 -23 -160
v 8 -23 -160
v 9 -23 -160
v 10 -23 -160
v 11 -23 -160
v 12 -23 -160
v 12 -24 -160
v 12 -26 -161
v 12 -25 -161
v 12 -27 -161
v 12 -28 -161
v 11 -28 -161
v 10 -28 -161
v 9 -28 -161
v 8 -28 -161
v 7 -28 -161
v 7 -27 -161
v 7 -26 -161
v 7 -25 -161
v 7 -24 -161
v 7 -23 -161
v 8 -23 -161
v 9 -23 -161
v 10 -23 -161
v 11 -23 -161
v 12 -23 -161
v 12 -24 -161
v 12 -26 -162
v 12 -25 -162
v 12 -27 -162
v 12 -28 -162
v 11 -28 -162
v 10 -28 -162
v 9 -28 -162
v 8 -28 -162
v 7 -28 -162
v 7 -27 -162
v 7 -26 -162
v 7 -25 -162
v 7 -24 -162
v 7 -23 -162
v 8 -23 -162
v 9 -23 -162
v 10 -23 -162
v 11 -23 -162
v 12 -23 -162
v 12 -24 -162
v 12 -26 -163
v 12 -25 -163
v 12 -27 -163
v 12 -28 -163
v 11 -28 -163
v 10 -28 -163
v 9 -28 -163
v 8 -28 -163
v 7 -28 -163
v 7 -27 -163
v 7 -26 -163
v 7 -25 -163
v 7 -24 -163
v 7 -23 -163
v 8 -23 -163
v 9 -23 -163
v 10 -23 -163
v 11 -23 -163
v 12 -23 -163
v 12 -24 -163
v 12 -26 -164
v 12 -25 -164
v 12 -27 -164
v 12 -28 -164
v 11 -28 -164
v 10 -28 -164
v 9 -28 -164
v 8 -28 -164
v 7 -28 -164
v 7 -27 -164
v 7 -26 -164
v 7 -25 -164
v 7 -24 -164
v 7 -23 -164
v 8 -23 -164
v 9 -23 -164
v 10 -23 -164
v 11 -23 -164
v 12 -23 -164
v 12 -24 -164
v 12 -26 -165
v 12 -25 -165
v 12 -27 -165
v 12 -28 -165
v 11 -28 -165
v 10 -28 -165
v 9 -28 -165
v 8 -28 -165
v 7 -28 -165
v 7 -27 -165
v 7 -26 -165
v 7 -25 -165
v 7 -24 -165
v 7 -23 -165
v 8 -23 -165
v 9 -23 -165
v 10 -23 -165
v 11 -23 -165
v 12 -23 -165
v 12 -24 -165
v 12 -26 -166
v 12 -25 -166
v 12 -27 -166
v 12 -28 -166
v 11 -28 -166
v 10 -28 -166
v 9 -28 -166
v 8 -28 -166
v 7 -28 -166
v 7 -27 -166
v 7 -26 -166
v 7 -25 -166
v 7 -24 -166
v 7 -23 -166
v 8 -23 -166
v 9 -23 -166
v 10 -23 -166
v 11 -23 -166
v 12 -23 -166
v 12 -24 -166
v 12 -26 -167
v 12 -25 -167
v 12 -27 -167
v 12 -28 -167
v 11 -28 -167
v 10 -28 -167
v 9 -28 -167
v 8 -28 -167
v 7 -28 -167
v 7 -27 -167
v 7 -26 -167
v 7 -25 -167
v 7 -24 -167
v 7 -23 -167
v 8 -23 -167
v 9 -23 -167
v 10 -23 -167
v 11 -23 -167
v 12 -23 -167
v 12 -24 -167
v 12 -26 -168
v 12 -25 -168
v 12 -27 -168
v 12 -28 -168
v 11 -28 -168
v 10 -28 -168
v 9 -28 -168
v 8 -28 -168
v 7 -28 -168
v 7 -27 -168
v 7 -26 -168
v 7 -25 -168
v 7 -24 -168
v 7 -23 -168
v 8 -23 -168
v 9 -23 -168
v 10 -23 -168
v 11 -23 -168
v 12 -23 -168
v 12 -24 -168

vt -193.5 -26
vt -193.5 -25
vt -194.5 -26
vt -194.5 -25
vt -193.5 -27
vt -194.5 -27
vt -193.5 -28
vt -194.5 -28
vt 8 -193.5
vt 7 -193.5
vt 8 -194.5
vt 7 -194.5
vt 9 -193.5
vt 9 -194.5
vt 10 -193.5
vt 10 -194.5
vt 11 -193.5
vt 11 -194.5
vt 12 -193.5
vt 12 -194.5
vt -193.5 -24
vt -193.5 -23
vt -194.5 -24
vt -194.5 -23
vt -195.5 -26
vt -195.5 -25
vt -195.5 -27
vt -195.5 -28
vt 8 -195.5
vt 7 -195.5
vt 9 -195.5
vt 10 -195.5
vt 11 -195.5
vt 12 -195.5
vt -195.5 -24
vt -195.5 -23
vt -196.5 -26
vt -196.5 -25
vt -196.5 -27
vt -196.5 -28
vt 8 -196.5
vt 7 -196.5
vt 9 -196.5
vt 10 -196.5
vt 11 -196.5
vt 12 -196.5
vt -196.5 -24
vt -196.5 -23
vt -197.5 -26
vt -197.5 -25
vt -197.5 -27
vt -197.5 -28
vt 8 -197.5
vt 7 -197.5
vt 9 -197.5
vt 10 -197.5
vt 11 -197.5
vt 12 -197.5
vt -197.5 -24
vt -197.5 -23
vt -198.5 -26
vt -198.5 -25
vt -198.5 -27
vt -198.5 -28
vt 8 -198.5
vt 7 -198.5
vt 9 -198.5
vt 10 -198.5
vt 11 -198.5
vt 12 -198.5
vt -198.5 -24
vt -198.5 -23
vt -199.5 -26
vt -199.5 -25
vt -199.5 -27
vt -199.5 -28
vt 8 -199.5
vt 7 -199.5
vt 9 -199.5
vt 10 -199.5
vt 11 -199.5
vt 12 -199.5
vt -199.5 -24
vt -199.5 -23
vt -200.5 -26
vt -200.5 -25
vt -200.5 -27
vt -200.5 -28
vt 8 -200.5
vt 7 -200.5
vt 9 -200.5
vt 10 -200.5
vt 11 -200.5
vt 12 -200.5
vt -200.5 -24
vt -200.5 -23
vt -201.5 -26
vt -201.5 -25
vt -201.5 -27
vt -201.5 -28
vt 8 -201.5
vt 7 -201.5
vt 9 -201.5
vt 10 -201.5
vt 11 -201.5
vt 12 -201.5
vt -201.5 -24
vt -201.5 -23
vt -202.5 -26
vt -202.5 -25
vt -202.5 -27
vt -202.5 -28
vt 8 -202.5
vt 7 -202.5
vt 9 -202.5
vt 10 -202.5
vt 11 -202.5
vt 12 -202.5
vt -202.5 -24
vt -202.5 -23
vt -203.5 -26
vt -203.5 -25
vt -203.5 -27
vt -203.5 -28
vt 8 -203.5
vt 7 -203.5
vt 9 -203.5
vt 10 -203.5
vt 11 -203.5
vt 12 -203.5
vt -203.5 -24
vt -203.5 -23
vt -204.5 -26
vt -204.5 -25
vt -204.5 -27
vt -204.5 -28
vt 8 -204.5
vt 7 -204.5
vt 9 -204.5
vt 10 -204.5
vt 11 -204.5
vt 12 -204.5
vt -204.5 -24
vt -204.5 -23
vt -205.5 -26
vt -205.5 -25
vt -205.5 -27
vt -205.5 -28
vt 8 -205.5
vt 7 -205.5
vt 9 -205.5
vt 10 -205.5
vt 11 -205.5
vt 12 -205.5
vt -205.5 -24
vt -205.5 -23
vt -206.5 -26
vt -206.5 -25
vt -206.5 -27
vt -206.5 -28
vt -11 -205.5
vt -12 -205.5
vt -11 -206.5
vt -12 -206.5
vt -10 -205.5
vt -10 -206.5
vt 8 -206.5
vt 7 -206.5
vt 9 -206.5
vt 10 -206.5
vt 11 -206.5
vt 12 -206.5
vt -206.5 -24
vt -206.5 -23
vt -207.5 -26
vt -207.5 -25
vt -207.5 -27
vt -207.5 -28
vt -11 -207.5
vt -12 -207.5
vt -10 -207.5
vt -9 -206.5
vt -9 -207.5
vt -8 -206.5
vt -8 -207.5
vt -7 -206.5
vt -7 -207.5
vt 206.5 -27
vt 206.5 -28
vt 207.5 -27
vt 207.5 -28
vt 8 -207.5
vt 7 -207.5
vt 9 -207.5
vt 10 -207.5
vt 11 -207.5
vt 12 -207.5
vt -207.5 -24
vt -207.5 -23
vt -208.5 -26
vt -208.5 -25
vt -208.5 -27
vt -208.5 -28
vt -11 -208.5
vt -12 -208.5
vt -10 -208.5
vt -9 -208.5
vt -8 -208.5
vt -7 -208.5
vt 208.5 -27
vt 208.5 -28
vt 8 -208.5
vt 7 -208.5
vt 9 -208.5
vt 10 -208.5
vt 11 -208.5
vt 12 -208.5
vt -208.5 -24
vt -208.5 -23
vt -209.5 -26
vt -209.5 -25
vt -209.5 -27
vt -209.5 -28
vt -11 -209.5
vt -12 -209.5
vt -10 -209.5
vt -9 -209.5
vt -8 -209.5
vt -7 -209.5
vt 209.5 -27
vt 209.5 -28
vt 8 -209.5
vt 7 -209.5
vt 9 -209.5
vt 10 -209.5
vt 11 -209.5
vt 12 -209.5
vt -209.5 -24
vt -209.5 -23
vt -210.5 -26
vt -210.5 -25
vt -210.5 -27
vt -210.5 -28
vt -11 -210.5
vt -12 -210.5
vt -10 -210.5
vt -9 -210.5
vt -8 -210.5
vt -7 -210.5
vt 210.5 -27
vt 210.5 -28
vt 209.5 -26
vt 210.5 -26
vt 209.5 -25
vt 210.5 -25
vt 209.5 -24
vt 210.5 -24
vt 209.5 -23
vt 210.5 -23
vt 8 -210.5
vt 7 -210.5
vt 9 -210.5
vt 10 -210.5
vt 11 -210.5
vt 12 -210.5
vt -210.5 -24
vt -210.5 -23
vt -211.5 -26
vt -211.5 -25
vt -211.5 -27
vt -211.5 -28
vt -11 -211.5
vt -12 -211.5
vt -10 -211.5
vt -9 -211.5
vt -8 -211.5
vt -7 -211.5
vt 211.5 -27
vt 211.5 -28
vt 211.5 -26
vt 211.5 -25
vt 211.5 -24
vt 211.5 -23
vt 8 -211.5
vt 7 -211.5
vt 9 -211.5
vt 10 -211.5
vt 11 -211.5
vt 12 -211.5
vt -211.5 -24
vt -211.5 -23
vt -212.5 -26
vt -212.5 -25
vt -212.5 -27
vt -212.5 -28
vt -11 -212.5
vt -12 -212.5
vt -10 -212.5
vt -9 -212.5
vt -8 -212.5
vt -7 -212.5
vt 212.5 -27
vt 212.5 -28
vt 212.5 -26
vt 212.5 -25
vt 212.5 -24
vt 212.5 -23
vt 8 -212.5
vt 7 -212.5
vt 9 -212.5
vt 10 -212.5
vt 11 -212.5
vt 12 -212.5
vt -212.5 -24
vt -212.5 -23
vt 7 -23
vt 7 -24
vt 8 -23
vt 8 -24
vt 7 -25
vt 8 -25
vt 7 -26
vt 8 -26
vt 7 -27
vt 8 -27
vt 7 -28
vt 8 -28
vt 9 -23
vt 9 -24
vt 9 -25
vt 9 -26
vt 9 -27
vt 9 -28
vt 10 -23
vt 10 -24
vt 10 -25
vt 10 -26
vt 10 -27
vt 10 -28
vt 11 -23
vt 11 -24
vt 11 -25
vt 11 -26
vt 11 -27
vt 11 -28
vt 12 -23
vt 12 -24
vt 12 -25
vt 12 -26
vt 12 -27
vt 12 -28
vt -7 -205.5
vt -6.5 -205.5
vt -6.5 -206.5
vt -6.5 -207.5
vt -6.5 -208.5
vt -6.5 -209.5
vt -6.5 -204.5
vt -5 -204.5
vt -5 -205.5
vt -5 -206.5
vt -5 -207.5
vt -5 -208.5
vt -5 -209.5
vt -4 -207.5
vt -4 -208.5
vt -4 -209.5
vt -3 -207.5
vt -3 -208.5
vt -3 -209.5
vt -2 -208.5
vt -2 -209.5
vt 2 -193.5
vt 2 -194.5
vt 3 -193.5
vt 3 -194.5
vt 2 -195.5
vt 3 -195.5
vt 2 -196.5
vt 3 -196.5
vt 2 -197.5
vt 3 -197.5
vt 2 -198.5
vt 3 -198.5
vt 2 -199.5
vt 3 -199.5
vt 2 -200.5
vt 3 -200.5
vt 2 -201.5
vt 3 -201.5
vt 2 -202.5
vt 3 -202.5
vt 2 -203.5
vt 3 -203.5
vt 2 -204.5
vt 3 -204.5
vt 2 -205.5
vt 3 -205.5
vt 2 -206.5
vt 3 -206.5
vt 2 -207.5
vt 3 -207.5
vt 2 -208.5
vt 3 -208.5
vt 2 -209.5
vt 3 -209.5
vt 4 -193.5
vt 4 -194.5
vt 4 -195.5
vt 4 -196.5
vt 4 -197.5
vt 4 -198.5
vt 4 -199.5
vt 4 -200.5
vt 4 -201.5
vt 4 -202.5
vt 4 -203.5
vt 4 -204.5
vt 4 -205.5
vt 4 -206.5
vt 4 -207.5
vt 4 -208.5
vt 4 -209.5
vt 5 -193.5
vt 5 -194.5
vt 5 -195.5
vt 5 -196.5
vt 5 -197.5
vt 5 -198.5
vt 5 -199.5
vt 5 -200.5
vt 5 -201.5
vt 5 -202.5
vt 5 -203.5
vt 5 -204.5
vt 5 -205.5
vt 5 -206.5
vt 5 -207.5
vt 5 -208.5
vt 5 -209.5
vt 6 -193.5
vt 6 -194.5
vt 6 -195.5
vt 6 -196.5
vt 6 -197.5
vt 6 -198.5
vt 6 -199.5
vt 6 -200.5
vt 6 -201.5
vt 6 -202.5
vt 6 -203.5
vt 6 -204.5
vt 6 -205.5
vt 6 -206.5
vt 6 -207.5
vt 6 -208.5
vt 6 -209.5
vt 6 -23
vt 6 -24
vt 6 -25
vt 6 -26
vt 6 -27
vt 208.5 -26
vt 207.5 -26
vt 206.5 -26
vt 209.5 -25.5
vt 208.5 -25.5
vt -208.5 -25.5
vt -209.5 -25.5
vt 207.5 -25.5
vt -207.5 -25.5
vt 206.5 -25.5
vt -206.5 -25.5
vt 205.5 -26
vt 205.5 -25.5
vt -205.5 -25.5
vt -204.5 -25.5
vt -6.5 -26
vt -7 -26
vt -6.5 -25.5
vt -7 -25.5
vt -7 -23
vt -7 -24
vt -6 -23
vt -6 -24
vt -7 -25
vt -6 -25
vt -6 -26
vt -7 -27
vt -6 -27
vt -5 -23
vt -5 -24
vt -5 -25
vt -5 -26
vt -5 -27
vt -4 -23
vt -4 -24
vt -4 -25
vt -4 -26
vt -4 -27
vt -3 -23
vt -3 -24
vt -3 -25
vt -3 -26
vt -3 -27
vt -2 -23
vt -2 -24
vt -2 -25
vt -2 -26
vt -2 -27
vt -203.5 -25.5
vt 5 -24
vt 5 -23
vt 5 -25
vt 5 -26
vt 5 -27
vt 4 -24
vt 4 -23
vt 4 -25
vt 4 -26
vt 4 -27
vt 3 -24
vt 3 -23
vt 3 -25
vt 3 -26
vt 3 -27
vt 2 -24
vt 2 -23
vt 2 -25
vt 2 -26
vt 2 -27
vt 1 -24
vt 1 -23
vt 1 -25
vt 1 -26
vt 1 -27
vt 0.5 -24
vt 0.5 -23
vt 0.5 -25
vt 0.5 -26
vt 0.5 -27
vt -0.5 -24
vt -0.5 -23
vt -0.5 -25
vt -0.5 -26
vt -0.5 -27
vt -1 -24
vt -1 -23
vt -1 -25
vt -1 -26
vt -1 -27
vt -0.5 -209.5
vt 0.5 -209.5
vt -0.5 -208.5
vt 0.5 -208.5
vt -1 -209.5
vt -1 -208.5
vt 1 -206.5
vt 1 -205.5
vt 1 -204.5
vt 0.5 -205.5
vt 0.5 -204.5
vt -0.5 -205.5
vt -0.5 -204.5
vt -1 -204.5
vt -2 -204.5
vt -1 -205.5
vt -2 -205.5
vt -1 -206.5
vt -2 -206.5
vt -0.5 -206.5
vt 0.5 -206.5
vt -1 -207.5
vt -2 -207.5
vt -0.5 -207.5
vt 0.5 -207.5
vt 1 -207.5
vt 1 -208.5
vt 1 -209.5
vt 208.5 -23
vt 208.5 -24
vt 208.5 -25
vt 205.5 -25
vt 204.5 -25
vt 204.5 -26
vt 205.5 -27
vt 204.5 -27
vt 1 -204.75
vt 2 -204.75
vt 0.5 -204.75
vt -204.75 -26
vt -204.75 -27
vt -204.75 -25
vt -0.5 -204.75
vt 204.75 -26
vt 204.75 -25
vt -1 -204.75
vt 204.75 -27
vt 203.5 -27
vt 203.5 -26
vt 202.5 -27
vt 202.5 -26
vt 0 -26
vt 0 -25
vt 0 -27
vt 204.5 -28
vt 203.5 -28
vt -0.5 -28
vt -1 -28
vt 0.5 -28
vt 1 -28
vt 0 -28
vt 202.5 -28
vt -1 -203.5
vt 0 -203.5
vt 0 -204.5
vt -1 -202.5
vt 0 -202.5
vt 1 -203.5
vt 1 -202.5
vt 0 -24
vt 0 -23
vt -11 -193.5
vt -12 -193.5
vt -11 -194.5
vt -12 -194.5
vt -10 -193.5
vt -10 -194.5
vt -9 -193.5
vt -9 -194.5
vt -8 -193.5
vt -8 -194.5
vt -7 -193.5
vt -7 -194.5
vt 193.5 -27
vt 193.5 -28
vt 194.5 -27
vt 194.5 -28
vt -11 -195.5
vt -12 -195.5
vt -10 -195.5
vt -9 -195.5
vt -8 -195.5
vt -7 -195.5
vt 195.5 -27
vt 195.5 -28
vt -11 -196.5
vt -12 -196.5
vt -10 -196.5
vt -9 -196.5
vt -8 -196.5
vt -7 -196.5
vt 196.5 -27
vt 196.5 -28
vt -11 -197.5
vt -12 -197.5
vt -10 -197.5
vt -9 -197.5
vt -8 -197.5
vt -7 -197.5
vt 197.5 -27
vt 197.5 -28
vt -11 -198.5
vt -12 -198.5
vt -10 -198.5
vt -9 -198.5
vt -8 -198.5
vt -7 -198.5
vt 198.5 -27
vt 198.5 -28
vt -11 -199.5
vt -12 -199.5
vt -10 -199.5
vt -9 -199.5
vt -8 -199.5
vt -7 -199.5
vt 199.5 -27
vt 199.5 -28
vt -11 -200.5
vt -12 -200.5
vt -10 -200.5
vt -9 -200.5
vt -8 -200.5
vt -7 -200.5
vt 200.5 -27
vt 200.5 -28
vt -11 -201.5
vt -12 -201.5
vt -10 -201.5
vt -9 -201.5
vt -8 -201.5
vt -7 -201.5
vt 201.5 -27
vt 201.5 -28
vt -11 -202.5
vt -12 -202.5
vt -10 -202.5
vt -9 -202.5
vt -8 -202.5
vt -7 -202.5
vt -11 -203.5
vt -12 -203.5
vt -10 -203.5
vt -9 -203.5
vt -8 -203.5
vt -7 -203.5
vt -11 -204.5
vt -12 -204.5
vt -10 -204.5
vt -9 -204.5
vt -8 -204.5
vt -7 -204.5
vt -9 -205.5
vt -8 -205.5
vt 205.5 -28
vt -6 -193.5
vt -6 -194.5
vt -6 -195.5
vt -6 -196.5
vt -6 -197.5
vt -6 -198.5
vt -6 -199.5
vt -6 -200.5
vt -6 -201.5
vt -6 -202.5
vt -6 -203.5
vt -6.5 -203.5
vt -5 -193.5
vt -5 -194.5
vt -5 -195.5
vt -5 -196.5
vt -5 -197.5
vt -5 -198.5
vt -5 -199.5
vt -5 -200.5
vt -5 -201.5
vt -5 -202.5
vt -5 -203.5
vt -4 -193.5
vt -4 -194.5
vt -4 -195.5
vt -4 -196.5
vt -4 -197.5
vt -4 -198.5
vt -4 -199.5
vt -4 -200.5
vt -4 -201.5
vt -4 -202.5
vt -4 -203.5
vt -4 -204.5
vt -4 -205.5
vt -4 -206.5
vt -3 -193.5
vt -3 -194.5
vt -3 -195.5
vt -3 -196.5
vt -3 -197.5
vt -3 -198.5
vt -3 -199.5
vt -3 -200.5
vt -3 -201.5
vt -3 -202.5
vt -3 -203.5
vt -3 -204.5
vt -3 -205.5
vt -3 -206.5
vt -2 -193.5
vt -2 -194.5
vt -2 -195.5
vt -2 -196.5
vt -2 -197.5
vt -2 -198.5
vt -2 -199.5
vt -2 -200.5
vt -2 -201.5
vt -2 -202.5
vt -2 -203.5
vt 193.5 -26
vt 194.5 -26
vt 195.5 -26
vt 196.5 -26
vt 197.5 -26
vt 198.5 -26
vt 199.5 -26
vt 200.5 -26
vt 201.5 -26
vt 193.5 -25
vt 194.5 -25
vt 195.5 -25
vt 196.5 -25
vt 197.5 -25
vt 198.5 -25
vt 199.5 -25
vt 200.5 -25
vt 201.5 -25
vt 202.5 -25
vt 203.5 -25
vt 193.5 -24
vt 194.5 -24
vt 195.5 -24
vt 196.5 -24
vt 197.5 -24
vt 198.5 -24
vt 199.5 -24
vt 200.5 -24
vt 201.5 -24
vt 202.5 -24
vt 203.5 -24
vt 204.5 -24
vt 193.5 -23
vt 194.5 -23
vt 195.5 -23
vt 196.5 -23
vt 197.5 -23
vt 198.5 -23
vt 199.5 -23
vt 200.5 -23
vt 201.5 -23
vt 202.5 -23
vt 203.5 -23
vt 204.5 -23
vt 204.5 -25.5
vt 6.5 -27
vt 6.5 -26
vt 203.5 -25.5
vt 7 -25.5
vt 6.5 -25.5
vt 205.5 -23
vt 205.5 -24
vt 206.5 -23
vt 206.5 -24
vt 207.5 -23
vt 207.5 -24
vt 206.5 -25
vt 207.5 -25
vt 204.75 -24
vt 204.75 -23
vt -0.5 0
vt 0.5 0
vt -0.5 1
vt 0.5 1
vt -1 0
vt -1 1
vt 1 0
vt 1 1
vt -0.5 2
vt 0.5 2
vt -1 2
vt 1 2
vt 0.5 -1
vt -0.5 -1
vt -1 -1
vt 1 -1
vt -0.5 -2
vt -1 -2
vt 0.5 -2
vt 1 -2
vt -0.5 -3
vt -1 -3
vt 0.5 -3
vt 1 -3
vt -0.5 -4
vt -1 -4
vt 0.5 -4
vt 1 -4
vt -0.5 -5
vt -1 -5
vt 0.5 -5
vt 1 -5
vt -0.5 -6
vt -1 -6
vt 0.5 -6
vt 1 -6
vt -0.5 -7
vt -1 -7
vt 0.5 -7
vt 1 -7
vt -0.5 -8
vt -1 -8
vt 0.5 -8
vt 1 -8
vt -0.5 -9
vt -1 -9
vt 0.5 -9
vt 1 -9
vt -0.5 -10
vt -1 -10
vt 0.5 -10
vt 1 -10
vt -0.5 -11
vt -1 -11
vt 0.5 -11
vt 1 -11
vt -0.5 -12
vt -1 -12
vt 0.5 -12
vt 1 -12
vt -0.5 -13
vt -1 -13
vt 0.5 -13
vt 1 -13
vt -0.5 -14
vt -1 -14
vt 0.5 -14
vt 1 -14
vt -0.5 -15
vt -1 -15
vt 0.5 -15
vt 1 -15
vt -0.5 -16
vt -1 -16
vt 0.5 -16
vt 1 -16
vt -0.5 -17
vt -1 -17
vt 0.5 -17
vt 1 -17
vt -0.5 -18
vt -1 -18
vt 0.5 -18
vt 1 -18
vt -0.5 -19
vt -1 -19
vt 0.5 -19
vt 1 -19
vt -0.5 -20
vt -1 -20
vt 0.5 -20
vt 1 -20
vt -0.5 -21
vt -1 -21
vt 0.5 -21
vt 1 -21
vt -0.5 -22
vt -1 -22
vt 0.5 -22
vt 1 -22
vt -0.5 3
vt 0.5 3
vt 1 3
vt -1 3
vt 2 2
vt 2 1
vt 2 3
vt -2 1
vt -2 2
vt -2 3
vt 1 4
vt 2 4
vt 0.5 4
vt -0.5 4
vt -1 4
vt -2 4
vt 1 5
vt 2 5
vt 0.5 5
vt -0.5 5
vt -1 5
vt -2 5
vt 1 6
vt 2 6
vt 0.5 6
vt -0.5 6
vt -1 6
vt -2 6
vt -3 1
vt -3 2
vt -3 3
vt -3 4
vt -4 1
vt -4 2
vt -4 3
vt -4 4
vt -5 1
vt -5 2
vt -5 3
vt -5 4
vt 0 6
vt 0 5
vt 0 4
vt 0 3
vt 0 2
vt 0 1
vt -3 5
vt -3 6
vt -4 5
vt -4 6
vt -5 5
vt -5 6
vt 3 3
vt 3 2
vt 3 1
vt 3 4
vt 3 5
vt 3 6
vt 4 3
vt 4 2
vt 4 1
vt 4 4
vt 4 5
vt 4 6
vt 5 3
vt 5 2
vt 5 1
vt 5 4
vt 5 5
vt 5 6
vt -6 1
vt -6 2
vt -6 3
vt -6 4
vt -6 5
vt -6 6
vt -7 1
vt -7 2
vt -7 3
vt -7 4
vt -7 5
vt -7 6
vt 6 6
vt 6 5
vt 6 4
vt 6 3
vt 6 2
vt 6 1
vt 7 6
vt 7 5
vt 7 4
vt 7 3
vt 7 2
vt 7 1
vt -6 0
vt -7 0
vt -5 0
vt -4 0
vt -3 0
vt -2 0
vt -6 -1
vt -7 -1
vt -5 -1
vt -4 -1
vt -3 -1
vt -2 -1
vt -6 -2
vt -7 -2
vt -5 -2
vt -4 -2
vt -3 -2
vt -2 -2
vt -6 -3
vt -7 -3
vt -5 -3
vt -4 -3
vt -3 -3
vt -2 -3
vt -6 -4
vt -7 -4
vt -5 -4
vt -4 -4
vt -3 -4
vt -2 -4
vt -6 -5
vt -7 -5
vt -5 -5
vt -4 -5
vt -3 -5
vt -2 -5
vt -6 -6
vt -7 -6
vt -5 -6
vt -4 -6
vt -3 -6
vt -2 -6
vt -6 -7
vt -7 -7
vt -5 -7
vt -4 -7
vt -3 -7
vt -2 -7
vt -6 -8
vt -7 -8
vt -5 -8
vt -4 -8
vt -3 -8
vt -2 -8
vt -6.5 5
vt -6.5 6
vt 6.5 6
vt 6.5 5
vt -6.5 -27
vt -6.5 4
vt 6.5 4
vt -6.5 3
vt 6.5 3
vt -6.5 2
vt 6.5 2
vt -6.5 1
vt 6.5 1
vt 6.5 0
vt 7 0
vt -6.5 0
vt -5 -28
vt -6 -28
vt -4 -28
vt -3 -28
vt -2 -28
vt 2 -28
vt 3 -28
vt 4 -28
vt 5 -28
vt 6 -28
vt -8 5
vt -8 6
vt -8 4
vt -8 3
vt -8 2
vt -8 1
vt -8 0
vt -8 -1
vt -8 -2
vt -8 -3
vt -8 -4
vt -8 -5
vt -8 -6
vt -8 -7
vt -8 -8
vt -9 5
vt -9 6
vt -9 4
vt -9 3
vt -9 2
vt -9 1
vt -9 0
vt -9 -1
vt -9 -2
vt -9 -3
vt -9 -4
vt -9 -5
vt -9 -6
vt -9 -7
vt -9 -8
vt -10 5
vt -10 6
vt -10 4
vt -10 3
vt -10 2
vt -10 1
vt -10 0
vt -10 -1
vt -10 -2
vt -10 -3
vt -10 -4
vt -10 -5
vt -10 -6
vt -10 -7
vt -10 -8
vt -11 5
vt -11 6
vt -11 4
vt -11 3
vt -11 2
vt -11 1
vt -11 0
vt -11 -1
vt -11 -2
vt -11 -3
vt -11 -4
vt -11 -5
vt -11 -6
vt -11 -7
vt -11 -8
vt -12 5
vt -12 6
vt -12 4
vt -12 3
vt -12 2
vt -12 1
vt -12 0
vt -12 -1
vt -12 -2
vt -12 -3
vt -12 -4
vt -12 -5
vt -12 -6
vt -12 -7
vt -12 -8
vt -7 -28
vt -8 -28
vt -8 -27
vt -8 -26
vt -8 -25
vt -8 -24
vt -8 -23
vt 12 5
vt 12 6
vt 11 5
vt 11 6
vt 12 4
vt 11 4
vt 12 3
vt 11 3
vt 12 2
vt 11 2
vt 12 1
vt 11 1
vt 12 0
vt 11 0
vt 12 -1
vt 11 -1
vt 12 -2
vt 11 -2
vt 12 -3
vt 11 -3
vt 12 -4
vt 11 -4
vt 12 -5
vt 11 -5
vt 12 -6
vt 11 -6
vt 12 -7
vt 11 -7
vt 12 -8
vt 11 -8
vt 10 5
vt 10 6
vt 10 4
vt 10 3
vt 10 2
vt 10 1
vt 10 0
vt 10 -1
vt 10 -2
vt 10 -3
vt 10 -4
vt 10 -5
vt 10 -6
vt 10 -7
vt 10 -8
vt 9 5
vt 9 6
vt 9 4
vt 9 3
vt 9 2
vt 9 1
vt 9 0
vt 9 -1
vt 9 -2
vt 9 -3
vt 9 -4
vt 9 -5
vt 9 -6
vt 9 -7
vt 9 -8
vt 8 5
vt 8 6
vt 8 4
vt 8 3
vt 8 2
vt 8 1
vt 8 0
vt 8 -1
vt 8 -2
vt 8 -3
vt 8 -4
vt 8 -5
vt 8 -6
vt 8 -7
vt 8 -8
vt 7 -1
vt 7 -2
vt 7 -3
vt 7 -4
vt 7 -5
vt 7 -6
vt 7 -7
vt 7 -8
vt 11 7
vt 12 7
vt 10 7
vt 9 7
vt 8 7
vt 7 7
vt -8 7
vt -7 7
vt -9 7
vt -10 7
vt -11 7
vt -12 7
vt 11 8
vt 12 8
vt 10 8
vt 9 8
vt 8 8
vt 7 8
vt -8 8
vt -7 8
vt -9 8
vt -10 8
vt -11 8
vt -12 8
vt 11 9
vt 12 9
vt 10 9
vt 9 9
vt 8 9
vt 7 9
vt -9 -24
vt -9 -23
vt -9 -25
vt -9 -26
vt -9 -27
vt -9 -28
vt -8 9
vt -7 9
vt -9 9
vt -10 9
vt -11 9
vt -12 9
vt 3 0
vt 2 0
vt 4 0
vt 5 0
vt 6 0
vt 3 -1
vt 2 -1
vt 4 -1
vt 5 -1
vt 6 -1
vt 3 -2
vt 2 -2
vt 4 -2
vt 5 -2
vt 6 -2
vt 3 -3
vt 2 -3
vt 4 -3
vt 5 -3
vt 6 -3
vt 3 -4
vt 2 -4
vt 4 -4
vt 5 -4
vt 6 -4
vt 3 -5
vt 2 -5
vt 4 -5
vt 5 -5
vt 6 -5
vt 3 -6
vt 2 -6
vt 4 -6
vt 5 -6
vt 6 -6
vt 3 -7
vt 2 -7
vt 4 -7
vt 5 -7
vt 6 -7
vt 3 -8
vt 2 -8
vt 4 -8
vt 5 -8
vt 6 -8
vt 0 -25.5
vt -1 -25.5
vt 1 -25.5
vt -2 -25.5
vt 2 -25.5
vt -3 -25.5
vt 3 -25.5
vt -4 -25.5
vt 4 -25.5
vt -5 -25.5
vt 5 -25.5
vt -6 -25.5
vt 6 -25.5
vt -11 -9
vt -12 -9
vt -10 -9
vt -9 -9
vt -8 -9
vt -7 -9
vt -6 -9
vt -5 -9
vt -4 -9
vt -3 -9
vt -2 -9
vt 12 -9
vt 11 -9
vt 10 -9
vt 9 -9
vt 8 -9
vt 7 -9
vt 6 -9
vt 5 -9
vt 4 -9
vt 3 -9
vt 2 -9
vt -10 -28
vt -10 -27
vt -11 -10
vt -12 -10
vt -10 -10
vt -10 -26
vt -9 -10
vt -8 -10
vt -10 -25
vt -7 -10
vt -10 -24
vt -6 -10
vt -5 -10
vt -10 -23
vt -4 -10
vt -3 -10
vt -2 -10
vt 12 -10
vt 11 -10
vt 10 -10
vt 9 -10
vt 8 -10
vt 7 -10
vt 6 -10
vt 5 -10
vt 4 -10
vt 3 -10
vt 2 -10
vt -7 -11
vt -8 -11
vt -9 -11
vt -10 -11
vt -11 -11
vt -12 -11
vt -11 -28
vt -11 -27
vt -11 -26
vt -11 -25
vt -11 -24
vt -11 -23
vt 12 -11
vt 11 -11
vt 8 -11
vt 7 -11
vt 9 -11
vt 10 -11
vt -7 -12
vt -8 -12
vt -9 -12
vt -10 -12
vt -11 -12
vt -12 -12
vt -12 -28
vt -12 -27
vt -12 -26
vt -12 -25
vt -12 -24
vt -12 -23
vt 12 -12
vt 11 -12
vt 8 -12
vt 7 -12
vt 9 -12
vt 10 -12
vt 13 -23
vt 13 -24
vt 13 -25
vt 13 -26
vt 13 -27
vt 13 -28
vt -7 -13
vt -8 -13
vt -9 -13
vt -10 -13
vt -11 -13
vt -12 -13
vt -13 -28
vt -13 -27
vt -13 -26
vt -13 -25
vt -13 -24
vt -13 -23
vt 12 -13
vt 11 -13
vt 8 -13
vt 7 -13
vt 9 -13
vt 10 -13
vt 14 -23
vt 14 -24
vt 14 -25
vt 14 -26
vt 14 -27
vt 15 -23
vt 15 -24
vt 15 -25
vt 15 -26
vt 15 -27
vt 16 -23
vt 16 -24
vt 16 -25
vt 16 -26
vt 16 -27
vt 17 -23
vt 17 -24
vt 17 -25
vt 17 -26
vt 17 -27
vt 18 -23
vt 18 -24
vt 18 -25
vt 18 -26
vt 18 -27
vt 19 -23
vt 19 -24
vt 19 -25
vt 19 -26
vt 19 -27
vt 20 -23
vt 20 -24
vt 20 -25
vt 20 -26
vt 20 -27
vt -3 -14
vt -3 -13
vt -4 -14
vt -4 -13
vt -3 -15
vt -4 -15
vt -3 -16
vt -4 -16
vt -3 -17
vt -4 -17
vt -3 -18
vt -4 -18
vt -3 -19
vt -4 -19
vt -3 -20
vt -4 -20
vt -5 -14
vt -5 -13
vt -5 -15
vt -5 -16
vt -5 -17
vt -5 -18
vt -5 -19
vt -5 -20
vt -6 -14
vt -6 -13
vt -6 -15
vt -6 -16
vt -6 -17
vt -6 -18
vt -6 -19
vt -6 -20
vt -7 -14
vt -7 -15
vt -7 -16
vt -7 -17
vt -7 -18
vt -7 -19
vt -7 -20
vt 14 -28
vt 15 -28
vt 16 -28
vt 17 -28
vt 18 -28
vt 19 -28
vt 20 -28
vt -8 -14
vt -8 -15
vt -8 -16
vt -8 -17
vt -8 -18
vt -8 -19
vt -8 -20
vt -9 -14
vt -9 -15
vt -9 -16
vt -9 -17
vt -9 -18
vt -9 -19
vt -9 -20
vt -10 -14
vt -10 -15
vt -10 -16
vt -10 -17
vt -10 -18
vt -10 -19
vt -10 -20
vt -11 -14
vt -11 -15
vt -11 -16
vt -11 -17
vt -11 -18
vt -11 -19
vt -11 -20
vt -12 -14
vt -12 -15
vt -12 -16
vt -12 -17
vt -12 -18
vt -12 -19
vt -12 -20
vt -14 -28
vt -14 -27
vt -15 -28
vt -15 -27
vt -16 -28
vt -16 -27
vt -17 -28
vt -17 -27
vt -18 -28
vt -18 -27
vt -19 -28
vt -19 -27
vt -20 -28
vt -20 -27
vt -14 -26
vt -15 -26
vt -16 -26
vt -17 -26
vt -18 -26
vt -19 -26
vt -20 -26
vt -14 -25
vt -15 -25
vt -16 -25
vt -17 -25
vt -18 -25
vt -19 -25
vt -20 -25
vt -14 -24
vt -15 -24
vt -16 -24
vt -17 -24
vt -18 -24
vt -19 -24
vt -20 -24
vt -14 -23
vt -15 -23
vt -16 -23
vt -17 -23
vt -18 -23
vt -19 -23
vt -20 -23
vt 12 -14
vt 11 -14
vt 12 -15
vt 11 -15
vt 12 -16
vt 11 -16
vt 12 -17
vt 11 -17
vt 12 -18
vt 11 -18
vt 12 -19
vt 11 -19
vt 12 -20
vt 11 -20
vt 10 -14
vt 10 -15
vt 10 -16
vt 10 -17
vt 10 -18
vt 10 -19
vt 10 -20
vt 9 -14
vt 9 -15
vt 9 -16
vt 9 -17
vt 9 -18
vt 9 -19
vt 9 -20
vt 8 -14
vt 8 -15
vt 8 -16
vt 8 -17
vt 8 -18
vt 8 -19
vt 8 -20
vt 7 -14
vt 7 -15
vt 7 -16
vt 7 -17
vt 7 -18
vt 7 -19
vt 7 -20
vt 6 -14
vt 6 -13
vt 6 -15
vt 6 -16
vt 6 -17
vt 6 -18
vt 6 -19
vt 6 -20
vt 5 -14
vt 5 -13
vt 5 -15
vt 5 -16
vt 5 -17
vt 5 -18
vt 5 -19
vt 5 -20
vt 4 -14
vt 4 -13
vt 4 -15
vt 4 -16
vt 4 -17
vt 4 -18
vt 4 -19
vt 4 -20
vt 3 -14
vt 3 -13
vt 3 -15
vt 3 -16
vt 3 -17
vt 3 -18
vt 3 -19
vt 3 -20
vt 8 -21
vt 7 -21
vt 9 -21
vt 10 -21
vt 11 -21
vt 12 -21
vt -21 -24
vt -21 -23
vt -21 -25
vt -21 -26
vt -21 -27
vt -21 -28
vt -11 -21
vt -12 -21
vt -10 -21
vt -9 -21
vt -8 -21
vt -7 -21
vt 21 -27
vt 21 -28
vt 21 -26
vt 21 -25
vt 21 -24
vt 21 -23
vt 8 -22
vt 7 -22
vt 9 -22
vt 10 -22
vt 11 -22
vt 12 -22
vt -22 -24
vt -22 -23
vt -22 -25
vt -22 -26
vt -22 -27
vt -22 -28
vt -11 -22
vt -12 -22
vt -10 -22
vt -9 -22
vt -8 -22
vt -7 -22
vt 22 -27
vt 22 -28
vt 22 -26
vt 22 -25
vt 22 -24
vt 22 -23
vt -23 -24
vt -23 -23
vt -23 -25
vt -23 -26
vt -23 -27
vt -23 -28
vt 23 -27
vt 23 -28
vt 23 -26
vt 23 -25
vt 23 -24
vt 23 -23
vt -24.74874 -24
vt -24.74874 -23
vt -26.16295 -24
vt -26.16295 -23
vt -24.74874 -25
vt -26.16295 -25
vt -24.74874 -26
vt -26.16295 -26
vt -24.74874 -27
vt -26.16295 -27
vt -24.74874 -28
vt -26.16295 -28
vt -27.57716 -24
vt -27.57716 -23
vt -27.57716 -25
vt -27.57716 -26
vt -27.57716 -27
vt -27.57716 -28
vt -28.99138 -24
vt -28.99138 -23
vt -28.99138 -25
vt -28.99138 -26
vt -28.99138 -27
vt -28.99138 -28
vt -30.40559 -24
vt -30.40559 -23
vt -30.40559 -25
vt -30.40559 -26
vt -30.40559 -27
vt -30.40559 -28
vt 26.87006 -23
vt 26.87006 -24
vt 28.28427 -23
vt 28.28427 -24
vt 26.87006 -25
vt 28.28427 -25
vt 26.87006 -26
vt 28.28427 -26
vt 26.87006 -27
vt 28.28427 -27
vt 26.87006 -28
vt 28.28427 -28
vt -27 -24
vt -27 -23
vt -28 -24
vt -28 -23
vt -27 -25
vt -28 -25
vt -27 -26
vt -28 -26
vt -27 -27
vt -28 -27
vt -27 -28
vt -28 -28
vt -29 -24
vt -29 -23
vt -29 -25
vt -29 -26
vt -29 -27
vt -29 -28
vt -30 -24
vt -30 -23
vt -30 -25
vt -30 -26
vt -30 -27
vt -30 -28
vt -31 -24
vt -31 -23
vt -31 -25
vt -31 -26
vt -31 -27
vt -31 -28
vt -32 -25
vt -32 -24
vt -32 -26
vt -32 -27
vt -32 -28
vt -33 -25
vt -33 -24
vt -33 -26
vt -33 -27
vt -33 -28
vt -34 -25
vt -34 -24
vt -34 -26
vt -34 -27
vt -34 -28
vt -16 -30
vt -16 -31
vt -15 -30
vt -15 -31
vt -14 -30
vt -14 -31
vt -13 -30
vt -13 -31
vt -12 -30
vt -12 -31
vt -11 -30
vt -11 -31
vt -12 -29
vt -11 -29
vt -15 -29
vt -16 -29
vt -14 -29
vt -13 -29
vt 29 -23
vt 29 -24
vt 30 -23
vt 30 -24
vt 29 -25
vt 30 -25
vt 29 -26
vt 30 -26
vt 29 -27
vt 30 -27
vt 29 -28
vt 30 -28
vt 31 -23
vt 31 -24
vt 31 -25
vt 31 -26
vt 31 -27
vt 31 -28
vt 32 -23
vt 32 -24
vt 32 -25
vt 32 -26
vt 32 -27
vt 32 -28
vt 33 -23
vt 33 -24
vt 33 -25
vt 33 -26
vt 33 -27
vt 33 -28
vt 34 -23
vt 34 -24
vt 34 -25
vt 34 -26
vt 34 -27
vt 34 -28
vt -13.43503 -24
vt -13.43503 -23
vt -14.84924 -24
vt -14.84924 -23
vt -13.43503 -25
vt -14.84924 -25
vt -13.43503 -26
vt -14.84924 -26
vt -13.43503 -27
vt -14.84924 -27
vt -13.43503 -28
vt -14.84924 -28
vt -32 -23
vt -33 -23
vt -34 -23
vt 11.31371 -23
vt 11.31371 -24
vt 12.72792 -23
vt 12.72792 -24
vt 11.31371 -25
vt 12.72792 -25
vt 11.31371 -26
vt 12.72792 -26
vt 11.31371 -27
vt 12.72792 -27
vt 11.31371 -28
vt 12.72792 -28
vt 14.14214 -23
vt 14.14214 -24
vt 14.14214 -25
vt 14.14214 -26
vt 14.14214 -27
vt 14.14214 -28
vt 15.55635 -23
vt 15.55635 -24
vt 15.55635 -25
vt 15.55635 -26
vt 15.55635 -27
vt 15.55635 -28
vt 16.97056 -23
vt 16.97056 -24
vt 16.97056 -25
vt 16.97056 -26
vt 16.97056 -27
vt 16.97056 -28
vt 27 -23
vt 27 -24
vt 28 -23
vt 28 -24
vt 27 -25
vt 28 -25
vt 27 -26
vt 28 -26
vt 27 -27
vt 28 -27
vt 27 -28
vt 28 -28
vt -7 -29
vt -8 -29
vt -3 -29
vt -4 -29
vt -5 -29
vt -6 -29
vt 35 -27
vt 35 -28
vt 35 -23
vt 35 -24
vt 35 -25
vt 35 -26
vt 18.38478 -23
vt 18.38478 -24
vt 18.38478 -25
vt 18.38478 -26
vt 18.38478 -27
vt 18.38478 -28
vt -31.8198 -23
vt -31.8198 -24
vt -31.8198 -25
vt -31.8198 -26
vt -31.8198 -27
vt -31.8198 -28
vt -35 -23
vt -35 -24
vt -35 -25
vt -35 -26
vt -35 -27
vt -35 -28
vt -3 -30
vt -4 -30
vt -5 -30
vt -6 -30
vt -7 -30
vt -8 -30
vt -3 -31
vt -4 -31
vt -5 -31
vt -6 -31
vt -7 -31
vt -8 -31
vt -3 -32
vt -4 -32
vt -5 -32
vt -6 -32
vt -7 -32
vt -8 -32
vt -11 -32
vt -12 -32
vt -13 -32
vt -14 -32
vt -15 -32
vt -16 -32
vt -3 -33
vt -4 -33
vt -5 -33
vt -6 -33
vt -7 -33
vt -8 -33
vt -11 -33
vt -12 -33
vt -13 -33
vt -14 -33
vt -15 -33
vt -16 -33
vt -3 -34
vt -4 -34
vt -5 -34
vt -6 -34
vt -7 -34
vt -8 -34
vt -11 -34
vt -12 -34
vt -13 -34
vt -14 -34
vt -15 -34
vt -16 -34
vt -3 -35
vt -4 -35
vt -5 -35
vt -6 -35
vt -7 -35
vt -8 -35
vt -11 -35
vt -12 -35
vt -13 -35
vt -14 -35
vt -15 -35
vt -16 -35
vt -3 -36
vt -4 -36
vt -5 -36
vt -6 -36
vt -7 -36
vt -8 -36
vt -11 -36
vt -12 -36
vt -13 -36
vt -14 -36
vt -15 -36
vt -16 -36
vt -3 -37
vt -4 -37
vt -5 -37
vt -6 -37
vt -7 -37
vt -8 -37
vt -11 -37
vt -12 -37
vt -13 -37
vt -14 -37
vt -15 -37
vt -16 -37
vt -4 -38
vt -5 -38
vt -6 -38
vt -7 -38
vt -8 -38
vt -11 -38
vt -12 -38
vt -13 -38
vt -14 -38
vt -15 -38
vt -5 -39
vt -6 -39
vt -7 -39
vt -8 -39
vt -11 -39
vt -12 -39
vt -13 -39
vt -14 -39
vt -6 -40
vt -7 -40
vt -8 -40
vt -11 -40
vt -12 -40
vt -13 -40
vt 36 -23
vt 36 -24
vt 36 -25
vt 36 -26
vt 36 -27
vt 36 -28
vt 37 -23
vt 37 -24
vt 37 -25
vt 37 -26
vt 37 -27
vt 37 -28
vt 29.69848 -23
vt 29.69848 -24
vt 29.69848 -25
vt 29.69848 -26
vt 29.69848 -27
vt 29.69848 -28
vt 31.1127 -23
vt 31.1127 -24
vt 31.1127 -25
vt 31.1127 -26
vt 31.1127 -27
vt 31.1127 -28
vt 32.52691 -23
vt 32.52691 -24
vt 32.52691 -25
vt 32.52691 -26
vt 32.52691 -27
vt 32.52691 -28
vt 33.94112 -23
vt 33.94112 -24
vt 33.94112 -25
vt 33.94112 -26
vt 33.94112 -27
vt 33.94112 -28
vt -9 -39
vt -9 -38
vt -9 -40
vt -9 -37
vt -9 -36
vt -10 -39
vt -10 -38
vt -10 -40
vt -10 -37
vt -10 -36
vt -7 -41
vt -8 -41
vt -9 -41
vt -10 -41
vt -11 -41
vt -12 -41
vt -7 -42
vt -8 -42
vt -9 -42
vt -10 -42
vt -11 -42
vt -12 -42
vt -7 -43
vt -8 -43
vt -9 -43
vt -10 -43
vt -11 -43
vt -12 -43
vt -7 -44
vt -8 -44
vt -9 -44
vt -10 -44
vt -11 -44
vt -12 -44
vt -36 -24
vt -36 -23
vt -36 -25
vt -36 -26
vt -36 -27
vt -36 -28
vt -37 -24
vt -37 -23
vt -37 -25
vt -37 -26
vt -37 -27
vt -37 -28
vt -16.26345 -24
vt -16.26345 -23
vt -16.26345 -25
vt -16.26345 -26
vt -16.26345 -27
vt -16.26345 -28
vt -17.67767 -24
vt -17.67767 -23
vt -17.67767 -25
vt -17.67767 -26
vt -17.67767 -27
vt -17.67767 -28
vt -19.09188 -24
vt -19.09188 -23
vt -19.09188 -25
vt -19.09188 -26
vt -19.09188 -27
vt -19.09188 -28
vt -20.5061 -24
vt -20.5061 -23
vt -20.5061 -25
vt -20.5061 -26
vt -20.5061 -27
vt -20.5061 -28
vt -41 -24
vt -41 -23
vt -42 -24
vt -42 -23
vt -41 -25
vt -42 -25
vt -41 -26
vt -42 -26
vt -41 -27
vt -42 -27
vt -41 -28
vt -42 -28
vt -43 -24
vt -43 -23
vt -43 -25
vt -43 -26
vt -43 -27
vt -43 -28
vt -44 -24
vt -44 -23
vt -44 -25
vt -44 -26
vt -44 -27
vt -44 -28
vt 41 -23
vt 41 -24
vt 42 -23
vt 42 -24
vt 41 -25
vt 42 -25
vt 41 -26
vt 42 -26
vt 41 -27
vt 42 -27
vt 41 -28
vt 42 -28
vt 43 -23
vt 43 -24
vt 43 -25
vt 43 -26
vt 43 -27
vt 43 -28
vt 44 -23
vt 44 -24
vt 44 -25
vt 44 -26
vt 44 -27
vt 44 -28
vt 4 -29
vt 3 -29
vt 5 -29
vt 6 -29
vt 7 -29
vt 8 -29
vt 12 -29
vt 11 -29
vt 13 -29
vt 14 -29
vt 15 -29
vt 16 -29
vt 4 -30
vt 3 -30
vt 5 -30
vt 6 -30
vt 7 -30
vt 8 -30
vt 12 -30
vt 11 -30
vt 13 -30
vt 14 -30
vt 15 -30
vt 16 -30
vt 4 -31
vt 3 -31
vt 5 -31
vt 6 -31
vt 7 -31
vt 8 -31
vt 12 -31
vt 11 -31
vt 13 -31
vt 14 -31
vt 15 -31
vt 16 -31
vt 4 -32
vt 3 -32
vt 5 -32
vt 6 -32
vt 7 -32
vt 8 -32
vt 12 -32
vt 11 -32
vt 13 -32
vt 14 -32
vt 15 -32
vt 16 -32
vt 4 -33
vt 3 -33
vt 5 -33
vt 6 -33
vt 7 -33
vt 8 -33
vt 12 -33
vt 11 -33
vt 13 -33
vt 14 -33
vt 15 -33
vt 16 -33
vt 4 -34
vt 3 -34
vt 5 -34
vt 6 -34
vt 7 -34
vt 8 -34
vt 12 -34
vt 11 -34
vt 13 -34
vt 14 -34
vt 15 -34
vt 16 -34
vt 4 -35
vt 3 -35
vt 5 -35
vt 6 -35
vt 7 -35
vt 8 -35
vt 12 -35
vt 11 -35
vt 13 -35
vt 14 -35
vt 15 -35
vt 16 -35
vt 4 -36
vt 3 -36
vt 5 -36
vt 6 -36
vt 7 -36
vt 8 -36
vt 12 -36
vt 11 -36
vt 13 -36
vt 14 -36
vt 15 -36
vt 16 -36
vt 4 -37
vt 3 -37
vt 5 -37
vt 6 -37
vt 7 -37
vt 8 -37
vt 12 -37
vt 11 -37
vt 13 -37
vt 14 -37
vt 15 -37
vt 16 -37
vt 15 -38
vt 14 -38
vt 13 -38
vt 14 -39
vt 13 -39
vt 12 -38
vt 12 -39
vt 13 -40
vt 12 -40
vt 10 -37
vt 10 -36
vt 9 -37
vt 9 -36
vt 8 -38
vt 7 -38
vt 6 -38
vt 5 -38
vt 4 -38
vt 8 -39
vt 7 -39
vt 6 -39
vt 5 -39
vt 8 -40
vt 7 -40
vt 6 -40
vt 8 -41
vt 7 -41
vt 11 -38
vt 11 -39
vt 11 -40
vt 12 -41
vt 11 -41
vt 10 -38
vt 9 -38
vt 10 -39
vt 9 -39
vt 10 -40
vt 9 -40
vt 10 -41
vt 9 -41
vt 12 -42
vt 11 -42
vt 8 -42
vt 7 -42
vt 10 -42
vt 9 -42
vt 12 -43
vt 11 -43
vt 8 -43
vt 7 -43
vt 10 -43
vt 9 -43
vt 12 -44
vt 11 -44
vt 8 -44
vt 7 -44
vt 10 -44
vt 9 -44
vt -9 -30
vt -9 -31
vt -10 -30
vt -10 -31
vt -10 -32
vt -9 -32
vt 9 -32
vt 10 -32
vt 9 -33
vt 10 -33
vt -10 -33
vt -9 -33
vt 9 -34
vt 10 -34
vt -10 -34
vt -9 -34
vt -17 -34
vt -17 -35
vt -17 -33
vt -17 -31
vt -17 -32
vt -18 -34
vt -18 -35
vt -18 -33
vt -18 -31
vt -18 -32
vt -19 -33
vt -19 -34
vt 18 -34
vt 18 -33
vt 19 -34
vt 19 -33
vt -20 -33
vt -20 -34
vt 20 -34
vt 20 -33
vt -45 -26
vt -45 -25
vt -45 -27
vt -45 -28
vt -12 -45
vt -7 -45
vt 45 -27
vt 45 -28
vt 45 -26
vt 45 -25
vt 45 -24
vt 45 -23
vt 8 -45
vt 7 -45
vt 9 -45
vt 10 -45
vt 11 -45
vt 12 -45
vt -45 -24
vt -45 -23
vt -46 -26
vt -46 -25
vt -46 -27
vt -46 -28
vt 46 -27
vt 46 -28
vt 46 -26
vt 46 -25
vt 46 -24
vt 46 -23
vt 8 -46
vt 7 -46
vt 9 -46
vt 10 -46
vt 11 -46
vt 12 -46
vt -46 -24
vt -46 -23
vt -47 -26
vt -47 -25
vt -47 -27
vt -47 -28
vt 47 -27
vt 47 -28
vt 47 -26
vt 47 -25
vt 47 -24
vt 47 -23
vt 8 -47
vt 7 -47
vt 9 -47
vt 10 -47
vt 11 -47
vt 12 -47
vt -47 -24
vt -47 -23
vt -48 -26
vt -48 -25
vt -48 -27
vt -48 -28
vt 48 -27
vt 48 -28
vt 48 -26
vt 48 -25
vt 48 -24
vt 48 -23
vt 8 -48
vt 7 -48
vt 9 -48
vt 10 -48
vt 11 -48
vt 12 -48
vt -48 -24
vt -48 -23
vt -49 -26
vt -49 -25
vt -49 -27
vt -49 -28
vt -12 -48
vt -11 -49
vt -12 -49
vt -7 -48
vt -7 -49
vt -8 -49
vt 49 -27
vt 49 -28
vt 49 -26
vt 49 -25
vt 49 -24
vt 49 -23
vt 8 -49
vt 7 -49
vt 9 -49
vt 10 -49
vt 11 -49
vt 12 -49
vt -49 -24
vt -49 -23
vt -50 -26
vt -50 -25
vt -50 -27
vt -50 -28
vt -11 -50
vt -12 -50
vt -10 -49
vt -10 -50
vt -9 -49
vt -9 -50
vt -8 -50
vt -7 -50
vt 50 -27
vt 50 -28
vt 50 -26
vt 50 -25
vt 50 -24
vt 50 -23
vt 8 -50
vt 7 -50
vt 9 -50
vt 10 -50
vt 11 -50
vt 12 -50
vt -50 -24
vt -50 -23
vt -51 -26
vt -51 -25
vt -51 -27
vt -51 -28
vt -11 -51
vt -12 -51
vt -10 -51
vt -9 -51
vt -8 -51
vt -7 -51
vt 51 -27
vt 51 -28
vt 51 -26
vt 51 -25
vt 51 -24
vt 51 -23
vt 8 -51
vt 7 -51
vt 9 -51
vt 10 -51
vt 11 -51
vt 12 -51
vt -51 -24
vt -51 -23
vt -52 -26
vt -52 -25
vt -52 -27
vt -52 -28
vt -11 -52
vt -12 -52
vt -10 -52
vt -9 -52
vt -8 -52
vt -7 -52
vt 52 -27
vt 52 -28
vt 52 -26
vt 52 -25
vt 52 -24
vt 52 -23
vt 8 -52
vt 7 -52
vt 9 -52
vt 10 -52
vt 11 -52
vt 12 -52
vt -52 -24
vt -52 -23
vt -53 -26
vt -53 -25
vt -53 -27
vt -53 -28
vt -11 -53
vt -12 -53
vt -10 -53
vt -9 -53
vt -8 -53
vt -7 -53
vt 53 -27
vt 53 -28
vt 8 -53
vt 7 -53
vt 9 -53
vt 10 -53
vt 11 -53
vt 12 -53
vt -53 -24
vt -53 -23
vt -54 -26
vt -54 -25
vt -54 -27
vt -54 -28
vt -11 -54
vt -12 -54
vt -10 -54
vt -9 -54
vt -8 -54
vt -7 -54
vt 54 -27
vt 54 -28
vt 8 -54
vt 7 -54
vt 9 -54
vt 10 -54
vt 11 -54
vt 12 -54
vt -54 -24
vt -54 -23
vt -55 -26
vt -55 -25
vt -55 -27
vt -55 -28
vt -11 -55
vt -12 -55
vt -10 -55
vt -9 -55
vt -8 -55
vt -7 -55
vt 55 -27
vt 55 -28
vt 8 -55
vt 7 -55
vt 9 -55
vt 10 -55
vt 11 -55
vt 12 -55
vt -55 -24
vt -55 -23
vt -56 -26
vt -56 -25
vt -56 -27
vt -56 -28
vt -11 -56
vt -12 -56
vt -10 -56
vt -9 -56
vt -8 -56
vt -7 -56
vt 56 -27
vt 56 -28
vt 8 -56
vt 7 -56
vt 9 -56
vt 10 -56
vt 11 -56
vt 12 -56
vt -56 -24
vt -56 -23
vt 9 -31
vt 9 -30
vt 10 -31
vt 10 -30
vt 18 -32
vt 18 -31
vt 17 -32
vt 17 -31
vt 17 -33
vt 17 -34
vt 18 -35
vt 17 -35
vt 10.25 -26
vt 10.25 -27
vt 10.25 -25
vt 10.25 -24
vt 10.25 -23
vt 10.25 -31
vt 10.25 -32
vt 10.25 -30
vt -10.25 -24
vt -10.25 -23
vt -10.25 -25
vt -10.25 -26
vt -10.25 -27
vt -10.25 -31
vt -10.25 -30
vt -10.25 -32
vt 10.5 -26
vt 10.5 -27
vt 10.5 -25
vt 10.5 -24
vt 10.5 -23
vt 10.5 -31
vt 10.5 -32
vt 10.5 -30
vt -10.5 -24
vt -10.5 -23
vt -10.5 -25
vt -10.5 -26
vt -10.5 -27
vt -10.5 -31
vt -10.5 -30
vt -10.5 -32
vt 10.75 -26
vt 10.75 -27
vt 10.75 -25
vt 10.75 -24
vt 10.75 -23
vt 10.75 -31
vt 10.75 -32
vt 10.75 -30
vt -10.75 -24
vt -10.75 -23
vt -10.75 -25
vt -10.75 -26
vt -10.75 -27
vt -10.75 -31
vt -10.75 -30
vt -10.75 -32
vt -1.25 -26
vt -1.25 -27
vt -1.25 -25
vt -1.25 -24
vt -1.25 -23
vt 0.5 1.25
vt -0.5 1.25
vt 1.25 -27
vt 1.25 -26
vt 1.25 -25
vt 0.5 0.5
vt -0.5 0.5
vt 0.5 -0.5
vt -0.5 -0.5
vt -1 -0.5
vt -1 0.5
vt 1 0.5
vt 1 -0.5
vt 47 -29
vt 46 -29
vt 48 -29
vt 40.30508 -28
vt 38.89087 -28
vt 40.30508 -29
vt 38.89087 -29
vt 9 -29
vt 10 -29
vt -25.45584 -28
vt -26.87006 -28
vt -25.45584 -29
vt -26.87006 -29
vt -47 -29
vt -48 -29
vt -46 -29
vt -45 -29
vt -38.89087 -28
vt -40.30508 -28
vt -38.89087 -29
vt -40.30508 -29
vt -10 -29
vt -9 -29
vt 45 -29
vt 47 -30
vt 46 -30
vt 48 -30
vt 40.30508 -30
vt 38.89087 -30
vt -25.45584 -30
vt -26.87006 -30
vt -47 -30
vt -48 -30
vt -46 -30
vt -45 -30
vt -38.89087 -30
vt -40.30508 -30
vt 45 -30
vt 47 -31
vt 46 -31
vt 48 -31
vt 40.30508 -31
vt 38.89087 -31
vt -25.45584 -31
vt -26.87006 -31
vt -47 -31
vt -48 -31
vt -46 -31
vt -45 -31
vt -38.89087 -31
vt -40.30508 -31
vt 45 -31
vt 47 -32
vt 46 -32
vt 48 -32
vt 40.30508 -32
vt 38.89087 -32
vt -25.45584 -32
vt -26.87006 -32
vt -47 -32
vt -48 -32
vt -46 -32
vt -45 -32
vt -38.89087 -32
vt -40.30508 -32
vt 45 -32
vt 47 -33
vt 46 -33
vt 48 -33
vt 40.30508 -33
vt 38.89087 -33
vt -25.45584 -33
vt -26.87006 -33
vt -47 -33
vt -48 -33
vt -46 -33
vt -45 -33
vt -38.89087 -33
vt -40.30508 -33
vt 45 -33
vt 47 -34
vt 46 -34
vt 48 -34
vt 40.30508 -34
vt 38.89087 -34
vt -25.45584 -34
vt -26.87006 -34
vt -47 -34
vt -48 -34
vt -46 -34
vt -45 -34
vt -38.89087 -34
vt -40.30508 -34
vt 45 -34
vt 6 -54
vt 6 -53
vt 6 -52
vt 6 -55
vt 6 -56
vt -6 -55
vt -6 -56
vt -6 -54
vt -6 -53
vt -6 -52
vt 5 -54
vt 5 -53
vt 5 -52
vt 5 -55
vt 5 -56
vt -5 -55
vt -5 -56
vt -5 -54
vt -5 -53
vt -5 -52
vt 4 -54
vt 4 -53
vt 4 -52
vt 4 -55
vt 4 -56
vt -4 -55
vt -4 -56
vt -4 -54
vt -4 -53
vt -4 -52
vt 53 -23
vt 53 -24
vt 54 -23
vt 54 -24
vt 55 -23
vt 55 -24
vt 56 -23
vt 56 -24
vt 53 -25
vt 54 -25
vt 55 -25
vt 56 -25
vt 53 -26
vt 54 -26
vt 55 -26
vt 56 -26
vt 25.45584 -28
vt 25.45584 -29
vt 26.87006 -29
vt 25.45584 -30
vt 26.87006 -30
vt 25.45584 -31
vt 26.87006 -31
vt 25.45584 -32
vt 26.87006 -32
vt 25.45584 -33
vt 26.87006 -33
vt 25.45584 -34
vt 26.87006 -34
vt -57 -26
vt -57 -25
vt -57 -27
vt -57 -28
vt -11 -57
vt -12 -57
vt -10 -57
vt -9 -57
vt -8 -57
vt -7 -57
vt 57 -27
vt 57 -28
vt 57 -26
vt 57 -25
vt 57 -24
vt 57 -23
vt 8 -57
vt 7 -57
vt 9 -57
vt 10 -57
vt 11 -57
vt 12 -57
vt -57 -24
vt -57 -23
vt -58 -26
vt -58 -25
vt -58 -27
vt -58 -28
vt -11 -58
vt -12 -58
vt -10 -58
vt -9 -58
vt -8 -58
vt -7 -58
vt 58 -27
vt 58 -28
vt 58 -26
vt 58 -25
vt 58 -24
vt 58 -23
vt 8 -58
vt 7 -58
vt 9 -58
vt 10 -58
vt 11 -58
vt 12 -58
vt -58 -24
vt -58 -23
vt -59 -26
vt -59 -25
vt -59 -27
vt -59 -28
vt -11 -59
vt -12 -59
vt -10 -59
vt -9 -59
vt -8 -59
vt -7 -59
vt 59 -27
vt 59 -28
vt 59 -26
vt 59 -25
vt 59 -24
vt 59 -23
vt 8 -59
vt 7 -59
vt 9 -59
vt 10 -59
vt 11 -59
vt 12 -59
vt -59 -24
vt -59 -23
vt -60 -26
vt -60 -25
vt -60 -27
vt -60 -28
vt -11 -60
vt -12 -60
vt -10 -60
vt -9 -60
vt -8 -60
vt -7 -60
vt 60 -27
vt 60 -28
vt 60 -26
vt 60 -25
vt 60 -24
vt 60 -23
vt 8 -60
vt 7 -60
vt 9 -60
vt 10 -60
vt 11 -60
vt 12 -60
vt -60 -24
vt -60 -23
vt -61 -26
vt -61 -25
vt -61 -27
vt -61 -28
vt -11 -61
vt -12 -61
vt -10 -61
vt -9 -61
vt -8 -61
vt -7 -61
vt 61 -27
vt 61 -28
vt 61 -26
vt 61 -25
vt 61 -24
vt 61 -23
vt 8 -61
vt 7 -61
vt 9 -61
vt 10 -61
vt 11 -61
vt 12 -61
vt -61 -24
vt -61 -23
vt -62 -26
vt -62 -25
vt -62 -27
vt -62 -28
vt -11 -62
vt -12 -62
vt -10 -62
vt -9 -62
vt -8 -62
vt -7 -62
vt 62 -27
vt 62 -28
vt 62 -26
vt 62 -25
vt 62 -24
vt 62 -23
vt 8 -62
vt 7 -62
vt 9 -62
vt 10 -62
vt 11 -62
vt 12 -62
vt -62 -24
vt -62 -23
vt -63 -26
vt -63 -25
vt -63 -27
vt -63 -28
vt -11 -63
vt -12 -63
vt -10 -63
vt -9 -63
vt -8 -63
vt -7 -63
vt 63 -27
vt 63 -28
vt 63 -26
vt 63 -25
vt 63 -24
vt 63 -23
vt 8 -63
vt 7 -63
vt 9 -63
vt 10 -63
vt 11 -63
vt 12 -63
vt -63 -24
vt -63 -23
vt -64 -26
vt -64 -25
vt -64 -27
vt -64 -28
vt -11 -64
vt -12 -64
vt -10 -64
vt -9 -64
vt -8 -64
vt -7 -64
vt 64 -27
vt 64 -28
vt 64 -26
vt 64 -25
vt 64 -24
vt 64 -23
vt 8 -64
vt 7 -64
vt 9 -64
vt 10 -64
vt 11 -64
vt 12 -64
vt -64 -24
vt -64 -23
vt -65 -26
vt -65 -25
vt -65 -27
vt -65 -28
vt -11 -65
vt -12 -65
vt -10 -65
vt -9 -65
vt -8 -65
vt -7 -65
vt 65 -27
vt 65 -28
vt 65 -26
vt 65 -25
vt 65 -24
vt 65 -23
vt 8 -65
vt 7 -65
vt 9 -65
vt 10 -65
vt 11 -65
vt 12 -65
vt -65 -24
vt -65 -23
vt -66 -26
vt -66 -25
vt -66 -27
vt -66 -28
vt -11 -66
vt -12 -66
vt -10 -66
vt -9 -66
vt -8 -66
vt -7 -66
vt 66 -27
vt 66 -28
vt 66 -26
vt 66 -25
vt 66 -24
vt 66 -23
vt 8 -66
vt 7 -66
vt 9 -66
vt 10 -66
vt 11 -66
vt 12 -66
vt -66 -24
vt -66 -23
vt -67 -26
vt -67 -25
vt -67 -27
vt -67 -28
vt -11 -67
vt -12 -67
vt -10 -67
vt -9 -67
vt -8 -67
vt -7 -67
vt 67 -27
vt 67 -28
vt 67 -26
vt 67 -25
vt 67 -24
vt 67 -23
vt 8 -67
vt 7 -67
vt 9 -67
vt 10 -67
vt 11 -67
vt 12 -67
vt -67 -24
vt -67 -23
vt -68 -26
vt -68 -25
vt -68 -27
vt -68 -28
vt -11 -68
vt -12 -68
vt -10 -68
vt -9 -68
vt -8 -68
vt -7 -68
vt 68 -27
vt 68 -28
vt 68 -26
vt 68 -25
vt 68 -24
vt 68 -23
vt 8 -68
vt 7 -68
vt 9 -68
vt 10 -68
vt 11 -68
vt 12 -68
vt -68 -24
vt -68 -23
vt -69 -26
vt -69 -25
vt -69 -27
vt -69 -28
vt -11 -69
vt -12 -69
vt -10 -69
vt -9 -69
vt -8 -69
vt -7 -69
vt 69 -27
vt 69 -28
vt 69 -26
vt 69 -25
vt 69 -24
vt 69 -23
vt 8 -69
vt 7 -69
vt 9 -69
vt 10 -69
vt 11 -69
vt 12 -69
vt -69 -24
vt -69 -23
vt -70 -26
vt -70 -25
vt -70 -27
vt -70 -28
vt -11 -70
vt -12 -70
vt -10 -70
vt -9 -70
vt -8 -70
vt -7 -70
vt 70 -27
vt 70 -28
vt 70 -26
vt 70 -25
vt 70 -24
vt 70 -23
vt 8 -70
vt 7 -70
vt 9 -70
vt 10 -70
vt 11 -70
vt 12 -70
vt -70 -24
vt -70 -23
vt -71 -26
vt -71 -25
vt -71 -27
vt -71 -28
vt -11 -71
vt -12 -71
vt -10 -71
vt -9 -71
vt -8 -71
vt -7 -71
vt 71 -27
vt 71 -28
vt 71 -26
vt 71 -25
vt 71 -24
vt 71 -23
vt 8 -71
vt 7 -71
vt 9 -71
vt 10 -71
vt 11 -71
vt 12 -71
vt -71 -24
vt -71 -23
vt -72 -26
vt -72 -25
vt -72 -27
vt -72 -28
vt -11 -72
vt -12 -72
vt -10 -72
vt -9 -72
vt -8 -72
vt -7 -72
vt 72 -27
vt 72 -28
vt 72 -26
vt 72 -25
vt 72 -24
vt 72 -23
vt 8 -72
vt 7 -72
vt 9 -72
vt 10 -72
vt 11 -72
vt 12 -72
vt -72 -24
vt -72 -23
vt -73 -26
vt -73 -25
vt -73 -27
vt -73 -28
vt -11 -73
vt -12 -73
vt -10 -73
vt -9 -73
vt -8 -73
vt -7 -73
vt 73 -27
vt 73 -28
vt 73 -26
vt 73 -25
vt 73 -24
vt 73 -23
vt 8 -73
vt 7 -73
vt 9 -73
vt 10 -73
vt 11 -73
vt 12 -73
vt -73 -24
vt -73 -23
vt -74 -26
vt -74 -25
vt -74 -27
vt -74 -28
vt -11 -74
vt -12 -74
vt -10 -74
vt -9 -74
vt -8 -74
vt -7 -74
vt 74 -27
vt 74 -28
vt 74 -26
vt 74 -25
vt 74 -24
vt 74 -23
vt 8 -74
vt 7 -74
vt 9 -74
vt 10 -74
vt 11 -74
vt 12 -74
vt -74 -24
vt -74 -23
vt -75 -26
vt -75 -25
vt -75 -27
vt -75 -28
vt -11 -75
vt -12 -75
vt -10 -75
vt -9 -75
vt -8 -75
vt -7 -75
vt 75 -27
vt 75 -28
vt 75 -26
vt 75 -25
vt 75 -24
vt 75 -23
vt 8 -75
vt 7 -75
vt 9 -75
vt 10 -75
vt 11 -75
vt 12 -75
vt -75 -24
vt -75 -23
vt -76 -26
vt -76 -25
vt -76 -27
vt -76 -28
vt -11 -76
vt -12 -76
vt -10 -76
vt -9 -76
vt -8 -76
vt -7 -76
vt 76 -27
vt 76 -28
vt 76 -26
vt 76 -25
vt 76 -24
vt 76 -23
vt 8 -76
vt 7 -76
vt 9 -76
vt 10 -76
vt 11 -76
vt 12 -76
vt -76 -24
vt -76 -23
vt -77 -26
vt -77 -25
vt -77 -27
vt -77 -28
vt -11 -77
vt -12 -77
vt -10 -77
vt -9 -77
vt -8 -77
vt -7 -77
vt 77 -27
vt 77 -28
vt 77 -26
vt 77 -25
vt 77 -24
vt 77 -23
vt 8 -77
vt 7 -77
vt 9 -77
vt 10 -77
vt 11 -77
vt 12 -77
vt -77 -24
vt -77 -23
vt -78 -26
vt -78 -25
vt -78 -27
vt -78 -28
vt -11 -78
vt -12 -78
vt -10 -78
vt -9 -78
vt -8 -78
vt -7 -78
vt 78 -27
vt 78 -28
vt 78 -26
vt 78 -25
vt 78 -24
vt 78 -23
vt 8 -78
vt 7 -78
vt 9 -78
vt 10 -78
vt 11 -78
vt 12 -78
vt -78 -24
vt -78 -23
vt -79 -26
vt -79 -25
vt -79 -27
vt -79 -28
vt -11 -79
vt -12 -79
vt -10 -79
vt -9 -79
vt -8 -79
vt -7 -79
vt 79 -27
vt 79 -28
vt 79 -26
vt 79 -25
vt 79 -24
vt 79 -23
vt 8 -79
vt 7 -79
vt 9 -79
vt 10 -79
vt 11 -79
vt 12 -79
vt -79 -24
vt -79 -23
vt -80 -26
vt -80 -25
vt -80 -27
vt -80 -28
vt -11 -80
vt -12 -80
vt -10 -80
vt -9 -80
vt -8 -80
vt -7 -80
vt 80 -27
vt 80 -28
vt 80 -26
vt 80 -25
vt 80 -24
vt 80 -23
vt 8 -80
vt 7 -80
vt 9 -80
vt 10 -80
vt 11 -80
vt 12 -80
vt -80 -24
vt -80 -23
vt -81 -26
vt -81 -25
vt -81 -27
vt -81 -28
vt -11 -81
vt -12 -81
vt -10 -81
vt -9 -81
vt -8 -81
vt -7 -81
vt 81 -27
vt 81 -28
vt 81 -26
vt 81 -25
vt 81 -24
vt 81 -23
vt 8 -81
vt 7 -81
vt 9 -81
vt 10 -81
vt 11 -81
vt 12 -81
vt -81 -24
vt -81 -23
vt -82 -26
vt -82 -25
vt -82 -27
vt -82 -28
vt -11 -82
vt -12 -82
vt -10 -82
vt -9 -82
vt -8 -82
vt -7 -82
vt 82 -27
vt 82 -28
vt 82 -26
vt 82 -25
vt 82 -24
vt 82 -23
vt 8 -82
vt 7 -82
vt 9 -82
vt 10 -82
vt 11 -82
vt 12 -82
vt -82 -24
vt -82 -23
vt -83 -26
vt -83 -25
vt -83 -27
vt -83 -28
vt -11 -83
vt -12 -83
vt -10 -83
vt -9 -83
vt -8 -83
vt -7 -83
vt 83 -27
vt 83 -28
vt 83 -26
vt 83 -25
vt 83 -24
vt 83 -23
vt 8 -83
vt 7 -83
vt 9 -83
vt 10 -83
vt 11 -83
vt 12 -83
vt -83 -24
vt -83 -23
vt -84 -26
vt -84 -25
vt -84 -27
vt -84 -28
vt -11 -84
vt -12 -84
vt -10 -84
vt -9 -84
vt -8 -84
vt -7 -84
vt 84 -27
vt 84 -28
vt 84 -26
vt 84 -25
vt 84 -24
vt 84 -23
vt 8 -84
vt 7 -84
vt 9 -84
vt 10 -84
vt 11 -84
vt 12 -84
vt -84 -24
vt -84 -23
vt -85 -26
vt -85 -25
vt -85 -27
vt -85 -28
vt -11 -85
vt -12 -85
vt -10 -85
vt -9 -85
vt -8 -85
vt -7 -85
vt 85 -27
vt 85 -28
vt 85 -26
vt 85 -25
vt 85 -24
vt 85 -23
vt 8 -85
vt 7 -85
vt 9 -85
vt 10 -85
vt 11 -85
vt 12 -85
vt -85 -24
vt -85 -23
vt -86 -26
vt -86 -25
vt -86 -27
vt -86 -28
vt -11 -86
vt -12 -86
vt -10 -86
vt -9 -86
vt -8 -86
vt -7 -86
vt 86 -27
vt 86 -28
vt 86 -26
vt 86 -25
vt 86 -24
vt 86 -23
vt 8 -86
vt 7 -86
vt 9 -86
vt 10 -86
vt 11 -86
vt 12 -86
vt -86 -24
vt -86 -23
vt -87 -26
vt -87 -25
vt -87 -27
vt -87 -28
vt -11 -87
vt -12 -87
vt -10 -87
vt -9 -87
vt -8 -87
vt -7 -87
vt 87 -27
vt 87 -28
vt 87 -26
vt 87 -25
vt 87 -24
vt 87 -23
vt 8 -87
vt 7 -87
vt 9 -87
vt 10 -87
vt 11 -87
vt 12 -87
vt -87 -24
vt -87 -23
vt -88 -26
vt -88 -25
vt -88 -27
vt -88 -28
vt -11 -88
vt -12 -88
vt -10 -88
vt -9 -88
vt -8 -88
vt -7 -88
vt 88 -27
vt 88 -28
vt 88 -26
vt 88 -25
vt 88 -24
vt 88 -23
vt 8 -88
vt 7 -88
vt 9 -88
vt 10 -88
vt 11 -88
vt 12 -88
vt -88 -24
vt -88 -23
vt -89 -26
vt -89 -25
vt -89 -27
vt -89 -28
vt -11 -89
vt -12 -89
vt -10 -89
vt -9 -89
vt -8 -89
vt -7 -89
vt 89 -27
vt 89 -28
vt 89 -26
vt 89 -25
vt 89 -24
vt 89 -23
vt 8 -89
vt 7 -89
vt 9 -89
vt 10 -89
vt 11 -89
vt 12 -89
vt -89 -24
vt -89 -23
vt -90 -26
vt -90 -25
vt -90 -27
vt -90 -28
vt -11 -90
vt -12 -90
vt -10 -90
vt -9 -90
vt -8 -90
vt -7 -90
vt 90 -27
vt 90 -28
vt 90 -26
vt 90 -25
vt 90 -24
vt 90 -23
vt 8 -90
vt 7 -90
vt 9 -90
vt 10 -90
vt 11 -90
vt 12 -90
vt -90 -24
vt -90 -23
vt -91 -26
vt -91 -25
vt -91 -27
vt -91 -28
vt -11 -91
vt -12 -91
vt -10 -91
vt -9 -91
vt -8 -91
vt -7 -91
vt 91 -27
vt 91 -28
vt 91 -26
vt 91 -25
vt 91 -24
vt 91 -23
vt 8 -91
vt 7 -91
vt 9 -91
vt 10 -91
vt 11 -91
vt 12 -91
vt -91 -24
vt -91 -23
vt -92 -26
vt -92 -25
vt -92 -27
vt -92 -28
vt -11 -92
vt -12 -92
vt -10 -92
vt -9 -92
vt -8 -92
vt -7 -92
vt 92 -27
vt 92 -28
vt 92 -26
vt 92 -25
vt 92 -24
vt 92 -23
vt 8 -92
vt 7 -92
vt 9 -92
vt 10 -92
vt 11 -92
vt 12 -92
vt -92 -24
vt -92 -23
vt -93 -26
vt -93 -25
vt -93 -27
vt -93 -28
vt -11 -93
vt -12 -93
vt -10 -93
vt -9 -93
vt -8 -93
vt -7 -93
vt 93 -27
vt 93 -28
vt 93 -26
vt 93 -25
vt 93 -24
vt 93 -23
vt 8 -93
vt 7 -93
vt 9 -93
vt 10 -93
vt 11 -93
vt 12 -93
vt -93 -24
vt -93 -23
vt -94 -26
vt -94 -25
vt -94 -27
vt -94 -28
vt -11 -94
vt -12 -94
vt -10 -94
vt -9 -94
vt -8 -94
vt -7 -94
vt 94 -27
vt 94 -28
vt 94 -26
vt 94 -25
vt 94 -24
vt 94 -23
vt 8 -94
vt 7 -94
vt 9 -94
vt 10 -94
vt 11 -94
vt 12 -94
vt -94 -24
vt -94 -23
vt -95 -26
vt -95 -25
vt -95 -27
vt -95 -28
vt -11 -95
vt -12 -95
vt -10 -95
vt -9 -95
vt -8 -95
vt -7 -95
vt 95 -27
vt 95 -28
vt 95 -26
vt 95 -25
vt 95 -24
vt 95 -23
vt 8 -95
vt 7 -95
vt 9 -95
vt 10 -95
vt 11 -95
vt 12 -95
vt -95 -24
vt -95 -23
vt -96 -26
vt -96 -25
vt -96 -27
vt -96 -28
vt -11 -96
vt -12 -96
vt -10 -96
vt -9 -96
vt -8 -96
vt -7 -96
vt 96 -27
vt 96 -28
vt 96 -26
vt 96 -25
vt 96 -24
vt 96 -23
vt 8 -96
vt 7 -96
vt 9 -96
vt 10 -96
vt 11 -96
vt 12 -96
vt -96 -24
vt -96 -23
vt -97 -26
vt -97 -25
vt -97 -27
vt -97 -28
vt -11 -97
vt -12 -97
vt -10 -97
vt -9 -97
vt -8 -97
vt -7 -97
vt 97 -27
vt 97 -28
vt 97 -26
vt 97 -25
vt 97 -24
vt 97 -23
vt 8 -97
vt 7 -97
vt 9 -97
vt 10 -97
vt 11 -97
vt 12 -97
vt -97 -24
vt -97 -23
vt -98 -26
vt -98 -25
vt -98 -27
vt -98 -28
vt -11 -98
vt -12 -98
vt -10 -98
vt -9 -98
vt -8 -98
vt -7 -98
vt 98 -27
vt 98 -28
vt 98 -26
vt 98 -25
vt 98 -24
vt 98 -23
vt 8 -98
vt 7 -98
vt 9 -98
vt 10 -98
vt 11 -98
vt 12 -98
vt -98 -24
vt -98 -23
vt -99 -26
vt -99 -25
vt -99 -27
vt -99 -28
vt -11 -99
vt -12 -99
vt -10 -99
vt -9 -99
vt -8 -99
vt -7 -99
vt 99 -27
vt 99 -28
vt 99 -26
vt 99 -25
vt 99 -24
vt 99 -23
vt 8 -99
vt 7 -99
vt 9 -99
vt 10 -99
vt 11 -99
vt 12 -99
vt -99 -24
vt -99 -23
vt -100 -26
vt -100 -25
vt -100 -27
vt -100 -28
vt -11 -100
vt -12 -100
vt -10 -100
vt -9 -100
vt -8 -100
vt -7 -100
vt 100 -27
vt 100 -28
vt 100 -26
vt 100 -25
vt 100 -24
vt 100 -23
vt 8 -100
vt 7 -100
vt 9 -100
vt 10 -100
vt 11 -100
vt 12 -100
vt -100 -24
vt -100 -23
vt -101 -26
vt -101 -25
vt -101 -27
vt -101 -28
vt -11 -101
vt -12 -101
vt -10 -101
vt -9 -101
vt -8 -101
vt -7 -101
vt 101 -27
vt 101 -28
vt 101 -26
vt 101 -25
vt 101 -24
vt 101 -23
vt 8 -101
vt 7 -101
vt 9 -101
vt 10 -101
vt 11 -101
vt 12 -101
vt -101 -24
vt -101 -23
vt -102 -26
vt -102 -25
vt -102 -27
vt -102 -28
vt -11 -102
vt -12 -102
vt -10 -102
vt -9 -102
vt -8 -102
vt -7 -102
vt 102 -27
vt 102 -28
vt 102 -26
vt 102 -25
vt 102 -24
vt 102 -23
vt 8 -102
vt 7 -102
vt 9 -102
vt 10 -102
vt 11 -102
vt 12 -102
vt -102 -24
vt -102 -23
vt -103 -26
vt -103 -25
vt -103 -27
vt -103 -28
vt -11 -103
vt -12 -103
vt -10 -103
vt -9 -103
vt -8 -103
vt -7 -103
vt 103 -27
vt 103 -28
vt 103 -26
vt 103 -25
vt 103 -24
vt 103 -23
vt 8 -103
vt 7 -103
vt 9 -103
vt 10 -103
vt 11 -103
vt 12 -103
vt -103 -24
vt -103 -23
vt -104 -26
vt -104 -25
vt -104 -27
vt -104 -28
vt -11 -104
vt -12 -104
vt -10 -104
vt -9 -104
vt -8 -104
vt -7 -104
vt 104 -27
vt 104 -28
vt 104 -26
vt 104 -25
vt 104 -24
vt 104 -23
vt 8 -104
vt 7 -104
vt 9 -104
vt 10 -104
vt 11 -104
vt 12 -104
vt -104 -24
vt -104 -23
vt -105 -26
vt -105 -25
vt -105 -27
vt -105 -28
vt -11 -105
vt -12 -105
vt -10 -105
vt -9 -105
vt -8 -105
vt -7 -105
vt 105 -27
vt 105 -28
vt 105 -26
vt 105 -25
vt 105 -24
vt 105 -23
vt 8 -105
vt 7 -105
vt 9 -105
vt 10 -105
vt 11 -105
vt 12 -105
vt -105 -24
vt -105 -23
vt -106 -26
vt -106 -25
vt -106 -27
vt -106 -28
vt -11 -106
vt -12 -106
vt -10 -106
vt -9 -106
vt -8 -106
vt -7 -106
vt 106 -27
vt 106 -28
vt 106 -26
vt 106 -25
vt 106 -24
vt 106 -23
vt 8 -106
vt 7 -106
vt 9 -106
vt 10 -106
vt 11 -106
vt 12 -106
vt -106 -24
vt -106 -23
vt -107 -26
vt -107 -25
vt -107 -27
vt -107 -28
vt -11 -107
vt -12 -107
vt -10 -107
vt -9 -107
vt -8 -107
vt -7 -107
vt 107 -27
vt 107 -28
vt 107 -26
vt 107 -25
vt 107 -24
vt 107 -23
vt 8 -107
vt 7 -107
vt 9 -107
vt 10 -107
vt 11 -107
vt 12 -107
vt -107 -24
vt -107 -23
vt -108 -26
vt -108 -25
vt -108 -27
vt -108 -28
vt -11 -108
vt -12 -108
vt -10 -108
vt -9 -108
vt -8 -108
vt -7 -108
vt 108 -27
vt 108 -28
vt 108 -26
vt 108 -25
vt 108 -24
vt 108 -23
vt 8 -108
vt 7 -108
vt 9 -108
vt 10 -108
vt 11 -108
vt 12 -108
vt -108 -24
vt -108 -23
vt -109 -26
vt -109 -25
vt -109 -27
vt -109 -28
vt -11 -109
vt -12 -109
vt -10 -109
vt -9 -109
vt -8 -109
vt -7 -109
vt 109 -27
vt 109 -28
vt 109 -26
vt 109 -25
vt 109 -24
vt 109 -23
vt 8 -109
vt 7 -109
vt 9 -109
vt 10 -109
vt 11 -109
vt 12 -109
vt -109 -24
vt -109 -23
vt -110 -26
vt -110 -25
vt -110 -27
vt -110 -28
vt -11 -110
vt -12 -110
vt -10 -110
vt -9 -110
vt -8 -110
vt -7 -110
vt 110 -27
vt 110 -28
vt 110 -26
vt 110 -25
vt 110 -24
vt 110 -23
vt 8 -110
vt 7 -110
vt 9 -110
vt 10 -110
vt 11 -110
vt 12 -110
vt -110 -24
vt -110 -23
vt -111 -26
vt -111 -25
vt -111 -27
vt -111 -28
vt -11 -111
vt -12 -111
vt -10 -111
vt -9 -111
vt -8 -111
vt -7 -111
vt 111 -27
vt 111 -28
vt 111 -26
vt 111 -25
vt 111 -24
vt 111 -23
vt 8 -111
vt 7 -111
vt 9 -111
vt 10 -111
vt 11 -111
vt 12 -111
vt -111 -24
vt -111 -23
vt -112 -26
vt -112 -25
vt -112 -27
vt -112 -28
vt -11 -112
vt -12 -112
vt -10 -112
vt -9 -112
vt -8 -112
vt -7 -112
vt 112 -27
vt 112 -28
vt 112 -26
vt 112 -25
vt 112 -24
vt 112 -23
vt 8 -112
vt 7 -112
vt 9 -112
vt 10 -112
vt 11 -112
vt 12 -112
vt -112 -24
vt -112 -23
vt -113 -26
vt -113 -25
vt -113 -27
vt -113 -28
vt -11 -113
vt -12 -113
vt -10 -113
vt -9 -113
vt -8 -113
vt -7 -113
vt 113 -27
vt 113 -28
vt 113 -26
vt 113 -25
vt 113 -24
vt 113 -23
vt 8 -113
vt 7 -113
vt 9 -113
vt 10 -113
vt 11 -113
vt 12 -113
vt -113 -24
vt -113 -23
vt -114 -26
vt -114 -25
vt -114 -27
vt -114 -28
vt -11 -114
vt -12 -114
vt -10 -114
vt -9 -114
vt -8 -114
vt -7 -114
vt 114 -27
vt 114 -28
vt 114 -26
vt 114 -25
vt 114 -24
vt 114 -23
vt 8 -114
vt 7 -114
vt 9 -114
vt 10 -114
vt 11 -114
vt 12 -114
vt -114 -24
vt -114 -23
vt -115 -26
vt -115 -25
vt -115 -27
vt -115 -28
vt -11 -115
vt -12 -115
vt -10 -115
vt -9 -115
vt -8 -115
vt -7 -115
vt 115 -27
vt 115 -28
vt 115 -26
vt 115 -25
vt 115 -24
vt 115 -23
vt 8 -115
vt 7 -115
vt 9 -115
vt 10 -115
vt 11 -115
vt 12 -115
vt -115 -24
vt -115 -23
vt -116 -26
vt -116 -25
vt -116 -27
vt -116 -28
vt -11 -116
vt -12 -116
vt -10 -116
vt -9 -116
vt -8 -116
vt -7 -116
vt 116 -27
vt 116 -28
vt 116 -26
vt 116 -25
vt 116 -24
vt 116 -23
vt 8 -116
vt 7 -116
vt 9 -116
vt 10 -116
vt 11 -116
vt 12 -116
vt -116 -24
vt -116 -23
vt -117 -26
vt -117 -25
vt -117 -27
vt -117 -28
vt -11 -117
vt -12 -117
vt -10 -117
vt -9 -117
vt -8 -117
vt -7 -117
vt 117 -27
vt 117 -28
vt 117 -26
vt 117 -25
vt 117 -24
vt 117 -23
vt 8 -117
vt 7 -117
vt 9 -117
vt 10 -117
vt 11 -117
vt 12 -117
vt -117 -24
vt -117 -23
vt -118 -26
vt -118 -25
vt -118 -27
vt -118 -28
vt -11 -118
vt -12 -118
vt -10 -118
vt -9 -118
vt -8 -118
vt -7 -118
vt 118 -27
vt 118 -28
vt 118 -26
vt 118 -25
vt 118 -24
vt 118 -23
vt 8 -118
vt 7 -118
vt 9 -118
vt 10 -118
vt 11 -118
vt 12 -118
vt -118 -24
vt -118 -23
vt -119 -26
vt -119 -25
vt -119 -27
vt -119 -28
vt -11 -119
vt -12 -119
vt -10 -119
vt -9 -119
vt -8 -119
vt -7 -119
vt 119 -27
vt 119 -28
vt 119 -26
vt 119 -25
vt 119 -24
vt 119 -23
vt 8 -119
vt 7 -119
vt 9 -119
vt 10 -119
vt 11 -119
vt 12 -119
vt -119 -24
vt -119 -23
vt -120 -26
vt -120 -25
vt -120 -27
vt -120 -28
vt -11 -120
vt -12 -120
vt -10 -120
vt -9 -120
vt -8 -120
vt -7 -120
vt 120 -27
vt 120 -28
vt 120 -26
vt 120 -25
vt 120 -24
vt 120 -23
vt 8 -120
vt 7 -120
vt 9 -120
vt 10 -120
vt 11 -120
vt 12 -120
vt -120 -24
vt -120 -23
vt -121 -26
vt -121 -25
vt -121 -27
vt -121 -28
vt -11 -121
vt -12 -121
vt -10 -121
vt -9 -121
vt -8 -121
vt -7 -121
vt 121 -27
vt 121 -28
vt 121 -26
vt 121 -25
vt 121 -24
vt 121 -23
vt 8 -121
vt 7 -121
vt 9 -121
vt 10 -121
vt 11 -121
vt 12 -121
vt -121 -24
vt -121 -23
vt -122 -26
vt -122 -25
vt -122 -27
vt -122 -28
vt -11 -122
vt -12 -122
vt -10 -122
vt -9 -122
vt -8 -122
vt -7 -122
vt 122 -27
vt 122 -28
vt 122 -26
vt 122 -25
vt 122 -24
vt 122 -23
vt 8 -122
vt 7 -122
vt 9 -122
vt 10 -122
vt 11 -122
vt 12 -122
vt -122 -24
vt -122 -23
vt -123 -26
vt -123 -25
vt -123 -27
vt -123 -28
vt -11 -123
vt -12 -123
vt -10 -123
vt -9 -123
vt -8 -123
vt -7 -123
vt 123 -27
vt 123 -28
vt 123 -26
vt 123 -25
vt 123 -24
vt 123 -23
vt 8 -123
vt 7 -123
vt 9 -123
vt 10 -123
vt 11 -123
vt 12 -123
vt -123 -24
vt -123 -23
vt -124 -26
vt -124 -25
vt -124 -27
vt -124 -28
vt -11 -124
vt -12 -124
vt -10 -124
vt -9 -124
vt -8 -124
vt -7 -124
vt 124 -27
vt 124 -28
vt 124 -26
vt 124 -25
vt 124 -24
vt 124 -23
vt 8 -124
vt 7 -124
vt 9 -124
vt 10 -124
vt 11 -124
vt 12 -124
vt -124 -24
vt -124 -23
vt -125 -26
vt -125 -25
vt -125 -27
vt -125 -28
vt -11 -125
vt -12 -125
vt -10 -125
vt -9 -125
vt -8 -125
vt -7 -125
vt 125 -27
vt 125 -28
vt 125 -26
vt 125 -25
vt 125 -24
vt 125 -23
vt 8 -125
vt 7 -125
vt 9 -125
vt 10 -125
vt 11 -125
vt 12 -125
vt -125 -24
vt -125 -23
vt -126 -26
vt -126 -25
vt -126 -27
vt -126 -28
vt -11 -126
vt -12 -126
vt -10 -126
vt -9 -126
vt -8 -126
vt -7 -126
vt 126 -27
vt 126 -28
vt 126 -26
vt 126 -25
vt 126 -24
vt 126 -23
vt 8 -126
vt 7 -126
vt 9 -126
vt 10 -126
vt 11 -126
vt 12 -126
vt -126 -24
vt -126 -23
vt -127 -26
vt -127 -25
vt -127 -27
vt -127 -28
vt -11 -127
vt -12 -127
vt -10 -127
vt -9 -127
vt -8 -127
vt -7 -127
vt 127 -27
vt 127 -28
vt 127 -26
vt 127 -25
vt 127 -24
vt 127 -23
vt 8 -127
vt 7 -127
vt 9 -127
vt 10 -127
vt 11 -127
vt 12 -127
vt -127 -24
vt -127 -23
vt -128 -26
vt -128 -25
vt -128 -27
vt -128 -28
vt -11 -128
vt -12 -128
vt -10 -128
vt -9 -128
vt -8 -128
vt -7 -128
vt 128 -27
vt 128 -28
vt 128 -26
vt 128 -25
vt 128 -24
vt 128 -23
vt 8 -128
vt 7 -128
vt 9 -128
vt 10 -128
vt 11 -128
vt 12 -128
vt -128 -24
vt -128 -23
vt -129 -26
vt -129 -25
vt -129 -27
vt -129 -28
vt -11 -129
vt -12 -129
vt -10 -129
vt -9 -129
vt -8 -129
vt -7 -129
vt 129 -27
vt 129 -28
vt 129 -26
vt 129 -25
vt 129 -24
vt 129 -23
vt 8 -129
vt 7 -129
vt 9 -129
vt 10 -129
vt 11 -129
vt 12 -129
vt -129 -24
vt -129 -23
vt -130 -26
vt -130 -25
vt -130 -27
vt -130 -28
vt -11 -130
vt -12 -130
vt -10 -130
vt -9 -130
vt -8 -130
vt -7 -130
vt 130 -27
vt 130 -28
vt 130 -26
vt 130 -25
vt 130 -24
vt 130 -23
vt 8 -130
vt 7 -130
vt 9 -130
vt 10 -130
vt 11 -130
vt 12 -130
vt -130 -24
vt -130 -23
vt -131 -26
vt -131 -25
vt -131 -27
vt -131 -28
vt -11 -131
vt -12 -131
vt -10 -131
vt -9 -131
vt -8 -131
vt -7 -131
vt 131 -27
vt 131 -28
vt 131 -26
vt 131 -25
vt 131 -24
vt 131 -23
vt 8 -131
vt 7 -131
vt 9 -131
vt 10 -131
vt 11 -131
vt 12 -131
vt -131 -24
vt -131 -23
vt -132 -26
vt -132 -25
vt -132 -27
vt -132 -28
vt -11 -132
vt -12 -132
vt -10 -132
vt -9 -132
vt -8 -132
vt -7 -132
vt 132 -27
vt 132 -28
vt 132 -26
vt 132 -25
vt 132 -24
vt 132 -23
vt 8 -132
vt 7 -132
vt 9 -132
vt 10 -132
vt 11 -132
vt 12 -132
vt -132 -24
vt -132 -23
vt -133 -26
vt -133 -25
vt -133 -27
vt -133 -28
vt -11 -133
vt -12 -133
vt -10 -133
vt -9 -133
vt -8 -133
vt -7 -133
vt 133 -27
vt 133 -28
vt 133 -26
vt 133 -25
vt 133 -24
vt 133 -23
vt 8 -133
vt 7 -133
vt 9 -133
vt 10 -133
vt 11 -133
vt 12 -133
vt -133 -24
vt -133 -23
vt -134 -26
vt -134 -25
vt -134 -27
vt -134 -28
vt -11 -134
vt -12 -134
vt -10 -134
vt -9 -134
vt -8 -134
vt -7 -134
vt 134 -27
vt 134 -28
vt 134 -26
vt 134 -25
vt 134 -24
vt 134 -23
vt 8 -134
vt 7 -134
vt 9 -134
vt 10 -134
vt 11 -134
vt 12 -134
vt -134 -24
vt -134 -23
vt -135 -26
vt -135 -25
vt -135 -27
vt -135 -28
vt -11 -135
vt -12 -135
vt -10 -135
vt -9 -135
vt -8 -135
vt -7 -135
vt 135 -27
vt 135 -28
vt 135 -26
vt 135 -25
vt 135 -24
vt 135 -23
vt 8 -135
vt 7 -135
vt 9 -135
vt 10 -135
vt 11 -135
vt 12 -135
vt -135 -24
vt -135 -23
vt -136 -26
vt -136 -25
vt -136 -27
vt -136 -28
vt -11 -136
vt -12 -136
vt -10 -136
vt -9 -136
vt -8 -136
vt -7 -136
vt 136 -27
vt 136 -28
vt 136 -26
vt 136 -25
vt 136 -24
vt 136 -23
vt 8 -136
vt 7 -136
vt 9 -136
vt 10 -136
vt 11 -136
vt 12 -136
vt -136 -24
vt -136 -23
vt -137 -26
vt -137 -25
vt -137 -27
vt -137 -28
vt -11 -137
vt -12 -137
vt -10 -137
vt -9 -137
vt -8 -137
vt -7 -137
vt 137 -27
vt 137 -28
vt 137 -26
vt 137 -25
vt 137 -24
vt 137 -23
vt 8 -137
vt 7 -137
vt 9 -137
vt 10 -137
vt 11 -137
vt 12 -137
vt -137 -24
vt -137 -23
vt -138 -26
vt -138 -25
vt -138 -27
vt -138 -28
vt -11 -138
vt -12 -138
vt -10 -138
vt -9 -138
vt -8 -138
vt -7 -138
vt 138 -27
vt 138 -28
vt 138 -26
vt 138 -25
vt 138 -24
vt 138 -23
vt 8 -138
vt 7 -138
vt 9 -138
vt 10 -138
vt 11 -138
vt 12 -138
vt -138 -24
vt -138 -23
vt -139 -26
vt -139 -25
vt -139 -27
vt -139 -28
vt -11 -139
vt -12 -139
vt -10 -139
vt -9 -139
vt -8 -139
vt -7 -139
vt 139 -27
vt 139 -28
vt 139 -26
vt 139 -25
vt 139 -24
vt 139 -23
vt 8 -139
vt 7 -139
vt 9 -139
vt 10 -139
vt 11 -139
vt 12 -139
vt -139 -24
vt -139 -23
vt -140 -26
vt -140 -25
vt -140 -27
vt -140 -28
vt -11 -140
vt -12 -140
vt -10 -140
vt -9 -140
vt -8 -140
vt -7 -140
vt 140 -27
vt 140 -28
vt 140 -26
vt 140 -25
vt 140 -24
vt 140 -23
vt 8 -140
vt 7 -140
vt 9 -140
vt 10 -140
vt 11 -140
vt 12 -140
vt -140 -24
vt -140 -23
vt -141 -26
vt -141 -25
vt -141 -27
vt -141 -28
vt -11 -141
vt -12 -141
vt -10 -141
vt -9 -141
vt -8 -141
vt -7 -141
vt 141 -27
vt 141 -28
vt 141 -26
vt 141 -25
vt 141 -24
vt 141 -23
vt 8 -141
vt 7 -141
vt 9 -141
vt 10 -141
vt 11 -141
vt 12 -141
vt -141 -24
vt -141 -23
vt -142 -26
vt -142 -25
vt -142 -27
vt -142 -28
vt -11 -142
vt -12 -142
vt -10 -142
vt -9 -142
vt -8 -142
vt -7 -142
vt 142 -27
vt 142 -28
vt 142 -26
vt 142 -25
vt 142 -24
vt 142 -23
vt 8 -142
vt 7 -142
vt 9 -142
vt 10 -142
vt 11 -142
vt 12 -142
vt -142 -24
vt -142 -23
vt -143 -26
vt -143 -25
vt -143 -27
vt -143 -28
vt -11 -143
vt -12 -143
vt -10 -143
vt -9 -143
vt -8 -143
vt -7 -143
vt 143 -27
vt 143 -28
vt 143 -26
vt 143 -25
vt 143 -24
vt 143 -23
vt 8 -143
vt 7 -143
vt 9 -143
vt 10 -143
vt 11 -143
vt 12 -143
vt -143 -24
vt -143 -23
vt -144 -26
vt -144 -25
vt -144 -27
vt -144 -28
vt -11 -144
vt -12 -144
vt -10 -144
vt -9 -144
vt -8 -144
vt -7 -144
vt 144 -27
vt 144 -28
vt 144 -26
vt 144 -25
vt 144 -24
vt 144 -23
vt 8 -144
vt 7 -144
vt 9 -144
vt 10 -144
vt 11 -144
vt 12 -144
vt -144 -24
vt -144 -23
vt -145 -26
vt -145 -25
vt -145 -27
vt -145 -28
vt -11 -145
vt -12 -145
vt -10 -145
vt -9 -145
vt -8 -145
vt -7 -145
vt 145 -27
vt 145 -28
vt 145 -26
vt 145 -25
vt 145 -24
vt 145 -23
vt 8 -145
vt 7 -145
vt 9 -145
vt 10 -145
vt 11 -145
vt 12 -145
vt -145 -24
vt -145 -23
vt -146 -26
vt -146 -25
vt -146 -27
vt -146 -28
vt -11 -146
vt -12 -146
vt -10 -146
vt -9 -146
vt -8 -146
vt -7 -146
vt 146 -27
vt 146 -28
vt 146 -26
vt 146 -25
vt 146 -24
vt 146 -23
vt 8 -146
vt 7 -146
vt 9 -146
vt 10 -146
vt 11 -146
vt 12 -146
vt -146 -24
vt -146 -23
vt -147 -26
vt -147 -25
vt -147 -27
vt -147 -28
vt -11 -147
vt -12 -147
vt -10 -147
vt -9 -147
vt -8 -147
vt -7 -147
vt 147 -27
vt 147 -28
vt 147 -26
vt 147 -25
vt 147 -24
vt 147 -23
vt 8 -147
vt 7 -147
vt 9 -147
vt 10 -147
vt 11 -147
vt 12 -147
vt -147 -24
vt -147 -23
vt -148 -26
vt -148 -25
vt -148 -27
vt -148 -28
vt -11 -148
vt -12 -148
vt -10 -148
vt -9 -148
vt -8 -148
vt -7 -148
vt 148 -27
vt 148 -28
vt 148 -26
vt 148 -25
vt 148 -24
vt 148 -23
vt 8 -148
vt 7 -148
vt 9 -148
vt 10 -148
vt 11 -148
vt 12 -148
vt -148 -24
vt -148 -23
vt -149 -26
vt -149 -25
vt -149 -27
vt -149 -28
vt -11 -149
vt -12 -149
vt -10 -149
vt -9 -149
vt -8 -149
vt -7 -149
vt 149 -27
vt 149 -28
vt 149 -26
vt 149 -25
vt 149 -24
vt 149 -23
vt 8 -149
vt 7 -149
vt 9 -149
vt 10 -149
vt 11 -149
vt 12 -149
vt -149 -24
vt -149 -23
vt -150 -26
vt -150 -25
vt -150 -27
vt -150 -28
vt -11 -150
vt -12 -150
vt -10 -150
vt -9 -150
vt -8 -150
vt -7 -150
vt 150 -27
vt 150 -28
vt 150 -26
vt 150 -25
vt 150 -24
vt 150 -23
vt 8 -150
vt 7 -150
vt 9 -150
vt 10 -150
vt 11 -150
vt 12 -150
vt -150 -24
vt -150 -23
vt -151 -26
vt -151 -25
vt -151 -27
vt -151 -28
vt -11 -151
vt -12 -151
vt -10 -151
vt -9 -151
vt -8 -151
vt -7 -151
vt 151 -27
vt 151 -28
vt 151 -26
vt 151 -25
vt 151 -24
vt 151 -23
vt 8 -151
vt 7 -151
vt 9 -151
vt 10 -151
vt 11 -151
vt 12 -151
vt -151 -24
vt -151 -23
vt -152 -26
vt -152 -25
vt -152 -27
vt -152 -28
vt -11 -152
vt -12 -152
vt -10 -152
vt -9 -152
vt -8 -152
vt -7 -152
vt 152 -27
vt 152 -28
vt 152 -26
vt 152 -25
vt 152 -24
vt 152 -23
vt 8 -152
vt 7 -152
vt 9 -152
vt 10 -152
vt 11 -152
vt 12 -152
vt -152 -24
vt -152 -23
vt -153 -26
vt -153 -25
vt -153 -27
vt -153 -28
vt -11 -153
vt -12 -153
vt -10 -153
vt -9 -153
vt -8 -153
vt -7 -153
vt 153 -27
vt 153 -28
vt 153 -26
vt 153 -25
vt 153 -24
vt 153 -23
vt 8 -153
vt 7 -153
vt 9 -153
vt 10 -153
vt 11 -153
vt 12 -153
vt -153 -24
vt -153 -23
vt -154 -26
vt -154 -25
vt -154 -27
vt -154 -28
vt -11 -154
vt -12 -154
vt -10 -154
vt -9 -154
vt -8 -154
vt -7 -154
vt 154 -27
vt 154 -28
vt 154 -26
vt 154 -25
vt 154 -24
vt 154 -23
vt 8 -154
vt 7 -154
vt 9 -154
vt 10 -154
vt 11 -154
vt 12 -154
vt -154 -24
vt -154 -23
vt -155 -26
vt -155 -25
vt -155 -27
vt -155 -28
vt -11 -155
vt -12 -155
vt -10 -155
vt -9 -155
vt -8 -155
vt -7 -155
vt 155 -27
vt 155 -28
vt 155 -26
vt 155 -25
vt 155 -24
vt 155 -23
vt 8 -155
vt 7 -155
vt 9 -155
vt 10 -155
vt 11 -155
vt 12 -155
vt -155 -24
vt -155 -23
vt -156 -26
vt -156 -25
vt -156 -27
vt -156 -28
vt -11 -156
vt -12 -156
vt -10 -156
vt -9 -156
vt -8 -156
vt -7 -156
vt 156 -27
vt 156 -28
vt 156 -26
vt 156 -25
vt 156 -24
vt 156 -23
vt 8 -156
vt 7 -156
vt 9 -156
vt 10 -156
vt 11 -156
vt 12 -156
vt -156 -24
vt -156 -23
vt -157 -26
vt -157 -25
vt -157 -27
vt -157 -28
vt -11 -157
vt -12 -157
vt -10 -157
vt -9 -157
vt -8 -157
vt -7 -157
vt 157 -27
vt 157 -28
vt 157 -26
vt 157 -25
vt 157 -24
vt 157 -23
vt 8 -157
vt 7 -157
vt 9 -157
vt 10 -157
vt 11 -157
vt 12 -157
vt -157 -24
vt -157 -23
vt -158 -26
vt -158 -25
vt -158 -27
vt -158 -28
vt -11 -158
vt -12 -158
vt -10 -158
vt -9 -158
vt -8 -158
vt -7 -158
vt 158 -27
vt 158 -28
vt 158 -26
vt 158 -25
vt 158 -24
vt 158 -23
vt 8 -158
vt 7 -158
vt 9 -158
vt 10 -158
vt 11 -158
vt 12 -158
vt -158 -24
vt -158 -23
vt -159 -26
vt -159 -25
vt -159 -27
vt -159 -28
vt -11 -159
vt -12 -159
vt -10 -159
vt -9 -159
vt -8 -159
vt -7 -159
vt 159 -27
vt 159 -28
vt 159 -26
vt 159 -25
vt 159 -24
vt 159 -23
vt 8 -159
vt 7 -159
vt 9 -159
vt 10 -159
vt 11 -159
vt 12 -159
vt -159 -24
vt -159 -23
vt -160 -26
vt -160 -25
vt -160 -27
vt -160 -28
vt -11 -160
vt -12 -160
vt -10 -160
vt -9 -160
vt -8 -160
vt -7 -160
vt 160 -27
vt 160 -28
vt 160 -26
vt 160 -25
vt 160 -24
vt 160 -23
vt 8 -160
vt 7 -160
vt 9 -160
vt 10 -160
vt 11 -160
vt 12 -160
vt -160 -24
vt -160 -23
vt -161 -26
vt -161 -25
vt -161 -27
vt -161 -28
vt -11 -161
vt -12 -161
vt -10 -161
vt -9 -161
vt -8 -161
vt -7 -161
vt 161 -27
vt 161 -28
vt 161 -26
vt 161 -25
vt 161 -24
vt 161 -23
vt 8 -161
vt 7 -161
vt 9 -161
vt 10 -161
vt 11 -161
vt 12 -161
vt -161 -24
vt -161 -23
vt -162 -26
vt -162 -25
vt -162 -27
vt -162 -28
vt -11 -162
vt -12 -162
vt -10 -162
vt -9 -162
vt -8 -162
vt -7 -162
vt 162 -27
vt 162 -28
vt 162 -26
vt 162 -25
vt 162 -24
vt 162 -23
vt 8 -162
vt 7 -162
vt 9 -162
vt 10 -162
vt 11 -162
vt 12 -162
vt -162 -24
vt -162 -23
vt -163 -26
vt -163 -25
vt -163 -27
vt -163 -28
vt -11 -163
vt -12 -163
vt -10 -163
vt -9 -163
vt -8 -163
vt -7 -163
vt 163 -27
vt 163 -28
vt 163 -26
vt 163 -25
vt 163 -24
vt 163 -23
vt 8 -163
vt 7 -163
vt 9 -163
vt 10 -163
vt 11 -163
vt 12 -163
vt -163 -24
vt -163 -23
vt -164 -26
vt -164 -25
vt -164 -27
vt -164 -28
vt -11 -164
vt -12 -164
vt -10 -164
vt -9 -164
vt -8 -164
vt -7 -164
vt 164 -27
vt 164 -28
vt 164 -26
vt 164 -25
vt 164 -24
vt 164 -23
vt 8 -164
vt 7 -164
vt 9 -164
vt 10 -164
vt 11 -164
vt 12 -164
vt -164 -24
vt -164 -23
vt -165 -26
vt -165 -25
vt -165 -27
vt -165 -28
vt -11 -165
vt -12 -165
vt -10 -165
vt -9 -165
vt -8 -165
vt -7 -165
vt 165 -27
vt 165 -28
vt 165 -26
vt 165 -25
vt 165 -24
vt 165 -23
vt 8 -165
vt 7 -165
vt 9 -165
vt 10 -165
vt 11 -165
vt 12 -165
vt -165 -24
vt -165 -23
vt -166 -26
vt -166 -25
vt -166 -27
vt -166 -28
vt -11 -166
vt -12 -166
vt -10 -166
vt -9 -166
vt -8 -166
vt -7 -166
vt 166 -27
vt 166 -28
vt 166 -26
vt 166 -25
vt 166 -24
vt 166 -23
vt 8 -166
vt 7 -166
vt 9 -166
vt 10 -166
vt 11 -166
vt 12 -166
vt -166 -24
vt -166 -23
vt -167 -26
vt -167 -25
vt -167 -27
vt -167 -28
vt -11 -167
vt -12 -167
vt -10 -167
vt -9 -167
vt -8 -167
vt -7 -167
vt 167 -27
vt 167 -28
vt 167 -26
vt 167 -25
vt 167 -24
vt 167 -23
vt 8 -167
vt 7 -167
vt 9 -167
vt 10 -167
vt 11 -167
vt 12 -167
vt -167 -24
vt -167 -23
vt -168 -26
vt -168 -25
vt -168 -27
vt -168 -28
vt -11 -168
vt -12 -168
vt -10 -168
vt -9 -168
vt -8 -168
vt -7 -168
vt 168 -27
vt 168 -28
vt 168 -26
vt 168 -25
vt 168 -24
vt 168 -23
vt 8 -168
vt 7 -168
vt 9 -168
vt 10 -168
vt 11 -168
vt 12 -168
vt -168 -24
vt -168 -23
vt -169 -26
vt -169 -25
vt -169 -27
vt -169 -28
vt 8 -169
vt 7 -169
vt 9 -169
vt 10 -169
vt 11 -169
vt 12 -169
vt -169 -24
vt -169 -23
vt -11 -169
vt -12 -169
vt -10 -169
vt -9 -169
vt -8 -169
vt -7 -169
vt 169 -27
vt 169 -28
vt 169 -26
vt 169 -25
vt 169 -24
vt 169 -23

vn -1 0 0
vn 0 -1 0
vn 0 1 0
vn 1 0 0
vn 0 0 1
vn 0 0 -1
vn -0.7071068 0 -0.7071068
vn 0.7071068 0 0.7071068
vn -0.7071068 0 0.7071068
vn 0.7071068 0 -0.7071068

usemtl ProBuilderDefault
f 2289/1618/3 2295/1608/3 2382/1606/3
f 2283/1624/3 2289/1618/3 2379/1617/3
f 2277/1479/3 2283/1624/3 2377/1478/3
f 2238/1456/3 2277/1479/3 2253/1455/3
f 2313/1879/3 2297/1399/3 2376/1433/3
f 2296/1312/3 2422/1978/3 2485/1188/3
f 2243/482/3 2248/483/3 2454/485/3
f 2460/493/3 2454/485/3 2488/487/3
f 2466/499/3 2460/493/3 2490/494/3
f 2472/505/3 2466/499/3 2493/500/3
f 2285/1495/2 2815/1496/2 2291/1501/2
f 2279/1489/2 2812/1490/2 2285/1495/2
f 2273/1464/2 2810/1465/2 2279/1489/2
f 2273/1464/2 2233/346/2 2560/347/2
f 2229/316/2 2449/459/2 2565/317/2
f 2449/459/2 2455/514/2 2819/460/2
f 2455/514/2 2461/520/2 2821/515/2
f 2461/520/2 2467/526/2 2824/521/2
f 2306/333/2 2586/327/2 2418/2274/2
f 2307/339/2 2308/2276/2 2585/345/2
f 2675/2113/3 2676/2114/3 2720/2166/3
f 2669/2107/3 2670/2108/3 2676/2114/3
f 2661/2099/3 2662/2100/3 2670/2108/3
f 2651/2089/3 2652/2090/3 2662/2100/3
f 2771/2384/2 2913/2385/2 2776/2407/2
f 2766/2380/2 2910/2381/2 2771/2384/2
f 2761/2377/2 2908/2378/2 2766/2380/2
f 2756/2376/2 2907/2375/2 2761/2377/2
f 2671/2109/3 2672/2110/3 2707/2161/3
f 2663/2101/3 2664/2102/3 2671/2109/3
f 2654/2092/3 2663/2101/3 2653/2091/3
f 2641/2079/3 2642/2080/3 2653/2091/3
f 2634/2072/3 2559/2060/3 2553/2155/3
f 2501/2061/3 2635/2073/3 2547/2160/3
f 2502/2348/2 2542/2387/2 2894/2360/2
f 2892/2358/2 2548/2389/2 2554/2346/2
f 2682/2366/2 2687/2394/2 2898/2365/2
f 2687/2394/2 2692/2398/2 2919/2393/2
f 2692/2398/2 2697/2401/2 2922/2397/2
f 2697/2401/2 2702/2403/2 2924/2400/2
f 2737/2183/3 2738/2184/3 3000/2475/3
f 2733/2179/3 2734/2180/3 3001/2476/3
f 3048/2549/3 3064/2551/3 3065/2550/3
f 3050/2552/3 3067/2554/3 3066/2553/3
f 3/3/1 1/1/1 2/2/1
f 2/2/1 4/4/1 3/3/1
f 6/6/1 5/5/1 1/1/1
f 1/1/1 3/3/1 6/6/1
f 8/8/1 7/7/1 5/5/1
f 5/5/1 6/6/1 8/8/1
f 11/11/2 9/9/2 10/10/2
f 10/10/2 12/12/2 11/11/2
f 14/14/2 13/13/2 9/9/2
f 9/9/2 11/11/2 14/14/2
f 16/16/2 15/15/2 13/13/2
f 13/13/2 14/14/2 16/16/2
f 18/18/2 17/17/2 15/15/2
f 15/15/2 16/16/2 18/18/2
f 20/20/2 19/19/2 17/17/2
f 17/17/2 18/18/2 20/20/2
f 22/23/1 21/21/1 19/22/1
f 19/22/1 20/24/1 22/23/1
f 4/4/1 2/2/1 21/21/1
f 21/21/1 22/23/1 4/4/1
f 23/25/1 3/3/1 4/4/1
f 4/4/1 24/26/1 23/25/1
f 25/27/1 6/6/1 3/3/1
f 3/3/1 23/25/1 25/27/1
f 26/28/1 8/8/1 6/6/1
f 6/6/1 25/27/1 26/28/1
f 27/29/2 11/11/2 12/12/2
f 12/12/2 28/30/2 27/29/2
f 29/31/2 14/14/2 11/11/2
f 11/11/2 27/29/2 29/31/2
f 30/32/2 16/16/2 14/14/2
f 14/14/2 29/31/2 30/32/2
f 31/33/2 18/18/2 16/16/2
f 16/16/2 30/32/2 31/33/2
f 32/34/2 20/20/2 18/18/2
f 18/18/2 31/33/2 32/34/2
f 33/35/1 22/23/1 20/24/1
f 20/24/1 32/36/1 33/35/1
f 24/26/1 4/4/1 22/23/1
f 22/23/1 33/35/1 24/26/1
f 34/37/1 23/25/1 24/26/1
f 24/26/1 35/38/1 34/37/1
f 36/39/1 25/27/1 23/25/1
f 23/25/1 34/37/1 36/39/1
f 37/40/1 26/28/1 25/27/1
f 25/27/1 36/39/1 37/40/1
f 38/41/2 27/29/2 28/30/2
f 28/30/2 39/42/2 38/41/2
f 40/43/2 29/31/2 27/29/2
f 27/29/2 38/41/2 40/43/2
f 41/44/2 30/32/2 29/31/2
f 29/31/2 40/43/2 41/44/2
f 42/45/2 31/33/2 30/32/2
f 30/32/2 41/44/2 42/45/2
f 43/46/2 32/34/2 31/33/2
f 31/33/2 42/45/2 43/46/2
f 44/47/1 33/35/1 32/36/1
f 32/36/1 43/48/1 44/47/1
f 35/38/1 24/26/1 33/35/1
f 33/35/1 44/47/1 35/38/1
f 45/49/1 34/37/1 35/38/1
f 35/38/1 46/50/1 45/49/1
f 47/51/1 36/39/1 34/37/1
f 34/37/1 45/49/1 47/51/1
f 48/52/1 37/40/1 36/39/1
f 36/39/1 47/51/1 48/52/1
f 49/53/2 38/41/2 39/42/2
f 39/42/2 50/54/2 49/53/2
f 51/55/2 40/43/2 38/41/2
f 38/41/2 49/53/2 51/55/2
f 52/56/2 41/44/2 40/43/2
f 40/43/2 51/55/2 52/56/2
f 53/57/2 42/45/2 41/44/2
f 41/44/2 52/56/2 53/57/2
f 54/58/2 43/46/2 42/45/2
f 42/45/2 53/57/2 54/58/2
f 55/59/1 44/47/1 43/48/1
f 43/48/1 54/60/1 55/59/1
f 46/50/1 35/38/1 44/47/1
f 44/47/1 55/59/1 46/50/1
f 56/61/1 45/49/1 46/50/1
f 46/50/1 57/62/1 56/61/1
f 58/63/1 47/51/1 45/49/1
f 45/49/1 56/61/1 58/63/1
f 59/64/1 48/52/1 47/51/1
f 47/51/1 58/63/1 59/64/1
f 60/65/2 49/53/2 50/54/2
f 50/54/2 61/66/2 60/65/2
f 62/67/2 51/55/2 49/53/2
f 49/53/2 60/65/2 62/67/2
f 63/68/2 52/56/2 51/55/2
f 51/55/2 62/67/2 63/68/2
f 64/69/2 53/57/2 52/56/2
f 52/56/2 63/68/2 64/69/2
f 65/70/2 54/58/2 53/57/2
f 53/57/2 64/69/2 65/70/2
f 66/71/1 55/59/1 54/60/1
f 54/60/1 65/72/1 66/71/1
f 57/62/1 46/50/1 55/59/1
f 55/59/1 66/71/1 57/62/1
f 67/73/1 56/61/1 57/62/1
f 57/62/1 68/74/1 67/73/1
f 69/75/1 58/63/1 56/61/1
f 56/61/1 67/73/1 69/75/1
f 70/76/1 59/64/1 58/63/1
f 58/63/1 69/75/1 70/76/1
f 71/77/2 60/65/2 61/66/2
f 61/66/2 72/78/2 71/77/2
f 73/79/2 62/67/2 60/65/2
f 60/65/2 71/77/2 73/79/2
f 74/80/2 63/68/2 62/67/2
f 62/67/2 73/79/2 74/80/2
f 75/81/2 64/69/2 63/68/2
f 63/68/2 74/80/2 75/81/2
f 76/82/2 65/70/2 64/69/2
f 64/69/2 75/81/2 76/82/2
f 77/83/1 66/71/1 65/72/1
f 65/72/1 76/84/1 77/83/1
f 68/74/1 57/62/1 66/71/1
f 66/71/1 77/83/1 68/74/1
f 78/85/1 67/73/1 68/74/1
f 68/74/1 79/86/1 78/85/1
f 80/87/1 69/75/1 67/73/1
f 67/73/1 78/85/1 80/87/1
f 81/88/1 70/76/1 69/75/1
f 69/75/1 80/87/1 81/88/1
f 82/89/2 71/77/2 72/78/2
f 72/78/2 83/90/2 82/89/2
f 84/91/2 73/79/2 71/77/2
f 71/77/2 82/89/2 84/91/2
f 85/92/2 74/80/2 73/79/2
f 73/79/2 84/91/2 85/92/2
f 86/93/2 75/81/2 74/80/2
f 74/80/2 85/92/2 86/93/2
f 87/94/2 76/82/2 75/81/2
f 75/81/2 86/93/2 87/94/2
f 88/95/1 77/83/1 76/84/1
f 76/84/1 87/96/1 88/95/1
f 79/86/1 68/74/1 77/83/1
f 77/83/1 88/95/1 79/86/1
f 89/97/1 78/85/1 79/86/1
f 79/86/1 90/98/1 89/97/1
f 91/99/1 80/87/1 78/85/1
f 78/85/1 89/97/1 91/99/1
f 92/100/1 81/88/1 80/87/1
f 80/87/1 91/99/1 92/100/1
f 93/101/2 82/89/2 83/90/2
f 83/90/2 94/102/2 93/101/2
f 95/103/2 84/91/2 82/89/2
f 82/89/2 93/101/2 95/103/2
f 96/104/2 85/92/2 84/91/2
f 84/91/2 95/103/2 96/104/2
f 97/105/2 86/93/2 85/92/2
f 85/92/2 96/104/2 97/105/2
f 98/106/2 87/94/2 86/93/2
f 86/93/2 97/105/2 98/106/2
f 99/107/1 88/95/1 87/96/1
f 87/96/1 98/108/1 99/107/1
f 90/98/1 79/86/1 88/95/1
f 88/95/1 99/107/1 90/98/1
f 100/109/1 89/97/1 90/98/1
f 90/98/1 101/110/1 100/109/1
f 102/111/1 91/99/1 89/97/1
f 89/97/1 100/109/1 102/111/1
f 103/112/1 92/100/1 91/99/1
f 91/99/1 102/111/1 103/112/1
f 104/113/2 93/101/2 94/102/2
f 94/102/2 105/114/2 104/113/2
f 106/115/2 95/103/2 93/101/2
f 93/101/2 104/113/2 106/115/2
f 107/116/2 96/104/2 95/103/2
f 95/103/2 106/115/2 107/116/2
f 108/117/2 97/105/2 96/104/2
f 96/104/2 107/116/2 108/117/2
f 109/118/2 98/106/2 97/105/2
f 97/105/2 108/117/2 109/118/2
f 110/119/1 99/107/1 98/108/1
f 98/108/1 109/120/1 110/119/1
f 101/110/1 90/98/1 99/107/1
f 99/107/1 110/119/1 101/110/1
f 111/121/1 100/109/1 101/110/1
f 101/110/1 112/122/1 111/121/1
f 113/123/1 102/111/1 100/109/1
f 100/109/1 111/121/1 113/123/1
f 114/124/1 103/112/1 102/111/1
f 102/111/1 113/123/1 114/124/1
f 115/125/2 104/113/2 105/114/2
f 105/114/2 116/126/2 115/125/2
f 117/127/2 106/115/2 104/113/2
f 104/113/2 115/125/2 117/127/2
f 118/128/2 107/116/2 106/115/2
f 106/115/2 117/127/2 118/128/2
f 119/129/2 108/117/2 107/116/2
f 107/116/2 118/128/2 119/129/2
f 120/130/2 109/118/2 108/117/2
f 108/117/2 119/129/2 120/130/2
f 121/131/1 110/119/1 109/120/1
f 109/120/1 120/132/1 121/131/1
f 112/122/1 101/110/1 110/119/1
f 110/119/1 121/131/1 112/122/1
f 122/133/1 111/121/1 112/122/1
f 112/122/1 123/134/1 122/133/1
f 124/135/1 113/123/1 111/121/1
f 111/121/1 122/133/1 124/135/1
f 125/136/1 114/124/1 113/123/1
f 113/123/1 124/135/1 125/136/1
f 126/137/2 115/125/2 116/126/2
f 116/126/2 127/138/2 126/137/2
f 128/139/2 117/127/2 115/125/2
f 115/125/2 126/137/2 128/139/2
f 129/140/2 118/128/2 117/127/2
f 117/127/2 128/139/2 129/140/2
f 130/141/2 119/129/2 118/128/2
f 118/128/2 129/140/2 130/141/2
f 131/142/2 120/130/2 119/129/2
f 119/129/2 130/141/2 131/142/2
f 132/143/1 121/131/1 120/132/1
f 120/132/1 131/144/1 132/143/1
f 123/134/1 112/122/1 121/131/1
f 121/131/1 132/143/1 123/134/1
f 133/145/1 122/133/1 123/134/1
f 123/134/1 134/146/1 133/145/1
f 135/147/1 124/135/1 122/133/1
f 122/133/1 133/145/1 135/147/1
f 136/148/1 125/136/1 124/135/1
f 124/135/1 135/147/1 136/148/1
f 137/149/2 126/137/2 127/138/2
f 127/138/2 138/150/2 137/149/2
f 139/151/2 128/139/2 126/137/2
f 126/137/2 137/149/2 139/151/2
f 140/152/2 129/140/2 128/139/2
f 128/139/2 139/151/2 140/152/2
f 141/153/2 130/141/2 129/140/2
f 129/140/2 140/152/2 141/153/2
f 142/154/2 131/142/2 130/141/2
f 130/141/2 141/153/2 142/154/2
f 143/155/1 132/143/1 131/144/1
f 131/144/1 142/156/1 143/155/1
f 134/146/1 123/134/1 132/143/1
f 132/143/1 143/155/1 134/146/1
f 144/157/1 133/145/1 134/146/1
f 134/146/1 145/158/1 144/157/1
f 146/159/1 135/147/1 133/145/1
f 133/145/1 144/157/1 146/159/1
f 147/160/1 136/148/1 135/147/1
f 135/147/1 146/159/1 147/160/1
f 149/163/3 148/161/3 136/162/3
f 136/162/3 147/164/3 149/163/3
f 151/166/3 150/165/3 148/161/3
f 148/161/3 149/163/3 151/166/3
f 152/167/2 137/149/2 138/150/2
f 138/150/2 153/168/2 152/167/2
f 154/169/2 139/151/2 137/149/2
f 137/149/2 152/167/2 154/169/2
f 155/170/2 140/152/2 139/151/2
f 139/151/2 154/169/2 155/170/2
f 156/171/2 141/153/2 140/152/2
f 140/152/2 155/170/2 156/171/2
f 157/172/2 142/154/2 141/153/2
f 141/153/2 156/171/2 157/172/2
f 158/173/1 143/155/1 142/156/1
f 142/156/1 157/174/1 158/173/1
f 145/158/1 134/146/1 143/155/1
f 143/155/1 158/173/1 145/158/1
f 159/175/1 144/157/1 145/158/1
f 145/158/1 160/176/1 159/175/1
f 161/177/1 146/159/1 144/157/1
f 144/157/1 159/175/1 161/177/1
f 162/178/1 147/160/1 146/159/1
f 146/159/1 161/177/1 162/178/1
f 163/179/3 149/163/3 147/164/3
f 147/164/3 162/180/3 163/179/3
f 164/181/3 151/166/3 149/163/3
f 149/163/3 163/179/3 164/181/3
f 166/183/3 165/182/3 151/166/3
f 151/166/3 164/181/3 166/183/3
f 168/185/3 167/184/3 165/182/3
f 165/182/3 166/183/3 168/185/3
f 170/187/3 169/186/3 167/184/3
f 167/184/3 168/185/3 170/187/3
f 172/190/4 171/188/4 169/189/4
f 169/189/4 170/191/4 172/190/4
f 173/192/2 152/167/2 153/168/2
f 153/168/2 174/193/2 173/192/2
f 175/194/2 154/169/2 152/167/2
f 152/167/2 173/192/2 175/194/2
f 176/195/2 155/170/2 154/169/2
f 154/169/2 175/194/2 176/195/2
f 177/196/2 156/171/2 155/170/2
f 155/170/2 176/195/2 177/196/2
f 178/197/2 157/172/2 156/171/2
f 156/171/2 177/196/2 178/197/2
f 179/198/1 158/173/1 157/174/1
f 157/174/1 178/199/1 179/198/1
f 160/176/1 145/158/1 158/173/1
f 158/173/1 179/198/1 160/176/1
f 180/200/1 159/175/1 160/176/1
f 160/176/1 181/201/1 180/200/1
f 182/202/1 161/177/1 159/175/1
f 159/175/1 180/200/1 182/202/1
f 183/203/1 162/178/1 161/177/1
f 161/177/1 182/202/1 183/203/1
f 184/204/3 163/179/3 162/180/3
f 162/180/3 183/205/3 184/204/3
f 185/206/3 164/181/3 163/179/3
f 163/179/3 184/204/3 185/206/3
f 186/207/3 166/183/3 164/181/3
f 164/181/3 185/206/3 186/207/3
f 187/208/3 168/185/3 166/183/3
f 166/183/3 186/207/3 187/208/3
f 188/209/3 170/187/3 168/185/3
f 168/185/3 187/208/3 188/209/3
f 189/210/4 172/190/4 170/191/4
f 170/191/4 188/211/4 189/210/4
f 190/212/2 173/192/2 174/193/2
f 174/193/2 191/213/2 190/212/2
f 192/214/2 175/194/2 173/192/2
f 173/192/2 190/212/2 192/214/2
f 193/215/2 176/195/2 175/194/2
f 175/194/2 192/214/2 193/215/2
f 194/216/2 177/196/2 176/195/2
f 176/195/2 193/215/2 194/216/2
f 195/217/2 178/197/2 177/196/2
f 177/196/2 194/216/2 195/217/2
f 196/218/1 179/198/1 178/199/1
f 178/199/1 195/219/1 196/218/1
f 181/201/1 160/176/1 179/198/1
f 179/198/1 196/218/1 181/201/1
f 197/220/1 180/200/1 181/201/1
f 181/201/1 198/221/1 197/220/1
f 199/222/1 182/202/1 180/200/1
f 180/200/1 197/220/1 199/222/1
f 200/223/1 183/203/1 182/202/1
f 182/202/1 199/222/1 200/223/1
f 201/224/3 184/204/3 183/205/3
f 183/205/3 200/225/3 201/224/3
f 202/226/3 185/206/3 184/204/3
f 184/204/3 201/224/3 202/226/3
f 203/227/3 186/207/3 185/206/3
f 185/206/3 202/226/3 203/227/3
f 204/228/3 187/208/3 186/207/3
f 186/207/3 203/227/3 204/228/3
f 205/229/3 188/209/3 187/208/3
f 187/208/3 204/228/3 205/229/3
f 206/230/4 189/210/4 188/211/4
f 188/211/4 205/231/4 206/230/4
f 207/232/2 190/212/2 191/213/2
f 191/213/2 208/233/2 207/232/2
f 209/234/2 192/214/2 190/212/2
f 190/212/2 207/232/2 209/234/2
f 210/235/2 193/215/2 192/214/2
f 192/214/2 209/234/2 210/235/2
f 211/236/2 194/216/2 193/215/2
f 193/215/2 210/235/2 211/236/2
f 212/237/2 195/217/2 194/216/2
f 194/216/2 211/236/2 212/237/2
f 213/238/1 196/218/1 195/219/1
f 195/219/1 212/239/1 213/238/1
f 198/221/1 181/201/1 196/218/1
f 196/218/1 213/238/1 198/221/1
f 214/240/1 197/220/1 198/221/1
f 198/221/1 215/241/1 214/240/1
f 216/242/1 199/222/1 197/220/1
f 197/220/1 214/240/1 216/242/1
f 217/243/1 200/223/1 199/222/1
f 199/222/1 216/242/1 217/243/1
f 218/244/3 201/224/3 200/225/3
f 200/225/3 217/245/3 218/244/3
f 219/246/3 202/226/3 201/224/3
f 201/224/3 218/244/3 219/246/3
f 220/247/3 203/227/3 202/226/3
f 202/226/3 219/246/3 220/247/3
f 221/248/3 204/228/3 203/227/3
f 203/227/3 220/247/3 221/248/3
f 222/249/3 205/229/3 204/228/3
f 204/228/3 221/248/3 222/249/3
f 223/250/4 206/230/4 205/231/4
f 205/231/4 222/251/4 223/250/4
f 225/253/4 224/252/4 206/230/4
f 206/230/4 223/250/4 225/253/4
f 227/255/4 226/254/4 224/252/4
f 224/252/4 225/253/4 227/255/4
f 229/257/4 228/256/4 226/254/4
f 226/254/4 227/255/4 229/257/4
f 230/259/4 208/258/4 228/256/4
f 228/256/4 229/257/4 230/259/4
f 231/260/2 207/232/2 208/233/2
f 208/233/2 230/261/2 231/260/2
f 232/262/2 209/234/2 207/232/2
f 207/232/2 231/260/2 232/262/2
f 233/263/2 210/235/2 209/234/2
f 209/234/2 232/262/2 233/263/2
f 234/264/2 211/236/2 210/235/2
f 210/235/2 233/263/2 234/264/2
f 235/265/2 212/237/2 211/236/2
f 211/236/2 234/264/2 235/265/2
f 236/266/1 213/238/1 212/239/1
f 212/239/1 235/267/1 236/266/1
f 215/241/1 198/221/1 213/238/1
f 213/238/1 236/266/1 215/241/1
f 237/268/1 214/240/1 215/241/1
f 215/241/1 238/269/1 237/268/1
f 239/270/1 216/242/1 214/240/1
f 214/240/1 237/268/1 239/270/1
f 240/271/1 217/243/1 216/242/1
f 216/242/1 239/270/1 240/271/1
f 241/272/3 218/244/3 217/245/3
f 217/245/3 240/273/3 241/272/3
f 242/274/3 219/246/3 218/244/3
f 218/244/3 241/272/3 242/274/3
f 243/275/3 220/247/3 219/246/3
f 219/246/3 242/274/3 243/275/3
f 244/276/3 221/248/3 220/247/3
f 220/247/3 243/275/3 244/276/3
f 245/277/3 222/249/3 221/248/3
f 221/248/3 244/276/3 245/277/3
f 246/278/4 223/250/4 222/251/4
f 222/251/4 245/279/4 246/278/4
f 247/280/4 225/253/4 223/250/4
f 223/250/4 246/278/4 247/280/4
f 248/281/4 227/255/4 225/253/4
f 225/253/4 247/280/4 248/281/4
f 249/282/4 229/257/4 227/255/4
f 227/255/4 248/281/4 249/282/4
f 250/283/4 230/259/4 229/257/4
f 229/257/4 249/282/4 250/283/4
f 251/284/2 231/260/2 230/261/2
f 230/261/2 250/285/2 251/284/2
f 252/286/2 232/262/2 231/260/2
f 231/260/2 251/284/2 252/286/2
f 253/287/2 233/263/2 232/262/2
f 232/262/2 252/286/2 253/287/2
f 254/288/2 234/264/2 233/263/2
f 233/263/2 253/287/2 254/288/2
f 255/289/2 235/265/2 234/264/2
f 234/264/2 254/288/2 255/289/2
f 256/290/1 236/266/1 235/267/1
f 235/267/1 255/291/1 256/290/1
f 238/269/1 215/241/1 236/266/1
f 236/266/1 256/290/1 238/269/1
f 257/292/1 237/268/1 238/269/1
f 238/269/1 258/293/1 257/292/1
f 259/294/1 239/270/1 237/268/1
f 237/268/1 257/292/1 259/294/1
f 260/295/1 240/271/1 239/270/1
f 239/270/1 259/294/1 260/295/1
f 261/296/3 241/272/3 240/273/3
f 240/273/3 260/297/3 261/296/3
f 262/298/3 242/274/3 241/272/3
f 241/272/3 261/296/3 262/298/3
f 263/299/3 243/275/3 242/274/3
f 242/274/3 262/298/3 263/299/3
f 264/300/3 244/276/3 243/275/3
f 243/275/3 263/299/3 264/300/3
f 265/301/3 245/277/3 244/276/3
f 244/276/3 264/300/3 265/301/3
f 266/302/4 246/278/4 245/279/4
f 245/279/4 265/303/4 266/302/4
f 267/304/4 247/280/4 246/278/4
f 246/278/4 266/302/4 267/304/4
f 268/305/4 248/281/4 247/280/4
f 247/280/4 267/304/4 268/305/4
f 269/306/4 249/282/4 248/281/4
f 248/281/4 268/305/4 269/306/4
f 270/307/4 250/283/4 249/282/4
f 249/282/4 269/306/4 270/307/4
f 271/308/2 251/284/2 250/285/2
f 250/285/2 270/309/2 271/308/2
f 272/310/2 252/286/2 251/284/2
f 251/284/2 271/308/2 272/310/2
f 273/311/2 253/287/2 252/286/2
f 252/286/2 272/310/2 273/311/2
f 274/312/2 254/288/2 253/287/2
f 253/287/2 273/311/2 274/312/2
f 275/313/2 255/289/2 254/288/2
f 254/288/2 274/312/2 275/313/2
f 276/314/1 256/290/1 255/291/1
f 255/291/1 275/315/1 276/314/1
f 258/293/1 238/269/1 256/290/1
f 256/290/1 276/314/1 258/293/1
f 271/318/5 270/316/5 269/317/5
f 269/317/5 277/319/5 271/318/5
f 277/319/5 269/317/5 268/320/5
f 268/320/5 278/321/5 277/319/5
f 278/321/5 268/320/5 267/322/5
f 267/322/5 279/323/5 278/321/5
f 279/323/5 267/322/5 266/324/5
f 266/324/5 280/325/5 279/323/5
f 280/325/5 266/324/5 265/326/5
f 265/326/5 264/327/5 280/325/5
f 272/328/5 271/318/5 277/319/5
f 277/319/5 281/329/5 272/328/5
f 281/329/5 277/319/5 278/321/5
f 278/321/5 282/330/5 281/329/5
f 282/330/5 278/321/5 279/323/5
f 279/323/5 283/331/5 282/330/5
f 283/331/5 279/323/5 280/325/5
f 280/325/5 284/332/5 283/331/5
f 284/332/5 280/325/5 264/327/5
f 264/327/5 263/333/5 284/332/5
f 273/334/5 272/328/5 281/329/5
f 281/329/5 285/335/5 273/334/5
f 285/335/5 281/329/5 282/330/5
f 282/330/5 286/336/5 285/335/5
f 286/336/5 282/330/5 283/331/5
f 283/331/5 287/337/5 286/336/5
f 287/337/5 283/331/5 284/332/5
f 284/332/5 288/338/5 287/337/5
f 288/338/5 284/332/5 263/333/5
f 263/333/5 262/339/5 288/338/5
f 274/340/5 273/334/5 285/335/5
f 285/335/5 289/341/5 274/340/5
f 289/341/5 285/335/5 286/336/5
f 286/336/5 290/342/5 289/341/5
f 290/342/5 286/336/5 287/337/5
f 287/337/5 291/343/5 290/342/5
f 291/343/5 287/337/5 288/338/5
f 288/338/5 292/344/5 291/343/5
f 292/344/5 288/338/5 262/339/5
f 262/339/5 261/345/5 292/344/5
f 275/346/5 274/340/5 289/341/5
f 289/341/5 276/347/5 275/346/5
f 276/347/5 289/341/5 290/342/5
f 290/342/5 258/348/5 276/347/5
f 258/348/5 290/342/5 291/343/5
f 291/343/5 257/349/5 258/348/5
f 257/349/5 291/343/5 292/344/5
f 292/344/5 259/350/5 257/349/5
f 259/350/5 292/344/5 261/345/5
f 261/345/5 260/351/5 259/350/5
f 295/353/3 293/352/3 294/186/3
f 294/186/3 296/354/3 295/353/3
f 296/354/3 294/186/3 297/187/3
f 297/187/3 298/355/3 296/354/3
f 298/355/3 297/187/3 299/209/3
f 299/209/3 300/356/3 298/355/3
f 300/356/3 299/209/3 301/229/3
f 301/229/3 302/357/3 300/356/3
f 305/359/3 303/358/3 304/353/3
f 304/353/3 306/360/3 305/359/3
f 306/360/3 304/353/3 307/354/3
f 307/354/3 308/361/3 306/360/3
f 308/361/3 307/354/3 309/355/3
f 309/355/3 310/362/3 308/361/3
f 310/362/3 309/355/3 311/356/3
f 311/356/3 312/363/3 310/362/3
f 312/363/3 311/356/3 313/357/3
f 313/357/3 314/364/3 312/363/3
f 315/365/3 310/362/3 312/363/3
f 312/363/3 316/366/3 315/365/3
f 316/366/3 312/363/3 314/364/3
f 314/364/3 317/367/3 316/366/3
f 318/368/3 315/365/3 316/366/3
f 316/366/3 319/369/3 318/368/3
f 319/369/3 316/366/3 317/367/3
f 317/367/3 320/370/3 319/369/3
f 321/371/3 319/369/3 320/370/3
f 320/370/3 322/372/3 321/371/3
f 325/375/2 323/373/2 324/374/2
f 324/374/2 326/376/2 325/375/2
f 326/376/2 324/374/2 327/377/2
f 327/377/2 328/378/2 326/376/2
f 328/378/2 327/377/2 329/379/2
f 329/379/2 330/380/2 328/378/2
f 330/380/2 329/379/2 331/381/2
f 331/381/2 332/382/2 330/380/2
f 332/382/2 331/381/2 333/383/2
f 333/383/2 334/384/2 332/382/2
f 334/384/2 333/383/2 335/385/2
f 335/385/2 336/386/2 334/384/2
f 336/386/2 335/385/2 337/387/2
f 337/387/2 338/388/2 336/386/2
f 338/388/2 337/387/2 339/389/2
f 339/389/2 340/390/2 338/388/2
f 340/390/2 339/389/2 341/391/2
f 341/391/2 342/392/2 340/390/2
f 342/392/2 341/391/2 343/393/2
f 343/393/2 344/394/2 342/392/2
f 344/394/2 343/393/2 345/395/2
f 345/395/2 346/396/2 344/394/2
f 346/396/2 345/395/2 347/397/2
f 347/397/2 348/398/2 346/396/2
f 348/398/2 347/397/2 349/399/2
f 349/399/2 350/400/2 348/398/2
f 350/400/2 349/399/2 351/401/2
f 351/401/2 352/402/2 350/400/2
f 352/402/2 351/401/2 353/403/2
f 353/403/2 354/404/2 352/402/2
f 354/404/2 353/403/2 355/405/2
f 355/405/2 356/406/2 354/404/2
f 357/407/2 325/375/2 326/376/2
f 326/376/2 358/408/2 357/407/2
f 358/408/2 326/376/2 328/378/2
f 328/378/2 359/409/2 358/408/2
f 359/409/2 328/378/2 330/380/2
f 330/380/2 360/410/2 359/409/2
f 360/410/2 330/380/2 332/382/2
f 332/382/2 361/411/2 360/410/2
f 361/411/2 332/382/2 334/384/2
f 334/384/2 362/412/2 361/411/2
f 362/412/2 334/384/2 336/386/2
f 336/386/2 363/413/2 362/412/2
f 363/413/2 336/386/2 338/388/2
f 338/388/2 364/414/2 363/413/2
f 364/414/2 338/388/2 340/390/2
f 340/390/2 365/415/2 364/414/2
f 365/415/2 340/390/2 342/392/2
f 342/392/2 366/416/2 365/415/2
f 366/416/2 342/392/2 344/394/2
f 344/394/2 367/417/2 366/416/2
f 367/417/2 344/394/2 346/396/2
f 346/396/2 368/418/2 367/417/2
f 368/418/2 346/396/2 348/398/2
f 348/398/2 369/419/2 368/418/2
f 369/419/2 348/398/2 350/400/2
f 350/400/2 370/420/2 369/419/2
f 370/420/2 350/400/2 352/402/2
f 352/402/2 371/421/2 370/420/2
f 371/421/2 352/402/2 354/404/2
f 354/404/2 372/422/2 371/421/2
f 372/422/2 354/404/2 356/406/2
f 356/406/2 373/423/2 372/422/2
f 374/424/2 357/407/2 358/408/2
f 358/408/2 375/425/2 374/424/2
f 375/425/2 358/408/2 359/409/2
f 359/409/2 376/426/2 375/425/2
f 376/426/2 359/409/2 360/410/2
f 360/410/2 377/427/2 376/426/2
f 377/427/2 360/410/2 361/411/2
f 361/411/2 378/428/2 377/427/2
f 378/428/2 361/411/2 362/412/2
f 362/412/2 379/429/2 378/428/2
f 379/429/2 362/412/2 363/413/2
f 363/413/2 380/430/2 379/429/2
f 380/430/2 363/413/2 364/414/2
f 364/414/2 381/431/2 380/430/2
f 381/431/2 364/414/2 365/415/2
f 365/415/2 382/432/2 381/431/2
f 382/432/2 365/415/2 366/416/2
f 366/416/2 383/433/2 382/432/2
f 383/433/2 366/416/2 367/417/2
f 367/417/2 384/434/2 383/433/2
f 384/434/2 367/417/2 368/418/2
f 368/418/2 385/435/2 384/434/2
f 385/435/2 368/418/2 369/419/2
f 369/419/2 386/436/2 385/435/2
f 386/436/2 369/419/2 370/420/2
f 370/420/2 387/437/2 386/436/2
f 387/437/2 370/420/2 371/421/2
f 371/421/2 388/438/2 387/437/2
f 388/438/2 371/421/2 372/422/2
f 372/422/2 389/439/2 388/438/2
f 389/439/2 372/422/2 373/423/2
f 373/423/2 390/440/2 389/439/2
f 391/441/2 374/424/2 375/425/2
f 375/425/2 392/442/2 391/441/2
f 392/442/2 375/425/2 376/426/2
f 376/426/2 393/443/2 392/442/2
f 393/443/2 376/426/2 377/427/2
f 377/427/2 394/444/2 393/443/2
f 394/444/2 377/427/2 378/428/2
f 378/428/2 395/445/2 394/444/2
f 395/445/2 378/428/2 379/429/2
f 379/429/2 396/446/2 395/445/2
f 396/446/2 379/429/2 380/430/2
f 380/430/2 397/447/2 396/446/2
f 397/447/2 380/430/2 381/431/2
f 381/431/2 398/448/2 397/447/2
f 398/448/2 381/431/2 382/432/2
f 382/432/2 399/449/2 398/448/2
f 399/449/2 382/432/2 383/433/2
f 383/433/2 400/450/2 399/449/2
f 400/450/2 383/433/2 384/434/2
f 384/434/2 401/451/2 400/450/2
f 401/451/2 384/434/2 385/435/2
f 385/435/2 402/452/2 401/451/2
f 402/452/2 385/435/2 386/436/2
f 386/436/2 403/453/2 402/452/2
f 403/453/2 386/436/2 387/437/2
f 387/437/2 404/454/2 403/453/2
f 404/454/2 387/437/2 388/438/2
f 388/438/2 405/455/2 404/454/2
f 405/455/2 388/438/2 389/439/2
f 389/439/2 406/456/2 405/455/2
f 406/456/2 389/439/2 390/440/2
f 390/440/2 407/457/2 406/456/2
f 10/10/2 391/441/2 392/442/2
f 392/442/2 12/12/2 10/10/2
f 12/12/2 392/442/2 393/443/2
f 393/443/2 28/30/2 12/12/2
f 28/30/2 393/443/2 394/444/2
f 394/444/2 39/42/2 28/30/2
f 39/42/2 394/444/2 395/445/2
f 395/445/2 50/54/2 39/42/2
f 50/54/2 395/445/2 396/446/2
f 396/446/2 61/66/2 50/54/2
f 61/66/2 396/446/2 397/447/2
f 397/447/2 72/78/2 61/66/2
f 72/78/2 397/447/2 398/448/2
f 398/448/2 83/90/2 72/78/2
f 83/90/2 398/448/2 399/449/2
f 399/449/2 94/102/2 83/90/2
f 94/102/2 399/449/2 400/450/2
f 400/450/2 105/114/2 94/102/2
f 105/114/2 400/450/2 401/451/2
f 401/451/2 116/126/2 105/114/2
f 116/126/2 401/451/2 402/452/2
f 402/452/2 127/138/2 116/126/2
f 127/138/2 402/452/2 403/453/2
f 403/453/2 138/150/2 127/138/2
f 138/150/2 403/453/2 404/454/2
f 404/454/2 153/168/2 138/150/2
f 153/168/2 404/454/2 405/455/2
f 405/455/2 174/193/2 153/168/2
f 174/193/2 405/455/2 406/456/2
f 406/456/2 191/213/2 174/193/2
f 191/213/2 406/456/2 407/457/2
f 407/457/2 208/233/2 191/213/2
f 228/317/5 208/316/5 407/458/5
f 407/458/5 408/459/5 228/317/5
f 226/320/5 228/317/5 408/459/5
f 408/459/5 409/460/5 226/320/5
f 224/322/5 226/320/5 409/460/5
f 409/460/5 410/461/5 224/322/5
f 206/324/5 224/322/5 410/461/5
f 410/461/5 411/462/5 206/324/5
f 412/463/4 189/210/4 206/230/4
f 206/230/4 224/252/4 412/463/4
f 414/220/1 313/222/1 311/202/1
f 311/202/1 413/200/1 414/220/1
f 415/464/4 172/190/4 189/210/4
f 189/210/4 412/463/4 415/464/4
f 413/200/1 311/202/1 309/177/1
f 309/177/1 416/175/1 413/200/1
f 417/465/4 171/188/4 172/190/4
f 172/190/4 415/464/4 417/465/4
f 416/175/1 309/177/1 307/159/1
f 307/159/1 418/157/1 416/175/1
f 418/157/1 307/159/1 304/147/1
f 304/147/1 419/145/1 418/157/1
f 419/145/1 304/147/1 303/135/1
f 303/135/1 420/133/1 419/145/1
f 299/467/4 412/463/4 224/252/4
f 224/252/4 301/466/4 299/467/4
f 302/469/1 414/220/1 413/200/1
f 413/200/1 300/468/1 302/469/1
f 297/470/4 415/464/4 412/463/4
f 412/463/4 299/467/4 297/470/4
f 300/468/1 413/200/1 416/175/1
f 416/175/1 298/471/1 300/468/1
f 294/472/4 417/465/4 415/464/4
f 415/464/4 297/470/4 294/472/4
f 298/471/1 416/175/1 418/157/1
f 418/157/1 296/473/1 298/471/1
f 293/475/4 421/474/4 417/465/4
f 417/465/4 294/472/4 293/475/4
f 296/473/1 418/157/1 419/145/1
f 419/145/1 295/476/1 296/473/1
f 295/476/1 419/145/1 420/133/1
f 420/133/1 422/477/1 295/476/1
f 293/481/6 421/479/6 419/478/6
f 419/478/6 295/480/6 293/481/6
f 391/484/6 10/482/6 423/483/6
f 423/483/6 424/485/6 391/484/6
f 424/485/6 423/483/6 425/486/6
f 425/486/6 426/487/6 424/485/6
f 426/487/6 425/486/6 427/479/6
f 427/479/6 428/488/6 426/487/6
f 428/488/6 427/479/6 429/489/6
f 429/489/6 430/490/6 428/488/6
f 374/491/6 391/484/6 424/485/6
f 424/485/6 431/492/6 374/491/6
f 431/492/6 424/485/6 426/487/6
f 426/487/6 432/493/6 431/492/6
f 432/493/6 426/487/6 428/488/6
f 428/488/6 433/494/6 432/493/6
f 433/494/6 428/488/6 430/490/6
f 430/490/6 434/495/6 433/494/6
f 357/496/6 374/491/6 431/492/6
f 431/492/6 435/497/6 357/496/6
f 435/497/6 431/492/6 432/493/6
f 432/493/6 436/498/6 435/497/6
f 436/498/6 432/493/6 433/494/6
f 433/494/6 437/499/6 436/498/6
f 437/499/6 433/494/6 434/495/6
f 434/495/6 438/500/6 437/499/6
f 325/501/6 357/496/6 435/497/6
f 435/497/6 439/502/6 325/501/6
f 439/502/6 435/497/6 436/498/6
f 436/498/6 440/503/6 439/502/6
f 440/503/6 436/498/6 437/499/6
f 437/499/6 441/504/6 440/503/6
f 441/504/6 437/499/6 438/500/6
f 438/500/6 442/505/6 441/504/6
f 323/506/6 325/501/6 439/502/6
f 439/502/6 443/507/6 323/506/6
f 443/507/6 439/502/6 440/503/6
f 440/503/6 444/508/6 443/507/6
f 444/508/6 440/503/6 441/504/6
f 441/504/6 445/509/6 444/508/6
f 445/509/6 441/504/6 442/505/6
f 442/505/6 446/510/6 445/509/6
f 420/133/1 303/135/1 447/123/1
f 447/123/1 448/121/1 420/133/1
f 422/477/1 420/133/1 448/121/1
f 448/121/1 449/511/1 422/477/1
f 451/481/6 450/479/6 420/478/6
f 420/478/6 422/480/6 451/481/6
f 452/512/5 408/459/5 407/458/5
f 407/458/5 390/513/5 452/512/5
f 453/514/5 409/460/5 408/459/5
f 408/459/5 452/512/5 453/514/5
f 454/515/5 410/461/5 409/460/5
f 409/460/5 453/514/5 454/515/5
f 314/516/5 411/462/5 410/461/5
f 410/461/5 454/515/5 314/516/5
f 455/517/5 452/512/5 390/513/5
f 390/513/5 373/518/5 455/517/5
f 456/519/5 453/514/5 452/512/5
f 452/512/5 455/517/5 456/519/5
f 457/520/5 454/515/5 453/514/5
f 453/514/5 456/519/5 457/520/5
f 317/521/5 314/516/5 454/515/5
f 454/515/5 457/520/5 317/521/5
f 458/522/5 455/517/5 373/518/5
f 373/518/5 356/523/5 458/522/5
f 459/524/5 456/519/5 455/517/5
f 455/517/5 458/522/5 459/524/5
f 460/525/5 457/520/5 456/519/5
f 456/519/5 459/524/5 460/525/5
f 320/526/5 317/521/5 457/520/5
f 457/520/5 460/525/5 320/526/5
f 461/527/5 458/522/5 356/523/5
f 356/523/5 355/528/5 461/527/5
f 462/529/5 459/524/5 458/522/5
f 458/522/5 461/527/5 462/529/5
f 463/530/5 460/525/5 459/524/5
f 459/524/5 462/529/5 463/530/5
f 322/531/5 320/526/5 460/525/5
f 460/525/5 463/530/5 322/531/5
f 464/532/5 461/527/5 355/528/5
f 355/528/5 465/533/5 464/532/5
f 466/534/5 462/529/5 461/527/5
f 461/527/5 464/532/5 466/534/5
f 467/535/5 463/530/5 462/529/5
f 462/529/5 466/534/5 467/535/5
f 468/536/5 322/531/5 463/530/5
f 463/530/5 467/535/5 468/536/5
f 469/537/5 464/532/5 465/533/5
f 465/533/5 470/538/5 469/537/5
f 471/539/5 466/534/5 464/532/5
f 464/532/5 469/537/5 471/539/5
f 472/540/5 467/535/5 466/534/5
f 466/534/5 471/539/5 472/540/5
f 473/541/5 468/536/5 467/535/5
f 467/535/5 472/540/5 473/541/5
f 474/542/5 469/537/5 470/538/5
f 470/538/5 475/543/5 474/542/5
f 476/544/5 471/539/5 469/537/5
f 469/537/5 474/542/5 476/544/5
f 477/545/5 472/540/5 471/539/5
f 471/539/5 476/544/5 477/545/5
f 478/546/5 473/541/5 472/540/5
f 472/540/5 477/545/5 478/546/5
f 479/547/5 474/542/5 475/543/5
f 475/543/5 480/548/5 479/547/5
f 481/549/5 476/544/5 474/542/5
f 474/542/5 479/547/5 481/549/5
f 482/550/5 477/545/5 476/544/5
f 476/544/5 481/549/5 482/550/5
f 483/551/5 478/546/5 477/545/5
f 477/545/5 482/550/5 483/551/5
f 484/507/5 479/547/5 480/548/5
f 480/548/5 485/506/5 484/507/5
f 486/508/5 481/549/5 479/547/5
f 479/547/5 484/507/5 486/508/5
f 487/509/5 482/550/5 481/549/5
f 481/549/5 486/508/5 487/509/5
f 488/510/5 483/551/5 482/550/5
f 482/550/5 487/509/5 488/510/5
f 489/554/3 473/552/3 478/553/3
f 478/553/3 490/555/3 489/554/3
f 491/557/3 468/556/3 473/552/3
f 473/552/3 489/554/3 491/557/3
f 321/371/3 322/372/3 468/556/3
f 468/556/3 491/557/3 321/371/3
f 494/559/3 492/558/3 493/399/3
f 493/399/3 495/397/3 494/559/3
f 496/560/3 494/559/3 495/397/3
f 495/397/3 497/395/3 496/560/3
f 499/562/3 498/561/3 494/559/3
f 494/559/3 496/560/3 499/562/3
f 501/564/3 500/563/3 498/561/3
f 498/561/3 499/562/3 501/564/3
f 504/535/6 502/536/6 503/531/6
f 503/531/6 505/530/6 504/535/6
f 507/540/6 506/541/6 502/536/6
f 502/536/6 504/535/6 507/540/6
f 510/550/6 508/551/6 509/546/6
f 509/546/6 511/545/6 510/550/6
f 513/509/6 512/510/6 508/551/6
f 508/551/6 510/550/6 513/509/6
f 514/534/6 504/535/6 505/530/6
f 505/530/6 515/529/6 514/534/6
f 516/539/6 507/540/6 504/535/6
f 504/535/6 514/534/6 516/539/6
f 517/549/6 510/550/6 511/545/6
f 511/545/6 518/544/6 517/549/6
f 519/508/6 513/509/6 510/550/6
f 510/550/6 517/549/6 519/508/6
f 520/532/6 514/534/6 515/529/6
f 515/529/6 521/527/6 520/532/6
f 522/537/6 516/539/6 514/534/6
f 514/534/6 520/532/6 522/537/6
f 523/542/6 518/544/6 516/539/6
f 516/539/6 522/537/6 523/542/6
f 524/547/6 517/549/6 518/544/6
f 518/544/6 523/542/6 524/547/6
f 525/507/6 519/508/6 517/549/6
f 517/549/6 524/547/6 525/507/6
f 526/533/6 520/532/6 521/527/6
f 521/527/6 527/528/6 526/533/6
f 528/538/6 522/537/6 520/532/6
f 520/532/6 526/533/6 528/538/6
f 529/543/6 523/542/6 522/537/6
f 522/537/6 528/538/6 529/543/6
f 530/548/6 524/547/6 523/542/6
f 523/542/6 529/543/6 530/548/6
f 531/506/6 525/507/6 524/547/6
f 524/547/6 530/548/6 531/506/6
f 534/567/2 532/565/2 533/566/2
f 533/566/2 535/568/2 534/567/2
f 537/563/2 536/564/2 532/565/2
f 532/565/2 534/567/2 537/563/2
f 539/561/2 538/562/2 536/564/2
f 536/564/2 537/563/2 539/561/2
f 541/559/2 540/560/2 538/562/2
f 538/562/2 539/561/2 541/559/2
f 347/397/2 345/395/2 540/560/2
f 540/560/2 541/559/2 347/397/2
f 542/569/2 534/567/2 535/568/2
f 535/568/2 543/570/2 542/569/2
f 544/571/2 537/563/2 534/567/2
f 534/567/2 542/569/2 544/571/2
f 545/572/2 539/561/2 537/563/2
f 537/563/2 544/571/2 545/572/2
f 546/558/2 541/559/2 539/561/2
f 539/561/2 545/572/2 546/558/2
f 349/399/2 347/397/2 541/559/2
f 541/559/2 546/558/2 349/399/2
f 547/573/2 542/569/2 543/570/2
f 543/570/2 548/574/2 547/573/2
f 549/575/2 544/571/2 542/569/2
f 542/569/2 547/573/2 549/575/2
f 550/576/2 545/572/2 544/571/2
f 544/571/2 549/575/2 550/576/2
f 551/577/2 546/558/2 545/572/2
f 545/572/2 550/576/2 551/577/2
f 351/401/2 349/399/2 546/558/2
f 546/558/2 551/577/2 351/401/2
f 552/557/2 547/573/2 548/574/2
f 548/574/2 553/371/2 552/557/2
f 554/554/2 549/575/2 547/573/2
f 547/573/2 552/557/2 554/554/2
f 555/555/2 550/576/2 549/575/2
f 549/575/2 554/554/2 555/555/2
f 556/578/2 551/577/2 550/576/2
f 550/576/2 555/555/2 556/578/2
f 353/403/2 351/401/2 551/577/2
f 551/577/2 556/578/2 353/403/2
f 480/556/2 552/557/2 553/371/2
f 553/371/2 485/372/2 480/556/2
f 475/552/2 554/554/2 552/557/2
f 552/557/2 480/556/2 475/552/2
f 470/553/2 555/555/2 554/554/2
f 554/554/2 475/552/2 470/553/2
f 465/579/2 556/578/2 555/555/2
f 555/555/2 470/553/2 465/579/2
f 355/405/2 353/403/2 556/578/2
f 556/578/2 465/579/2 355/405/2
f 484/256/4 485/258/4 553/580/4
f 553/580/4 557/581/4 484/256/4
f 486/254/4 484/256/4 557/581/4
f 557/581/4 558/582/4 486/254/4
f 561/474/4 559/583/4 560/584/4
f 560/584/4 562/585/4 561/474/4
f 487/252/4 486/254/4 558/582/4
f 558/582/4 563/463/4 487/252/4
f 495/586/4 561/474/4 562/585/4
f 562/585/4 497/587/4 495/586/4
f 493/188/4 564/465/4 561/474/4
f 561/474/4 495/586/4 493/188/4
f 512/589/2 566/395/2 565/560/2
f 565/560/2 508/588/2 512/589/2
f 508/588/2 565/560/2 501/562/2
f 501/562/2 509/590/2 508/588/2
f 509/592/1 501/135/1 567/133/1
f 567/133/1 511/591/1 509/592/1
f 511/591/1 567/133/1 568/134/1
f 568/134/1 518/593/1 511/591/1
f 518/590/2 568/562/2 569/564/2
f 569/564/2 516/594/2 518/590/2
f 516/596/4 569/584/4 570/585/4
f 570/585/4 507/595/4 516/596/4
f 506/594/2 499/564/2 496/565/2
f 496/565/2 502/597/2 506/594/2
f 507/595/4 570/585/4 499/587/4
f 499/587/4 506/598/4 507/595/4
f 571/550/5 570/545/5 569/544/5
f 569/544/5 572/549/5 571/550/5
f 496/551/5 499/546/5 570/545/5
f 570/545/5 571/550/5 496/551/5
f 573/599/4 496/587/4 571/585/4
f 571/585/4 574/600/4 573/599/4
f 575/601/4 573/599/4 574/600/4
f 574/600/4 576/602/4 575/601/4
f 578/603/6 576/535/6 577/534/6
f 577/534/6 579/604/6 578/603/6
f 580/605/6 575/536/6 576/535/6
f 576/535/6 578/603/6 580/605/6
f 581/550/6 578/603/6 579/604/6
f 579/604/6 582/549/6 581/550/6
f 583/551/6 580/605/6 578/603/6
f 578/603/6 581/550/6 583/551/6
f 584/121/1 581/109/1 582/110/1
f 582/110/1 585/122/1 584/121/1
f 586/123/1 583/111/1 581/109/1
f 581/109/1 584/121/1 586/123/1
f 587/133/1 584/121/1 585/122/1
f 585/122/1 588/134/1 587/133/1
f 565/135/1 586/123/1 584/121/1
f 584/121/1 587/133/1 565/135/1
f 567/540/5 587/535/5 588/534/5
f 588/534/5 568/539/5 567/540/5
f 501/541/5 565/536/5 587/535/5
f 587/535/5 567/540/5 501/541/5
f 589/606/4 496/587/4 573/599/4
f 573/599/4 590/607/4 589/606/4
f 591/608/5 499/546/5 496/551/5
f 496/551/5 589/609/5 591/608/5
f 592/610/5 501/541/5 499/546/5
f 499/546/5 591/608/5 592/610/5
f 593/611/5 565/536/5 501/541/5
f 501/541/5 592/610/5 593/611/5
f 594/124/1 586/123/1 565/135/1
f 565/135/1 593/136/1 594/124/1
f 595/112/1 583/111/1 586/123/1
f 586/123/1 594/124/1 595/112/1
f 596/612/6 580/605/6 583/551/6
f 583/551/6 595/609/6 596/612/6
f 597/611/6 575/536/6 580/605/6
f 580/605/6 596/612/6 597/611/6
f 590/607/4 573/599/4 575/601/4
f 575/601/4 597/613/4 590/607/4
f 598/615/3 594/614/3 593/565/3
f 593/565/3 599/616/3 598/615/3
f 596/618/3 595/617/3 594/614/3
f 594/614/3 598/615/3 596/618/3
f 590/619/3 598/615/3 599/616/3
f 599/616/3 589/560/3 590/619/3
f 597/620/3 596/618/3 598/615/3
f 598/615/3 590/619/3 597/620/3
f 600/143/1 588/134/1 585/122/1
f 585/122/1 601/131/1 600/143/1
f 601/131/1 585/122/1 582/110/1
f 582/110/1 602/119/1 601/131/1
f 602/547/6 582/549/6 579/604/6
f 579/604/6 603/621/6 602/547/6
f 603/621/6 579/604/6 577/534/6
f 577/534/6 604/532/6 603/621/6
f 605/537/5 568/539/5 588/534/5
f 588/534/5 600/532/5 605/537/5
f 540/144/1 600/143/1 601/131/1
f 601/131/1 606/132/1 540/144/1
f 606/132/1 601/131/1 602/119/1
f 602/119/1 607/120/1 606/132/1
f 607/548/6 602/547/6 603/621/6
f 603/621/6 608/622/6 607/548/6
f 608/622/6 603/621/6 604/532/6
f 604/532/6 609/533/6 608/622/6
f 611/625/3 610/623/3 7/624/3
f 7/624/3 8/626/3 611/625/3
f 613/628/3 612/627/3 610/623/3
f 610/623/3 611/625/3 613/628/3
f 615/630/3 614/629/3 612/627/3
f 612/627/3 613/628/3 615/630/3
f 617/632/3 616/631/3 614/629/3
f 614/629/3 615/630/3 617/632/3
f 619/634/3 618/633/3 616/631/3
f 616/631/3 617/632/3 619/634/3
f 620/637/4 429/635/4 618/636/4
f 618/636/4 619/638/4 620/637/4
f 621/639/3 611/625/3 8/626/3
f 8/626/3 26/640/3 621/639/3
f 622/641/3 613/628/3 611/625/3
f 611/625/3 621/639/3 622/641/3
f 623/642/3 615/630/3 613/628/3
f 613/628/3 622/641/3 623/642/3
f 624/643/3 617/632/3 615/630/3
f 615/630/3 623/642/3 624/643/3
f 625/644/3 619/634/3 617/632/3
f 617/632/3 624/643/3 625/644/3
f 626/645/4 620/637/4 619/638/4
f 619/638/4 625/646/4 626/645/4
f 627/647/3 621/639/3 26/640/3
f 26/640/3 37/648/3 627/647/3
f 628/649/3 622/641/3 621/639/3
f 621/639/3 627/647/3 628/649/3
f 629/650/3 623/642/3 622/641/3
f 622/641/3 628/649/3 629/650/3
f 630/651/3 624/643/3 623/642/3
f 623/642/3 629/650/3 630/651/3
f 631/652/3 625/644/3 624/643/3
f 624/643/3 630/651/3 631/652/3
f 632/653/4 626/645/4 625/646/4
f 625/646/4 631/654/4 632/653/4
f 633/655/3 627/647/3 37/648/3
f 37/648/3 48/656/3 633/655/3
f 634/657/3 628/649/3 627/647/3
f 627/647/3 633/655/3 634/657/3
f 635/658/3 629/650/3 628/649/3
f 628/649/3 634/657/3 635/658/3
f 636/659/3 630/651/3 629/650/3
f 629/650/3 635/658/3 636/659/3
f 637/660/3 631/652/3 630/651/3
f 630/651/3 636/659/3 637/660/3
f 638/661/4 632/653/4 631/654/4
f 631/654/4 637/662/4 638/661/4
f 639/663/3 633/655/3 48/656/3
f 48/656/3 59/664/3 639/663/3
f 640/665/3 634/657/3 633/655/3
f 633/655/3 639/663/3 640/665/3
f 641/666/3 635/658/3 634/657/3
f 634/657/3 640/665/3 641/666/3
f 642/667/3 636/659/3 635/658/3
f 635/658/3 641/666/3 642/667/3
f 643/668/3 637/660/3 636/659/3
f 636/659/3 642/667/3 643/668/3
f 644/669/4 638/661/4 637/662/4
f 637/662/4 643/670/4 644/669/4
f 645/671/3 639/663/3 59/664/3
f 59/664/3 70/672/3 645/671/3
f 646/673/3 640/665/3 639/663/3
f 639/663/3 645/671/3 646/673/3
f 647/674/3 641/666/3 640/665/3
f 640/665/3 646/673/3 647/674/3
f 648/675/3 642/667/3 641/666/3
f 641/666/3 647/674/3 648/675/3
f 649/676/3 643/668/3 642/667/3
f 642/667/3 648/675/3 649/676/3
f 650/677/4 644/669/4 643/670/4
f 643/670/4 649/678/4 650/677/4
f 651/679/3 645/671/3 70/672/3
f 70/672/3 81/680/3 651/679/3
f 652/681/3 646/673/3 645/671/3
f 645/671/3 651/679/3 652/681/3
f 653/682/3 647/674/3 646/673/3
f 646/673/3 652/681/3 653/682/3
f 654/683/3 648/675/3 647/674/3
f 647/674/3 653/682/3 654/683/3
f 655/684/3 649/676/3 648/675/3
f 648/675/3 654/683/3 655/684/3
f 656/685/4 650/677/4 649/678/4
f 649/678/4 655/686/4 656/685/4
f 657/687/3 651/679/3 81/680/3
f 81/680/3 92/688/3 657/687/3
f 658/689/3 652/681/3 651/679/3
f 651/679/3 657/687/3 658/689/3
f 659/690/3 653/682/3 652/681/3
f 652/681/3 658/689/3 659/690/3
f 660/691/3 654/683/3 653/682/3
f 653/682/3 659/690/3 660/691/3
f 661/692/3 655/684/3 654/683/3
f 654/683/3 660/691/3 661/692/3
f 662/693/4 656/685/4 655/686/4
f 655/686/4 661/694/4 662/693/4
f 663/695/3 657/687/3 92/688/3
f 92/688/3 103/696/3 663/695/3
f 664/697/3 658/689/3 657/687/3
f 657/687/3 663/695/3 664/697/3
f 665/698/3 659/690/3 658/689/3
f 658/689/3 664/697/3 665/698/3
f 666/699/3 660/691/3 659/690/3
f 659/690/3 665/698/3 666/699/3
f 667/700/3 661/692/3 660/691/3
f 660/691/3 666/699/3 667/700/3
f 668/601/4 662/693/4 661/694/4
f 661/694/4 667/613/4 668/601/4
f 669/701/3 663/695/3 103/696/3
f 103/696/3 114/702/3 669/701/3
f 670/703/3 664/697/3 663/695/3
f 663/695/3 669/701/3 670/703/3
f 671/704/3 665/698/3 664/697/3
f 664/697/3 670/703/3 671/704/3
f 672/705/3 666/699/3 665/698/3
f 665/698/3 671/704/3 672/705/3
f 673/706/3 667/700/3 666/699/3
f 666/699/3 672/705/3 673/706/3
f 674/599/4 668/601/4 667/613/4
f 667/613/4 673/607/4 674/599/4
f 675/707/3 669/701/3 114/702/3
f 114/702/3 125/708/3 675/707/3
f 676/709/3 670/703/3 669/701/3
f 669/701/3 675/707/3 676/709/3
f 677/710/3 671/704/3 670/703/3
f 670/703/3 676/709/3 677/710/3
f 678/711/3 672/705/3 671/704/3
f 671/704/3 677/710/3 678/711/3
f 679/712/3 673/706/3 672/705/3
f 672/705/3 678/711/3 679/712/3
f 680/587/4 674/599/4 673/607/4
f 673/607/4 679/606/4 680/587/4
f 148/161/3 675/707/3 125/708/3
f 125/708/3 136/162/3 148/161/3
f 150/165/3 676/709/3 675/707/3
f 675/707/3 148/161/3 150/165/3
f 681/713/3 677/710/3 676/709/3
f 676/709/3 150/165/3 681/713/3
f 682/714/3 678/711/3 677/710/3
f 677/710/3 681/713/3 682/714/3
f 683/352/3 679/712/3 678/711/3
f 678/711/3 682/714/3 683/352/3
f 684/586/4 680/587/4 679/606/4
f 679/606/4 683/715/4 684/586/4
f 165/182/3 681/713/3 150/165/3
f 150/165/3 151/166/3 165/182/3
f 167/184/3 682/714/3 681/713/3
f 681/713/3 165/182/3 167/184/3
f 169/186/3 683/352/3 682/714/3
f 682/714/3 167/184/3 169/186/3
f 171/188/4 684/586/4 683/715/4
f 683/715/4 169/189/4 171/188/4
f 430/716/3 429/633/3 620/634/3
f 620/634/3 685/717/3 430/716/3
f 685/717/3 620/634/3 626/644/3
f 626/644/3 686/718/3 685/717/3
f 686/718/3 626/644/3 632/652/3
f 632/652/3 687/719/3 686/718/3
f 687/719/3 632/652/3 638/660/3
f 638/660/3 688/720/3 687/719/3
f 688/720/3 638/660/3 644/668/3
f 644/668/3 689/721/3 688/720/3
f 689/721/3 644/668/3 650/676/3
f 650/676/3 690/722/3 689/721/3
f 690/722/3 650/676/3 656/684/3
f 656/684/3 691/723/3 690/722/3
f 691/723/3 656/684/3 662/692/3
f 662/692/3 692/724/3 691/723/3
f 692/724/3 662/692/3 668/700/3
f 668/700/3 693/725/3 692/724/3
f 693/725/3 668/700/3 674/706/3
f 674/706/3 694/726/3 693/725/3
f 449/727/3 695/706/3 451/712/3
f 451/712/3 422/358/3 449/727/3
f 422/358/3 451/712/3 293/352/3
f 293/352/3 295/353/3 422/358/3
f 434/728/3 430/716/3 685/717/3
f 685/717/3 696/729/3 434/728/3
f 696/729/3 685/717/3 686/718/3
f 686/718/3 697/730/3 696/729/3
f 697/730/3 686/718/3 687/719/3
f 687/719/3 698/731/3 697/730/3
f 698/731/3 687/719/3 688/720/3
f 688/720/3 699/732/3 698/731/3
f 699/732/3 688/720/3 689/721/3
f 689/721/3 700/733/3 699/732/3
f 700/733/3 689/721/3 690/722/3
f 690/722/3 701/734/3 700/733/3
f 701/734/3 690/722/3 691/723/3
f 691/723/3 702/735/3 701/734/3
f 702/735/3 691/723/3 692/724/3
f 692/724/3 703/736/3 702/735/3
f 703/736/3 692/724/3 693/725/3
f 693/725/3 704/737/3 703/736/3
f 704/737/3 693/725/3 694/726/3
f 694/726/3 705/738/3 704/737/3
f 705/738/3 447/727/3 303/358/3
f 303/358/3 305/359/3 705/738/3
f 438/739/3 434/728/3 696/729/3
f 696/729/3 706/740/3 438/739/3
f 706/740/3 696/729/3 697/730/3
f 697/730/3 707/741/3 706/740/3
f 707/741/3 697/730/3 698/731/3
f 698/731/3 708/742/3 707/741/3
f 708/742/3 698/731/3 699/732/3
f 699/732/3 709/743/3 708/742/3
f 709/743/3 699/732/3 700/733/3
f 700/733/3 710/744/3 709/743/3
f 710/744/3 700/733/3 701/734/3
f 701/734/3 711/745/3 710/744/3
f 711/745/3 701/734/3 702/735/3
f 702/735/3 712/746/3 711/745/3
f 712/746/3 702/735/3 703/736/3
f 703/736/3 713/747/3 712/746/3
f 713/747/3 703/736/3 704/737/3
f 704/737/3 714/748/3 713/747/3
f 714/748/3 704/737/3 705/738/3
f 705/738/3 715/749/3 714/748/3
f 715/749/3 705/738/3 305/359/3
f 305/359/3 716/750/3 715/749/3
f 716/750/3 305/359/3 306/360/3
f 306/360/3 717/751/3 716/750/3
f 717/751/3 306/360/3 308/361/3
f 308/361/3 718/752/3 717/751/3
f 718/752/3 308/361/3 310/362/3
f 310/362/3 315/365/3 718/752/3
f 442/753/3 438/739/3 706/740/3
f 706/740/3 719/754/3 442/753/3
f 719/754/3 706/740/3 707/741/3
f 707/741/3 720/755/3 719/754/3
f 720/755/3 707/741/3 708/742/3
f 708/742/3 721/756/3 720/755/3
f 721/756/3 708/742/3 709/743/3
f 709/743/3 722/757/3 721/756/3
f 722/757/3 709/743/3 710/744/3
f 710/744/3 723/758/3 722/757/3
f 723/758/3 710/744/3 711/745/3
f 711/745/3 724/759/3 723/758/3
f 724/759/3 711/745/3 712/746/3
f 712/746/3 725/760/3 724/759/3
f 725/760/3 712/746/3 713/747/3
f 713/747/3 726/761/3 725/760/3
f 726/761/3 713/747/3 714/748/3
f 714/748/3 727/762/3 726/761/3
f 727/762/3 714/748/3 715/749/3
f 715/749/3 728/763/3 727/762/3
f 728/763/3 715/749/3 716/750/3
f 716/750/3 729/764/3 728/763/3
f 729/764/3 716/750/3 717/751/3
f 717/751/3 730/765/3 729/764/3
f 730/765/3 717/751/3 718/752/3
f 718/752/3 731/766/3 730/765/3
f 731/766/3 718/752/3 315/365/3
f 315/365/3 318/368/3 731/766/3
f 446/767/3 442/753/3 719/754/3
f 719/754/3 732/768/3 446/767/3
f 732/768/3 719/754/3 720/755/3
f 720/755/3 733/769/3 732/768/3
f 733/769/3 720/755/3 721/756/3
f 721/756/3 734/770/3 733/769/3
f 734/770/3 721/756/3 722/757/3
f 722/757/3 735/771/3 734/770/3
f 735/771/3 722/757/3 723/758/3
f 723/758/3 736/772/3 735/771/3
f 736/772/3 723/758/3 724/759/3
f 724/759/3 737/773/3 736/772/3
f 737/773/3 724/759/3 725/760/3
f 725/760/3 738/774/3 737/773/3
f 738/774/3 725/760/3 726/761/3
f 726/761/3 739/775/3 738/774/3
f 739/775/3 726/761/3 727/762/3
f 727/762/3 740/776/3 739/775/3
f 740/776/3 727/762/3 728/763/3
f 728/763/3 741/777/3 740/776/3
f 741/777/3 728/763/3 729/764/3
f 729/764/3 566/566/3 741/777/3
f 566/566/3 729/764/3 730/765/3
f 730/765/3 742/568/3 566/566/3
f 742/568/3 730/765/3 731/766/3
f 731/766/3 743/570/3 742/568/3
f 743/570/3 731/766/3 318/368/3
f 318/368/3 744/574/3 743/570/3
f 744/574/3 318/368/3 319/369/3
f 319/369/3 321/371/3 744/574/3
f 445/778/4 446/635/4 732/637/4
f 732/637/4 745/779/4 445/778/4
f 745/779/4 732/637/4 733/645/4
f 733/645/4 746/780/4 745/779/4
f 746/780/4 733/645/4 734/653/4
f 734/653/4 747/781/4 746/780/4
f 747/781/4 734/653/4 735/661/4
f 735/661/4 748/782/4 747/781/4
f 748/782/4 735/661/4 736/669/4
f 736/669/4 749/783/4 748/782/4
f 749/783/4 736/669/4 737/677/4
f 737/677/4 750/784/4 749/783/4
f 750/784/4 737/677/4 738/685/4
f 738/685/4 751/785/4 750/784/4
f 751/785/4 738/685/4 739/693/4
f 739/693/4 752/786/4 751/785/4
f 752/786/4 739/693/4 740/601/4
f 740/601/4 753/602/4 752/786/4
f 753/602/4 740/601/4 741/599/4
f 741/599/4 754/600/4 753/602/4
f 754/600/4 741/599/4 566/587/4
f 566/587/4 755/585/4 754/600/4
f 444/787/4 445/778/4 745/779/4
f 745/779/4 756/788/4 444/787/4
f 756/788/4 745/779/4 746/780/4
f 746/780/4 757/789/4 756/788/4
f 757/789/4 746/780/4 747/781/4
f 747/781/4 758/790/4 757/789/4
f 758/790/4 747/781/4 748/782/4
f 748/782/4 759/791/4 758/790/4
f 759/791/4 748/782/4 749/783/4
f 749/783/4 760/792/4 759/791/4
f 760/792/4 749/783/4 750/784/4
f 750/784/4 761/793/4 760/792/4
f 761/793/4 750/784/4 751/785/4
f 751/785/4 762/794/4 761/793/4
f 762/794/4 751/785/4 752/786/4
f 752/786/4 763/795/4 762/794/4
f 763/795/4 752/786/4 753/602/4
f 753/602/4 764/796/4 763/795/4
f 764/796/4 753/602/4 754/600/4
f 754/600/4 765/797/4 764/796/4
f 765/797/4 754/600/4 755/585/4
f 755/585/4 766/584/4 765/797/4
f 443/798/4 444/787/4 756/788/4
f 756/788/4 767/799/4 443/798/4
f 767/799/4 756/788/4 757/789/4
f 757/789/4 768/800/4 767/799/4
f 768/800/4 757/789/4 758/790/4
f 758/790/4 769/801/4 768/800/4
f 769/801/4 758/790/4 759/791/4
f 759/791/4 770/802/4 769/801/4
f 770/802/4 759/791/4 760/792/4
f 760/792/4 771/803/4 770/802/4
f 771/803/4 760/792/4 761/793/4
f 761/793/4 772/804/4 771/803/4
f 772/804/4 761/793/4 762/794/4
f 762/794/4 773/805/4 772/804/4
f 773/805/4 762/794/4 763/795/4
f 763/795/4 774/806/4 773/805/4
f 774/806/4 763/795/4 764/796/4
f 764/796/4 775/807/4 774/806/4
f 775/807/4 764/796/4 765/797/4
f 765/797/4 776/808/4 775/807/4
f 776/808/4 765/797/4 766/584/4
f 766/584/4 777/809/4 776/808/4
f 323/810/4 443/798/4 767/799/4
f 767/799/4 324/811/4 323/810/4
f 324/811/4 767/799/4 768/800/4
f 768/800/4 327/812/4 324/811/4
f 327/812/4 768/800/4 769/801/4
f 769/801/4 329/813/4 327/812/4
f 329/813/4 769/801/4 770/802/4
f 770/802/4 331/814/4 329/813/4
f 331/814/4 770/802/4 771/803/4
f 771/803/4 333/815/4 331/814/4
f 333/815/4 771/803/4 772/804/4
f 772/804/4 335/816/4 333/815/4
f 335/816/4 772/804/4 773/805/4
f 773/805/4 337/817/4 335/816/4
f 337/817/4 773/805/4 774/806/4
f 774/806/4 339/818/4 337/817/4
f 339/818/4 774/806/4 775/807/4
f 775/807/4 341/819/4 339/818/4
f 341/819/4 775/807/4 776/808/4
f 776/808/4 343/820/4 341/819/4
f 343/820/4 776/808/4 777/809/4
f 777/809/4 345/821/4 343/820/4
f 421/474/4 684/586/4 171/188/4
f 171/188/4 417/465/4 421/474/4
f 450/585/4 680/587/4 684/586/4
f 684/586/4 421/474/4 450/585/4
f 451/822/4 450/585/4 421/474/4
f 421/474/4 293/475/4 451/822/4
f 778/600/4 674/599/4 680/587/4
f 680/587/4 450/585/4 778/600/4
f 448/824/5 447/823/5 674/324/5
f 674/324/5 778/322/5 448/824/5
f 695/825/4 778/600/4 450/585/4
f 450/585/4 451/822/4 695/825/4
f 449/827/5 448/824/5 778/322/5
f 778/322/5 695/826/5 449/827/5
f 779/578/3 483/579/3 488/405/3
f 488/405/3 780/403/3 779/578/3
f 490/555/3 478/553/3 483/579/3
f 483/579/3 779/578/3 490/555/3
f 781/577/3 779/578/3 780/403/3
f 780/403/3 782/401/3 781/577/3
f 783/576/3 490/555/3 779/578/3
f 779/578/3 781/577/3 783/576/3
f 784/575/3 489/554/3 490/555/3
f 490/555/3 783/576/3 784/575/3
f 785/573/3 491/557/3 489/554/3
f 489/554/3 784/575/3 785/573/3
f 744/574/3 321/371/3 491/557/3
f 491/557/3 785/573/3 744/574/3
f 492/558/3 781/577/3 782/401/3
f 782/401/3 493/399/3 492/558/3
f 786/572/3 783/576/3 781/577/3
f 781/577/3 492/558/3 786/572/3
f 787/571/3 784/575/3 783/576/3
f 783/576/3 786/572/3 787/571/3
f 788/569/3 785/573/3 784/575/3
f 784/575/3 787/571/3 788/569/3
f 743/570/3 744/574/3 785/573/3
f 785/573/3 788/569/3 743/570/3
f 498/561/3 786/572/3 492/558/3
f 492/558/3 494/559/3 498/561/3
f 500/563/3 787/571/3 786/572/3
f 786/572/3 498/561/3 500/563/3
f 789/567/3 788/569/3 787/571/3
f 787/571/3 500/563/3 789/567/3
f 742/568/3 743/570/3 788/569/3
f 788/569/3 789/567/3 742/568/3
f 565/565/3 789/567/3 500/563/3
f 500/563/3 501/564/3 565/565/3
f 566/566/3 742/568/3 789/567/3
f 789/567/3 565/565/3 566/566/3
f 790/829/4 535/828/4 533/821/4
f 533/821/4 791/809/4 790/829/4
f 792/831/4 543/830/4 535/828/4
f 535/828/4 790/829/4 792/831/4
f 793/833/4 548/832/4 543/830/4
f 543/830/4 792/831/4 793/833/4
f 557/581/4 553/580/4 548/832/4
f 548/832/4 793/833/4 557/581/4
f 559/583/4 790/829/4 791/809/4
f 791/809/4 560/584/4 559/583/4
f 794/834/4 792/831/4 790/829/4
f 790/829/4 559/583/4 794/834/4
f 795/835/4 793/833/4 792/831/4
f 792/831/4 794/834/4 795/835/4
f 558/582/4 557/581/4 793/833/4
f 793/833/4 795/835/4 558/582/4
f 564/465/4 794/834/4 559/583/4
f 559/583/4 561/474/4 564/465/4
f 796/464/4 795/835/4 794/834/4
f 794/834/4 564/465/4 796/464/4
f 563/463/4 558/582/4 795/835/4
f 795/835/4 796/464/4 563/463/4
f 782/190/4 796/464/4 564/465/4
f 564/465/4 493/188/4 782/190/4
f 780/210/4 563/463/4 796/464/4
f 796/464/4 782/190/4 780/210/4
f 488/230/4 487/252/4 563/463/4
f 563/463/4 780/210/4 488/230/4
f 513/595/4 755/585/4 566/587/4
f 566/587/4 512/598/4 513/595/4
f 519/596/4 766/584/4 755/585/4
f 755/585/4 513/595/4 519/596/4
f 525/836/4 777/809/4 766/584/4
f 766/584/4 519/596/4 525/836/4
f 531/837/4 345/821/4 777/809/4
f 777/809/4 525/836/4 531/837/4
f 574/600/4 571/585/4 572/584/4
f 572/584/4 797/797/4 574/600/4
f 576/602/4 574/600/4 797/797/4
f 797/797/4 577/796/4 576/602/4
f 798/808/4 797/797/4 572/584/4
f 572/584/4 799/809/4 798/808/4
f 604/807/4 577/796/4 797/797/4
f 797/797/4 798/808/4 604/807/4
f 799/547/5 572/549/5 569/544/5
f 569/544/5 800/542/5 799/547/5
f 800/542/5 569/544/5 568/539/5
f 568/539/5 605/537/5 800/542/5
f 801/820/4 798/808/4 799/809/4
f 799/809/4 532/821/4 801/820/4
f 609/819/4 604/807/4 798/808/4
f 798/808/4 801/820/4 609/819/4
f 532/548/5 799/547/5 800/542/5
f 800/542/5 536/543/5 532/548/5
f 538/538/5 605/537/5 600/532/5
f 600/532/5 540/533/5 538/538/5
f 536/543/5 800/542/5 605/537/5
f 605/537/5 538/538/5 536/543/5
f 804/840/1 802/838/1 803/839/1
f 803/839/1 805/841/1 804/840/1
f 807/843/1 806/842/1 802/838/1
f 802/838/1 804/840/1 807/843/1
f 809/841/5 808/839/5 806/844/5
f 806/844/5 807/845/5 809/841/5
f 811/840/5 810/838/5 808/839/5
f 808/839/5 809/841/5 811/840/5
f 813/843/5 812/842/5 810/838/5
f 810/838/5 811/840/5 813/843/5
f 815/841/4 814/839/4 812/844/4
f 812/844/4 813/845/4 815/841/4
f 817/840/4 816/838/4 814/839/4
f 814/839/4 815/841/4 817/840/4
f 818/846/1 804/840/1 805/841/1
f 805/841/1 819/847/1 818/846/1
f 820/848/1 807/843/1 804/840/1
f 804/840/1 818/846/1 820/848/1
f 821/847/5 809/841/5 807/845/5
f 807/845/5 820/849/5 821/847/5
f 822/846/5 811/840/5 809/841/5
f 809/841/5 821/847/5 822/846/5
f 823/848/5 813/843/5 811/840/5
f 811/840/5 822/846/5 823/848/5
f 824/847/4 815/841/4 813/845/4
f 813/845/4 823/849/4 824/847/4
f 825/846/4 817/840/4 815/841/4
f 815/841/4 824/847/4 825/846/4
f 826/842/4 816/838/4 817/840/4
f 817/840/4 827/843/4 826/842/4
f 827/843/4 817/840/4 825/846/4
f 825/846/4 828/848/4 827/843/4
f 829/845/1 805/841/1 803/839/1
f 803/839/1 830/844/1 829/845/1
f 831/849/1 819/847/1 805/841/1
f 805/841/1 829/845/1 831/849/1
f 832/840/6 829/843/6 830/842/6
f 830/842/6 833/838/6 832/840/6
f 834/846/6 831/848/6 829/843/6
f 829/843/6 832/840/6 834/846/6
f 835/839/6 826/844/6 827/845/6
f 827/845/6 836/841/6 835/839/6
f 836/841/6 827/845/6 828/849/6
f 828/849/6 837/847/6 836/841/6
f 838/846/3 833/840/3 835/841/3
f 835/841/3 839/847/3 838/846/3
f 830/843/3 833/840/3 838/846/3
f 838/846/3 840/848/3 830/843/3
f 841/849/3 839/847/3 835/841/3
f 835/841/3 826/845/3 841/849/3
f 842/850/5 808/839/5 810/838/5
f 810/838/5 843/851/5 842/850/5
f 843/851/5 810/838/5 812/842/5
f 812/842/5 844/852/5 843/851/5
f 844/853/4 812/844/4 814/839/4
f 814/839/4 845/850/4 844/853/4
f 845/850/4 814/839/4 816/838/4
f 816/838/4 846/851/4 845/850/4
f 846/851/4 816/838/4 826/842/4
f 826/842/4 847/852/4 846/851/4
f 847/853/6 826/844/6 835/839/6
f 835/839/6 848/850/6 847/853/6
f 849/853/5 806/844/5 808/839/5
f 808/839/5 842/850/5 849/853/5
f 850/851/1 802/838/1 806/842/1
f 806/842/1 849/852/1 850/851/1
f 851/850/1 803/839/1 802/838/1
f 802/838/1 850/851/1 851/850/1
f 852/853/1 830/844/1 803/839/1
f 803/839/1 851/850/1 852/853/1
f 853/851/6 833/838/6 830/842/6
f 830/842/6 852/852/6 853/851/6
f 848/850/6 835/839/6 833/838/6
f 833/838/6 853/851/6 848/850/6
f 854/854/5 843/851/5 844/852/5
f 844/852/5 855/855/5 854/854/5
f 856/856/5 842/850/5 843/851/5
f 843/851/5 854/854/5 856/856/5
f 857/857/5 849/853/5 842/850/5
f 842/850/5 856/856/5 857/857/5
f 858/854/1 850/851/1 849/852/1
f 849/852/1 857/855/1 858/854/1
f 859/856/1 851/850/1 850/851/1
f 850/851/1 858/854/1 859/856/1
f 860/857/1 852/853/1 851/850/1
f 851/850/1 859/856/1 860/857/1
f 861/854/6 853/851/6 852/852/6
f 852/852/6 860/855/6 861/854/6
f 862/856/6 848/850/6 853/851/6
f 853/851/6 861/854/6 862/856/6
f 863/857/6 847/853/6 848/850/6
f 848/850/6 862/856/6 863/857/6
f 864/854/4 846/851/4 847/852/4
f 847/852/4 863/855/4 864/854/4
f 865/856/4 845/850/4 846/851/4
f 846/851/4 864/854/4 865/856/4
f 855/857/4 844/853/4 845/850/4
f 845/850/4 865/856/4 855/857/4
f 866/858/5 854/854/5 855/855/5
f 855/855/5 867/859/5 866/858/5
f 868/860/5 856/856/5 854/854/5
f 854/854/5 866/858/5 868/860/5
f 869/861/5 857/857/5 856/856/5
f 856/856/5 868/860/5 869/861/5
f 870/858/1 858/854/1 857/855/1
f 857/855/1 869/859/1 870/858/1
f 871/860/1 859/856/1 858/854/1
f 858/854/1 870/858/1 871/860/1
f 872/861/1 860/857/1 859/856/1
f 859/856/1 871/860/1 872/861/1
f 873/858/6 861/854/6 860/855/6
f 860/855/6 872/859/6 873/858/6
f 874/860/6 862/856/6 861/854/6
f 861/854/6 873/858/6 874/860/6
f 875/861/6 863/857/6 862/856/6
f 862/856/6 874/860/6 875/861/6
f 876/858/4 864/854/4 863/855/4
f 863/855/4 875/859/4 876/858/4
f 877/860/4 865/856/4 864/854/4
f 864/854/4 876/858/4 877/860/4
f 867/861/4 855/857/4 865/856/4
f 865/856/4 877/860/4 867/861/4
f 878/862/5 866/858/5 867/859/5
f 867/859/5 879/863/5 878/862/5
f 880/864/5 868/860/5 866/858/5
f 866/858/5 878/862/5 880/864/5
f 881/865/5 869/861/5 868/860/5
f 868/860/5 880/864/5 881/865/5
f 882/862/1 870/858/1 869/859/1
f 869/859/1 881/863/1 882/862/1
f 883/864/1 871/860/1 870/858/1
f 870/858/1 882/862/1 883/864/1
f 884/865/1 872/861/1 871/860/1
f 871/860/1 883/864/1 884/865/1
f 885/862/6 873/858/6 872/859/6
f 872/859/6 884/863/6 885/862/6
f 886/864/6 874/860/6 873/858/6
f 873/858/6 885/862/6 886/864/6
f 887/865/6 875/861/6 874/860/6
f 874/860/6 886/864/6 887/865/6
f 888/862/4 876/858/4 875/859/4
f 875/859/4 887/863/4 888/862/4
f 889/864/4 877/860/4 876/858/4
f 876/858/4 888/862/4 889/864/4
f 879/865/4 867/861/4 877/860/4
f 877/860/4 889/864/4 879/865/4
f 890/866/5 878/862/5 879/863/5
f 879/863/5 891/867/5 890/866/5
f 892/868/5 880/864/5 878/862/5
f 878/862/5 890/866/5 892/868/5
f 893/869/5 881/865/5 880/864/5
f 880/864/5 892/868/5 893/869/5
f 894/866/1 882/862/1 881/863/1
f 881/863/1 893/867/1 894/866/1
f 895/868/1 883/864/1 882/862/1
f 882/862/1 894/866/1 895/868/1
f 896/869/1 884/865/1 883/864/1
f 883/864/1 895/868/1 896/869/1
f 897/866/6 885/862/6 884/863/6
f 884/863/6 896/867/6 897/866/6
f 898/868/6 886/864/6 885/862/6
f 885/862/6 897/866/6 898/868/6
f 899/869/6 887/865/6 886/864/6
f 886/864/6 898/868/6 899/869/6
f 900/866/4 888/862/4 887/863/4
f 887/863/4 899/867/4 900/866/4
f 901/868/4 889/864/4 888/862/4
f 888/862/4 900/866/4 901/868/4
f 891/869/4 879/865/4 889/864/4
f 889/864/4 901/868/4 891/869/4
f 902/870/5 890/866/5 891/867/5
f 891/867/5 903/871/5 902/870/5
f 904/872/5 892/868/5 890/866/5
f 890/866/5 902/870/5 904/872/5
f 905/873/5 893/869/5 892/868/5
f 892/868/5 904/872/5 905/873/5
f 906/870/1 894/866/1 893/867/1
f 893/867/1 905/871/1 906/870/1
f 907/872/1 895/868/1 894/866/1
f 894/866/1 906/870/1 907/872/1
f 908/873/1 896/869/1 895/868/1
f 895/868/1 907/872/1 908/873/1
f 909/870/6 897/866/6 896/867/6
f 896/867/6 908/871/6 909/870/6
f 910/872/6 898/868/6 897/866/6
f 897/866/6 909/870/6 910/872/6
f 911/873/6 899/869/6 898/868/6
f 898/868/6 910/872/6 911/873/6
f 912/870/4 900/866/4 899/867/4
f 899/867/4 911/871/4 912/870/4
f 913/872/4 901/868/4 900/866/4
f 900/866/4 912/870/4 913/872/4
f 903/873/4 891/869/4 901/868/4
f 901/868/4 913/872/4 903/873/4
f 914/874/5 902/870/5 903/871/5
f 903/871/5 915/875/5 914/874/5
f 916/876/5 904/872/5 902/870/5
f 902/870/5 914/874/5 916/876/5
f 917/877/5 905/873/5 904/872/5
f 904/872/5 916/876/5 917/877/5
f 918/874/1 906/870/1 905/871/1
f 905/871/1 917/875/1 918/874/1
f 919/876/1 907/872/1 906/870/1
f 906/870/1 918/874/1 919/876/1
f 920/877/1 908/873/1 907/872/1
f 907/872/1 919/876/1 920/877/1
f 921/874/6 909/870/6 908/871/6
f 908/871/6 920/875/6 921/874/6
f 922/876/6 910/872/6 909/870/6
f 909/870/6 921/874/6 922/876/6
f 923/877/6 911/873/6 910/872/6
f 910/872/6 922/876/6 923/877/6
f 924/874/4 912/870/4 911/871/4
f 911/871/4 923/875/4 924/874/4
f 925/876/4 913/872/4 912/870/4
f 912/870/4 924/874/4 925/876/4
f 915/877/4 903/873/4 913/872/4
f 913/872/4 925/876/4 915/877/4
f 926/878/5 914/874/5 915/875/5
f 915/875/5 927/879/5 926/878/5
f 928/880/5 916/876/5 914/874/5
f 914/874/5 926/878/5 928/880/5
f 929/881/5 917/877/5 916/876/5
f 916/876/5 928/880/5 929/881/5
f 930/878/1 918/874/1 917/875/1
f 917/875/1 929/879/1 930/878/1
f 931/880/1 919/876/1 918/874/1
f 918/874/1 930/878/1 931/880/1
f 932/881/1 920/877/1 919/876/1
f 919/876/1 931/880/1 932/881/1
f 933/878/6 921/874/6 920/875/6
f 920/875/6 932/879/6 933/878/6
f 934/880/6 922/876/6 921/874/6
f 921/874/6 933/878/6 934/880/6
f 935/881/6 923/877/6 922/876/6
f 922/876/6 934/880/6 935/881/6
f 936/878/4 924/874/4 923/875/4
f 923/875/4 935/879/4 936/878/4
f 937/880/4 925/876/4 924/874/4
f 924/874/4 936/878/4 937/880/4
f 927/881/4 915/877/4 925/876/4
f 925/876/4 937/880/4 927/881/4
f 938/882/5 926/878/5 927/879/5
f 927/879/5 939/883/5 938/882/5
f 940/884/5 928/880/5 926/878/5
f 926/878/5 938/882/5 940/884/5
f 941/885/5 929/881/5 928/880/5
f 928/880/5 940/884/5 941/885/5
f 942/882/1 930/878/1 929/879/1
f 929/879/1 941/883/1 942/882/1
f 943/884/1 931/880/1 930/878/1
f 930/878/1 942/882/1 943/884/1
f 944/885/1 932/881/1 931/880/1
f 931/880/1 943/884/1 944/885/1
f 945/882/6 933/878/6 932/879/6
f 932/879/6 944/883/6 945/882/6
f 946/884/6 934/880/6 933/878/6
f 933/878/6 945/882/6 946/884/6
f 947/885/6 935/881/6 934/880/6
f 934/880/6 946/884/6 947/885/6
f 948/882/4 936/878/4 935/879/4
f 935/879/4 947/883/4 948/882/4
f 949/884/4 937/880/4 936/878/4
f 936/878/4 948/882/4 949/884/4
f 939/885/4 927/881/4 937/880/4
f 937/880/4 949/884/4 939/885/4
f 950/886/5 938/882/5 939/883/5
f 939/883/5 951/887/5 950/886/5
f 952/888/5 940/884/5 938/882/5
f 938/882/5 950/886/5 952/888/5
f 953/889/5 941/885/5 940/884/5
f 940/884/5 952/888/5 953/889/5
f 954/886/1 942/882/1 941/883/1
f 941/883/1 953/887/1 954/886/1
f 955/888/1 943/884/1 942/882/1
f 942/882/1 954/886/1 955/888/1
f 956/889/1 944/885/1 943/884/1
f 943/884/1 955/888/1 956/889/1
f 957/886/6 945/882/6 944/883/6
f 944/883/6 956/887/6 957/886/6
f 958/888/6 946/884/6 945/882/6
f 945/882/6 957/886/6 958/888/6
f 959/889/6 947/885/6 946/884/6
f 946/884/6 958/888/6 959/889/6
f 960/886/4 948/882/4 947/883/4
f 947/883/4 959/887/4 960/886/4
f 961/888/4 949/884/4 948/882/4
f 948/882/4 960/886/4 961/888/4
f 951/889/4 939/885/4 949/884/4
f 949/884/4 961/888/4 951/889/4
f 962/890/5 950/886/5 951/887/5
f 951/887/5 963/891/5 962/890/5
f 964/892/5 952/888/5 950/886/5
f 950/886/5 962/890/5 964/892/5
f 965/893/5 953/889/5 952/888/5
f 952/888/5 964/892/5 965/893/5
f 966/890/1 954/886/1 953/887/1
f 953/887/1 965/891/1 966/890/1
f 967/892/1 955/888/1 954/886/1
f 954/886/1 966/890/1 967/892/1
f 968/893/1 956/889/1 955/888/1
f 955/888/1 967/892/1 968/893/1
f 969/890/6 957/886/6 956/887/6
f 956/887/6 968/891/6 969/890/6
f 970/892/6 958/888/6 957/886/6
f 957/886/6 969/890/6 970/892/6
f 971/893/6 959/889/6 958/888/6
f 958/888/6 970/892/6 971/893/6
f 972/890/4 960/886/4 959/887/4
f 959/887/4 971/891/4 972/890/4
f 973/892/4 961/888/4 960/886/4
f 960/886/4 972/890/4 973/892/4
f 963/893/4 951/889/4 961/888/4
f 961/888/4 973/892/4 963/893/4
f 974/894/5 962/890/5 963/891/5
f 963/891/5 975/895/5 974/894/5
f 976/896/5 964/892/5 962/890/5
f 962/890/5 974/894/5 976/896/5
f 977/897/5 965/893/5 964/892/5
f 964/892/5 976/896/5 977/897/5
f 978/894/1 966/890/1 965/891/1
f 965/891/1 977/895/1 978/894/1
f 979/896/1 967/892/1 966/890/1
f 966/890/1 978/894/1 979/896/1
f 980/897/1 968/893/1 967/892/1
f 967/892/1 979/896/1 980/897/1
f 981/894/6 969/890/6 968/891/6
f 968/891/6 980/895/6 981/894/6
f 982/896/6 970/892/6 969/890/6
f 969/890/6 981/894/6 982/896/6
f 983/897/6 971/893/6 970/892/6
f 970/892/6 982/896/6 983/897/6
f 984/894/4 972/890/4 971/891/4
f 971/891/4 983/895/4 984/894/4
f 985/896/4 973/892/4 972/890/4
f 972/890/4 984/894/4 985/896/4
f 975/897/4 963/893/4 973/892/4
f 973/892/4 985/896/4 975/897/4
f 986/898/5 974/894/5 975/895/5
f 975/895/5 987/899/5 986/898/5
f 988/900/5 976/896/5 974/894/5
f 974/894/5 986/898/5 988/900/5
f 989/901/5 977/897/5 976/896/5
f 976/896/5 988/900/5 989/901/5
f 990/898/1 978/894/1 977/895/1
f 977/895/1 989/899/1 990/898/1
f 991/900/1 979/896/1 978/894/1
f 978/894/1 990/898/1 991/900/1
f 992/901/1 980/897/1 979/896/1
f 979/896/1 991/900/1 992/901/1
f 993/898/6 981/894/6 980/895/6
f 980/895/6 992/899/6 993/898/6
f 994/900/6 982/896/6 981/894/6
f 981/894/6 993/898/6 994/900/6
f 995/901/6 983/897/6 982/896/6
f 982/896/6 994/900/6 995/901/6
f 996/898/4 984/894/4 983/895/4
f 983/895/4 995/899/4 996/898/4
f 997/900/4 985/896/4 984/894/4
f 984/894/4 996/898/4 997/900/4
f 987/901/4 975/897/4 985/896/4
f 985/896/4 997/900/4 987/901/4
f 998/902/5 986/898/5 987/899/5
f 987/899/5 999/903/5 998/902/5
f 1000/904/5 988/900/5 986/898/5
f 986/898/5 998/902/5 1000/904/5
f 1001/905/5 989/901/5 988/900/5
f 988/900/5 1000/904/5 1001/905/5
f 1002/902/1 990/898/1 989/899/1
f 989/899/1 1001/903/1 1002/902/1
f 1003/904/1 991/900/1 990/898/1
f 990/898/1 1002/902/1 1003/904/1
f 1004/905/1 992/901/1 991/900/1
f 991/900/1 1003/904/1 1004/905/1
f 1005/902/6 993/898/6 992/899/6
f 992/899/6 1004/903/6 1005/902/6
f 1006/904/6 994/900/6 993/898/6
f 993/898/6 1005/902/6 1006/904/6
f 1007/905/6 995/901/6 994/900/6
f 994/900/6 1006/904/6 1007/905/6
f 1008/902/4 996/898/4 995/899/4
f 995/899/4 1007/903/4 1008/902/4
f 1009/904/4 997/900/4 996/898/4
f 996/898/4 1008/902/4 1009/904/4
f 999/905/4 987/901/4 997/900/4
f 997/900/4 1009/904/4 999/905/4
f 1010/906/5 998/902/5 999/903/5
f 999/903/5 1011/907/5 1010/906/5
f 1012/908/5 1000/904/5 998/902/5
f 998/902/5 1010/906/5 1012/908/5
f 1013/909/5 1001/905/5 1000/904/5
f 1000/904/5 1012/908/5 1013/909/5
f 1014/906/1 1002/902/1 1001/903/1
f 1001/903/1 1013/907/1 1014/906/1
f 1015/908/1 1003/904/1 1002/902/1
f 1002/902/1 1014/906/1 1015/908/1
f 1016/909/1 1004/905/1 1003/904/1
f 1003/904/1 1015/908/1 1016/909/1
f 1017/906/6 1005/902/6 1004/903/6
f 1004/903/6 1016/907/6 1017/906/6
f 1018/908/6 1006/904/6 1005/902/6
f 1005/902/6 1017/906/6 1018/908/6
f 1019/909/6 1007/905/6 1006/904/6
f 1006/904/6 1018/908/6 1019/909/6
f 1020/906/4 1008/902/4 1007/903/4
f 1007/903/4 1019/907/4 1020/906/4
f 1021/908/4 1009/904/4 1008/902/4
f 1008/902/4 1020/906/4 1021/908/4
f 1011/909/4 999/905/4 1009/904/4
f 1009/904/4 1021/908/4 1011/909/4
f 1022/910/5 1010/906/5 1011/907/5
f 1011/907/5 1023/911/5 1022/910/5
f 1024/912/5 1012/908/5 1010/906/5
f 1010/906/5 1022/910/5 1024/912/5
f 1025/913/5 1013/909/5 1012/908/5
f 1012/908/5 1024/912/5 1025/913/5
f 1026/910/1 1014/906/1 1013/907/1
f 1013/907/1 1025/911/1 1026/910/1
f 1027/912/1 1015/908/1 1014/906/1
f 1014/906/1 1026/910/1 1027/912/1
f 1028/913/1 1016/909/1 1015/908/1
f 1015/908/1 1027/912/1 1028/913/1
f 1029/910/6 1017/906/6 1016/907/6
f 1016/907/6 1028/911/6 1029/910/6
f 1030/912/6 1018/908/6 1017/906/6
f 1017/906/6 1029/910/6 1030/912/6
f 1031/913/6 1019/909/6 1018/908/6
f 1018/908/6 1030/912/6 1031/913/6
f 1032/910/4 1020/906/4 1019/907/4
f 1019/907/4 1031/911/4 1032/910/4
f 1033/912/4 1021/908/4 1020/906/4
f 1020/906/4 1032/910/4 1033/912/4
f 1023/913/4 1011/909/4 1021/908/4
f 1021/908/4 1033/912/4 1023/913/4
f 1034/914/5 1022/910/5 1023/911/5
f 1023/911/5 1035/915/5 1034/914/5
f 1036/916/5 1024/912/5 1022/910/5
f 1022/910/5 1034/914/5 1036/916/5
f 1037/917/5 1025/913/5 1024/912/5
f 1024/912/5 1036/916/5 1037/917/5
f 1038/914/1 1026/910/1 1025/911/1
f 1025/911/1 1037/915/1 1038/914/1
f 1039/916/1 1027/912/1 1026/910/1
f 1026/910/1 1038/914/1 1039/916/1
f 1040/917/1 1028/913/1 1027/912/1
f 1027/912/1 1039/916/1 1040/917/1
f 1041/914/6 1029/910/6 1028/911/6
f 1028/911/6 1040/915/6 1041/914/6
f 1042/916/6 1030/912/6 1029/910/6
f 1029/910/6 1041/914/6 1042/916/6
f 1043/917/6 1031/913/6 1030/912/6
f 1030/912/6 1042/916/6 1043/917/6
f 1044/914/4 1032/910/4 1031/911/4
f 1031/911/4 1043/915/4 1044/914/4
f 1045/916/4 1033/912/4 1032/910/4
f 1032/910/4 1044/914/4 1045/916/4
f 1035/917/4 1023/913/4 1033/912/4
f 1033/912/4 1045/916/4 1035/917/4
f 1046/918/5 1034/914/5 1035/915/5
f 1035/915/5 1047/919/5 1046/918/5
f 1048/920/5 1036/916/5 1034/914/5
f 1034/914/5 1046/918/5 1048/920/5
f 1049/921/5 1037/917/5 1036/916/5
f 1036/916/5 1048/920/5 1049/921/5
f 1050/918/1 1038/914/1 1037/915/1
f 1037/915/1 1049/919/1 1050/918/1
f 1051/920/1 1039/916/1 1038/914/1
f 1038/914/1 1050/918/1 1051/920/1
f 1052/921/1 1040/917/1 1039/916/1
f 1039/916/1 1051/920/1 1052/921/1
f 1053/918/6 1041/914/6 1040/915/6
f 1040/915/6 1052/919/6 1053/918/6
f 1054/920/6 1042/916/6 1041/914/6
f 1041/914/6 1053/918/6 1054/920/6
f 1055/921/6 1043/917/6 1042/916/6
f 1042/916/6 1054/920/6 1055/921/6
f 1056/918/4 1044/914/4 1043/915/4
f 1043/915/4 1055/919/4 1056/918/4
f 1057/920/4 1045/916/4 1044/914/4
f 1044/914/4 1056/918/4 1057/920/4
f 1047/921/4 1035/917/4 1045/916/4
f 1045/916/4 1057/920/4 1047/921/4
f 1058/922/5 1046/918/5 1047/919/5
f 1047/919/5 1059/923/5 1058/922/5
f 1060/924/5 1048/920/5 1046/918/5
f 1046/918/5 1058/922/5 1060/924/5
f 1061/925/5 1049/921/5 1048/920/5
f 1048/920/5 1060/924/5 1061/925/5
f 1062/922/1 1050/918/1 1049/919/1
f 1049/919/1 1061/923/1 1062/922/1
f 1063/924/1 1051/920/1 1050/918/1
f 1050/918/1 1062/922/1 1063/924/1
f 1064/925/1 1052/921/1 1051/920/1
f 1051/920/1 1063/924/1 1064/925/1
f 1065/922/6 1053/918/6 1052/919/6
f 1052/919/6 1064/923/6 1065/922/6
f 1066/924/6 1054/920/6 1053/918/6
f 1053/918/6 1065/922/6 1066/924/6
f 1067/925/6 1055/921/6 1054/920/6
f 1054/920/6 1066/924/6 1067/925/6
f 1068/922/4 1056/918/4 1055/919/4
f 1055/919/4 1067/923/4 1068/922/4
f 1069/924/4 1057/920/4 1056/918/4
f 1056/918/4 1068/922/4 1069/924/4
f 1059/925/4 1047/921/4 1057/920/4
f 1057/920/4 1069/924/4 1059/925/4
f 1070/926/5 1058/922/5 1059/923/5
f 1059/923/5 1071/927/5 1070/926/5
f 1072/928/5 1060/924/5 1058/922/5
f 1058/922/5 1070/926/5 1072/928/5
f 1073/929/5 1061/925/5 1060/924/5
f 1060/924/5 1072/928/5 1073/929/5
f 1074/926/1 1062/922/1 1061/923/1
f 1061/923/1 1073/927/1 1074/926/1
f 1075/928/1 1063/924/1 1062/922/1
f 1062/922/1 1074/926/1 1075/928/1
f 1076/929/1 1064/925/1 1063/924/1
f 1063/924/1 1075/928/1 1076/929/1
f 1077/926/6 1065/922/6 1064/923/6
f 1064/923/6 1076/927/6 1077/926/6
f 1078/928/6 1066/924/6 1065/922/6
f 1065/922/6 1077/926/6 1078/928/6
f 1079/929/6 1067/925/6 1066/924/6
f 1066/924/6 1078/928/6 1079/929/6
f 1080/926/4 1068/922/4 1067/923/4
f 1067/923/4 1079/927/4 1080/926/4
f 1081/928/4 1069/924/4 1068/922/4
f 1068/922/4 1080/926/4 1081/928/4
f 1071/929/4 1059/925/4 1069/924/4
f 1069/924/4 1081/928/4 1071/929/4
f 1082/930/5 1070/926/5 1071/927/5
f 1071/927/5 1083/931/5 1082/930/5
f 1084/932/5 1072/928/5 1070/926/5
f 1070/926/5 1082/930/5 1084/932/5
f 1085/933/5 1073/929/5 1072/928/5
f 1072/928/5 1084/932/5 1085/933/5
f 1086/930/1 1074/926/1 1073/927/1
f 1073/927/1 1085/931/1 1086/930/1
f 1087/932/1 1075/928/1 1074/926/1
f 1074/926/1 1086/930/1 1087/932/1
f 1088/933/1 1076/929/1 1075/928/1
f 1075/928/1 1087/932/1 1088/933/1
f 1089/930/6 1077/926/6 1076/927/6
f 1076/927/6 1088/931/6 1089/930/6
f 1090/932/6 1078/928/6 1077/926/6
f 1077/926/6 1089/930/6 1090/932/6
f 1091/933/6 1079/929/6 1078/928/6
f 1078/928/6 1090/932/6 1091/933/6
f 1092/930/4 1080/926/4 1079/927/4
f 1079/927/4 1091/931/4 1092/930/4
f 1093/932/4 1081/928/4 1080/926/4
f 1080/926/4 1092/930/4 1093/932/4
f 1083/933/4 1071/929/4 1081/928/4
f 1081/928/4 1093/932/4 1083/933/4
f 1094/934/5 1082/930/5 1083/931/5
f 1083/931/5 1095/935/5 1094/934/5
f 1096/936/5 1084/932/5 1082/930/5
f 1082/930/5 1094/934/5 1096/936/5
f 1097/937/5 1085/933/5 1084/932/5
f 1084/932/5 1096/936/5 1097/937/5
f 1098/934/1 1086/930/1 1085/931/1
f 1085/931/1 1097/935/1 1098/934/1
f 1099/936/1 1087/932/1 1086/930/1
f 1086/930/1 1098/934/1 1099/936/1
f 1100/937/1 1088/933/1 1087/932/1
f 1087/932/1 1099/936/1 1100/937/1
f 1101/934/6 1089/930/6 1088/931/6
f 1088/931/6 1100/935/6 1101/934/6
f 1102/936/6 1090/932/6 1089/930/6
f 1089/930/6 1101/934/6 1102/936/6
f 1103/937/6 1091/933/6 1090/932/6
f 1090/932/6 1102/936/6 1103/937/6
f 1104/934/4 1092/930/4 1091/931/4
f 1091/931/4 1103/935/4 1104/934/4
f 1105/936/4 1093/932/4 1092/930/4
f 1092/930/4 1104/934/4 1105/936/4
f 1095/937/4 1083/933/4 1093/932/4
f 1093/932/4 1105/936/4 1095/937/4
f 1106/543/5 1094/934/5 1095/935/5
f 1095/935/5 1107/548/5 1106/543/5
f 1108/538/5 1096/936/5 1094/934/5
f 1094/934/5 1106/543/5 1108/538/5
f 1109/533/5 1097/937/5 1096/936/5
f 1096/936/5 1108/538/5 1109/533/5
f 1110/543/1 1098/934/1 1097/935/1
f 1097/935/1 1109/548/1 1110/543/1
f 1111/538/1 1099/936/1 1098/934/1
f 1098/934/1 1110/543/1 1111/538/1
f 1112/538/4 1105/936/4 1104/934/4
f 1104/934/4 1113/543/4 1112/538/4
f 1107/533/4 1095/937/4 1105/936/4
f 1105/936/4 1112/538/4 1107/533/4
f 1114/542/5 1106/543/5 1107/548/5
f 1107/548/5 1115/547/5 1114/542/5
f 1116/537/5 1108/538/5 1106/543/5
f 1106/543/5 1114/542/5 1116/537/5
f 1117/532/5 1109/533/5 1108/538/5
f 1108/538/5 1116/537/5 1117/532/5
f 1118/542/1 1110/543/1 1109/548/1
f 1109/548/1 1117/547/1 1118/542/1
f 1119/537/1 1111/538/1 1110/543/1
f 1110/543/1 1118/542/1 1119/537/1
f 1120/537/4 1112/538/4 1113/543/4
f 1113/543/4 1121/542/4 1120/537/4
f 1115/532/4 1107/533/4 1112/538/4
f 1112/538/4 1120/537/4 1115/532/4
f 1122/544/5 1114/542/5 1115/547/5
f 1115/547/5 1123/549/5 1122/544/5
f 1124/539/5 1116/537/5 1114/542/5
f 1114/542/5 1122/544/5 1124/539/5
f 1125/534/5 1117/532/5 1116/537/5
f 1116/537/5 1124/539/5 1125/534/5
f 1126/544/1 1118/542/1 1117/547/1
f 1117/547/1 1125/549/1 1126/544/1
f 1127/539/1 1119/537/1 1118/542/1
f 1118/542/1 1126/544/1 1127/539/1
f 1128/539/4 1120/537/4 1121/542/4
f 1121/542/4 1129/544/4 1128/539/4
f 1123/534/4 1115/532/4 1120/537/4
f 1120/537/4 1128/539/4 1123/534/4
f 1130/540/1 1127/539/1 1126/544/1
f 1126/544/1 1131/545/1 1130/540/1
f 1131/545/1 1126/544/1 1125/549/1
f 1125/549/1 1132/550/1 1131/545/1
f 1132/535/5 1125/534/5 1124/539/5
f 1124/539/5 1133/540/5 1132/535/5
f 1133/540/5 1124/539/5 1122/544/5
f 1122/544/5 1134/545/5 1133/540/5
f 1134/545/5 1122/544/5 1123/549/5
f 1123/549/5 1135/550/5 1134/545/5
f 1135/535/4 1123/534/4 1128/539/4
f 1128/539/4 1136/540/4 1135/535/4
f 1136/540/4 1128/539/4 1129/544/4
f 1129/544/4 1137/545/4 1136/540/4
f 1138/541/1 1130/540/1 1131/545/1
f 1131/545/1 1139/546/1 1138/541/1
f 1139/546/1 1131/545/1 1132/550/1
f 1132/550/1 1140/551/1 1139/546/1
f 1140/536/5 1132/535/5 1133/540/5
f 1133/540/5 1141/541/5 1140/536/5
f 1141/541/5 1133/540/5 1134/545/5
f 1134/545/5 1142/546/5 1141/541/5
f 1142/546/5 1134/545/5 1135/550/5
f 1135/550/5 1143/551/5 1142/546/5
f 1143/536/4 1135/535/4 1136/540/4
f 1136/540/4 1144/541/4 1143/536/4
f 1144/541/4 1136/540/4 1137/545/4
f 1137/545/4 1145/546/4 1144/541/4
f 1148/846/3 1146/840/3 1147/841/3
f 1147/841/3 1149/847/3 1148/846/3
f 1150/849/3 1149/847/3 1147/841/3
f 1147/841/3 1151/845/3 1150/849/3
f 1152/843/3 1146/840/3 1148/846/3
f 1148/846/3 1153/848/3 1152/843/3
f 1156/540/5 1154/541/5 1155/536/5
f 1155/536/5 1157/535/5 1156/540/5
f 1160/550/5 1158/551/5 1159/546/5
f 1159/546/5 1161/545/5 1160/550/5
f 1162/539/5 1156/540/5 1157/535/5
f 1157/535/5 1163/534/5 1162/539/5
f 1164/549/5 1160/550/5 1161/545/5
f 1161/545/5 1165/544/5 1164/549/5
f 1166/547/5 1164/549/5 1165/544/5
f 1165/544/5 1167/542/5 1166/547/5
f 1168/537/5 1162/539/5 1163/534/5
f 1163/534/5 1169/532/5 1168/537/5
f 1168/537/5 1167/542/5 1165/544/5
f 1165/544/5 1162/539/5 1168/537/5
f 1170/510/5 1158/551/5 1160/550/5
f 1160/550/5 1171/509/5 1170/510/5
f 1171/509/5 1160/550/5 1164/549/5
f 1164/549/5 1172/508/5 1171/509/5
f 1172/508/5 1164/549/5 1166/547/5
f 1166/547/5 1173/507/5 1172/508/5
f 1174/530/5 1157/535/5 1155/536/5
f 1155/536/5 1175/531/5 1174/530/5
f 1176/529/5 1163/534/5 1157/535/5
f 1157/535/5 1174/530/5 1176/529/5
f 1177/527/5 1169/532/5 1163/534/5
f 1163/534/5 1176/529/5 1177/527/5
f 1178/938/3 1148/846/3 1149/847/3
f 1149/847/3 1179/939/3 1178/938/3
f 1179/939/3 1149/847/3 1150/849/3
f 1150/849/3 1180/940/3 1179/939/3
f 1181/941/3 1153/848/3 1148/846/3
f 1148/846/3 1178/938/3 1181/941/3
f 1182/942/3 1150/849/3 1151/845/3
f 1151/845/3 1183/943/3 1182/942/3
f 1184/944/3 1180/940/3 1150/849/3
f 1150/849/3 1182/942/3 1184/944/3
f 1185/945/3 1152/843/3 1153/848/3
f 1153/848/3 1186/946/3 1185/945/3
f 1186/946/3 1153/848/3 1181/941/3
f 1181/941/3 1187/947/3 1186/946/3
f 1188/543/5 1167/542/5 1168/537/5
f 1168/537/5 1189/538/5 1188/543/5
f 1190/506/5 1173/507/5 1166/547/5
f 1166/547/5 1191/548/5 1190/506/5
f 1192/533/5 1169/532/5 1177/527/5
f 1177/527/5 1193/528/5 1192/533/5
f 1168/537/5 1169/532/5 1192/533/5
f 1192/533/5 1189/538/5 1168/537/5
f 1188/543/5 1191/548/5 1166/547/5
f 1166/547/5 1167/542/5 1188/543/5
f 1194/948/3 1180/940/3 1184/944/3
f 1184/944/3 1195/949/3 1194/948/3
f 1196/950/3 1179/939/3 1180/940/3
f 1180/940/3 1194/948/3 1196/950/3
f 1197/951/3 1178/938/3 1179/939/3
f 1179/939/3 1196/950/3 1197/951/3
f 1198/952/3 1181/941/3 1178/938/3
f 1178/938/3 1197/951/3 1198/952/3
f 1199/953/3 1187/947/3 1181/941/3
f 1181/941/3 1198/952/3 1199/953/3
f 1200/954/3 1194/948/3 1195/949/3
f 1195/949/3 1201/955/3 1200/954/3
f 1202/956/3 1196/950/3 1194/948/3
f 1194/948/3 1200/954/3 1202/956/3
f 1203/957/3 1197/951/3 1196/950/3
f 1196/950/3 1202/956/3 1203/957/3
f 1204/958/3 1198/952/3 1197/951/3
f 1197/951/3 1203/957/3 1204/958/3
f 1205/959/3 1199/953/3 1198/952/3
f 1198/952/3 1204/958/3 1205/959/3
f 1206/960/3 1200/954/3 1201/955/3
f 1201/955/3 1207/961/3 1206/960/3
f 1208/962/3 1202/956/3 1200/954/3
f 1200/954/3 1206/960/3 1208/962/3
f 1209/963/3 1203/957/3 1202/956/3
f 1202/956/3 1208/962/3 1209/963/3
f 1210/964/3 1204/958/3 1203/957/3
f 1203/957/3 1209/963/3 1210/964/3
f 1211/965/3 1205/959/3 1204/958/3
f 1204/958/3 1210/964/3 1211/965/3
f 1212/966/3 1185/945/3 1186/946/3
f 1186/946/3 1213/967/3 1212/966/3
f 1213/967/3 1186/946/3 1187/947/3
f 1187/947/3 1214/968/3 1213/967/3
f 1214/968/3 1187/947/3 1199/953/3
f 1199/953/3 1215/969/3 1214/968/3
f 1216/970/3 1212/966/3 1213/967/3
f 1213/967/3 1217/971/3 1216/970/3
f 1217/971/3 1213/967/3 1214/968/3
f 1214/968/3 1218/972/3 1217/971/3
f 1218/972/3 1214/968/3 1215/969/3
f 1215/969/3 1219/973/3 1218/972/3
f 1220/974/3 1216/970/3 1217/971/3
f 1217/971/3 1221/975/3 1220/974/3
f 1221/975/3 1217/971/3 1218/972/3
f 1218/972/3 1222/976/3 1221/975/3
f 1222/976/3 1218/972/3 1219/973/3
f 1219/973/3 1223/977/3 1222/976/3
f 1226/507/4 1224/547/4 1225/548/4
f 1225/548/4 1227/506/4 1226/507/4
f 1229/508/4 1228/549/4 1224/547/4
f 1224/547/4 1226/507/4 1229/508/4
f 1231/509/4 1230/550/4 1228/549/4
f 1228/549/4 1229/508/4 1231/509/4
f 1182/510/4 1183/551/4 1230/550/4
f 1230/550/4 1231/509/4 1182/510/4
f 1232/502/4 1226/507/4 1227/506/4
f 1227/506/4 1233/501/4 1232/502/4
f 1234/503/4 1229/508/4 1226/507/4
f 1226/507/4 1232/502/4 1234/503/4
f 1235/504/4 1231/509/4 1229/508/4
f 1229/508/4 1234/503/4 1235/504/4
f 1184/505/4 1182/510/4 1231/509/4
f 1231/509/4 1235/504/4 1184/505/4
f 1236/497/4 1232/502/4 1233/501/4
f 1233/501/4 1237/496/4 1236/497/4
f 1238/498/4 1234/503/4 1232/502/4
f 1232/502/4 1236/497/4 1238/498/4
f 1239/499/4 1235/504/4 1234/503/4
f 1234/503/4 1238/498/4 1239/499/4
f 1195/500/4 1184/505/4 1235/504/4
f 1235/504/4 1239/499/4 1195/500/4
f 1240/492/4 1236/497/4 1237/496/4
f 1237/496/4 1241/491/4 1240/492/4
f 1242/493/4 1238/498/4 1236/497/4
f 1236/497/4 1240/492/4 1242/493/4
f 1243/494/4 1239/499/4 1238/498/4
f 1238/498/4 1242/493/4 1243/494/4
f 1201/495/4 1195/500/4 1239/499/4
f 1239/499/4 1243/494/4 1201/495/4
f 1244/485/4 1240/492/4 1241/491/4
f 1241/491/4 1245/484/4 1244/485/4
f 1246/487/4 1242/493/4 1240/492/4
f 1240/492/4 1244/485/4 1246/487/4
f 1247/488/4 1243/494/4 1242/493/4
f 1242/493/4 1246/487/4 1247/488/4
f 1207/490/4 1201/495/4 1243/494/4
f 1243/494/4 1247/488/4 1207/490/4
f 1248/964/2 1245/965/2 1241/959/2
f 1241/959/2 1249/958/2 1248/964/2
f 1249/958/2 1241/959/2 1237/953/2
f 1237/953/2 1250/952/2 1249/958/2
f 1250/952/2 1237/953/2 1233/947/2
f 1233/947/2 1251/941/2 1250/952/2
f 1251/941/2 1233/947/2 1227/946/2
f 1227/946/2 1252/848/2 1251/941/2
f 1252/848/2 1227/946/2 1225/945/2
f 1225/945/2 1253/843/2 1252/848/2
f 1254/978/2 1248/964/2 1249/958/2
f 1249/958/2 1255/979/2 1254/978/2
f 1255/979/2 1249/958/2 1250/952/2
f 1250/952/2 1256/980/2 1255/979/2
f 1256/980/2 1250/952/2 1251/941/2
f 1251/941/2 1257/981/2 1256/980/2
f 1257/981/2 1251/941/2 1252/848/2
f 1252/848/2 1258/982/2 1257/981/2
f 1258/982/2 1252/848/2 1253/843/2
f 1253/843/2 1259/983/2 1258/982/2
f 1260/960/2 1254/978/2 1255/979/2
f 1255/979/2 1261/954/2 1260/960/2
f 1261/954/2 1255/979/2 1256/980/2
f 1256/980/2 1262/948/2 1261/954/2
f 1262/948/2 1256/980/2 1257/981/2
f 1257/981/2 1263/940/2 1262/948/2
f 1263/940/2 1257/981/2 1258/982/2
f 1258/982/2 1264/849/2 1263/940/2
f 1264/849/2 1258/982/2 1259/983/2
f 1259/983/2 1265/845/2 1264/849/2
f 1266/961/2 1260/960/2 1261/954/2
f 1261/954/2 1267/955/2 1266/961/2
f 1267/955/2 1261/954/2 1262/948/2
f 1262/948/2 1268/949/2 1267/955/2
f 1268/949/2 1262/948/2 1263/940/2
f 1263/940/2 1269/944/2 1268/949/2
f 1269/944/2 1263/940/2 1264/849/2
f 1264/849/2 1270/942/2 1269/944/2
f 1270/942/2 1264/849/2 1265/845/2
f 1265/845/2 1271/943/2 1270/942/2
f 1272/509/6 1211/510/6 1210/551/6
f 1210/551/6 1273/550/6 1272/509/6
f 1274/545/6 1209/546/6 1208/541/6
f 1208/541/6 1275/540/6 1274/545/6
f 1275/540/6 1208/541/6 1206/536/6
f 1206/536/6 1276/535/6 1275/540/6
f 1276/535/6 1206/536/6 1207/531/6
f 1207/531/6 1247/530/6 1276/535/6
f 1273/550/6 1210/551/6 1209/546/6
f 1209/546/6 1274/545/6 1273/550/6
f 1277/508/6 1272/509/6 1273/550/6
f 1273/550/6 1278/549/6 1277/508/6
f 1279/544/6 1274/545/6 1275/540/6
f 1275/540/6 1280/539/6 1279/544/6
f 1280/539/6 1275/540/6 1276/535/6
f 1276/535/6 1281/534/6 1280/539/6
f 1281/534/6 1276/535/6 1247/530/6
f 1247/530/6 1246/529/6 1281/534/6
f 1278/549/6 1273/550/6 1274/545/6
f 1274/545/6 1279/544/6 1278/549/6
f 1282/507/6 1277/508/6 1278/549/6
f 1278/549/6 1283/547/6 1282/507/6
f 1284/542/6 1279/544/6 1280/539/6
f 1280/539/6 1285/537/6 1284/542/6
f 1285/537/6 1280/539/6 1281/534/6
f 1281/534/6 1286/532/6 1285/537/6
f 1286/532/6 1281/534/6 1246/529/6
f 1246/529/6 1244/527/6 1286/532/6
f 1283/547/6 1278/549/6 1279/544/6
f 1279/544/6 1284/542/6 1283/547/6
f 1266/506/6 1282/507/6 1283/547/6
f 1283/547/6 1260/548/6 1266/506/6
f 1287/543/6 1284/542/6 1285/537/6
f 1285/537/6 1288/538/6 1287/543/6
f 1288/538/6 1285/537/6 1286/532/6
f 1286/532/6 1248/533/6 1288/538/6
f 1248/533/6 1286/532/6 1244/527/6
f 1244/527/6 1245/528/6 1248/533/6
f 1260/548/6 1283/547/6 1284/542/6
f 1284/542/6 1287/543/6 1260/548/6
f 1289/984/3 1205/959/3 1211/965/3
f 1211/965/3 1290/985/3 1289/984/3
f 1215/969/3 1199/953/3 1205/959/3
f 1205/959/3 1289/984/3 1215/969/3
f 1291/986/3 1289/984/3 1290/985/3
f 1290/985/3 1292/987/3 1291/986/3
f 1219/973/3 1215/969/3 1289/984/3
f 1289/984/3 1291/986/3 1219/973/3
f 1293/988/3 1291/986/3 1292/987/3
f 1292/987/3 1294/989/3 1293/988/3
f 1223/977/3 1219/973/3 1291/986/3
f 1291/986/3 1293/988/3 1223/977/3
f 1295/502/6 1282/507/6 1266/506/6
f 1266/506/6 1296/501/6 1295/502/6
f 1297/503/6 1277/508/6 1282/507/6
f 1282/507/6 1295/502/6 1297/503/6
f 1298/504/6 1272/509/6 1277/508/6
f 1277/508/6 1297/503/6 1298/504/6
f 1290/505/6 1211/510/6 1272/509/6
f 1272/509/6 1298/504/6 1290/505/6
f 1299/497/6 1295/502/6 1296/501/6
f 1296/501/6 1300/496/6 1299/497/6
f 1301/498/6 1297/503/6 1295/502/6
f 1295/502/6 1299/497/6 1301/498/6
f 1302/499/6 1298/504/6 1297/503/6
f 1297/503/6 1301/498/6 1302/499/6
f 1292/500/6 1290/505/6 1298/504/6
f 1298/504/6 1302/499/6 1292/500/6
f 1303/492/6 1299/497/6 1300/496/6
f 1300/496/6 1304/491/6 1303/492/6
f 1305/493/6 1301/498/6 1299/497/6
f 1299/497/6 1303/492/6 1305/493/6
f 1306/494/6 1302/499/6 1301/498/6
f 1301/498/6 1305/493/6 1306/494/6
f 1294/495/6 1292/500/6 1302/499/6
f 1302/499/6 1306/494/6 1294/495/6
f 1307/990/2 1269/944/2 1270/942/2
f 1270/942/2 1308/991/2 1307/990/2
f 1308/991/2 1270/942/2 1271/943/2
f 1271/943/2 1309/992/2 1308/991/2
f 1310/993/2 1268/949/2 1269/944/2
f 1269/944/2 1307/990/2 1310/993/2
f 1311/994/2 1267/955/2 1268/949/2
f 1268/949/2 1310/993/2 1311/994/2
f 1296/995/2 1266/961/2 1267/955/2
f 1267/955/2 1311/994/2 1296/995/2
f 1312/996/2 1307/990/2 1308/991/2
f 1308/991/2 1313/997/2 1312/996/2
f 1313/997/2 1308/991/2 1309/992/2
f 1309/992/2 1314/998/2 1313/997/2
f 1315/999/2 1310/993/2 1307/990/2
f 1307/990/2 1312/996/2 1315/999/2
f 1316/1000/2 1311/994/2 1310/993/2
f 1310/993/2 1315/999/2 1316/1000/2
f 1300/1001/2 1296/995/2 1311/994/2
f 1311/994/2 1316/1000/2 1300/1001/2
f 1317/1002/2 1312/996/2 1313/997/2
f 1313/997/2 1318/1003/2 1317/1002/2
f 1318/1003/2 1313/997/2 1314/998/2
f 1314/998/2 1319/1004/2 1318/1003/2
f 1320/1005/2 1315/999/2 1312/996/2
f 1312/996/2 1317/1002/2 1320/1005/2
f 1321/1006/2 1316/1000/2 1315/999/2
f 1315/999/2 1320/1005/2 1321/1006/2
f 1304/1007/2 1300/1001/2 1316/1000/2
f 1316/1000/2 1321/1006/2 1304/1007/2
f 1323/603/4 1322/550/4 1185/551/4
f 1185/551/4 1324/605/4 1323/603/4
f 1326/604/4 1325/549/4 1322/550/4
f 1322/550/4 1323/603/4 1326/604/4
f 1328/621/4 1327/547/4 1325/549/4
f 1325/549/4 1326/604/4 1328/621/4
f 1329/622/4 1271/548/4 1327/547/4
f 1327/547/4 1328/621/4 1329/622/4
f 1330/535/4 1323/603/4 1324/605/4
f 1324/605/4 1331/536/4 1330/535/4
f 1332/534/4 1326/604/4 1323/603/4
f 1323/603/4 1330/535/4 1332/534/4
f 1333/532/4 1328/621/4 1326/604/4
f 1326/604/4 1332/534/4 1333/532/4
f 1334/533/4 1329/622/4 1328/621/4
f 1328/621/4 1333/532/4 1334/533/4
f 1335/1008/3 1220/974/3 1221/975/3
f 1221/975/3 1336/1009/3 1335/1008/3
f 1337/1010/3 1222/976/3 1223/977/3
f 1223/977/3 1338/1011/3 1337/1010/3
f 1338/1011/3 1223/977/3 1293/988/3
f 1293/988/3 1339/1012/3 1338/1011/3
f 1336/1009/3 1221/975/3 1222/976/3
f 1222/976/3 1337/1010/3 1336/1009/3
f 1339/1012/3 1293/988/3 1294/989/3
f 1294/989/3 1340/1013/3 1339/1012/3
f 1341/1014/3 1335/1008/3 1336/1009/3
f 1336/1009/3 1342/1015/3 1341/1014/3
f 1343/1016/3 1337/1010/3 1338/1011/3
f 1338/1011/3 1344/1017/3 1343/1016/3
f 1344/1017/3 1338/1011/3 1339/1012/3
f 1339/1012/3 1345/1018/3 1344/1017/3
f 1342/1015/3 1336/1009/3 1337/1010/3
f 1337/1010/3 1343/1016/3 1342/1015/3
f 1345/1018/3 1339/1012/3 1340/1013/3
f 1340/1013/3 1346/1019/3 1345/1018/3
f 1347/485/6 1303/492/6 1304/491/6
f 1304/491/6 1348/484/6 1347/485/6
f 1349/487/6 1305/493/6 1303/492/6
f 1303/492/6 1347/485/6 1349/487/6
f 1350/488/6 1306/494/6 1305/493/6
f 1305/493/6 1349/487/6 1350/488/6
f 1340/490/6 1294/495/6 1306/494/6
f 1306/494/6 1350/488/6 1340/490/6
f 1351/483/6 1347/485/6 1348/484/6
f 1348/484/6 1352/482/6 1351/483/6
f 1353/486/6 1349/487/6 1347/485/6
f 1347/485/6 1351/483/6 1353/486/6
f 1354/479/6 1350/488/6 1349/487/6
f 1349/487/6 1353/486/6 1354/479/6
f 1346/489/6 1340/490/6 1350/488/6
f 1350/488/6 1354/479/6 1346/489/6
f 1348/1020/2 1304/1007/2 1321/1006/2
f 1321/1006/2 1355/1021/2 1348/1020/2
f 1355/1021/2 1321/1006/2 1320/1005/2
f 1320/1005/2 1356/1022/2 1355/1021/2
f 1356/1022/2 1320/1005/2 1317/1002/2
f 1317/1002/2 1357/1023/2 1356/1022/2
f 1357/1023/2 1317/1002/2 1318/1003/2
f 1318/1003/2 1358/1024/2 1357/1023/2
f 1358/1024/2 1318/1003/2 1319/1004/2
f 1319/1004/2 1359/1025/2 1358/1024/2
f 1352/1026/2 1348/1020/2 1355/1021/2
f 1355/1021/2 1360/1027/2 1352/1026/2
f 1360/1027/2 1355/1021/2 1356/1022/2
f 1356/1022/2 1361/1028/2 1360/1027/2
f 1361/1028/2 1356/1022/2 1357/1023/2
f 1357/1023/2 1362/1029/2 1361/1028/2
f 1362/1029/2 1357/1023/2 1358/1024/2
f 1358/1024/2 1363/1030/2 1362/1029/2
f 1363/1030/2 1358/1024/2 1359/1025/2
f 1359/1025/2 1364/1031/2 1363/1030/2
f 1367/462/1 1365/461/1 1366/515/1
f 1366/515/1 1368/516/1 1367/462/1
f 1368/516/1 1366/515/1 1369/520/1
f 1369/520/1 1370/521/1 1368/516/1
f 1370/521/1 1369/520/1 1371/525/1
f 1371/525/1 1372/526/1 1370/521/1
f 1372/526/1 1371/525/1 1373/530/1
f 1373/530/1 1374/531/1 1372/526/1
f 1374/531/1 1373/530/1 1375/535/1
f 1375/535/1 1376/536/1 1374/531/1
f 1377/1032/3 1335/1008/3 1341/1014/3
f 1341/1014/3 1378/1033/3 1377/1032/3
f 1379/1034/3 1220/974/3 1335/1008/3
f 1335/1008/3 1377/1032/3 1379/1034/3
f 1380/1035/3 1216/970/3 1220/974/3
f 1220/974/3 1379/1034/3 1380/1035/3
f 1381/1036/3 1212/966/3 1216/970/3
f 1216/970/3 1380/1035/3 1381/1036/3
f 1324/1037/3 1185/945/3 1212/966/3
f 1212/966/3 1381/1036/3 1324/1037/3
f 1382/1038/3 1377/1032/3 1378/1033/3
f 1378/1033/3 1383/1039/3 1382/1038/3
f 1384/1040/3 1379/1034/3 1377/1032/3
f 1377/1032/3 1382/1038/3 1384/1040/3
f 1385/1041/3 1380/1035/3 1379/1034/3
f 1379/1034/3 1384/1040/3 1385/1041/3
f 1386/1042/3 1381/1036/3 1380/1035/3
f 1380/1035/3 1385/1041/3 1386/1042/3
f 1331/1043/3 1324/1037/3 1381/1036/3
f 1381/1036/3 1386/1042/3 1331/1043/3
f 1387/1044/3 1382/1038/3 1383/1039/3
f 1383/1039/3 1388/1045/3 1387/1044/3
f 1389/1046/3 1384/1040/3 1382/1038/3
f 1382/1038/3 1387/1044/3 1389/1046/3
f 1390/1047/3 1385/1041/3 1384/1040/3
f 1384/1040/3 1389/1046/3 1390/1047/3
f 1391/1048/3 1386/1042/3 1385/1041/3
f 1385/1041/3 1390/1047/3 1391/1048/3
f 1392/1049/3 1331/1043/3 1386/1042/3
f 1386/1042/3 1391/1048/3 1392/1049/3
f 1393/1050/3 1387/1044/3 1388/1045/3
f 1388/1045/3 1394/1051/3 1393/1050/3
f 1395/1052/3 1389/1046/3 1387/1044/3
f 1387/1044/3 1393/1050/3 1395/1052/3
f 1396/1053/3 1390/1047/3 1389/1046/3
f 1389/1046/3 1395/1052/3 1396/1053/3
f 1397/1054/3 1391/1048/3 1390/1047/3
f 1390/1047/3 1396/1053/3 1397/1054/3
f 1398/1055/3 1392/1049/3 1391/1048/3
f 1391/1048/3 1397/1054/3 1398/1055/3
f 1399/1056/3 1393/1050/3 1394/1051/3
f 1394/1051/3 1400/1057/3 1399/1056/3
f 1401/1058/3 1395/1052/3 1393/1050/3
f 1393/1050/3 1399/1056/3 1401/1058/3
f 1402/1059/3 1396/1053/3 1395/1052/3
f 1395/1052/3 1401/1058/3 1402/1059/3
f 1403/1060/3 1397/1054/3 1396/1053/3
f 1396/1053/3 1402/1059/3 1403/1060/3
f 1404/1061/3 1398/1055/3 1397/1054/3
f 1397/1054/3 1403/1060/3 1404/1061/3
f 1405/1062/3 1399/1056/3 1400/1057/3
f 1400/1057/3 1406/1063/3 1405/1062/3
f 1407/1064/3 1401/1058/3 1399/1056/3
f 1399/1056/3 1405/1062/3 1407/1064/3
f 1408/1065/3 1402/1059/3 1401/1058/3
f 1401/1058/3 1407/1064/3 1408/1065/3
f 1409/1066/3 1403/1060/3 1402/1059/3
f 1402/1059/3 1408/1065/3 1409/1066/3
f 1410/1067/3 1404/1061/3 1403/1060/3
f 1403/1060/3 1409/1066/3 1410/1067/3
f 1411/1068/3 1405/1062/3 1406/1063/3
f 1406/1063/3 1412/1069/3 1411/1068/3
f 1413/1070/3 1407/1064/3 1405/1062/3
f 1405/1062/3 1411/1068/3 1413/1070/3
f 1414/1071/3 1408/1065/3 1407/1064/3
f 1407/1064/3 1413/1070/3 1414/1071/3
f 1415/1072/3 1409/1066/3 1408/1065/3
f 1408/1065/3 1414/1071/3 1415/1072/3
f 1416/1073/3 1410/1067/3 1409/1066/3
f 1409/1066/3 1415/1072/3 1416/1073/3
f 1417/1074/3 1411/1068/3 1412/1069/3
f 1412/1069/3 1418/1075/3 1417/1074/3
f 1419/1076/3 1413/1070/3 1411/1068/3
f 1411/1068/3 1417/1074/3 1419/1076/3
f 1420/1077/3 1414/1071/3 1413/1070/3
f 1413/1070/3 1419/1076/3 1420/1077/3
f 1421/1078/3 1415/1072/3 1414/1071/3
f 1414/1071/3 1420/1077/3 1421/1078/3
f 1422/1079/3 1416/1073/3 1415/1072/3
f 1415/1072/3 1421/1078/3 1422/1079/3
f 1423/1080/3 1417/1074/3 1418/1075/3
f 1418/1075/3 1424/1081/3 1423/1080/3
f 1425/1082/3 1419/1076/3 1417/1074/3
f 1417/1074/3 1423/1080/3 1425/1082/3
f 1426/1083/3 1420/1077/3 1419/1076/3
f 1419/1076/3 1425/1082/3 1426/1083/3
f 1427/1084/3 1421/1078/3 1420/1077/3
f 1420/1077/3 1426/1083/3 1427/1084/3
f 1428/1085/3 1422/1079/3 1421/1078/3
f 1421/1078/3 1427/1084/3 1428/1085/3
f 1429/528/4 1334/533/4 1333/532/4
f 1333/532/4 1430/527/4 1429/528/4
f 1430/527/4 1333/532/4 1332/534/4
f 1332/534/4 1431/529/4 1430/527/4
f 1431/529/4 1332/534/4 1330/535/4
f 1330/535/4 1432/530/4 1431/529/4
f 1432/530/4 1330/535/4 1331/536/4
f 1331/536/4 1392/531/4 1432/530/4
f 1433/523/4 1429/528/4 1430/527/4
f 1430/527/4 1434/522/4 1433/523/4
f 1434/522/4 1430/527/4 1431/529/4
f 1431/529/4 1435/524/4 1434/522/4
f 1435/524/4 1431/529/4 1432/530/4
f 1432/530/4 1436/525/4 1435/524/4
f 1436/525/4 1432/530/4 1392/531/4
f 1392/531/4 1398/526/4 1436/525/4
f 1437/518/4 1433/523/4 1434/522/4
f 1434/522/4 1438/517/4 1437/518/4
f 1438/517/4 1434/522/4 1435/524/4
f 1435/524/4 1439/519/4 1438/517/4
f 1439/519/4 1435/524/4 1436/525/4
f 1436/525/4 1440/520/4 1439/519/4
f 1440/520/4 1436/525/4 1398/526/4
f 1398/526/4 1404/521/4 1440/520/4
f 1441/513/4 1437/518/4 1438/517/4
f 1438/517/4 1442/512/4 1441/513/4
f 1442/512/4 1438/517/4 1439/519/4
f 1439/519/4 1443/514/4 1442/512/4
f 1443/514/4 1439/519/4 1440/520/4
f 1440/520/4 1444/515/4 1443/514/4
f 1444/515/4 1440/520/4 1404/521/4
f 1404/521/4 1410/516/4 1444/515/4
f 1445/458/4 1441/513/4 1442/512/4
f 1442/512/4 1446/459/4 1445/458/4
f 1446/459/4 1442/512/4 1443/514/4
f 1443/514/4 1447/460/4 1446/459/4
f 1447/460/4 1443/514/4 1444/515/4
f 1444/515/4 1448/461/4 1447/460/4
f 1448/461/4 1444/515/4 1410/516/4
f 1410/516/4 1416/462/4 1448/461/4
f 1449/316/4 1445/458/4 1446/459/4
f 1446/459/4 1450/317/4 1449/316/4
f 1450/317/4 1446/459/4 1447/460/4
f 1447/460/4 1451/320/4 1450/317/4
f 1451/320/4 1447/460/4 1448/461/4
f 1448/461/4 1452/322/4 1451/320/4
f 1452/322/4 1448/461/4 1416/462/4
f 1416/462/4 1422/324/4 1452/322/4
f 1453/318/4 1449/316/4 1450/317/4
f 1450/317/4 1454/319/4 1453/318/4
f 1454/319/4 1450/317/4 1451/320/4
f 1451/320/4 1455/321/4 1454/319/4
f 1455/321/4 1451/320/4 1452/322/4
f 1452/322/4 1456/323/4 1455/321/4
f 1456/323/4 1452/322/4 1422/324/4
f 1422/324/4 1428/325/4 1456/323/4
f 1460/1087/3 1458/1019/3 1457/1018/3
f 1457/1018/3 1459/1086/3 1460/1087/3
f 1367/823/5 1346/324/5 1354/322/5
f 1354/322/5 1365/824/5 1367/823/5
f 1368/1089/2 1345/1027/2 1346/1026/2
f 1346/1026/2 1367/1088/2 1368/1089/2
f 1366/478/6 1461/479/6 1345/489/6
f 1345/489/6 1368/1090/6 1366/478/6
f 1459/1086/3 1457/1018/3 1462/1017/3
f 1462/1017/3 1463/1091/3 1459/1086/3
f 1368/823/5 1345/324/5 1461/322/5
f 1461/322/5 1366/824/5 1368/823/5
f 1370/1092/2 1344/1028/2 1345/1027/2
f 1345/1027/2 1368/1089/2 1370/1092/2
f 1369/478/6 1464/479/6 1344/489/6
f 1344/489/6 1370/1090/6 1369/478/6
f 1463/1091/3 1462/1017/3 1465/1016/3
f 1465/1016/3 1466/1093/3 1463/1091/3
f 1370/823/5 1344/324/5 1464/322/5
f 1464/322/5 1369/824/5 1370/823/5
f 1372/1094/2 1343/1029/2 1344/1028/2
f 1344/1028/2 1370/1092/2 1372/1094/2
f 1371/478/6 1467/479/6 1343/489/6
f 1343/489/6 1372/1090/6 1371/478/6
f 1466/1093/3 1465/1016/3 1468/1015/3
f 1468/1015/3 1469/1095/3 1466/1093/3
f 1372/823/5 1343/324/5 1467/322/5
f 1467/322/5 1371/824/5 1372/823/5
f 1374/1096/2 1342/1030/2 1343/1029/2
f 1343/1029/2 1372/1094/2 1374/1096/2
f 1373/478/6 1470/479/6 1342/489/6
f 1342/489/6 1374/1090/6 1373/478/6
f 1469/1095/3 1468/1015/3 1471/1014/3
f 1471/1014/3 1472/1097/3 1469/1095/3
f 1374/823/5 1342/324/5 1470/322/5
f 1470/322/5 1373/824/5 1374/823/5
f 1376/1098/2 1341/1031/2 1342/1030/2
f 1342/1030/2 1374/1096/2 1376/1098/2
f 1475/478/6 1473/479/6 1378/489/6
f 1378/489/6 1474/1090/6 1475/478/6
f 1345/495/4 1461/494/4 1354/488/4
f 1354/488/4 1346/490/4 1345/495/4
f 1344/500/4 1464/499/4 1461/494/4
f 1461/494/4 1345/495/4 1344/500/4
f 1343/505/4 1467/504/4 1464/499/4
f 1464/499/4 1344/500/4 1343/505/4
f 1342/510/4 1470/509/4 1467/504/4
f 1467/504/4 1343/505/4 1342/510/4
f 1341/551/4 1476/550/4 1470/509/4
f 1470/509/4 1342/510/4 1341/551/4
f 1473/603/4 1476/550/4 1341/551/4
f 1341/551/4 1378/605/4 1473/603/4
f 1378/1100/2 1341/1031/2 1376/1098/2
f 1376/1098/2 1474/1099/2 1378/1100/2
f 1478/1101/3 1472/1097/3 1471/1014/3
f 1471/1014/3 1477/1033/3 1478/1101/3
f 1474/605/1 1376/536/1 1375/535/1
f 1375/535/1 1475/603/1 1474/605/1
f 1479/1102/4 1345/495/4 1346/490/4
f 1346/490/4 1480/1103/4 1479/1102/4
f 1481/1104/4 1344/500/4 1345/495/4
f 1345/495/4 1479/1102/4 1481/1104/4
f 1482/1105/4 1343/505/4 1344/500/4
f 1344/500/4 1481/1104/4 1482/1105/4
f 1483/1106/4 1342/510/4 1343/505/4
f 1343/505/4 1482/1105/4 1483/1106/4
f 1484/609/4 1341/551/4 1342/510/4
f 1342/510/4 1483/1106/4 1484/609/4
f 1485/611/4 1383/536/4 1378/605/4
f 1378/605/4 1486/612/4 1485/611/4
f 1487/1107/4 1388/531/4 1383/536/4
f 1383/536/4 1485/611/4 1487/1107/4
f 1488/1108/4 1394/526/4 1388/531/4
f 1388/531/4 1487/1107/4 1488/1108/4
f 1489/1109/4 1400/521/4 1394/526/4
f 1394/526/4 1488/1108/4 1489/1109/4
f 1490/1110/4 1406/516/4 1400/521/4
f 1400/521/4 1489/1109/4 1490/1110/4
f 1491/1111/4 1412/462/4 1406/516/4
f 1406/516/4 1490/1110/4 1491/1111/4
f 1492/326/4 1418/324/4 1412/462/4
f 1412/462/4 1491/1111/4 1492/326/4
f 1493/327/4 1424/325/4 1418/324/4
f 1418/324/4 1492/326/4 1493/327/4
f 1378/605/4 1341/551/4 1484/609/4
f 1484/609/4 1486/612/4 1378/605/4
f 1494/1112/3 1479/1018/3 1480/1019/3
f 1480/1019/3 1495/1113/3 1494/1112/3
f 1496/1114/3 1481/1017/3 1479/1018/3
f 1479/1018/3 1494/1112/3 1496/1114/3
f 1497/1115/3 1482/1016/3 1481/1017/3
f 1481/1017/3 1496/1114/3 1497/1115/3
f 1498/1116/3 1483/1015/3 1482/1016/3
f 1482/1016/3 1497/1115/3 1498/1116/3
f 1499/1117/3 1484/1014/3 1483/1015/3
f 1483/1015/3 1498/1116/3 1499/1117/3
f 1500/1118/3 1486/1033/3 1484/1014/3
f 1484/1014/3 1499/1117/3 1500/1118/3
f 1501/1119/3 1485/1039/3 1486/1033/3
f 1486/1033/3 1500/1118/3 1501/1119/3
f 1502/1120/3 1487/1045/3 1485/1039/3
f 1485/1039/3 1501/1119/3 1502/1120/3
f 1503/1121/3 1488/1051/3 1487/1045/3
f 1487/1045/3 1502/1120/3 1503/1121/3
f 1504/1122/3 1489/1057/3 1488/1051/3
f 1488/1051/3 1503/1121/3 1504/1122/3
f 1505/1123/3 1490/1063/3 1489/1057/3
f 1489/1057/3 1504/1122/3 1505/1123/3
f 1506/1124/3 1491/1069/3 1490/1063/3
f 1490/1063/3 1505/1123/3 1506/1124/3
f 1507/1125/3 1492/1075/3 1491/1069/3
f 1491/1069/3 1506/1124/3 1507/1125/3
f 1508/1126/3 1493/1081/3 1492/1075/3
f 1492/1075/3 1507/1125/3 1508/1126/3
f 1509/1127/3 1494/1112/3 1495/1113/3
f 1495/1113/3 1510/1128/3 1509/1127/3
f 1511/1129/3 1496/1114/3 1494/1112/3
f 1494/1112/3 1509/1127/3 1511/1129/3
f 1512/1130/3 1497/1115/3 1496/1114/3
f 1496/1114/3 1511/1129/3 1512/1130/3
f 1513/1131/3 1498/1116/3 1497/1115/3
f 1497/1115/3 1512/1130/3 1513/1131/3
f 1514/1132/3 1499/1117/3 1498/1116/3
f 1498/1116/3 1513/1131/3 1514/1132/3
f 1515/1133/3 1500/1118/3 1499/1117/3
f 1499/1117/3 1514/1132/3 1515/1133/3
f 1516/1134/3 1501/1119/3 1500/1118/3
f 1500/1118/3 1515/1133/3 1516/1134/3
f 1517/1135/3 1502/1120/3 1501/1119/3
f 1501/1119/3 1516/1134/3 1517/1135/3
f 1518/1136/3 1503/1121/3 1502/1120/3
f 1502/1120/3 1517/1135/3 1518/1136/3
f 1519/1137/3 1504/1122/3 1503/1121/3
f 1503/1121/3 1518/1136/3 1519/1137/3
f 1520/1138/3 1505/1123/3 1504/1122/3
f 1504/1122/3 1519/1137/3 1520/1138/3
f 1521/1139/3 1506/1124/3 1505/1123/3
f 1505/1123/3 1520/1138/3 1521/1139/3
f 1522/1140/3 1507/1125/3 1506/1124/3
f 1506/1124/3 1521/1139/3 1522/1140/3
f 1523/1141/3 1508/1126/3 1507/1125/3
f 1507/1125/3 1522/1140/3 1523/1141/3
f 1524/1142/3 1509/1127/3 1510/1128/3
f 1510/1128/3 1525/1143/3 1524/1142/3
f 1526/1144/3 1511/1129/3 1509/1127/3
f 1509/1127/3 1524/1142/3 1526/1144/3
f 1527/1145/3 1512/1130/3 1511/1129/3
f 1511/1129/3 1526/1144/3 1527/1145/3
f 1528/1146/3 1513/1131/3 1512/1130/3
f 1512/1130/3 1527/1145/3 1528/1146/3
f 1529/1147/3 1514/1132/3 1513/1131/3
f 1513/1131/3 1528/1146/3 1529/1147/3
f 1530/1148/3 1515/1133/3 1514/1132/3
f 1514/1132/3 1529/1147/3 1530/1148/3
f 1531/1149/3 1516/1134/3 1515/1133/3
f 1515/1133/3 1530/1148/3 1531/1149/3
f 1532/1150/3 1517/1135/3 1516/1134/3
f 1516/1134/3 1531/1149/3 1532/1150/3
f 1533/1151/3 1518/1136/3 1517/1135/3
f 1517/1135/3 1532/1150/3 1533/1151/3
f 1534/1152/3 1519/1137/3 1518/1136/3
f 1518/1136/3 1533/1151/3 1534/1152/3
f 1535/1153/3 1520/1138/3 1519/1137/3
f 1519/1137/3 1534/1152/3 1535/1153/3
f 1536/1154/3 1521/1139/3 1520/1138/3
f 1520/1138/3 1535/1153/3 1536/1154/3
f 1537/1155/3 1522/1140/3 1521/1139/3
f 1521/1139/3 1536/1154/3 1537/1155/3
f 1538/1156/3 1523/1141/3 1522/1140/3
f 1522/1140/3 1537/1155/3 1538/1156/3
f 1539/1157/3 1524/1142/3 1525/1143/3
f 1525/1143/3 1540/1158/3 1539/1157/3
f 1541/1159/3 1526/1144/3 1524/1142/3
f 1524/1142/3 1539/1157/3 1541/1159/3
f 1542/1160/3 1527/1145/3 1526/1144/3
f 1526/1144/3 1541/1159/3 1542/1160/3
f 1543/1161/3 1528/1146/3 1527/1145/3
f 1527/1145/3 1542/1160/3 1543/1161/3
f 1544/1162/3 1529/1147/3 1528/1146/3
f 1528/1146/3 1543/1161/3 1544/1162/3
f 1545/1163/3 1530/1148/3 1529/1147/3
f 1529/1147/3 1544/1162/3 1545/1163/3
f 1546/1164/3 1531/1149/3 1530/1148/3
f 1530/1148/3 1545/1163/3 1546/1164/3
f 1547/1165/3 1532/1150/3 1531/1149/3
f 1531/1149/3 1546/1164/3 1547/1165/3
f 1548/1166/3 1533/1151/3 1532/1150/3
f 1532/1150/3 1547/1165/3 1548/1166/3
f 1549/1167/3 1534/1152/3 1533/1151/3
f 1533/1151/3 1548/1166/3 1549/1167/3
f 1550/1168/3 1535/1153/3 1534/1152/3
f 1534/1152/3 1549/1167/3 1550/1168/3
f 1551/1169/3 1536/1154/3 1535/1153/3
f 1535/1153/3 1550/1168/3 1551/1169/3
f 1552/1170/3 1537/1155/3 1536/1154/3
f 1536/1154/3 1551/1169/3 1552/1170/3
f 1553/1171/3 1538/1156/3 1537/1155/3
f 1537/1155/3 1552/1170/3 1553/1171/3
f 1554/1172/3 1539/1157/3 1540/1158/3
f 1540/1158/3 1555/1173/3 1554/1172/3
f 1556/1174/3 1541/1159/3 1539/1157/3
f 1539/1157/3 1554/1172/3 1556/1174/3
f 1557/1175/3 1542/1160/3 1541/1159/3
f 1541/1159/3 1556/1174/3 1557/1175/3
f 1558/1176/3 1543/1161/3 1542/1160/3
f 1542/1160/3 1557/1175/3 1558/1176/3
f 1559/1177/3 1544/1162/3 1543/1161/3
f 1543/1161/3 1558/1176/3 1559/1177/3
f 1560/1178/3 1545/1163/3 1544/1162/3
f 1544/1162/3 1559/1177/3 1560/1178/3
f 1561/1179/3 1546/1164/3 1545/1163/3
f 1545/1163/3 1560/1178/3 1561/1179/3
f 1562/1180/3 1547/1165/3 1546/1164/3
f 1546/1164/3 1561/1179/3 1562/1180/3
f 1563/1181/3 1548/1166/3 1547/1165/3
f 1547/1165/3 1562/1180/3 1563/1181/3
f 1564/1182/3 1549/1167/3 1548/1166/3
f 1548/1166/3 1563/1181/3 1564/1182/3
f 1565/1183/3 1550/1168/3 1549/1167/3
f 1549/1167/3 1564/1182/3 1565/1183/3
f 1566/1184/3 1551/1169/3 1550/1168/3
f 1550/1168/3 1565/1183/3 1566/1184/3
f 1567/1185/3 1552/1170/3 1551/1169/3
f 1551/1169/3 1566/1184/3 1567/1185/3
f 1568/1186/3 1553/1171/3 1552/1170/3
f 1552/1170/3 1567/1185/3 1568/1186/3
f 1569/516/1 1554/1110/1 1555/1111/1
f 1555/1111/1 1570/462/1 1569/516/1
f 1571/521/1 1556/1109/1 1554/1110/1
f 1554/1110/1 1569/516/1 1571/521/1
f 1572/526/1 1557/1108/1 1556/1109/1
f 1556/1109/1 1571/521/1 1572/526/1
f 1573/531/1 1558/1107/1 1557/1108/1
f 1557/1108/1 1572/526/1 1573/531/1
f 1574/536/1 1559/611/1 1558/1107/1
f 1558/1107/1 1573/531/1 1574/536/1
f 1575/605/1 1560/612/1 1559/611/1
f 1559/611/1 1574/536/1 1575/605/1
f 1576/551/1 1561/609/1 1560/612/1
f 1560/612/1 1575/605/1 1576/551/1
f 1577/510/1 1562/1106/1 1561/609/1
f 1561/609/1 1576/551/1 1577/510/1
f 1578/505/1 1563/1105/1 1562/1106/1
f 1562/1106/1 1577/510/1 1578/505/1
f 1579/500/1 1564/1104/1 1563/1105/1
f 1563/1105/1 1578/505/1 1579/500/1
f 1580/495/1 1565/1102/1 1564/1104/1
f 1564/1104/1 1579/500/1 1580/495/1
f 1581/490/1 1566/1103/1 1565/1102/1
f 1565/1102/1 1580/495/1 1581/490/1
f 1582/489/1 1567/1187/1 1566/1103/1
f 1566/1103/1 1581/490/1 1582/489/1
f 1583/1189/1 1568/1188/1 1567/1187/1
f 1567/1187/1 1582/489/1 1583/1189/1
f 1584/515/1 1569/516/1 1570/462/1
f 1570/462/1 1585/461/1 1584/515/1
f 1586/520/1 1571/521/1 1569/516/1
f 1569/516/1 1584/515/1 1586/520/1
f 1587/525/1 1572/526/1 1571/521/1
f 1571/521/1 1586/520/1 1587/525/1
f 1588/530/1 1573/531/1 1572/526/1
f 1572/526/1 1587/525/1 1588/530/1
f 1589/535/1 1574/536/1 1573/531/1
f 1573/531/1 1588/530/1 1589/535/1
f 1590/603/1 1575/605/1 1574/536/1
f 1574/536/1 1589/535/1 1590/603/1
f 1591/550/1 1576/551/1 1575/605/1
f 1575/605/1 1590/603/1 1591/550/1
f 1592/509/1 1577/510/1 1576/551/1
f 1576/551/1 1591/550/1 1592/509/1
f 1593/504/1 1578/505/1 1577/510/1
f 1577/510/1 1592/509/1 1593/504/1
f 1594/499/1 1579/500/1 1578/505/1
f 1578/505/1 1593/504/1 1594/499/1
f 1595/494/1 1580/495/1 1579/500/1
f 1579/500/1 1594/499/1 1595/494/1
f 1596/488/1 1581/490/1 1580/495/1
f 1580/495/1 1595/494/1 1596/488/1
f 1597/479/1 1582/489/1 1581/490/1
f 1581/490/1 1596/488/1 1597/479/1
f 1598/1190/1 1583/1189/1 1582/489/1
f 1582/489/1 1597/479/1 1598/1190/1
f 1599/514/1 1584/515/1 1585/461/1
f 1585/461/1 1600/460/1 1599/514/1
f 1601/519/1 1586/520/1 1584/515/1
f 1584/515/1 1599/514/1 1601/519/1
f 1602/524/1 1587/525/1 1586/520/1
f 1586/520/1 1601/519/1 1602/524/1
f 1603/529/1 1588/530/1 1587/525/1
f 1587/525/1 1602/524/1 1603/529/1
f 1604/534/1 1589/535/1 1588/530/1
f 1588/530/1 1603/529/1 1604/534/1
f 1605/604/1 1590/603/1 1589/535/1
f 1589/535/1 1604/534/1 1605/604/1
f 1606/549/1 1591/550/1 1590/603/1
f 1590/603/1 1605/604/1 1606/549/1
f 1607/508/1 1592/509/1 1591/550/1
f 1591/550/1 1606/549/1 1607/508/1
f 1608/503/1 1593/504/1 1592/509/1
f 1592/509/1 1607/508/1 1608/503/1
f 1609/498/1 1594/499/1 1593/504/1
f 1593/504/1 1608/503/1 1609/498/1
f 1610/493/1 1595/494/1 1594/499/1
f 1594/499/1 1609/498/1 1610/493/1
f 1611/487/1 1596/488/1 1595/494/1
f 1595/494/1 1610/493/1 1611/487/1
f 1612/486/1 1597/479/1 1596/488/1
f 1596/488/1 1611/487/1 1612/486/1
f 1613/1191/1 1598/1190/1 1597/479/1
f 1597/479/1 1612/486/1 1613/1191/1
f 1614/512/1 1599/514/1 1600/460/1
f 1600/460/1 1615/459/1 1614/512/1
f 1616/517/1 1601/519/1 1599/514/1
f 1599/514/1 1614/512/1 1616/517/1
f 1617/522/1 1602/524/1 1601/519/1
f 1601/519/1 1616/517/1 1617/522/1
f 1618/527/1 1603/529/1 1602/524/1
f 1602/524/1 1617/522/1 1618/527/1
f 1619/532/1 1604/534/1 1603/529/1
f 1603/529/1 1618/527/1 1619/532/1
f 1620/621/1 1605/604/1 1604/534/1
f 1604/534/1 1619/532/1 1620/621/1
f 1621/547/1 1606/549/1 1605/604/1
f 1605/604/1 1620/621/1 1621/547/1
f 1622/507/1 1607/508/1 1606/549/1
f 1606/549/1 1621/547/1 1622/507/1
f 1623/502/1 1608/503/1 1607/508/1
f 1607/508/1 1622/507/1 1623/502/1
f 1624/497/1 1609/498/1 1608/503/1
f 1608/503/1 1623/502/1 1624/497/1
f 1625/492/1 1610/493/1 1609/498/1
f 1609/498/1 1624/497/1 1625/492/1
f 1626/485/1 1611/487/1 1610/493/1
f 1610/493/1 1625/492/1 1626/485/1
f 1627/483/1 1612/486/1 1611/487/1
f 1611/487/1 1626/485/1 1627/483/1
f 1628/1192/1 1613/1191/1 1612/486/1
f 1612/486/1 1627/483/1 1628/1192/1
f 1629/513/1 1614/512/1 1615/459/1
f 1615/459/1 1630/458/1 1629/513/1
f 1631/518/1 1616/517/1 1614/512/1
f 1614/512/1 1629/513/1 1631/518/1
f 1632/523/1 1617/522/1 1616/517/1
f 1616/517/1 1631/518/1 1632/523/1
f 1633/528/1 1618/527/1 1617/522/1
f 1617/522/1 1632/523/1 1633/528/1
f 1634/533/1 1619/532/1 1618/527/1
f 1618/527/1 1633/528/1 1634/533/1
f 1635/622/1 1620/621/1 1619/532/1
f 1619/532/1 1634/533/1 1635/622/1
f 1636/548/1 1621/547/1 1620/621/1
f 1620/621/1 1635/622/1 1636/548/1
f 1637/506/1 1622/507/1 1621/547/1
f 1621/547/1 1636/548/1 1637/506/1
f 1638/501/1 1623/502/1 1622/507/1
f 1622/507/1 1637/506/1 1638/501/1
f 1639/496/1 1624/497/1 1623/502/1
f 1623/502/1 1638/501/1 1639/496/1
f 1640/491/1 1625/492/1 1624/497/1
f 1624/497/1 1639/496/1 1640/491/1
f 1641/484/1 1626/485/1 1625/492/1
f 1625/492/1 1640/491/1 1641/484/1
f 1642/482/1 1627/483/1 1626/485/1
f 1626/485/1 1641/484/1 1642/482/1
f 1643/1193/1 1628/1192/1 1627/483/1
f 1627/483/1 1642/482/1 1643/1193/1
f 1644/1196/2 1629/1194/2 1630/1195/2
f 1630/1195/2 1645/1197/2 1644/1196/2
f 1646/1199/2 1631/1198/2 1629/1194/2
f 1629/1194/2 1644/1196/2 1646/1199/2
f 1647/1201/2 1632/1200/2 1631/1198/2
f 1631/1198/2 1646/1199/2 1647/1201/2
f 1648/1203/2 1633/1202/2 1632/1200/2
f 1632/1200/2 1647/1201/2 1648/1203/2
f 1649/1205/2 1634/1204/2 1633/1202/2
f 1633/1202/2 1648/1203/2 1649/1205/2
f 1650/1207/2 1635/1206/2 1634/1204/2
f 1634/1204/2 1649/1205/2 1650/1207/2
f 1651/1209/2 1636/1208/2 1635/1206/2
f 1635/1206/2 1650/1207/2 1651/1209/2
f 1652/1211/2 1637/1210/2 1636/1208/2
f 1636/1208/2 1651/1209/2 1652/1211/2
f 1653/1213/2 1638/1212/2 1637/1210/2
f 1637/1210/2 1652/1211/2 1653/1213/2
f 1654/1215/2 1639/1214/2 1638/1212/2
f 1638/1212/2 1653/1213/2 1654/1215/2
f 1655/1217/2 1640/1216/2 1639/1214/2
f 1639/1214/2 1654/1215/2 1655/1217/2
f 1656/1219/2 1641/1218/2 1640/1216/2
f 1640/1216/2 1655/1217/2 1656/1219/2
f 1657/1221/2 1642/1220/2 1641/1218/2
f 1641/1218/2 1656/1219/2 1657/1221/2
f 1658/1223/2 1643/1222/2 1642/1220/2
f 1642/1220/2 1657/1221/2 1658/1223/2
f 1659/1224/2 1644/1196/2 1645/1197/2
f 1645/1197/2 1660/1225/2 1659/1224/2
f 1661/1226/2 1646/1199/2 1644/1196/2
f 1644/1196/2 1659/1224/2 1661/1226/2
f 1662/1227/2 1647/1201/2 1646/1199/2
f 1646/1199/2 1661/1226/2 1662/1227/2
f 1663/1228/2 1648/1203/2 1647/1201/2
f 1647/1201/2 1662/1227/2 1663/1228/2
f 1664/1229/2 1649/1205/2 1648/1203/2
f 1648/1203/2 1663/1228/2 1664/1229/2
f 1665/1230/2 1650/1207/2 1649/1205/2
f 1649/1205/2 1664/1229/2 1665/1230/2
f 1666/1231/2 1651/1209/2 1650/1207/2
f 1650/1207/2 1665/1230/2 1666/1231/2
f 1667/1232/2 1652/1211/2 1651/1209/2
f 1651/1209/2 1666/1231/2 1667/1232/2
f 1668/1233/2 1653/1213/2 1652/1211/2
f 1652/1211/2 1667/1232/2 1668/1233/2
f 1669/1234/2 1654/1215/2 1653/1213/2
f 1653/1213/2 1668/1233/2 1669/1234/2
f 1670/1235/2 1655/1217/2 1654/1215/2
f 1654/1215/2 1669/1234/2 1670/1235/2
f 1671/1236/2 1656/1219/2 1655/1217/2
f 1655/1217/2 1670/1235/2 1671/1236/2
f 1672/1237/2 1657/1221/2 1656/1219/2
f 1656/1219/2 1671/1236/2 1672/1237/2
f 1673/1238/2 1658/1223/2 1657/1221/2
f 1657/1221/2 1672/1237/2 1673/1238/2
f 1674/1239/2 1659/1224/2 1660/1225/2
f 1660/1225/2 1675/1240/2 1674/1239/2
f 1676/1241/2 1661/1226/2 1659/1224/2
f 1659/1224/2 1674/1239/2 1676/1241/2
f 1677/1242/2 1662/1227/2 1661/1226/2
f 1661/1226/2 1676/1241/2 1677/1242/2
f 1678/1243/2 1663/1228/2 1662/1227/2
f 1662/1227/2 1677/1242/2 1678/1243/2
f 1679/1244/2 1664/1229/2 1663/1228/2
f 1663/1228/2 1678/1243/2 1679/1244/2
f 1680/1245/2 1665/1230/2 1664/1229/2
f 1664/1229/2 1679/1244/2 1680/1245/2
f 1681/1246/2 1666/1231/2 1665/1230/2
f 1665/1230/2 1680/1245/2 1681/1246/2
f 1682/1247/2 1667/1232/2 1666/1231/2
f 1666/1231/2 1681/1246/2 1682/1247/2
f 1683/1248/2 1668/1233/2 1667/1232/2
f 1667/1232/2 1682/1247/2 1683/1248/2
f 1684/1249/2 1669/1234/2 1668/1233/2
f 1668/1233/2 1683/1248/2 1684/1249/2
f 1685/1250/2 1670/1235/2 1669/1234/2
f 1669/1234/2 1684/1249/2 1685/1250/2
f 1686/1251/2 1671/1236/2 1670/1235/2
f 1670/1235/2 1685/1250/2 1686/1251/2
f 1687/1252/2 1672/1237/2 1671/1236/2
f 1671/1236/2 1686/1251/2 1687/1252/2
f 1688/1253/2 1673/1238/2 1672/1237/2
f 1672/1237/2 1687/1252/2 1688/1253/2
f 1689/1254/2 1674/1239/2 1675/1240/2
f 1675/1240/2 1690/1255/2 1689/1254/2
f 1691/1256/2 1676/1241/2 1674/1239/2
f 1674/1239/2 1689/1254/2 1691/1256/2
f 1692/1257/2 1677/1242/2 1676/1241/2
f 1676/1241/2 1691/1256/2 1692/1257/2
f 1693/1258/2 1678/1243/2 1677/1242/2
f 1677/1242/2 1692/1257/2 1693/1258/2
f 1694/1259/2 1679/1244/2 1678/1243/2
f 1678/1243/2 1693/1258/2 1694/1259/2
f 1695/1260/2 1680/1245/2 1679/1244/2
f 1679/1244/2 1694/1259/2 1695/1260/2
f 1696/1261/2 1681/1246/2 1680/1245/2
f 1680/1245/2 1695/1260/2 1696/1261/2
f 1697/1262/2 1682/1247/2 1681/1246/2
f 1681/1246/2 1696/1261/2 1697/1262/2
f 1698/1263/2 1683/1248/2 1682/1247/2
f 1682/1247/2 1697/1262/2 1698/1263/2
f 1699/1264/2 1684/1249/2 1683/1248/2
f 1683/1248/2 1698/1263/2 1699/1264/2
f 1700/1265/2 1685/1250/2 1684/1249/2
f 1684/1249/2 1699/1264/2 1700/1265/2
f 1701/1266/2 1686/1251/2 1685/1250/2
f 1685/1250/2 1700/1265/2 1701/1266/2
f 1702/1267/2 1687/1252/2 1686/1251/2
f 1686/1251/2 1701/1266/2 1702/1267/2
f 1703/1268/2 1688/1253/2 1687/1252/2
f 1687/1252/2 1702/1267/2 1703/1268/2
f 1360/1027/2 1689/1254/2 1690/1255/2
f 1690/1255/2 1352/1026/2 1360/1027/2
f 1361/1028/2 1691/1256/2 1689/1254/2
f 1689/1254/2 1360/1027/2 1361/1028/2
f 1362/1029/2 1692/1257/2 1691/1256/2
f 1691/1256/2 1361/1028/2 1362/1029/2
f 1363/1030/2 1693/1258/2 1692/1257/2
f 1692/1257/2 1362/1029/2 1363/1030/2
f 1364/1031/2 1694/1259/2 1693/1258/2
f 1693/1258/2 1363/1030/2 1364/1031/2
f 1704/1100/2 1695/1260/2 1694/1259/2
f 1694/1259/2 1364/1031/2 1704/1100/2
f 1705/1269/2 1696/1261/2 1695/1260/2
f 1695/1260/2 1704/1100/2 1705/1269/2
f 1706/1270/2 1697/1262/2 1696/1261/2
f 1696/1261/2 1705/1269/2 1706/1270/2
f 1707/1271/2 1698/1263/2 1697/1262/2
f 1697/1262/2 1706/1270/2 1707/1271/2
f 1708/1272/2 1699/1264/2 1698/1263/2
f 1698/1263/2 1707/1271/2 1708/1272/2
f 1709/1273/2 1700/1265/2 1699/1264/2
f 1699/1264/2 1708/1272/2 1709/1273/2
f 1710/1274/2 1701/1266/2 1700/1265/2
f 1700/1265/2 1709/1273/2 1710/1274/2
f 1711/1275/2 1702/1267/2 1701/1266/2
f 1701/1266/2 1710/1274/2 1711/1275/2
f 1712/1276/2 1703/1268/2 1702/1267/2
f 1702/1267/2 1711/1275/2 1712/1276/2
f 1713/316/1 1630/458/1 1615/459/1
f 1615/459/1 1714/317/1 1713/316/1
f 1715/1277/2 1645/1197/2 1630/1195/2
f 1630/1195/2 1713/1278/2 1715/1277/2
f 1716/1279/2 1660/1225/2 1645/1197/2
f 1645/1197/2 1715/1277/2 1716/1279/2
f 1717/1280/2 1675/1240/2 1660/1225/2
f 1660/1225/2 1716/1279/2 1717/1280/2
f 1718/1281/2 1690/1255/2 1675/1240/2
f 1675/1240/2 1717/1280/2 1718/1281/2
f 1719/1282/2 1352/1026/2 1690/1255/2
f 1690/1255/2 1718/1281/2 1719/1282/2
f 1720/483/4 1351/485/4 1352/484/4
f 1352/484/4 1719/482/4 1720/483/4
f 1721/486/4 1353/487/4 1351/485/4
f 1351/485/4 1720/483/4 1721/486/4
f 1722/479/4 1354/488/4 1353/487/4
f 1353/487/4 1721/486/4 1722/479/4
f 1723/489/4 1346/490/4 1354/488/4
f 1354/488/4 1722/479/4 1723/489/4
f 1724/1187/4 1480/1103/4 1346/490/4
f 1346/490/4 1723/489/4 1724/1187/4
f 1725/1283/3 1495/1113/3 1480/1019/3
f 1480/1019/3 1724/1284/3 1725/1283/3
f 1726/1285/3 1510/1128/3 1495/1113/3
f 1495/1113/3 1725/1283/3 1726/1285/3
f 1727/1286/3 1525/1143/3 1510/1128/3
f 1510/1128/3 1726/1285/3 1727/1286/3
f 1728/1287/3 1540/1158/3 1525/1143/3
f 1525/1143/3 1727/1286/3 1728/1287/3
f 1729/1288/3 1555/1173/3 1540/1158/3
f 1540/1158/3 1728/1287/3 1729/1288/3
f 1730/324/1 1570/462/1 1555/1111/1
f 1555/1111/1 1729/326/1 1730/324/1
f 1731/322/1 1585/461/1 1570/462/1
f 1570/462/1 1730/324/1 1731/322/1
f 1732/320/1 1600/460/1 1585/461/1
f 1585/461/1 1731/322/1 1732/320/1
f 1714/317/1 1615/459/1 1600/460/1
f 1600/460/1 1732/320/1 1714/317/1
f 1733/318/1 1713/316/1 1714/317/1
f 1714/317/1 1734/319/1 1733/318/1
f 1735/1289/2 1715/1277/2 1713/1278/2
f 1713/1278/2 1733/1290/2 1735/1289/2
f 1736/1291/2 1716/1279/2 1715/1277/2
f 1715/1277/2 1735/1289/2 1736/1291/2
f 1737/1292/2 1717/1280/2 1716/1279/2
f 1716/1279/2 1736/1291/2 1737/1292/2
f 1738/1293/2 1718/1281/2 1717/1280/2
f 1717/1280/2 1737/1292/2 1738/1293/2
f 1739/1294/2 1719/1282/2 1718/1281/2
f 1718/1281/2 1738/1293/2 1739/1294/2
f 1740/1192/4 1720/483/4 1719/482/4
f 1719/482/4 1739/1193/4 1740/1192/4
f 1741/1191/4 1721/486/4 1720/483/4
f 1720/483/4 1740/1192/4 1741/1191/4
f 1742/1190/4 1722/479/4 1721/486/4
f 1721/486/4 1741/1191/4 1742/1190/4
f 1743/1189/4 1723/489/4 1722/479/4
f 1722/479/4 1742/1190/4 1743/1189/4
f 1744/1188/4 1724/1187/4 1723/489/4
f 1723/489/4 1743/1189/4 1744/1188/4
f 1745/1295/3 1725/1283/3 1724/1284/3
f 1724/1284/3 1744/1296/3 1745/1295/3
f 1746/1297/3 1726/1285/3 1725/1283/3
f 1725/1283/3 1745/1295/3 1746/1297/3
f 1747/1298/3 1727/1286/3 1726/1285/3
f 1726/1285/3 1746/1297/3 1747/1298/3
f 1748/1299/3 1728/1287/3 1727/1286/3
f 1727/1286/3 1747/1298/3 1748/1299/3
f 1749/1300/3 1729/1288/3 1728/1287/3
f 1728/1287/3 1748/1299/3 1749/1300/3
f 1750/325/1 1730/324/1 1729/326/1
f 1729/326/1 1749/327/1 1750/325/1
f 1751/323/1 1731/322/1 1730/324/1
f 1730/324/1 1750/325/1 1751/323/1
f 1752/321/1 1732/320/1 1731/322/1
f 1731/322/1 1751/323/1 1752/321/1
f 1734/319/1 1714/317/1 1732/320/1
f 1732/320/1 1752/321/1 1734/319/1
f 1753/328/1 1733/318/1 1734/319/1
f 1734/319/1 1754/329/1 1753/328/1
f 1755/1301/2 1735/1289/2 1733/1290/2
f 1733/1290/2 1753/1302/2 1755/1301/2
f 1756/1303/2 1736/1291/2 1735/1289/2
f 1735/1289/2 1755/1301/2 1756/1303/2
f 1757/1304/2 1737/1292/2 1736/1291/2
f 1736/1291/2 1756/1303/2 1757/1304/2
f 1758/1305/2 1738/1293/2 1737/1292/2
f 1737/1292/2 1757/1304/2 1758/1305/2
f 1759/1306/2 1739/1294/2 1738/1293/2
f 1738/1293/2 1758/1305/2 1759/1306/2
f 1760/1307/4 1740/1192/4 1739/1193/4
f 1739/1193/4 1759/1308/4 1760/1307/4
f 1761/1309/4 1741/1191/4 1740/1192/4
f 1740/1192/4 1760/1307/4 1761/1309/4
f 1762/1310/4 1742/1190/4 1741/1191/4
f 1741/1191/4 1761/1309/4 1762/1310/4
f 1763/1311/4 1743/1189/4 1742/1190/4
f 1742/1190/4 1762/1310/4 1763/1311/4
f 1764/1312/4 1744/1188/4 1743/1189/4
f 1743/1189/4 1763/1311/4 1764/1312/4
f 1765/1313/3 1745/1295/3 1744/1296/3
f 1744/1296/3 1764/1314/3 1765/1313/3
f 1766/1315/3 1746/1297/3 1745/1295/3
f 1745/1295/3 1765/1313/3 1766/1315/3
f 1767/1316/3 1747/1298/3 1746/1297/3
f 1746/1297/3 1766/1315/3 1767/1316/3
f 1768/1317/3 1748/1299/3 1747/1298/3
f 1747/1298/3 1767/1316/3 1768/1317/3
f 1769/1318/3 1749/1300/3 1748/1299/3
f 1748/1299/3 1768/1317/3 1769/1318/3
f 1770/332/1 1750/325/1 1749/327/1
f 1749/327/1 1769/333/1 1770/332/1
f 1771/331/1 1751/323/1 1750/325/1
f 1750/325/1 1770/332/1 1771/331/1
f 1772/330/1 1752/321/1 1751/323/1
f 1751/323/1 1771/331/1 1772/330/1
f 1754/329/1 1734/319/1 1752/321/1
f 1752/321/1 1772/330/1 1754/329/1
f 1773/1319/2 1309/992/2 1271/943/2
f 1271/943/2 1329/1320/2 1773/1319/2
f 1774/1321/2 1314/998/2 1309/992/2
f 1309/992/2 1773/1319/2 1774/1321/2
f 1775/1322/2 1319/1004/2 1314/998/2
f 1314/998/2 1774/1321/2 1775/1322/2
f 1776/1323/2 1359/1025/2 1319/1004/2
f 1319/1004/2 1775/1322/2 1776/1323/2
f 1704/1100/2 1364/1031/2 1359/1025/2
f 1359/1025/2 1776/1323/2 1704/1100/2
f 1777/1324/2 1773/1319/2 1329/1320/2
f 1329/1320/2 1334/1325/2 1777/1324/2
f 1778/1326/2 1774/1321/2 1773/1319/2
f 1773/1319/2 1777/1324/2 1778/1326/2
f 1779/1327/2 1775/1322/2 1774/1321/2
f 1774/1321/2 1778/1326/2 1779/1327/2
f 1780/1328/2 1776/1323/2 1775/1322/2
f 1775/1322/2 1779/1327/2 1780/1328/2
f 1705/1269/2 1704/1100/2 1776/1323/2
f 1776/1323/2 1780/1328/2 1705/1269/2
f 1781/1329/2 1777/1324/2 1334/1325/2
f 1334/1325/2 1429/1330/2 1781/1329/2
f 1782/1331/2 1778/1326/2 1777/1324/2
f 1777/1324/2 1781/1329/2 1782/1331/2
f 1783/1332/2 1779/1327/2 1778/1326/2
f 1778/1326/2 1782/1331/2 1783/1332/2
f 1784/1333/2 1780/1328/2 1779/1327/2
f 1779/1327/2 1783/1332/2 1784/1333/2
f 1706/1270/2 1705/1269/2 1780/1328/2
f 1780/1328/2 1784/1333/2 1706/1270/2
f 1785/1334/2 1781/1329/2 1429/1330/2
f 1429/1330/2 1433/1335/2 1785/1334/2
f 1786/1336/2 1782/1331/2 1781/1329/2
f 1781/1329/2 1785/1334/2 1786/1336/2
f 1787/1337/2 1783/1332/2 1782/1331/2
f 1782/1331/2 1786/1336/2 1787/1337/2
f 1788/1338/2 1784/1333/2 1783/1332/2
f 1783/1332/2 1787/1337/2 1788/1338/2
f 1707/1271/2 1706/1270/2 1784/1333/2
f 1784/1333/2 1788/1338/2 1707/1271/2
f 1789/1339/2 1785/1334/2 1433/1335/2
f 1433/1335/2 1437/1340/2 1789/1339/2
f 1790/1341/2 1786/1336/2 1785/1334/2
f 1785/1334/2 1789/1339/2 1790/1341/2
f 1791/1342/2 1787/1337/2 1786/1336/2
f 1786/1336/2 1790/1341/2 1791/1342/2
f 1792/1343/2 1788/1338/2 1787/1337/2
f 1787/1337/2 1791/1342/2 1792/1343/2
f 1708/1272/2 1707/1271/2 1788/1338/2
f 1788/1338/2 1792/1343/2 1708/1272/2
f 1793/1344/2 1789/1339/2 1437/1340/2
f 1437/1340/2 1441/1345/2 1793/1344/2
f 1794/1346/2 1790/1341/2 1789/1339/2
f 1789/1339/2 1793/1344/2 1794/1346/2
f 1795/1347/2 1791/1342/2 1790/1341/2
f 1790/1341/2 1794/1346/2 1795/1347/2
f 1796/1348/2 1792/1343/2 1791/1342/2
f 1791/1342/2 1795/1347/2 1796/1348/2
f 1709/1273/2 1708/1272/2 1792/1343/2
f 1792/1343/2 1796/1348/2 1709/1273/2
f 1797/1349/2 1793/1344/2 1441/1345/2
f 1441/1345/2 1445/1350/2 1797/1349/2
f 1798/1351/2 1794/1346/2 1793/1344/2
f 1793/1344/2 1797/1349/2 1798/1351/2
f 1799/1352/2 1795/1347/2 1794/1346/2
f 1794/1346/2 1798/1351/2 1799/1352/2
f 1800/1353/2 1796/1348/2 1795/1347/2
f 1795/1347/2 1799/1352/2 1800/1353/2
f 1710/1274/2 1709/1273/2 1796/1348/2
f 1796/1348/2 1800/1353/2 1710/1274/2
f 1801/1354/2 1797/1349/2 1445/1350/2
f 1445/1350/2 1449/1355/2 1801/1354/2
f 1802/1356/2 1798/1351/2 1797/1349/2
f 1797/1349/2 1801/1354/2 1802/1356/2
f 1803/1357/2 1799/1352/2 1798/1351/2
f 1798/1351/2 1802/1356/2 1803/1357/2
f 1804/1358/2 1800/1353/2 1799/1352/2
f 1799/1352/2 1803/1357/2 1804/1358/2
f 1711/1275/2 1710/1274/2 1800/1353/2
f 1800/1353/2 1804/1358/2 1711/1275/2
f 1805/1359/2 1801/1354/2 1449/1355/2
f 1449/1355/2 1453/1360/2 1805/1359/2
f 1806/1361/2 1802/1356/2 1801/1354/2
f 1801/1354/2 1805/1359/2 1806/1361/2
f 1807/1362/2 1803/1357/2 1802/1356/2
f 1802/1356/2 1806/1361/2 1807/1362/2
f 1808/1363/2 1804/1358/2 1803/1357/2
f 1803/1357/2 1807/1362/2 1808/1363/2
f 1712/1276/2 1711/1275/2 1804/1358/2
f 1804/1358/2 1808/1363/2 1712/1276/2
f 1469/827/5 1373/824/5 1470/322/5
f 1470/322/5 1468/826/5 1469/827/5
f 1471/1365/4 1476/550/4 1473/603/4
f 1473/603/4 1477/1364/4 1471/1365/4
f 1478/1364/1 1475/603/1 1375/535/1
f 1375/535/1 1472/1366/1 1478/1364/1
f 1477/481/6 1473/479/6 1475/478/6
f 1475/478/6 1478/480/6 1477/481/6
f 1468/1367/4 1470/509/4 1476/550/4
f 1476/550/4 1471/1365/4 1468/1367/4
f 1472/1366/1 1375/535/1 1373/530/1
f 1373/530/1 1469/1368/1 1472/1366/1
f 1465/1369/4 1467/504/4 1470/509/4
f 1470/509/4 1468/1367/4 1465/1369/4
f 1468/481/6 1470/479/6 1373/478/6
f 1373/478/6 1469/480/6 1468/481/6
f 1466/827/5 1371/824/5 1467/322/5
f 1467/322/5 1465/826/5 1466/827/5
f 1469/1368/1 1373/530/1 1371/525/1
f 1371/525/1 1466/1370/1 1469/1368/1
f 1462/1371/4 1464/499/4 1467/504/4
f 1467/504/4 1465/1369/4 1462/1371/4
f 1465/481/6 1467/479/6 1371/478/6
f 1371/478/6 1466/480/6 1465/481/6
f 1463/827/5 1369/824/5 1464/322/5
f 1464/322/5 1462/826/5 1463/827/5
f 1466/1370/1 1371/525/1 1369/520/1
f 1369/520/1 1463/1372/1 1466/1370/1
f 1457/1373/4 1461/494/4 1464/499/4
f 1464/499/4 1462/1371/4 1457/1373/4
f 1462/481/6 1464/479/6 1369/478/6
f 1369/478/6 1463/480/6 1462/481/6
f 1459/827/5 1366/824/5 1461/322/5
f 1461/322/5 1457/826/5 1459/827/5
f 1463/1372/1 1369/520/1 1366/515/1
f 1366/515/1 1459/1374/1 1463/1372/1
f 1458/1375/4 1354/488/4 1461/494/4
f 1461/494/4 1457/1373/4 1458/1375/4
f 1457/481/6 1461/479/6 1366/478/6
f 1366/478/6 1459/480/6 1457/481/6
f 1460/827/5 1365/824/5 1354/322/5
f 1354/322/5 1458/826/5 1460/827/5
f 1459/1374/1 1366/515/1 1365/461/1
f 1365/461/1 1460/1376/1 1459/1374/1
f 1809/1312/1 1568/1188/1 1583/1189/1
f 1583/1189/1 1810/1311/1 1809/1312/1
f 1811/1377/3 1553/1171/3 1568/1186/3
f 1568/1186/3 1809/1378/3 1811/1377/3
f 1812/1379/3 1538/1156/3 1553/1171/3
f 1553/1171/3 1811/1377/3 1812/1379/3
f 1810/1311/1 1583/1189/1 1598/1190/1
f 1598/1190/1 1813/1310/1 1810/1311/1
f 1814/1380/3 1523/1141/3 1538/1156/3
f 1538/1156/3 1812/1379/3 1814/1380/3
f 1815/1381/3 1508/1126/3 1523/1141/3
f 1523/1141/3 1814/1380/3 1815/1381/3
f 1813/1310/1 1598/1190/1 1613/1191/1
f 1613/1191/1 1816/1309/1 1813/1310/1
f 1817/1382/3 1493/1081/3 1508/1126/3
f 1508/1126/3 1815/1381/3 1817/1382/3
f 1818/332/4 1424/325/4 1493/327/4
f 1493/327/4 1817/333/4 1818/332/4
f 1816/1309/1 1613/1191/1 1628/1192/1
f 1628/1192/1 1819/1307/1 1816/1309/1
f 1820/1383/3 1423/1080/3 1424/1081/3
f 1424/1081/3 1818/1382/3 1820/1383/3
f 1821/1384/3 1425/1082/3 1423/1080/3
f 1423/1080/3 1820/1383/3 1821/1384/3
f 1819/1307/1 1628/1192/1 1643/1193/1
f 1643/1193/1 1822/1308/1 1819/1307/1
f 1823/1385/3 1426/1083/3 1425/1082/3
f 1425/1082/3 1821/1384/3 1823/1385/3
f 1824/1386/3 1427/1084/3 1426/1083/3
f 1426/1083/3 1823/1385/3 1824/1386/3
f 1825/1387/3 1428/1085/3 1427/1084/3
f 1427/1084/3 1824/1386/3 1825/1387/3
f 1826/331/4 1456/323/4 1428/325/4
f 1428/325/4 1825/332/4 1826/331/4
f 1822/1388/2 1643/1222/2 1658/1223/2
f 1658/1223/2 1827/1389/2 1822/1388/2
f 1828/330/4 1455/321/4 1456/323/4
f 1456/323/4 1826/331/4 1828/330/4
f 1827/1389/2 1658/1223/2 1673/1238/2
f 1673/1238/2 1829/1390/2 1827/1389/2
f 1829/1390/2 1673/1238/2 1688/1253/2
f 1688/1253/2 1830/1391/2 1829/1390/2
f 1830/1391/2 1688/1253/2 1703/1268/2
f 1703/1268/2 1831/1392/2 1830/1391/2
f 1832/329/4 1454/319/4 1455/321/4
f 1455/321/4 1828/330/4 1832/329/4
f 1831/1392/2 1703/1268/2 1712/1276/2
f 1712/1276/2 1833/1393/2 1831/1392/2
f 1833/1393/2 1712/1276/2 1808/1363/2
f 1808/1363/2 1834/1394/2 1833/1393/2
f 1835/328/4 1453/318/4 1454/319/4
f 1454/319/4 1832/329/4 1835/328/4
f 1834/1394/2 1808/1363/2 1807/1362/2
f 1807/1362/2 1836/1395/2 1834/1394/2
f 1836/1395/2 1807/1362/2 1806/1361/2
f 1806/1361/2 1837/1396/2 1836/1395/2
f 1837/1396/2 1806/1361/2 1805/1359/2
f 1805/1359/2 1838/1397/2 1837/1396/2
f 1838/1397/2 1805/1359/2 1453/1360/2
f 1453/1360/2 1835/1398/2 1838/1397/2
f 1839/1399/1 1809/1312/1 1810/1311/1
f 1810/1311/1 1840/1400/1 1839/1399/1
f 1841/1401/3 1811/1377/3 1809/1378/3
f 1809/1378/3 1839/1402/3 1841/1401/3
f 1842/1403/3 1812/1379/3 1811/1377/3
f 1811/1377/3 1841/1401/3 1842/1403/3
f 1840/1400/1 1810/1311/1 1813/1310/1
f 1813/1310/1 1843/1404/1 1840/1400/1
f 1844/1405/3 1814/1380/3 1812/1379/3
f 1812/1379/3 1842/1403/3 1844/1405/3
f 1845/1406/3 1815/1381/3 1814/1380/3
f 1814/1380/3 1844/1405/3 1845/1406/3
f 1843/1404/1 1813/1310/1 1816/1309/1
f 1816/1309/1 1846/1407/1 1843/1404/1
f 1847/1408/3 1817/1382/3 1815/1381/3
f 1815/1381/3 1845/1406/3 1847/1408/3
f 1848/338/4 1818/332/4 1817/333/4
f 1817/333/4 1847/339/4 1848/338/4
f 1846/1407/1 1816/1309/1 1819/1307/1
f 1819/1307/1 1849/1409/1 1846/1407/1
f 1850/1410/3 1820/1383/3 1818/1382/3
f 1818/1382/3 1848/1408/3 1850/1410/3
f 1851/1411/3 1821/1384/3 1820/1383/3
f 1820/1383/3 1850/1410/3 1851/1411/3
f 1849/1409/1 1819/1307/1 1822/1308/1
f 1822/1308/1 1852/1412/1 1849/1409/1
f 1853/1413/3 1823/1385/3 1821/1384/3
f 1821/1384/3 1851/1411/3 1853/1413/3
f 1854/1414/3 1824/1386/3 1823/1385/3
f 1823/1385/3 1853/1413/3 1854/1414/3
f 1855/1415/3 1825/1387/3 1824/1386/3
f 1824/1386/3 1854/1414/3 1855/1415/3
f 1856/337/4 1826/331/4 1825/332/4
f 1825/332/4 1855/338/4 1856/337/4
f 1852/1416/2 1822/1388/2 1827/1389/2
f 1827/1389/2 1857/1417/2 1852/1416/2
f 1858/336/4 1828/330/4 1826/331/4
f 1826/331/4 1856/337/4 1858/336/4
f 1857/1417/2 1827/1389/2 1829/1390/2
f 1829/1390/2 1859/1418/2 1857/1417/2
f 1859/1418/2 1829/1390/2 1830/1391/2
f 1830/1391/2 1860/1419/2 1859/1418/2
f 1860/1419/2 1830/1391/2 1831/1392/2
f 1831/1392/2 1861/1420/2 1860/1419/2
f 1862/335/4 1832/329/4 1828/330/4
f 1828/330/4 1858/336/4 1862/335/4
f 1861/1420/2 1831/1392/2 1833/1393/2
f 1833/1393/2 1863/1421/2 1861/1420/2
f 1863/1421/2 1833/1393/2 1834/1394/2
f 1834/1394/2 1864/1422/2 1863/1421/2
f 1865/334/4 1835/328/4 1832/329/4
f 1832/329/4 1862/335/4 1865/334/4
f 1864/1422/2 1834/1394/2 1836/1395/2
f 1836/1395/2 1866/1423/2 1864/1422/2
f 1866/1423/2 1836/1395/2 1837/1396/2
f 1837/1396/2 1867/1424/2 1866/1423/2
f 1867/1424/2 1837/1396/2 1838/1397/2
f 1838/1397/2 1868/1425/2 1867/1424/2
f 1868/1425/2 1838/1397/2 1835/1398/2
f 1835/1398/2 1865/1426/2 1868/1425/2
f 1868/523/5 1865/528/5 1862/527/5
f 1862/527/5 1869/522/5 1868/523/5
f 1869/522/5 1862/527/5 1858/529/5
f 1858/529/5 1870/524/5 1869/522/5
f 1870/524/5 1858/529/5 1856/530/5
f 1856/530/5 1871/525/5 1870/524/5
f 1871/525/5 1856/530/5 1855/531/5
f 1855/531/5 1854/526/5 1871/525/5
f 1867/518/5 1868/523/5 1869/522/5
f 1869/522/5 1872/517/5 1867/518/5
f 1872/517/5 1869/522/5 1870/524/5
f 1870/524/5 1873/519/5 1872/517/5
f 1873/519/5 1870/524/5 1871/525/5
f 1871/525/5 1874/520/5 1873/519/5
f 1874/520/5 1871/525/5 1854/526/5
f 1854/526/5 1853/521/5 1874/520/5
f 1866/513/5 1867/518/5 1872/517/5
f 1872/517/5 1875/512/5 1866/513/5
f 1875/512/5 1872/517/5 1873/519/5
f 1873/519/5 1876/514/5 1875/512/5
f 1876/514/5 1873/519/5 1874/520/5
f 1874/520/5 1877/515/5 1876/514/5
f 1877/515/5 1874/520/5 1853/521/5
f 1853/521/5 1851/516/5 1877/515/5
f 1864/458/5 1866/513/5 1875/512/5
f 1875/512/5 1878/459/5 1864/458/5
f 1878/459/5 1875/512/5 1876/514/5
f 1876/514/5 1879/460/5 1878/459/5
f 1879/460/5 1876/514/5 1877/515/5
f 1877/515/5 1880/461/5 1879/460/5
f 1880/461/5 1877/515/5 1851/516/5
f 1851/516/5 1850/462/5 1880/461/5
f 1863/316/5 1864/458/5 1878/459/5
f 1878/459/5 1881/317/5 1863/316/5
f 1881/317/5 1878/459/5 1879/460/5
f 1879/460/5 1882/320/5 1881/317/5
f 1882/320/5 1879/460/5 1880/461/5
f 1880/461/5 1883/322/5 1882/320/5
f 1883/322/5 1880/461/5 1850/462/5
f 1850/462/5 1848/324/5 1883/322/5
f 1884/340/4 1863/334/4 1881/335/4
f 1881/335/4 1885/341/4 1884/340/4
f 1885/341/4 1881/335/4 1882/336/4
f 1882/336/4 1886/342/4 1885/341/4
f 1886/342/4 1882/336/4 1883/337/4
f 1883/337/4 1887/343/4 1886/342/4
f 1887/343/4 1883/337/4 1848/338/4
f 1848/338/4 1888/344/4 1887/343/4
f 1888/344/4 1848/338/4 1847/339/4
f 1847/339/4 1889/345/4 1888/344/4
f 1889/1427/3 1847/1408/3 1845/1406/3
f 1845/1406/3 1890/1428/3 1889/1427/3
f 1890/1428/3 1845/1406/3 1844/1405/3
f 1844/1405/3 1891/1429/3 1890/1428/3
f 1891/1429/3 1844/1405/3 1842/1403/3
f 1842/1403/3 1892/1430/3 1891/1429/3
f 1892/1430/3 1842/1403/3 1841/1401/3
f 1841/1401/3 1893/1431/3 1892/1430/3
f 1893/1431/3 1841/1401/3 1839/1402/3
f 1839/1402/3 1894/1432/3 1893/1431/3
f 1894/1433/1 1839/1399/1 1840/1400/1
f 1840/1400/1 1895/1434/1 1894/1433/1
f 1895/1434/1 1840/1400/1 1843/1404/1
f 1843/1404/1 1896/1435/1 1895/1434/1
f 1896/1435/1 1843/1404/1 1846/1407/1
f 1846/1407/1 1897/1436/1 1896/1435/1
f 1897/1436/1 1846/1407/1 1849/1409/1
f 1849/1409/1 1898/1437/1 1897/1436/1
f 1898/1437/1 1849/1409/1 1852/1412/1
f 1852/1412/1 1899/1438/1 1898/1437/1
f 1899/1439/2 1852/1416/2 1857/1417/2
f 1857/1417/2 1900/1440/2 1899/1439/2
f 1901/1441/2 1861/1420/2 1863/1421/2
f 1863/1421/2 1884/1442/2 1901/1441/2
f 1902/1443/2 1860/1419/2 1861/1420/2
f 1861/1420/2 1901/1441/2 1902/1443/2
f 1903/1444/2 1859/1418/2 1860/1419/2
f 1860/1419/2 1902/1443/2 1903/1444/2
f 1900/1440/2 1857/1417/2 1859/1418/2
f 1859/1418/2 1903/1444/2 1900/1440/2
f 1904/346/4 1884/340/4 1885/341/4
f 1885/341/4 1905/347/4 1904/346/4
f 1905/347/4 1885/341/4 1886/342/4
f 1886/342/4 1906/348/4 1905/347/4
f 1906/348/4 1886/342/4 1887/343/4
f 1887/343/4 1907/349/4 1906/348/4
f 1907/349/4 1887/343/4 1888/344/4
f 1888/344/4 1908/350/4 1907/349/4
f 1908/350/4 1888/344/4 1889/345/4
f 1889/345/4 1909/351/4 1908/350/4
f 1909/1445/3 1889/1427/3 1890/1428/3
f 1890/1428/3 1910/1446/3 1909/1445/3
f 1910/1446/3 1890/1428/3 1891/1429/3
f 1891/1429/3 1911/1447/3 1910/1446/3
f 1911/1447/3 1891/1429/3 1892/1430/3
f 1892/1430/3 1912/1448/3 1911/1447/3
f 1912/1448/3 1892/1430/3 1893/1431/3
f 1893/1431/3 1913/1449/3 1912/1448/3
f 1913/1449/3 1893/1431/3 1894/1432/3
f 1894/1432/3 1914/1450/3 1913/1449/3
f 1914/1451/1 1894/1433/1 1895/1434/1
f 1895/1434/1 1915/1452/1 1914/1451/1
f 1915/1452/1 1895/1434/1 1896/1435/1
f 1896/1435/1 1916/1453/1 1915/1452/1
f 1916/1453/1 1896/1435/1 1897/1436/1
f 1897/1436/1 1917/1454/1 1916/1453/1
f 1917/1454/1 1897/1436/1 1898/1437/1
f 1898/1437/1 1918/1455/1 1917/1454/1
f 1918/1455/1 1898/1437/1 1899/1438/1
f 1899/1438/1 1919/1456/1 1918/1455/1
f 1919/1457/2 1899/1439/2 1900/1440/2
f 1900/1440/2 1920/1458/2 1919/1457/2
f 1921/1459/2 1901/1441/2 1884/1442/2
f 1884/1442/2 1904/1460/2 1921/1459/2
f 1922/1461/2 1902/1443/2 1901/1441/2
f 1901/1441/2 1921/1459/2 1922/1461/2
f 1923/1462/2 1903/1444/2 1902/1443/2
f 1902/1443/2 1922/1461/2 1923/1462/2
f 1920/1458/2 1900/1440/2 1903/1444/2
f 1903/1444/2 1923/1462/2 1920/1458/2
f 1924/1463/4 1904/346/4 1905/347/4
f 1905/347/4 1925/1464/4 1924/1463/4
f 1925/1464/4 1905/347/4 1906/348/4
f 1906/348/4 1926/1465/4 1925/1464/4
f 1926/1465/4 1906/348/4 1907/349/4
f 1907/349/4 1927/1466/4 1926/1465/4
f 1927/1466/4 1907/349/4 1908/350/4
f 1908/350/4 1928/1467/4 1927/1466/4
f 1928/1467/4 1908/350/4 1909/351/4
f 1909/351/4 1929/1468/4 1928/1467/4
f 1929/1469/3 1909/1445/3 1910/1446/3
f 1910/1446/3 1930/1470/3 1929/1469/3
f 1930/1470/3 1910/1446/3 1911/1447/3
f 1911/1447/3 1931/1471/3 1930/1470/3
f 1931/1471/3 1911/1447/3 1912/1448/3
f 1912/1448/3 1932/1472/3 1931/1471/3
f 1932/1472/3 1912/1448/3 1913/1449/3
f 1913/1449/3 1933/1473/3 1932/1472/3
f 1933/1473/3 1913/1449/3 1914/1450/3
f 1914/1450/3 1934/1474/3 1933/1473/3
f 1934/1475/1 1914/1451/1 1915/1452/1
f 1915/1452/1 1935/1476/1 1934/1475/1
f 1935/1476/1 1915/1452/1 1916/1453/1
f 1916/1453/1 1936/1477/1 1935/1476/1
f 1936/1477/1 1916/1453/1 1917/1454/1
f 1917/1454/1 1937/1478/1 1936/1477/1
f 1937/1478/1 1917/1454/1 1918/1455/1
f 1918/1455/1 1938/1479/1 1937/1478/1
f 1938/1479/1 1918/1455/1 1919/1456/1
f 1919/1456/1 1939/1480/1 1938/1479/1
f 1939/1481/2 1919/1457/2 1920/1458/2
f 1920/1458/2 1940/1482/2 1939/1481/2
f 1941/1483/2 1921/1459/2 1904/1460/2
f 1904/1460/2 1924/1484/2 1941/1483/2
f 1942/1485/2 1922/1461/2 1921/1459/2
f 1921/1459/2 1941/1483/2 1942/1485/2
f 1943/1486/2 1923/1462/2 1922/1461/2
f 1922/1461/2 1942/1485/2 1943/1486/2
f 1940/1482/2 1920/1458/2 1923/1462/2
f 1923/1462/2 1943/1486/2 1940/1482/2
f 1944/1437/6 1755/1438/6 1753/1456/6
f 1753/1456/6 1754/1455/6 1944/1437/6
f 1945/1409/6 1756/1412/6 1755/1438/6
f 1755/1438/6 1944/1437/6 1945/1409/6
f 1946/1307/6 1757/1308/6 1756/1412/6
f 1756/1412/6 1945/1409/6 1946/1307/6
f 1947/1192/6 1758/1193/6 1757/1308/6
f 1757/1308/6 1946/1307/6 1947/1192/6
f 1760/483/6 1759/482/6 1758/1193/6
f 1758/1193/6 1947/1192/6 1760/483/6
f 1948/1436/6 1944/1437/6 1754/1455/6
f 1754/1455/6 1772/1454/6 1948/1436/6
f 1949/1407/6 1945/1409/6 1944/1437/6
f 1944/1437/6 1948/1436/6 1949/1407/6
f 1950/1309/6 1946/1307/6 1945/1409/6
f 1945/1409/6 1949/1407/6 1950/1309/6
f 1951/1191/6 1947/1192/6 1946/1307/6
f 1946/1307/6 1950/1309/6 1951/1191/6
f 1761/486/6 1760/483/6 1947/1192/6
f 1947/1192/6 1951/1191/6 1761/486/6
f 1952/1435/6 1948/1436/6 1772/1454/6
f 1772/1454/6 1771/1453/6 1952/1435/6
f 1953/1404/6 1949/1407/6 1948/1436/6
f 1948/1436/6 1952/1435/6 1953/1404/6
f 1954/1310/6 1950/1309/6 1949/1407/6
f 1949/1407/6 1953/1404/6 1954/1310/6
f 1955/1190/6 1951/1191/6 1950/1309/6
f 1950/1309/6 1954/1310/6 1955/1190/6
f 1762/479/6 1761/486/6 1951/1191/6
f 1951/1191/6 1955/1190/6 1762/479/6
f 1956/1434/6 1952/1435/6 1771/1453/6
f 1771/1453/6 1770/1452/6 1956/1434/6
f 1957/1400/6 1953/1404/6 1952/1435/6
f 1952/1435/6 1956/1434/6 1957/1400/6
f 1958/1311/6 1954/1310/6 1953/1404/6
f 1953/1404/6 1957/1400/6 1958/1311/6
f 1959/1189/6 1955/1190/6 1954/1310/6
f 1954/1310/6 1958/1311/6 1959/1189/6
f 1763/489/6 1762/479/6 1955/1190/6
f 1955/1190/6 1959/1189/6 1763/489/6
f 1768/1433/6 1956/1434/6 1770/1452/6
f 1770/1452/6 1769/1451/6 1768/1433/6
f 1767/1399/6 1957/1400/6 1956/1434/6
f 1956/1434/6 1768/1433/6 1767/1399/6
f 1766/1312/6 1958/1311/6 1957/1400/6
f 1957/1400/6 1767/1399/6 1766/1312/6
f 1765/1188/6 1959/1189/6 1958/1311/6
f 1958/1311/6 1766/1312/6 1765/1188/6
f 1764/1187/6 1763/489/6 1959/1189/6
f 1959/1189/6 1765/1188/6 1764/1187/6
f 1960/484/6 1924/482/6 1925/483/6
f 1925/483/6 1961/485/6 1960/484/6
f 1961/485/6 1925/483/6 1926/486/6
f 1926/486/6 1962/487/6 1961/485/6
f 1962/487/6 1926/486/6 1927/479/6
f 1927/479/6 1963/488/6 1962/487/6
f 1963/488/6 1927/479/6 1928/489/6
f 1928/489/6 1964/490/6 1963/488/6
f 1965/491/6 1960/484/6 1961/485/6
f 1961/485/6 1966/492/6 1965/491/6
f 1966/492/6 1961/485/6 1962/487/6
f 1962/487/6 1967/493/6 1966/492/6
f 1967/493/6 1962/487/6 1963/488/6
f 1963/488/6 1968/494/6 1967/493/6
f 1968/494/6 1963/488/6 1964/490/6
f 1964/490/6 1969/495/6 1968/494/6
f 1970/496/6 1965/491/6 1966/492/6
f 1966/492/6 1971/497/6 1970/496/6
f 1971/497/6 1966/492/6 1967/493/6
f 1967/493/6 1972/498/6 1971/497/6
f 1972/498/6 1967/493/6 1968/494/6
f 1968/494/6 1973/499/6 1972/498/6
f 1973/499/6 1968/494/6 1969/495/6
f 1969/495/6 1974/500/6 1973/499/6
f 1975/501/6 1970/496/6 1971/497/6
f 1971/497/6 1976/502/6 1975/501/6
f 1976/502/6 1971/497/6 1972/498/6
f 1972/498/6 1977/503/6 1976/502/6
f 1977/503/6 1972/498/6 1973/499/6
f 1973/499/6 1978/504/6 1977/503/6
f 1978/504/6 1973/499/6 1974/500/6
f 1974/500/6 1979/505/6 1978/504/6
f 1980/1487/4 1975/1463/4 1976/1464/4
f 1976/1464/4 1981/1488/4 1980/1487/4
f 1981/1488/4 1976/1464/4 1977/1465/4
f 1977/1465/4 1982/1489/4 1981/1488/4
f 1982/1489/4 1977/1465/4 1978/1466/4
f 1978/1466/4 1983/1490/4 1982/1489/4
f 1983/1490/4 1978/1466/4 1979/1467/4
f 1979/1467/4 1984/1491/4 1983/1490/4
f 1985/1492/4 1980/1487/4 1981/1488/4
f 1981/1488/4 1986/1493/4 1985/1492/4
f 1986/1493/4 1981/1488/4 1982/1489/4
f 1982/1489/4 1987/1494/4 1986/1493/4
f 1987/1494/4 1982/1489/4 1983/1490/4
f 1983/1490/4 1988/1495/4 1987/1494/4
f 1988/1495/4 1983/1490/4 1984/1491/4
f 1984/1491/4 1989/1496/4 1988/1495/4
f 1990/1497/4 1985/1492/4 1986/1493/4
f 1986/1493/4 1991/1498/4 1990/1497/4
f 1991/1498/4 1986/1493/4 1987/1494/4
f 1987/1494/4 1992/1499/4 1991/1498/4
f 1992/1499/4 1987/1494/4 1988/1495/4
f 1988/1495/4 1993/1500/4 1992/1499/4
f 1993/1500/4 1988/1495/4 1989/1496/4
f 1989/1496/4 1994/1501/4 1993/1500/4
f 1995/1502/4 1990/1497/4 1991/1498/4
f 1991/1498/4 1996/1503/4 1995/1502/4
f 1996/1503/4 1991/1498/4 1992/1499/4
f 1992/1499/4 1997/1504/4 1996/1503/4
f 1997/1504/4 1992/1499/4 1993/1500/4
f 1993/1500/4 1998/1505/4 1997/1504/4
f 1998/1505/4 1993/1500/4 1994/1501/4
f 1994/1501/4 1999/1506/4 1998/1505/4
f 2000/1507/4 1995/1502/4 1996/1503/4
f 1996/1503/4 2001/1508/4 2000/1507/4
f 2001/1508/4 1996/1503/4 1997/1504/4
f 1997/1504/4 2002/1509/4 2001/1508/4
f 2002/1509/4 1997/1504/4 1998/1505/4
f 1998/1505/4 2003/1510/4 2002/1509/4
f 2003/1510/4 1998/1505/4 1999/1506/4
f 1999/1506/4 2004/1511/4 2003/1510/4
f 2005/1512/4 2000/1507/4 2001/1508/4
f 2001/1508/4 2006/1513/4 2005/1512/4
f 2006/1513/4 2001/1508/4 2002/1509/4
f 2002/1509/4 2007/1514/4 2006/1513/4
f 2007/1514/4 2002/1509/4 2003/1510/4
f 2003/1510/4 2008/1515/4 2007/1514/4
f 2008/1515/4 2003/1510/4 2004/1511/4
f 2004/1511/4 2009/1516/4 2008/1515/4
f 2010/1517/4 2005/1512/4 2006/1513/4
f 2006/1513/4 2011/1518/4 2010/1517/4
f 2011/1518/4 2006/1513/4 2007/1514/4
f 2007/1514/4 2012/1519/4 2011/1518/4
f 2012/1519/4 2007/1514/4 2008/1515/4
f 2008/1515/4 2013/1520/4 2012/1519/4
f 2013/1520/4 2008/1515/4 2009/1516/4
f 2009/1516/4 2014/1521/4 2013/1520/4
f 2015/518/5 2010/523/5 2011/522/5
f 2011/522/5 2016/517/5 2015/518/5
f 2016/517/5 2011/522/5 2012/524/5
f 2012/524/5 2017/519/5 2016/517/5
f 2017/519/5 2012/524/5 2013/525/5
f 2013/525/5 2018/520/5 2017/519/5
f 2018/520/5 2013/525/5 2014/526/5
f 2014/526/5 2019/521/5 2018/520/5
f 2020/513/5 2015/518/5 2016/517/5
f 2016/517/5 2021/512/5 2020/513/5
f 2021/512/5 2016/517/5 2017/519/5
f 2017/519/5 2022/514/5 2021/512/5
f 2022/514/5 2017/519/5 2018/520/5
f 2018/520/5 2023/515/5 2022/514/5
f 2023/515/5 2018/520/5 2019/521/5
f 2019/521/5 2024/516/5 2023/515/5
f 2025/458/5 2020/513/5 2021/512/5
f 2021/512/5 2026/459/5 2025/458/5
f 2026/459/5 2021/512/5 2022/514/5
f 2022/514/5 2027/460/5 2026/459/5
f 2027/460/5 2022/514/5 2023/515/5
f 2023/515/5 2028/461/5 2027/460/5
f 2028/461/5 2023/515/5 2024/516/5
f 2024/516/5 2029/462/5 2028/461/5
f 2030/316/5 2025/458/5 2026/459/5
f 2026/459/5 2031/317/5 2030/316/5
f 2031/317/5 2026/459/5 2027/460/5
f 2027/460/5 2032/320/5 2031/317/5
f 2032/320/5 2027/460/5 2028/461/5
f 2028/461/5 2033/322/5 2032/320/5
f 2033/322/5 2028/461/5 2029/462/5
f 2029/462/5 2034/324/5 2033/322/5
f 2035/1524/3 1984/1522/3 1979/1523/3
f 1979/1523/3 1974/1525/3 2035/1524/3
f 2036/1527/3 1989/1526/3 1984/1522/3
f 1984/1522/3 2035/1524/3 2036/1527/3
f 2037/1529/3 1994/1528/3 1989/1526/3
f 1989/1526/3 2036/1527/3 2037/1529/3
f 2038/1531/3 1999/1530/3 1994/1528/3
f 1994/1528/3 2037/1529/3 2038/1531/3
f 2039/1533/3 2004/1532/3 1999/1530/3
f 1999/1530/3 2038/1531/3 2039/1533/3
f 2040/1535/3 2009/1534/3 2004/1532/3
f 2004/1532/3 2039/1533/3 2040/1535/3
f 2019/1537/3 2014/1536/3 2009/1534/3
f 2009/1534/3 2040/1535/3 2019/1537/3
f 2041/1538/3 2035/1524/3 1974/1525/3
f 1974/1525/3 1969/1539/3 2041/1538/3
f 2042/1540/3 2036/1527/3 2035/1524/3
f 2035/1524/3 2041/1538/3 2042/1540/3
f 2043/1541/3 2037/1529/3 2036/1527/3
f 2036/1527/3 2042/1540/3 2043/1541/3
f 2044/1542/3 2038/1531/3 2037/1529/3
f 2037/1529/3 2043/1541/3 2044/1542/3
f 2045/1543/3 2039/1533/3 2038/1531/3
f 2038/1531/3 2044/1542/3 2045/1543/3
f 2046/1544/3 2040/1535/3 2039/1533/3
f 2039/1533/3 2045/1543/3 2046/1544/3
f 2024/1545/3 2019/1537/3 2040/1535/3
f 2040/1535/3 2046/1544/3 2024/1545/3
f 2047/1546/3 2041/1538/3 1969/1539/3
f 1969/1539/3 1964/1547/3 2047/1546/3
f 2048/1548/3 2042/1540/3 2041/1538/3
f 2041/1538/3 2047/1546/3 2048/1548/3
f 2049/1549/3 2043/1541/3 2042/1540/3
f 2042/1540/3 2048/1548/3 2049/1549/3
f 2050/1550/3 2044/1542/3 2043/1541/3
f 2043/1541/3 2049/1549/3 2050/1550/3
f 2051/1551/3 2045/1543/3 2044/1542/3
f 2044/1542/3 2050/1550/3 2051/1551/3
f 2052/1552/3 2046/1544/3 2045/1543/3
f 2045/1543/3 2051/1551/3 2052/1552/3
f 2029/1553/3 2024/1545/3 2046/1544/3
f 2046/1544/3 2052/1552/3 2029/1553/3
f 2053/1554/3 2047/1546/3 1964/1547/3
f 1964/1547/3 1928/1469/3 2053/1554/3
f 2054/1555/3 2048/1548/3 2047/1546/3
f 2047/1546/3 2053/1554/3 2054/1555/3
f 2055/1556/3 2049/1549/3 2048/1548/3
f 2048/1548/3 2054/1555/3 2055/1556/3
f 2056/1557/3 2050/1550/3 2049/1549/3
f 2049/1549/3 2055/1556/3 2056/1557/3
f 2057/1558/3 2051/1551/3 2050/1550/3
f 2050/1550/3 2056/1557/3 2057/1558/3
f 2058/1559/3 2052/1552/3 2051/1551/3
f 2051/1551/3 2057/1558/3 2058/1559/3
f 2034/1560/3 2029/1553/3 2052/1552/3
f 2052/1552/3 2058/1559/3 2034/1560/3
f 2059/1561/4 2053/1491/4 1928/1467/4
f 1928/1467/4 1929/1468/4 2059/1561/4
f 2060/1562/4 2054/1496/4 2053/1491/4
f 2053/1491/4 2059/1561/4 2060/1562/4
f 2061/1563/4 2055/1501/4 2054/1496/4
f 2054/1496/4 2060/1562/4 2061/1563/4
f 2062/1564/4 2056/1506/4 2055/1501/4
f 2055/1501/4 2061/1563/4 2062/1564/4
f 2063/1565/4 2057/1511/4 2056/1506/4
f 2056/1506/4 2062/1564/4 2063/1565/4
f 2064/1566/4 2058/1516/4 2057/1511/4
f 2057/1511/4 2063/1565/4 2064/1566/4
f 2065/1567/4 2034/1521/4 2058/1516/4
f 2058/1516/4 2064/1566/4 2065/1567/4
f 2066/1568/3 2059/1554/3 1929/1469/3
f 1929/1469/3 1930/1470/3 2066/1568/3
f 2067/1569/3 2060/1555/3 2059/1554/3
f 2059/1554/3 2066/1568/3 2067/1569/3
f 2068/1570/3 2061/1556/3 2060/1555/3
f 2060/1555/3 2067/1569/3 2068/1570/3
f 2069/1571/3 2062/1557/3 2061/1556/3
f 2061/1556/3 2068/1570/3 2069/1571/3
f 2070/1572/3 2063/1558/3 2062/1557/3
f 2062/1557/3 2069/1571/3 2070/1572/3
f 2071/1573/3 2064/1559/3 2063/1558/3
f 2063/1558/3 2070/1572/3 2071/1573/3
f 2072/1574/3 2065/1560/3 2064/1559/3
f 2064/1559/3 2071/1573/3 2072/1574/3
f 2073/1575/3 2066/1568/3 1930/1470/3
f 1930/1470/3 1931/1471/3 2073/1575/3
f 2074/1576/3 2067/1569/3 2066/1568/3
f 2066/1568/3 2073/1575/3 2074/1576/3
f 2075/1577/3 2068/1570/3 2067/1569/3
f 2067/1569/3 2074/1576/3 2075/1577/3
f 2076/1578/3 2069/1571/3 2068/1570/3
f 2068/1570/3 2075/1577/3 2076/1578/3
f 2077/1579/3 2070/1572/3 2069/1571/3
f 2069/1571/3 2076/1578/3 2077/1579/3
f 2078/1580/3 2071/1573/3 2070/1572/3
f 2070/1572/3 2077/1579/3 2078/1580/3
f 2079/1581/3 2072/1574/3 2071/1573/3
f 2071/1573/3 2078/1580/3 2079/1581/3
f 2080/1582/3 2073/1575/3 1931/1471/3
f 1931/1471/3 1932/1472/3 2080/1582/3
f 2081/1583/3 2074/1576/3 2073/1575/3
f 2073/1575/3 2080/1582/3 2081/1583/3
f 2082/1584/3 2075/1577/3 2074/1576/3
f 2074/1576/3 2081/1583/3 2082/1584/3
f 2083/1585/3 2076/1578/3 2075/1577/3
f 2075/1577/3 2082/1584/3 2083/1585/3
f 2084/1586/3 2077/1579/3 2076/1578/3
f 2076/1578/3 2083/1585/3 2084/1586/3
f 2085/1587/3 2078/1580/3 2077/1579/3
f 2077/1579/3 2084/1586/3 2085/1587/3
f 2086/1588/3 2079/1581/3 2078/1580/3
f 2078/1580/3 2085/1587/3 2086/1588/3
f 2087/1589/3 2080/1582/3 1932/1472/3
f 1932/1472/3 1933/1473/3 2087/1589/3
f 2088/1590/3 2081/1583/3 2080/1582/3
f 2080/1582/3 2087/1589/3 2088/1590/3
f 2089/1591/3 2082/1584/3 2081/1583/3
f 2081/1583/3 2088/1590/3 2089/1591/3
f 2090/1592/3 2083/1585/3 2082/1584/3
f 2082/1584/3 2089/1591/3 2090/1592/3
f 2091/1593/3 2084/1586/3 2083/1585/3
f 2083/1585/3 2090/1592/3 2091/1593/3
f 2092/1594/3 2085/1587/3 2084/1586/3
f 2084/1586/3 2091/1593/3 2092/1594/3
f 2093/1595/3 2086/1588/3 2085/1587/3
f 2085/1587/3 2092/1594/3 2093/1595/3
f 2094/1596/3 2087/1589/3 1933/1473/3
f 1933/1473/3 1934/1474/3 2094/1596/3
f 2095/1597/3 2088/1590/3 2087/1589/3
f 2087/1589/3 2094/1596/3 2095/1597/3
f 2096/1598/3 2089/1591/3 2088/1590/3
f 2088/1590/3 2095/1597/3 2096/1598/3
f 2097/1599/3 2090/1592/3 2089/1591/3
f 2089/1591/3 2096/1598/3 2097/1599/3
f 2098/1600/3 2091/1593/3 2090/1592/3
f 2090/1592/3 2097/1599/3 2098/1600/3
f 2099/1601/3 2092/1594/3 2091/1593/3
f 2091/1593/3 2098/1600/3 2099/1601/3
f 2100/1602/3 2093/1595/3 2092/1594/3
f 2092/1594/3 2099/1601/3 2100/1602/3
f 2101/1604/1 2094/1603/1 1934/1475/1
f 1934/1475/1 1935/1476/1 2101/1604/1
f 2102/1606/1 2095/1605/1 2094/1603/1
f 2094/1603/1 2101/1604/1 2102/1606/1
f 2103/1608/1 2096/1607/1 2095/1605/1
f 2095/1605/1 2102/1606/1 2103/1608/1
f 2104/1610/1 2097/1609/1 2096/1607/1
f 2096/1607/1 2103/1608/1 2104/1610/1
f 2105/1612/1 2098/1611/1 2097/1609/1
f 2097/1609/1 2104/1610/1 2105/1612/1
f 2106/1614/1 2099/1613/1 2098/1611/1
f 2098/1611/1 2105/1612/1 2106/1614/1
f 2107/1616/1 2100/1615/1 2099/1613/1
f 2099/1613/1 2106/1614/1 2107/1616/1
f 2108/1617/1 2101/1604/1 1935/1476/1
f 1935/1476/1 1936/1477/1 2108/1617/1
f 2109/1618/1 2102/1606/1 2101/1604/1
f 2101/1604/1 2108/1617/1 2109/1618/1
f 2110/1619/1 2103/1608/1 2102/1606/1
f 2102/1606/1 2109/1618/1 2110/1619/1
f 2111/1620/1 2104/1610/1 2103/1608/1
f 2103/1608/1 2110/1619/1 2111/1620/1
f 2112/1621/1 2105/1612/1 2104/1610/1
f 2104/1610/1 2111/1620/1 2112/1621/1
f 2113/1622/1 2106/1614/1 2105/1612/1
f 2105/1612/1 2112/1621/1 2113/1622/1
f 2114/1623/1 2107/1616/1 2106/1614/1
f 2106/1614/1 2113/1622/1 2114/1623/1
f 2115/1624/1 2108/1617/1 1936/1477/1
f 1936/1477/1 1937/1478/1 2115/1624/1
f 2116/1625/1 2109/1618/1 2108/1617/1
f 2108/1617/1 2115/1624/1 2116/1625/1
f 2117/1626/1 2110/1619/1 2109/1618/1
f 2109/1618/1 2116/1625/1 2117/1626/1
f 2118/1627/1 2111/1620/1 2110/1619/1
f 2110/1619/1 2117/1626/1 2118/1627/1
f 2119/1628/1 2112/1621/1 2111/1620/1
f 2111/1620/1 2118/1627/1 2119/1628/1
f 2120/1629/1 2113/1622/1 2112/1621/1
f 2112/1621/1 2119/1628/1 2120/1629/1
f 2121/1630/1 2114/1623/1 2113/1622/1
f 2113/1622/1 2120/1629/1 2121/1630/1
f 2122/1631/1 2115/1624/1 1937/1478/1
f 1937/1478/1 1938/1479/1 2122/1631/1
f 2123/1632/1 2116/1625/1 2115/1624/1
f 2115/1624/1 2122/1631/1 2123/1632/1
f 2124/1633/1 2117/1626/1 2116/1625/1
f 2116/1625/1 2123/1632/1 2124/1633/1
f 2125/1634/1 2118/1627/1 2117/1626/1
f 2117/1626/1 2124/1633/1 2125/1634/1
f 2126/1635/1 2119/1628/1 2118/1627/1
f 2118/1627/1 2125/1634/1 2126/1635/1
f 2127/1636/1 2120/1629/1 2119/1628/1
f 2119/1628/1 2126/1635/1 2127/1636/1
f 2128/1637/1 2121/1630/1 2120/1629/1
f 2120/1629/1 2127/1636/1 2128/1637/1
f 2129/1638/1 2122/1631/1 1938/1479/1
f 1938/1479/1 1939/1480/1 2129/1638/1
f 2130/1639/1 2123/1632/1 2122/1631/1
f 2122/1631/1 2129/1638/1 2130/1639/1
f 2131/1640/1 2124/1633/1 2123/1632/1
f 2123/1632/1 2130/1639/1 2131/1640/1
f 2132/1641/1 2125/1634/1 2124/1633/1
f 2124/1633/1 2131/1640/1 2132/1641/1
f 2133/1642/1 2126/1635/1 2125/1634/1
f 2125/1634/1 2132/1641/1 2133/1642/1
f 2134/1643/1 2127/1636/1 2126/1635/1
f 2126/1635/1 2133/1642/1 2134/1643/1
f 2135/1644/1 2128/1637/1 2127/1636/1
f 2127/1636/1 2134/1643/1 2135/1644/1
f 2136/1646/2 2129/1645/2 1939/1481/2
f 1939/1481/2 1940/1482/2 2136/1646/2
f 2137/1648/2 2130/1647/2 2129/1645/2
f 2129/1645/2 2136/1646/2 2137/1648/2
f 2138/1650/2 2131/1649/2 2130/1647/2
f 2130/1647/2 2137/1648/2 2138/1650/2
f 2139/1652/2 2132/1651/2 2131/1649/2
f 2131/1649/2 2138/1650/2 2139/1652/2
f 2140/1654/2 2133/1653/2 2132/1651/2
f 2132/1651/2 2139/1652/2 2140/1654/2
f 2141/1656/2 2134/1655/2 2133/1653/2
f 2133/1653/2 2140/1654/2 2141/1656/2
f 2142/1658/2 2135/1657/2 2134/1655/2
f 2134/1655/2 2141/1656/2 2142/1658/2
f 2143/1659/2 2136/1646/2 1940/1482/2
f 1940/1482/2 1943/1486/2 2143/1659/2
f 2144/1660/2 2137/1648/2 2136/1646/2
f 2136/1646/2 2143/1659/2 2144/1660/2
f 2145/1661/2 2138/1650/2 2137/1648/2
f 2137/1648/2 2144/1660/2 2145/1661/2
f 2146/1662/2 2139/1652/2 2138/1650/2
f 2138/1650/2 2145/1661/2 2146/1662/2
f 2147/1663/2 2140/1654/2 2139/1652/2
f 2139/1652/2 2146/1662/2 2147/1663/2
f 2148/1664/2 2141/1656/2 2140/1654/2
f 2140/1654/2 2147/1663/2 2148/1664/2
f 2149/1665/2 2142/1658/2 2141/1656/2
f 2141/1656/2 2148/1664/2 2149/1665/2
f 2150/1666/2 2143/1659/2 1943/1486/2
f 1943/1486/2 1942/1485/2 2150/1666/2
f 2151/1667/2 2144/1660/2 2143/1659/2
f 2143/1659/2 2150/1666/2 2151/1667/2
f 2152/1668/2 2145/1661/2 2144/1660/2
f 2144/1660/2 2151/1667/2 2152/1668/2
f 2153/1669/2 2146/1662/2 2145/1661/2
f 2145/1661/2 2152/1668/2 2153/1669/2
f 2154/1670/2 2147/1663/2 2146/1662/2
f 2146/1662/2 2153/1669/2 2154/1670/2
f 2155/1671/2 2148/1664/2 2147/1663/2
f 2147/1663/2 2154/1670/2 2155/1671/2
f 2156/1672/2 2149/1665/2 2148/1664/2
f 2148/1664/2 2155/1671/2 2156/1672/2
f 2157/1673/2 2150/1666/2 1942/1485/2
f 1942/1485/2 1941/1483/2 2157/1673/2
f 2158/1674/2 2151/1667/2 2150/1666/2
f 2150/1666/2 2157/1673/2 2158/1674/2
f 2159/1675/2 2152/1668/2 2151/1667/2
f 2151/1667/2 2158/1674/2 2159/1675/2
f 2160/1676/2 2153/1669/2 2152/1668/2
f 2152/1668/2 2159/1675/2 2160/1676/2
f 2161/1677/2 2154/1670/2 2153/1669/2
f 2153/1669/2 2160/1676/2 2161/1677/2
f 2162/1678/2 2155/1671/2 2154/1670/2
f 2154/1670/2 2161/1677/2 2162/1678/2
f 2163/1679/2 2156/1672/2 2155/1671/2
f 2155/1671/2 2162/1678/2 2163/1679/2
f 2164/1680/2 2157/1673/2 1941/1483/2
f 1941/1483/2 1924/1484/2 2164/1680/2
f 2165/1681/2 2158/1674/2 2157/1673/2
f 2157/1673/2 2164/1680/2 2165/1681/2
f 2166/1682/2 2159/1675/2 2158/1674/2
f 2158/1674/2 2165/1681/2 2166/1682/2
f 2167/1683/2 2160/1676/2 2159/1675/2
f 2159/1675/2 2166/1682/2 2167/1683/2
f 2168/1684/2 2161/1677/2 2160/1676/2
f 2160/1676/2 2167/1683/2 2168/1684/2
f 2169/1685/2 2162/1678/2 2161/1677/2
f 2161/1677/2 2168/1684/2 2169/1685/2
f 2030/1686/2 2163/1679/2 2162/1678/2
f 2162/1678/2 2169/1685/2 2030/1686/2
f 2170/1687/2 2164/1680/2 1924/1484/2
f 1924/1484/2 1960/1688/2 2170/1687/2
f 2171/1689/2 2165/1681/2 2164/1680/2
f 2164/1680/2 2170/1687/2 2171/1689/2
f 2172/1690/2 2166/1682/2 2165/1681/2
f 2165/1681/2 2171/1689/2 2172/1690/2
f 2173/1691/2 2167/1683/2 2166/1682/2
f 2166/1682/2 2172/1690/2 2173/1691/2
f 2174/1692/2 2168/1684/2 2167/1683/2
f 2167/1683/2 2173/1691/2 2174/1692/2
f 2175/1693/2 2169/1685/2 2168/1684/2
f 2168/1684/2 2174/1692/2 2175/1693/2
f 2025/1694/2 2030/1686/2 2169/1685/2
f 2169/1685/2 2175/1693/2 2025/1694/2
f 2176/1695/2 2170/1687/2 1960/1688/2
f 1960/1688/2 1965/1696/2 2176/1695/2
f 2177/1697/2 2171/1689/2 2170/1687/2
f 2170/1687/2 2176/1695/2 2177/1697/2
f 2178/1698/2 2172/1690/2 2171/1689/2
f 2171/1689/2 2177/1697/2 2178/1698/2
f 2179/1699/2 2173/1691/2 2172/1690/2
f 2172/1690/2 2178/1698/2 2179/1699/2
f 2180/1700/2 2174/1692/2 2173/1691/2
f 2173/1691/2 2179/1699/2 2180/1700/2
f 2181/1701/2 2175/1693/2 2174/1692/2
f 2174/1692/2 2180/1700/2 2181/1701/2
f 2020/1702/2 2025/1694/2 2175/1693/2
f 2175/1693/2 2181/1701/2 2020/1702/2
f 2182/1703/2 2176/1695/2 1965/1696/2
f 1965/1696/2 1970/1704/2 2182/1703/2
f 2183/1705/2 2177/1697/2 2176/1695/2
f 2176/1695/2 2182/1703/2 2183/1705/2
f 2184/1706/2 2178/1698/2 2177/1697/2
f 2177/1697/2 2183/1705/2 2184/1706/2
f 2185/1707/2 2179/1699/2 2178/1698/2
f 2178/1698/2 2184/1706/2 2185/1707/2
f 2186/1708/2 2180/1700/2 2179/1699/2
f 2179/1699/2 2185/1707/2 2186/1708/2
f 2187/1709/2 2181/1701/2 2180/1700/2
f 2180/1700/2 2186/1708/2 2187/1709/2
f 2015/1710/2 2020/1702/2 2181/1701/2
f 2181/1701/2 2187/1709/2 2015/1710/2
f 1980/1711/2 2182/1703/2 1970/1704/2
f 1970/1704/2 1975/1712/2 1980/1711/2
f 1985/1713/2 2183/1705/2 2182/1703/2
f 2182/1703/2 1980/1711/2 1985/1713/2
f 1990/1714/2 2184/1706/2 2183/1705/2
f 2183/1705/2 1985/1713/2 1990/1714/2
f 1995/1715/2 2185/1707/2 2184/1706/2
f 2184/1706/2 1990/1714/2 1995/1715/2
f 2000/1716/2 2186/1708/2 2185/1707/2
f 2185/1707/2 1995/1715/2 2000/1716/2
f 2005/1717/2 2187/1709/2 2186/1708/2
f 2186/1708/2 2000/1716/2 2005/1717/2
f 2010/1718/2 2015/1710/2 2187/1709/2
f 2187/1709/2 2005/1717/2 2010/1718/2
f 2188/1719/2 2163/1679/2 2030/1686/2
f 2030/1686/2 2189/1720/2 2188/1719/2
f 2190/1721/2 2156/1672/2 2163/1679/2
f 2163/1679/2 2188/1719/2 2190/1721/2
f 2191/1722/2 2149/1665/2 2156/1672/2
f 2156/1672/2 2190/1721/2 2191/1722/2
f 2192/1723/2 2142/1658/2 2149/1665/2
f 2149/1665/2 2191/1722/2 2192/1723/2
f 2193/1724/2 2135/1657/2 2142/1658/2
f 2142/1658/2 2192/1723/2 2193/1724/2
f 2194/1725/1 2128/1637/1 2135/1644/1
f 2135/1644/1 2193/1726/1 2194/1725/1
f 2195/1727/1 2121/1630/1 2128/1637/1
f 2128/1637/1 2194/1725/1 2195/1727/1
f 2196/1728/1 2114/1623/1 2121/1630/1
f 2121/1630/1 2195/1727/1 2196/1728/1
f 2197/1729/1 2107/1616/1 2114/1623/1
f 2114/1623/1 2196/1728/1 2197/1729/1
f 2198/1730/1 2100/1615/1 2107/1616/1
f 2107/1616/1 2197/1729/1 2198/1730/1
f 2199/1731/3 2093/1595/3 2100/1602/3
f 2100/1602/3 2198/1732/3 2199/1731/3
f 2200/1733/3 2086/1588/3 2093/1595/3
f 2093/1595/3 2199/1731/3 2200/1733/3
f 2201/1734/3 2079/1581/3 2086/1588/3
f 2086/1588/3 2200/1733/3 2201/1734/3
f 2202/1735/3 2072/1574/3 2079/1581/3
f 2079/1581/3 2201/1734/3 2202/1735/3
f 2203/1736/3 2065/1560/3 2072/1574/3
f 2072/1574/3 2202/1735/3 2203/1736/3
f 2204/1737/4 2034/1521/4 2065/1567/4
f 2065/1567/4 2203/1738/4 2204/1737/4
f 2205/1739/4 2033/1520/4 2034/1521/4
f 2034/1521/4 2204/1737/4 2205/1739/4
f 2206/1740/4 2032/1519/4 2033/1520/4
f 2033/1520/4 2205/1739/4 2206/1740/4
f 2207/1741/4 2031/1518/4 2032/1519/4
f 2032/1519/4 2206/1740/4 2207/1741/4
f 2189/1742/4 2030/1517/4 2031/1518/4
f 2031/1518/4 2207/1741/4 2189/1742/4
f 2208/1743/2 2188/1719/2 2189/1720/2
f 2189/1720/2 2209/1744/2 2208/1743/2
f 2210/1745/2 2190/1721/2 2188/1719/2
f 2188/1719/2 2208/1743/2 2210/1745/2
f 2211/1746/2 2191/1722/2 2190/1721/2
f 2190/1721/2 2210/1745/2 2211/1746/2
f 2212/1747/2 2192/1723/2 2191/1722/2
f 2191/1722/2 2211/1746/2 2212/1747/2
f 2213/1748/2 2193/1724/2 2192/1723/2
f 2192/1723/2 2212/1747/2 2213/1748/2
f 2214/1749/1 2194/1725/1 2193/1726/1
f 2193/1726/1 2213/1750/1 2214/1749/1
f 2215/1751/1 2195/1727/1 2194/1725/1
f 2194/1725/1 2214/1749/1 2215/1751/1
f 2216/1752/1 2196/1728/1 2195/1727/1
f 2195/1727/1 2215/1751/1 2216/1752/1
f 2217/1753/1 2197/1729/1 2196/1728/1
f 2196/1728/1 2216/1752/1 2217/1753/1
f 2218/1754/1 2198/1730/1 2197/1729/1
f 2197/1729/1 2217/1753/1 2218/1754/1
f 2219/1755/3 2199/1731/3 2198/1732/3
f 2198/1732/3 2218/1756/3 2219/1755/3
f 2220/1757/3 2200/1733/3 2199/1731/3
f 2199/1731/3 2219/1755/3 2220/1757/3
f 2221/1758/3 2201/1734/3 2200/1733/3
f 2200/1733/3 2220/1757/3 2221/1758/3
f 2222/1759/3 2202/1735/3 2201/1734/3
f 2201/1734/3 2221/1758/3 2222/1759/3
f 2223/1760/3 2203/1736/3 2202/1735/3
f 2202/1735/3 2222/1759/3 2223/1760/3
f 2224/1761/4 2204/1737/4 2203/1738/4
f 2203/1738/4 2223/1762/4 2224/1761/4
f 2225/1763/4 2205/1739/4 2204/1737/4
f 2204/1737/4 2224/1761/4 2225/1763/4
f 2226/1764/4 2206/1740/4 2205/1739/4
f 2205/1739/4 2225/1763/4 2226/1764/4
f 2227/1765/4 2207/1741/4 2206/1740/4
f 2206/1740/4 2226/1764/4 2227/1765/4
f 2209/1766/4 2189/1742/4 2207/1741/4
f 2207/1741/4 2227/1765/4 2209/1766/4
f 2228/318/2 2208/1743/2 2209/1744/2
f 2209/1744/2 2229/316/2 2228/318/2
f 2230/328/2 2210/1745/2 2208/1743/2
f 2208/1743/2 2228/318/2 2230/328/2
f 2231/334/2 2211/1746/2 2210/1745/2
f 2210/1745/2 2230/328/2 2231/334/2
f 2232/340/2 2212/1747/2 2211/1746/2
f 2211/1746/2 2231/334/2 2232/340/2
f 2233/346/2 2213/1748/2 2212/1747/2
f 2212/1747/2 2232/340/2 2233/346/2
f 2234/1767/1 2214/1749/1 2213/1750/1
f 2213/1750/1 2233/1768/1 2234/1767/1
f 2235/1769/1 2215/1751/1 2214/1749/1
f 2214/1749/1 2234/1767/1 2235/1769/1
f 2236/1770/1 2216/1752/1 2215/1751/1
f 2215/1751/1 2235/1769/1 2236/1770/1
f 2237/1771/1 2217/1753/1 2216/1752/1
f 2216/1752/1 2236/1770/1 2237/1771/1
f 2238/1772/1 2218/1754/1 2217/1753/1
f 2217/1753/1 2237/1771/1 2238/1772/1
f 2239/1438/3 2219/1755/3 2218/1756/3
f 2218/1756/3 2238/1456/3 2239/1438/3
f 2240/1412/3 2220/1757/3 2219/1755/3
f 2219/1755/3 2239/1438/3 2240/1412/3
f 2241/1308/3 2221/1758/3 2220/1757/3
f 2220/1757/3 2240/1412/3 2241/1308/3
f 2242/1193/3 2222/1759/3 2221/1758/3
f 2221/1758/3 2241/1308/3 2242/1193/3
f 2243/482/3 2223/1760/3 2222/1759/3
f 2222/1759/3 2242/1193/3 2243/482/3
f 2244/1773/4 2224/1761/4 2223/1762/4
f 2223/1762/4 2243/1774/4 2244/1773/4
f 2245/1775/4 2225/1763/4 2224/1761/4
f 2224/1761/4 2244/1773/4 2245/1775/4
f 2246/1776/4 2226/1764/4 2225/1763/4
f 2225/1763/4 2245/1775/4 2246/1776/4
f 2247/1777/4 2227/1765/4 2226/1764/4
f 2226/1764/4 2246/1776/4 2247/1777/4
f 2229/1778/4 2209/1766/4 2227/1765/4
f 2227/1765/4 2247/1777/4 2229/1778/4
f 2248/483/3 2243/482/3 2242/1193/3
f 2242/1193/3 2249/1192/3 2248/483/3
f 2249/1192/3 2242/1193/3 2241/1308/3
f 2241/1308/3 2250/1307/3 2249/1192/3
f 2250/1307/3 2241/1308/3 2240/1412/3
f 2240/1412/3 2251/1409/3 2250/1307/3
f 2251/1409/3 2240/1412/3 2239/1438/3
f 2239/1438/3 2252/1437/3 2251/1409/3
f 2252/1437/3 2239/1438/3 2238/1456/3
f 2238/1456/3 2253/1455/3 2252/1437/3
f 2254/486/3 2248/483/3 2249/1192/3
f 2249/1192/3 2255/1191/3 2254/486/3
f 2255/1191/3 2249/1192/3 2250/1307/3
f 2250/1307/3 2256/1309/3 2255/1191/3
f 2256/1309/3 2250/1307/3 2251/1409/3
f 2251/1409/3 2257/1407/3 2256/1309/3
f 2257/1407/3 2251/1409/3 2252/1437/3
f 2252/1437/3 2258/1436/3 2257/1407/3
f 2258/1436/3 2252/1437/3 2253/1455/3
f 2253/1455/3 2259/1454/3 2258/1436/3
f 2260/479/3 2254/486/3 2255/1191/3
f 2255/1191/3 2261/1190/3 2260/479/3
f 2261/1190/3 2255/1191/3 2256/1309/3
f 2256/1309/3 2262/1310/3 2261/1190/3
f 2262/1310/3 2256/1309/3 2257/1407/3
f 2257/1407/3 2263/1404/3 2262/1310/3
f 2263/1404/3 2257/1407/3 2258/1436/3
f 2258/1436/3 2264/1435/3 2263/1404/3
f 2264/1435/3 2258/1436/3 2259/1454/3
f 2259/1454/3 2265/1453/3 2264/1435/3
f 2266/489/3 2260/479/3 2261/1190/3
f 2261/1190/3 2267/1189/3 2266/489/3
f 2267/1189/3 2261/1190/3 2262/1310/3
f 2262/1310/3 2268/1311/3 2267/1189/3
f 2269/1400/3 2263/1404/3 2264/1435/3
f 2264/1435/3 2270/1434/3 2269/1400/3
f 2270/1434/3 2264/1435/3 2265/1453/3
f 2265/1453/3 2271/1452/3 2270/1434/3
f 2272/1781/7 2234/1779/7 2233/1780/7
f 2233/1780/7 2273/1782/7 2272/1781/7
f 2274/1784/7 2235/1783/7 2234/1779/7
f 2234/1779/7 2272/1781/7 2274/1784/7
f 2275/1786/7 2236/1785/7 2235/1783/7
f 2235/1783/7 2274/1784/7 2275/1786/7
f 2276/1788/7 2237/1787/7 2236/1785/7
f 2236/1785/7 2275/1786/7 2276/1788/7
f 2277/1790/7 2238/1789/7 2237/1787/7
f 2237/1787/7 2276/1788/7 2277/1790/7
f 2278/1791/7 2272/1781/7 2273/1782/7
f 2273/1782/7 2279/1792/7 2278/1791/7
f 2280/1793/7 2274/1784/7 2272/1781/7
f 2272/1781/7 2278/1791/7 2280/1793/7
f 2281/1794/7 2275/1786/7 2274/1784/7
f 2274/1784/7 2280/1793/7 2281/1794/7
f 2282/1795/7 2276/1788/7 2275/1786/7
f 2275/1786/7 2281/1794/7 2282/1795/7
f 2283/1796/7 2277/1790/7 2276/1788/7
f 2276/1788/7 2282/1795/7 2283/1796/7
f 2284/1797/7 2278/1791/7 2279/1792/7
f 2279/1792/7 2285/1798/7 2284/1797/7
f 2286/1799/7 2280/1793/7 2278/1791/7
f 2278/1791/7 2284/1797/7 2286/1799/7
f 2287/1800/7 2281/1794/7 2280/1793/7
f 2280/1793/7 2286/1799/7 2287/1800/7
f 2288/1801/7 2282/1795/7 2281/1794/7
f 2281/1794/7 2287/1800/7 2288/1801/7
f 2289/1802/7 2283/1796/7 2282/1795/7
f 2282/1795/7 2288/1801/7 2289/1802/7
f 2290/1803/7 2284/1797/7 2285/1798/7
f 2285/1798/7 2291/1804/7 2290/1803/7
f 2292/1805/7 2286/1799/7 2284/1797/7
f 2284/1797/7 2290/1803/7 2292/1805/7
f 2293/1806/7 2287/1800/7 2286/1799/7
f 2286/1799/7 2292/1805/7 2293/1806/7
f 2294/1807/7 2288/1801/7 2287/1800/7
f 2287/1800/7 2293/1806/7 2294/1807/7
f 2295/1808/7 2289/1802/7 2288/1801/7
f 2288/1801/7 2294/1807/7 2295/1808/7
f 2298/332/5 2296/333/5 2297/339/5
f 2297/339/5 2299/338/5 2298/332/5
f 2300/331/5 2298/332/5 2299/338/5
f 2299/338/5 2301/337/5 2300/331/5
f 2302/330/5 2300/331/5 2301/337/5
f 2301/337/5 2303/336/5 2302/330/5
f 2304/329/5 2302/330/5 2303/336/5
f 2303/336/5 2305/335/5 2304/329/5
f 2306/328/5 2304/329/5 2305/335/5
f 2305/335/5 2307/334/5 2306/328/5
f 2308/1811/8 2307/1809/8 2305/1810/8
f 2305/1810/8 2309/1812/8 2308/1811/8
f 2309/1812/8 2305/1810/8 2303/1813/8
f 2303/1813/8 2310/1814/8 2309/1812/8
f 2310/1814/8 2303/1813/8 2301/1815/8
f 2301/1815/8 2311/1816/8 2310/1814/8
f 2311/1816/8 2301/1815/8 2299/1817/8
f 2299/1817/8 2312/1818/8 2311/1816/8
f 2312/1818/8 2299/1817/8 2297/1819/8
f 2297/1819/8 2313/1820/8 2312/1818/8
f 2314/1823/1 2290/1821/1 2291/1822/1
f 2291/1822/1 2315/1824/1 2314/1823/1
f 2316/1826/1 2292/1825/1 2290/1821/1
f 2290/1821/1 2314/1823/1 2316/1826/1
f 2317/1828/1 2293/1827/1 2292/1825/1
f 2292/1825/1 2316/1826/1 2317/1828/1
f 2318/1830/1 2294/1829/1 2293/1827/1
f 2293/1827/1 2317/1828/1 2318/1830/1
f 2319/1832/1 2295/1831/1 2294/1829/1
f 2294/1829/1 2318/1830/1 2319/1832/1
f 2320/1833/1 2314/1823/1 2315/1824/1
f 2315/1824/1 2321/1834/1 2320/1833/1
f 2322/1835/1 2316/1826/1 2314/1823/1
f 2314/1823/1 2320/1833/1 2322/1835/1
f 2323/1836/1 2317/1828/1 2316/1826/1
f 2316/1826/1 2322/1835/1 2323/1836/1
f 2324/1837/1 2318/1830/1 2317/1828/1
f 2317/1828/1 2323/1836/1 2324/1837/1
f 2325/1838/1 2319/1832/1 2318/1830/1
f 2318/1830/1 2324/1837/1 2325/1838/1
f 2326/1839/1 2320/1833/1 2321/1834/1
f 2321/1834/1 2327/1840/1 2326/1839/1
f 2328/1841/1 2322/1835/1 2320/1833/1
f 2320/1833/1 2326/1839/1 2328/1841/1
f 2329/1842/1 2323/1836/1 2322/1835/1
f 2322/1835/1 2328/1841/1 2329/1842/1
f 2330/1843/1 2324/1837/1 2323/1836/1
f 2323/1836/1 2329/1842/1 2330/1843/1
f 2331/1844/1 2325/1838/1 2324/1837/1
f 2324/1837/1 2330/1843/1 2331/1844/1
f 2332/1845/1 2326/1839/1 2327/1840/1
f 2327/1840/1 2333/1846/1 2332/1845/1
f 2334/1847/1 2328/1841/1 2326/1839/1
f 2326/1839/1 2332/1845/1 2334/1847/1
f 2335/1848/1 2329/1842/1 2328/1841/1
f 2328/1841/1 2334/1847/1 2335/1848/1
f 2336/1849/1 2330/1843/1 2329/1842/1
f 2329/1842/1 2335/1848/1 2336/1849/1
f 2337/1850/1 2331/1844/1 2330/1843/1
f 2330/1843/1 2336/1849/1 2337/1850/1
f 2340/1851/1 2338/1847/1 2339/1845/1
f 2339/1845/1 2341/1852/1 2340/1851/1
f 2343/1853/1 2342/1848/1 2338/1847/1
f 2338/1847/1 2340/1851/1 2343/1853/1
f 2345/1854/1 2344/1849/1 2342/1848/1
f 2342/1848/1 2343/1853/1 2345/1854/1
f 2346/1855/1 2337/1850/1 2336/1849/1
f 2336/1849/1 2347/1854/1 2346/1855/1
f 2348/1856/1 2340/1851/1 2341/1852/1
f 2341/1852/1 2349/1857/1 2348/1856/1
f 2350/1858/1 2343/1853/1 2340/1851/1
f 2340/1851/1 2348/1856/1 2350/1858/1
f 2351/1859/1 2345/1854/1 2343/1853/1
f 2343/1853/1 2350/1858/1 2351/1859/1
f 2352/1860/1 2346/1855/1 2347/1854/1
f 2347/1854/1 2353/1859/1 2352/1860/1
f 2354/1861/1 2348/1856/1 2349/1857/1
f 2349/1857/1 2355/1862/1 2354/1861/1
f 2358/1863/1 2356/1858/1 2357/1856/1
f 2357/1856/1 2359/1861/1 2358/1863/1
f 2361/1864/1 2360/1859/1 2356/1858/1
f 2356/1858/1 2358/1863/1 2361/1864/1
f 2362/1865/1 2352/1860/1 2353/1859/1
f 2353/1859/1 2363/1864/1 2362/1865/1
f 2364/1868/3 2331/1866/3 2337/1867/3
f 2337/1867/3 2365/1869/3 2364/1868/3
f 2366/1870/3 2364/1868/3 2365/1869/3
f 2365/1869/3 2367/1871/3 2366/1870/3
f 2368/1872/3 2366/1870/3 2367/1871/3
f 2367/1871/3 2369/1873/3 2368/1872/3
f 2370/1874/3 2368/1872/3 2369/1873/3
f 2369/1873/3 2371/1875/3 2370/1874/3
f 2372/1876/3 2370/1874/3 2371/1875/3
f 2371/1875/3 2373/1877/3 2372/1876/3
f 2374/1878/3 2370/1874/3 2372/1876/3
f 2372/1876/3 2313/1879/3 2374/1878/3
f 2375/1451/3 2374/1878/3 2313/1879/3
f 2313/1879/3 2376/1433/3 2375/1451/3
f 2271/1452/3 2375/1451/3 2376/1433/3
f 2376/1433/3 2270/1434/3 2271/1452/3
f 2377/1478/3 2259/1454/3 2253/1455/3
f 2253/1455/3 2277/1479/3 2377/1478/3
f 2378/1477/3 2265/1453/3 2259/1454/3
f 2259/1454/3 2377/1478/3 2378/1477/3
f 2379/1617/3 2378/1477/3 2377/1478/3
f 2377/1478/3 2283/1624/3 2379/1617/3
f 2380/1476/3 2271/1452/3 2265/1453/3
f 2265/1453/3 2378/1477/3 2380/1476/3
f 2381/1604/3 2380/1476/3 2378/1477/3
f 2378/1477/3 2379/1617/3 2381/1604/3
f 2382/1606/3 2381/1604/3 2379/1617/3
f 2379/1617/3 2289/1618/3 2382/1606/3
f 2383/1475/3 2375/1451/3 2271/1452/3
f 2271/1452/3 2380/1476/3 2383/1475/3
f 2384/1603/3 2383/1475/3 2380/1476/3
f 2380/1476/3 2381/1604/3 2384/1603/3
f 2385/1605/3 2384/1603/3 2381/1604/3
f 2381/1604/3 2382/1606/3 2385/1605/3
f 2319/1607/3 2385/1605/3 2382/1606/3
f 2382/1606/3 2295/1608/3 2319/1607/3
f 2386/1880/3 2385/1605/3 2319/1607/3
f 2319/1607/3 2325/1881/3 2386/1880/3
f 2387/1882/3 2384/1603/3 2385/1605/3
f 2385/1605/3 2386/1880/3 2387/1882/3
f 2388/1883/3 2383/1475/3 2384/1603/3
f 2384/1603/3 2387/1882/3 2388/1883/3
f 2374/1878/3 2375/1451/3 2383/1475/3
f 2383/1475/3 2388/1883/3 2374/1878/3
f 2364/1868/3 2386/1880/3 2325/1881/3
f 2325/1881/3 2331/1866/3 2364/1868/3
f 2366/1870/3 2387/1882/3 2386/1880/3
f 2386/1880/3 2364/1868/3 2366/1870/3
f 2368/1872/3 2388/1883/3 2387/1882/3
f 2387/1882/3 2366/1870/3 2368/1872/3
f 2370/1874/3 2374/1878/3 2388/1883/3
f 2388/1883/3 2368/1872/3 2370/1874/3
f 2389/1886/4 2308/1884/4 2309/1885/4
f 2309/1885/4 2390/1887/4 2389/1886/4
f 2390/1887/4 2309/1885/4 2310/1888/4
f 2310/1888/4 2391/1889/4 2390/1887/4
f 2391/1889/4 2310/1888/4 2311/1890/4
f 2311/1890/4 2392/1891/4 2391/1889/4
f 2392/1891/4 2311/1890/4 2312/1892/4
f 2312/1892/4 2393/1893/4 2392/1891/4
f 2393/1893/4 2312/1892/4 2313/1894/4
f 2313/1894/4 2372/1895/4 2393/1893/4
f 2394/1896/4 2389/1886/4 2390/1887/4
f 2390/1887/4 2395/1897/4 2394/1896/4
f 2395/1897/4 2390/1887/4 2391/1889/4
f 2391/1889/4 2396/1898/4 2395/1897/4
f 2396/1898/4 2391/1889/4 2392/1891/4
f 2392/1891/4 2397/1899/4 2396/1898/4
f 2397/1899/4 2392/1891/4 2393/1893/4
f 2393/1893/4 2398/1900/4 2397/1899/4
f 2398/1900/4 2393/1893/4 2372/1895/4
f 2372/1895/4 2373/1901/4 2398/1900/4
f 2399/1902/4 2394/1896/4 2395/1897/4
f 2395/1897/4 2400/1903/4 2399/1902/4
f 2400/1903/4 2395/1897/4 2396/1898/4
f 2396/1898/4 2401/1904/4 2400/1903/4
f 2401/1904/4 2396/1898/4 2397/1899/4
f 2397/1899/4 2402/1905/4 2401/1904/4
f 2402/1905/4 2397/1899/4 2398/1900/4
f 2398/1900/4 2403/1906/4 2402/1905/4
f 2403/1906/4 2398/1900/4 2373/1901/4
f 2373/1901/4 2404/1907/4 2403/1906/4
f 2405/1908/4 2399/1902/4 2400/1903/4
f 2400/1903/4 2406/1909/4 2405/1908/4
f 2406/1909/4 2400/1903/4 2401/1904/4
f 2401/1904/4 2407/1910/4 2406/1909/4
f 2407/1910/4 2401/1904/4 2402/1905/4
f 2402/1905/4 2408/1911/4 2407/1910/4
f 2408/1911/4 2402/1905/4 2403/1906/4
f 2403/1906/4 2409/1912/4 2408/1911/4
f 2409/1912/4 2403/1906/4 2404/1907/4
f 2404/1907/4 2410/1913/4 2409/1912/4
f 2411/1914/4 2405/1908/4 2406/1909/4
f 2406/1909/4 2412/1915/4 2411/1914/4
f 2412/1915/4 2406/1909/4 2407/1910/4
f 2407/1910/4 2413/1916/4 2412/1915/4
f 2413/1916/4 2407/1910/4 2408/1911/4
f 2408/1911/4 2414/1917/4 2413/1916/4
f 2414/1917/4 2408/1911/4 2409/1912/4
f 2409/1912/4 2415/1918/4 2414/1917/4
f 2415/1918/4 2409/1912/4 2410/1913/4
f 2410/1913/4 2416/1919/4 2415/1918/4
f 2417/1922/9 2304/1920/9 2306/1921/9
f 2306/1921/9 2418/1923/9 2417/1922/9
f 2419/1925/9 2302/1924/9 2304/1920/9
f 2304/1920/9 2417/1922/9 2419/1925/9
f 2420/1927/9 2300/1926/9 2302/1924/9
f 2302/1924/9 2419/1925/9 2420/1927/9
f 2421/1929/9 2298/1928/9 2300/1926/9
f 2300/1926/9 2420/1927/9 2421/1929/9
f 2422/1931/9 2296/1930/9 2298/1928/9
f 2298/1928/9 2421/1929/9 2422/1931/9
f 2423/1839/1 2417/1833/1 2418/1834/1
f 2418/1834/1 2424/1840/1 2423/1839/1
f 2425/1841/1 2419/1835/1 2417/1833/1
f 2417/1833/1 2423/1839/1 2425/1841/1
f 2426/1842/1 2420/1836/1 2419/1835/1
f 2419/1835/1 2425/1841/1 2426/1842/1
f 2427/1843/1 2421/1837/1 2420/1836/1
f 2420/1836/1 2426/1842/1 2427/1843/1
f 2428/1844/1 2422/1838/1 2421/1837/1
f 2421/1837/1 2427/1843/1 2428/1844/1
f 2429/1850/1 2428/1844/1 2427/1843/1
f 2427/1843/1 2430/1849/1 2429/1850/1
f 2431/1855/1 2429/1850/1 2430/1849/1
f 2430/1849/1 2432/1854/1 2431/1855/1
f 2435/1857/1 2433/1852/1 2434/1932/1
f 2434/1932/1 2436/1933/1 2435/1857/1
f 2438/1856/1 2437/1851/1 2433/1852/1
f 2433/1852/1 2435/1857/1 2438/1856/1
f 2440/1858/1 2439/1853/1 2437/1851/1
f 2437/1851/1 2438/1856/1 2440/1858/1
f 2441/1859/1 2432/1854/1 2439/1853/1
f 2439/1853/1 2440/1858/1 2441/1859/1
f 2442/1860/1 2431/1855/1 2432/1854/1
f 2432/1854/1 2441/1859/1 2442/1860/1
f 2443/1862/1 2435/1857/1 2436/1933/1
f 2436/1933/1 2444/1934/1 2443/1862/1
f 2445/1861/1 2438/1856/1 2435/1857/1
f 2435/1857/1 2443/1862/1 2445/1861/1
f 2446/1863/1 2440/1858/1 2438/1856/1
f 2438/1856/1 2445/1861/1 2446/1863/1
f 2447/1864/1 2441/1859/1 2440/1858/1
f 2440/1858/1 2446/1863/1 2447/1864/1
f 2448/1865/1 2442/1860/1 2441/1859/1
f 2441/1859/1 2447/1864/1 2448/1865/1
f 2449/1937/10 2229/1935/10 2247/1936/10
f 2247/1936/10 2450/1938/10 2449/1937/10
f 2450/1938/10 2247/1936/10 2246/1939/10
f 2246/1939/10 2451/1940/10 2450/1938/10
f 2451/1940/10 2246/1939/10 2245/1941/10
f 2245/1941/10 2452/1942/10 2451/1940/10
f 2452/1942/10 2245/1941/10 2244/1943/10
f 2244/1943/10 2453/1944/10 2452/1942/10
f 2453/1944/10 2244/1943/10 2243/1945/10
f 2243/1945/10 2454/1946/10 2453/1944/10
f 2455/1947/10 2449/1937/10 2450/1938/10
f 2450/1938/10 2456/1948/10 2455/1947/10
f 2456/1948/10 2450/1938/10 2451/1940/10
f 2451/1940/10 2457/1949/10 2456/1948/10
f 2457/1949/10 2451/1940/10 2452/1942/10
f 2452/1942/10 2458/1950/10 2457/1949/10
f 2458/1950/10 2452/1942/10 2453/1944/10
f 2453/1944/10 2459/1951/10 2458/1950/10
f 2459/1951/10 2453/1944/10 2454/1946/10
f 2454/1946/10 2460/1952/10 2459/1951/10
f 2461/1953/10 2455/1947/10 2456/1948/10
f 2456/1948/10 2462/1954/10 2461/1953/10
f 2462/1954/10 2456/1948/10 2457/1949/10
f 2457/1949/10 2463/1955/10 2462/1954/10
f 2463/1955/10 2457/1949/10 2458/1950/10
f 2458/1950/10 2464/1956/10 2463/1955/10
f 2464/1956/10 2458/1950/10 2459/1951/10
f 2459/1951/10 2465/1957/10 2464/1956/10
f 2465/1957/10 2459/1951/10 2460/1952/10
f 2460/1952/10 2466/1958/10 2465/1957/10
f 2467/1959/10 2461/1953/10 2462/1954/10
f 2462/1954/10 2468/1960/10 2467/1959/10
f 2468/1960/10 2462/1954/10 2463/1955/10
f 2463/1955/10 2469/1961/10 2468/1960/10
f 2469/1961/10 2463/1955/10 2464/1956/10
f 2464/1956/10 2470/1962/10 2469/1961/10
f 2470/1962/10 2464/1956/10 2465/1957/10
f 2465/1957/10 2471/1963/10 2470/1962/10
f 2471/1963/10 2465/1957/10 2466/1958/10
f 2466/1958/10 2472/1964/10 2471/1963/10
f 2473/1967/4 2467/1965/4 2468/1966/4
f 2468/1966/4 2474/1968/4 2473/1967/4
f 2474/1968/4 2468/1966/4 2469/1969/4
f 2469/1969/4 2475/1970/4 2474/1968/4
f 2475/1970/4 2469/1969/4 2470/1971/4
f 2470/1971/4 2476/1972/4 2475/1970/4
f 2476/1972/4 2470/1971/4 2471/1973/4
f 2471/1973/4 2477/1974/4 2476/1972/4
f 2477/1974/4 2471/1973/4 2472/1975/4
f 2472/1975/4 2478/1976/4 2477/1974/4
f 2479/1884/4 2473/1967/4 2474/1968/4
f 2474/1968/4 2480/1885/4 2479/1884/4
f 2480/1885/4 2474/1968/4 2475/1970/4
f 2475/1970/4 2481/1888/4 2480/1885/4
f 2481/1888/4 2475/1970/4 2476/1972/4
f 2476/1972/4 2482/1890/4 2481/1888/4
f 2482/1890/4 2476/1972/4 2477/1974/4
f 2477/1974/4 2483/1892/4 2482/1890/4
f 2483/1892/4 2477/1974/4 2478/1976/4
f 2478/1976/4 2484/1894/4 2483/1892/4
f 2269/1400/3 2297/1399/3 2296/1312/3
f 2296/1312/3 2268/1311/3 2269/1400/3
f 2263/1404/3 2269/1400/3 2268/1311/3
f 2268/1311/3 2262/1310/3 2263/1404/3
f 2376/1433/3 2297/1399/3 2269/1400/3
f 2269/1400/3 2270/1434/3 2376/1433/3
f 2485/1188/3 2267/1189/3 2268/1311/3
f 2268/1311/3 2296/1312/3 2485/1188/3
f 2266/489/3 2267/1189/3 2485/1188/3
f 2485/1188/3 2486/1187/3 2266/489/3
f 2487/1977/3 2486/1187/3 2485/1188/3
f 2485/1188/3 2422/1978/3 2487/1977/3
f 2454/485/3 2248/483/3 2254/486/3
f 2254/486/3 2488/487/3 2454/485/3
f 2489/488/3 2488/487/3 2254/486/3
f 2254/486/3 2260/479/3 2489/488/3
f 2460/493/3 2488/487/3 2489/488/3
f 2489/488/3 2490/494/3 2460/493/3
f 2491/495/3 2490/494/3 2489/488/3
f 2489/488/3 2492/490/3 2491/495/3
f 2466/499/3 2490/494/3 2491/495/3
f 2491/495/3 2493/500/3 2466/499/3
f 2494/1104/3 2493/500/3 2491/495/3
f 2491/495/3 2495/1102/3 2494/1104/3
f 2472/505/3 2493/500/3 2494/1104/3
f 2494/1104/3 2478/1105/3 2472/505/3
f 2484/1979/3 2478/1105/3 2494/1104/3
f 2494/1104/3 2496/1980/3 2484/1979/3
f 2496/1980/3 2494/1104/3 2495/1102/3
f 2495/1102/3 2497/1981/3 2496/1980/3
f 2495/1102/3 2491/495/3 2492/490/3
f 2492/490/3 2498/1103/3 2495/1102/3
f 2497/1981/3 2495/1102/3 2498/1103/3
f 2498/1103/3 2499/1982/3 2497/1981/3
f 2492/490/3 2489/488/3 2260/479/3
f 2260/479/3 2266/489/3 2492/490/3
f 2498/1103/3 2492/490/3 2266/489/3
f 2266/489/3 2486/1187/3 2498/1103/3
f 2499/1982/3 2498/1103/3 2486/1187/3
f 2486/1187/3 2487/1977/3 2499/1982/3
f 2500/1983/4 2415/1918/4 2416/1919/4
f 2416/1919/4 2501/1984/4 2500/1983/4
f 2502/1985/4 2411/1914/4 2412/1915/4
f 2412/1915/4 2503/1986/4 2502/1985/4
f 2503/1986/4 2412/1915/4 2413/1916/4
f 2413/1916/4 2504/1987/4 2503/1986/4
f 2504/1987/4 2413/1916/4 2414/1917/4
f 2414/1917/4 2505/1988/4 2504/1987/4
f 2505/1988/4 2414/1917/4 2415/1918/4
f 2415/1918/4 2500/1983/4 2505/1988/4
f 2506/1886/4 2479/1884/4 2480/1885/4
f 2480/1885/4 2507/1887/4 2506/1886/4
f 2507/1887/4 2480/1885/4 2481/1888/4
f 2481/1888/4 2508/1889/4 2507/1887/4
f 2508/1889/4 2481/1888/4 2482/1890/4
f 2482/1890/4 2509/1891/4 2508/1889/4
f 2509/1891/4 2482/1890/4 2483/1892/4
f 2483/1892/4 2510/1893/4 2509/1891/4
f 2510/1893/4 2483/1892/4 2484/1894/4
f 2484/1894/4 2511/1895/4 2510/1893/4
f 2512/1896/4 2506/1886/4 2507/1887/4
f 2507/1887/4 2513/1897/4 2512/1896/4
f 2513/1897/4 2507/1887/4 2508/1889/4
f 2508/1889/4 2514/1898/4 2513/1897/4
f 2514/1898/4 2508/1889/4 2509/1891/4
f 2509/1891/4 2515/1899/4 2514/1898/4
f 2515/1899/4 2509/1891/4 2510/1893/4
f 2510/1893/4 2516/1900/4 2515/1899/4
f 2516/1900/4 2510/1893/4 2511/1895/4
f 2511/1895/4 2517/1901/4 2516/1900/4
f 2518/1902/4 2512/1896/4 2513/1897/4
f 2513/1897/4 2519/1903/4 2518/1902/4
f 2519/1903/4 2513/1897/4 2514/1898/4
f 2514/1898/4 2520/1904/4 2519/1903/4
f 2520/1904/4 2514/1898/4 2515/1899/4
f 2515/1899/4 2521/1905/4 2520/1904/4
f 2521/1905/4 2515/1899/4 2516/1900/4
f 2516/1900/4 2522/1906/4 2521/1905/4
f 2522/1906/4 2516/1900/4 2517/1901/4
f 2517/1901/4 2523/1907/4 2522/1906/4
f 2524/1908/4 2518/1902/4 2519/1903/4
f 2519/1903/4 2525/1909/4 2524/1908/4
f 2525/1909/4 2519/1903/4 2520/1904/4
f 2520/1904/4 2526/1910/4 2525/1909/4
f 2526/1910/4 2520/1904/4 2521/1905/4
f 2521/1905/4 2527/1911/4 2526/1910/4
f 2527/1911/4 2521/1905/4 2522/1906/4
f 2522/1906/4 2528/1912/4 2527/1911/4
f 2528/1912/4 2522/1906/4 2523/1907/4
f 2523/1907/4 2529/1913/4 2528/1912/4
f 2530/1914/4 2524/1908/4 2525/1909/4
f 2525/1909/4 2531/1915/4 2530/1914/4
f 2531/1915/4 2525/1909/4 2526/1910/4
f 2526/1910/4 2532/1916/4 2531/1915/4
f 2532/1916/4 2526/1910/4 2527/1911/4
f 2527/1911/4 2533/1917/4 2532/1916/4
f 2533/1917/4 2527/1911/4 2528/1912/4
f 2528/1912/4 2534/1918/4 2533/1917/4
f 2534/1918/4 2528/1912/4 2529/1913/4
f 2529/1913/4 2535/1919/4 2534/1918/4
f 2536/1985/4 2530/1914/4 2531/1915/4
f 2531/1915/4 2537/1986/4 2536/1985/4
f 2537/1986/4 2531/1915/4 2532/1916/4
f 2532/1916/4 2538/1987/4 2537/1986/4
f 2538/1987/4 2532/1916/4 2533/1917/4
f 2533/1917/4 2539/1988/4 2538/1987/4
f 2539/1988/4 2533/1917/4 2534/1918/4
f 2534/1918/4 2540/1983/4 2539/1988/4
f 2540/1983/4 2534/1918/4 2535/1919/4
f 2535/1919/4 2541/1984/4 2540/1983/4
f 2542/1989/10 2502/1959/10 2503/1960/10
f 2503/1960/10 2543/1990/10 2542/1989/10
f 2543/1990/10 2503/1960/10 2504/1961/10
f 2504/1961/10 2544/1991/10 2543/1990/10
f 2544/1991/10 2504/1961/10 2505/1962/10
f 2505/1962/10 2545/1992/10 2544/1991/10
f 2545/1992/10 2505/1962/10 2500/1963/10
f 2500/1963/10 2546/1993/10 2545/1992/10
f 2546/1993/10 2500/1963/10 2501/1964/10
f 2501/1964/10 2547/1994/10 2546/1993/10
f 2548/1308/6 2542/1412/6 2543/1409/6
f 2543/1409/6 2549/1307/6 2548/1308/6
f 2549/1307/6 2543/1409/6 2544/1407/6
f 2544/1407/6 2550/1309/6 2549/1307/6
f 2550/1309/6 2544/1407/6 2545/1404/6
f 2545/1404/6 2551/1310/6 2550/1309/6
f 2551/1310/6 2545/1404/6 2546/1400/6
f 2546/1400/6 2552/1311/6 2551/1310/6
f 2552/1311/6 2546/1400/6 2547/1399/6
f 2547/1399/6 2553/1312/6 2552/1311/6
f 2554/1804/7 2548/1995/7 2549/1996/7
f 2549/1996/7 2555/1803/7 2554/1804/7
f 2555/1803/7 2549/1996/7 2550/1997/7
f 2550/1997/7 2556/1805/7 2555/1803/7
f 2556/1805/7 2550/1997/7 2551/1998/7
f 2551/1998/7 2557/1806/7 2556/1805/7
f 2557/1806/7 2551/1998/7 2552/1999/7
f 2552/1999/7 2558/1807/7 2557/1806/7
f 2558/1807/7 2552/1999/7 2553/2000/7
f 2553/2000/7 2559/1808/7 2558/1807/7
f 2444/1934/1 2554/2001/1 2555/2002/1
f 2555/2002/1 2443/1862/1 2444/1934/1
f 2443/1862/1 2555/2002/1 2556/2003/1
f 2556/2003/1 2445/1861/1 2443/1862/1
f 2445/1861/1 2556/2003/1 2557/2004/1
f 2557/2004/1 2446/1863/1 2445/1861/1
f 2446/1863/1 2557/2004/1 2558/2005/1
f 2558/2005/1 2447/1864/1 2446/1863/1
f 2447/1864/1 2558/2005/1 2559/2006/1
f 2559/2006/1 2448/1865/1 2447/1864/1
f 2560/347/2 2233/346/2 2232/340/2
f 2232/340/2 2561/341/2 2560/347/2
f 2561/341/2 2232/340/2 2231/334/2
f 2231/334/2 2562/335/2 2561/341/2
f 2562/335/2 2231/334/2 2230/328/2
f 2230/328/2 2563/329/2 2562/335/2
f 2563/329/2 2230/328/2 2228/318/2
f 2228/318/2 2564/319/2 2563/329/2
f 2564/319/2 2228/318/2 2229/316/2
f 2229/316/2 2565/317/2 2564/319/2
f 2566/348/2 2560/347/2 2561/341/2
f 2561/341/2 2567/342/2 2566/348/2
f 2567/342/2 2561/341/2 2562/335/2
f 2562/335/2 2568/336/2 2567/342/2
f 2568/336/2 2562/335/2 2563/329/2
f 2563/329/2 2569/330/2 2568/336/2
f 2569/330/2 2563/329/2 2564/319/2
f 2564/319/2 2570/321/2 2569/330/2
f 2570/321/2 2564/319/2 2565/317/2
f 2565/317/2 2571/320/2 2570/321/2
f 2572/349/2 2566/348/2 2567/342/2
f 2567/342/2 2573/343/2 2572/349/2
f 2573/343/2 2567/342/2 2568/336/2
f 2568/336/2 2574/337/2 2573/343/2
f 2574/337/2 2568/336/2 2569/330/2
f 2569/330/2 2575/331/2 2574/337/2
f 2575/331/2 2569/330/2 2570/321/2
f 2570/321/2 2576/323/2 2575/331/2
f 2576/323/2 2570/321/2 2571/320/2
f 2571/320/2 2577/322/2 2576/323/2
f 2578/350/2 2572/349/2 2573/343/2
f 2573/343/2 2579/344/2 2578/350/2
f 2579/344/2 2573/343/2 2574/337/2
f 2574/337/2 2580/338/2 2579/344/2
f 2580/338/2 2574/337/2 2575/331/2
f 2575/331/2 2581/332/2 2580/338/2
f 2581/332/2 2575/331/2 2576/323/2
f 2576/323/2 2582/325/2 2581/332/2
f 2582/325/2 2576/323/2 2577/322/2
f 2577/322/2 2583/324/2 2582/325/2
f 2584/351/2 2578/350/2 2579/344/2
f 2579/344/2 2585/345/2 2584/351/2
f 2585/345/2 2579/344/2 2580/338/2
f 2580/338/2 2307/339/2 2585/345/2
f 2307/339/2 2580/338/2 2581/332/2
f 2581/332/2 2306/333/2 2307/339/2
f 2306/333/2 2581/332/2 2582/325/2
f 2582/325/2 2586/327/2 2306/333/2
f 2586/327/2 2582/325/2 2583/324/2
f 2583/324/2 2587/326/2 2586/327/2
f 2511/2007/3 2484/1979/3 2496/1980/3
f 2496/1980/3 2588/2008/3 2511/2007/3
f 2588/2008/3 2496/1980/3 2497/1981/3
f 2497/1981/3 2589/2009/3 2588/2008/3
f 2589/2009/3 2497/1981/3 2499/1982/3
f 2499/1982/3 2590/2010/3 2589/2009/3
f 2590/2010/3 2499/1982/3 2487/1977/3
f 2487/1977/3 2591/2011/3 2590/2010/3
f 2591/2011/3 2487/1977/3 2422/1978/3
f 2422/1978/3 2428/2012/3 2591/2011/3
f 2517/2013/3 2511/2007/3 2588/2008/3
f 2588/2008/3 2592/2014/3 2517/2013/3
f 2592/2014/3 2588/2008/3 2589/2009/3
f 2589/2009/3 2593/2015/3 2592/2014/3
f 2593/2015/3 2589/2009/3 2590/2010/3
f 2590/2010/3 2594/2016/3 2593/2015/3
f 2594/2016/3 2590/2010/3 2591/2011/3
f 2591/2011/3 2595/2017/3 2594/2016/3
f 2595/2017/3 2591/2011/3 2428/2012/3
f 2428/2012/3 2429/2018/3 2595/2017/3
f 2523/2019/3 2517/2013/3 2592/2014/3
f 2592/2014/3 2596/2020/3 2523/2019/3
f 2596/2020/3 2592/2014/3 2593/2015/3
f 2593/2015/3 2597/2021/3 2596/2020/3
f 2597/2021/3 2593/2015/3 2594/2016/3
f 2594/2016/3 2598/2022/3 2597/2021/3
f 2598/2022/3 2594/2016/3 2595/2017/3
f 2595/2017/3 2599/2023/3 2598/2022/3
f 2599/2023/3 2595/2017/3 2429/2018/3
f 2429/2018/3 2431/2024/3 2599/2023/3
f 2404/2025/3 2373/1877/3 2371/1875/3
f 2371/1875/3 2600/2026/3 2404/2025/3
f 2600/2026/3 2371/1875/3 2369/1873/3
f 2369/1873/3 2601/2027/3 2600/2026/3
f 2601/2027/3 2369/1873/3 2367/1871/3
f 2367/1871/3 2602/2028/3 2601/2027/3
f 2602/2028/3 2367/1871/3 2365/1869/3
f 2365/1869/3 2603/2029/3 2602/2028/3
f 2603/2029/3 2365/1869/3 2337/1867/3
f 2337/1867/3 2346/2030/3 2603/2029/3
f 2529/2031/3 2523/2019/3 2596/2020/3
f 2596/2020/3 2604/2032/3 2529/2031/3
f 2604/2032/3 2596/2020/3 2597/2021/3
f 2597/2021/3 2605/2033/3 2604/2032/3
f 2605/2033/3 2597/2021/3 2598/2022/3
f 2598/2022/3 2606/2034/3 2605/2033/3
f 2606/2034/3 2598/2022/3 2599/2023/3
f 2599/2023/3 2607/2035/3 2606/2034/3
f 2607/2035/3 2599/2023/3 2431/2024/3
f 2431/2024/3 2442/2036/3 2607/2035/3
f 2410/2037/3 2404/2025/3 2600/2026/3
f 2600/2026/3 2608/2038/3 2410/2037/3
f 2608/2038/3 2600/2026/3 2601/2027/3
f 2601/2027/3 2609/2039/3 2608/2038/3
f 2609/2039/3 2601/2027/3 2602/2028/3
f 2602/2028/3 2610/2040/3 2609/2039/3
f 2610/2040/3 2602/2028/3 2603/2029/3
f 2603/2029/3 2611/2041/3 2610/2040/3
f 2611/2041/3 2603/2029/3 2346/2030/3
f 2346/2030/3 2352/2042/3 2611/2041/3
f 2535/2043/3 2529/2031/3 2604/2032/3
f 2604/2032/3 2612/2044/3 2535/2043/3
f 2612/2044/3 2604/2032/3 2605/2033/3
f 2605/2033/3 2613/2045/3 2612/2044/3
f 2613/2045/3 2605/2033/3 2606/2034/3
f 2606/2034/3 2614/2046/3 2613/2045/3
f 2614/2046/3 2606/2034/3 2607/2035/3
f 2607/2035/3 2615/2047/3 2614/2046/3
f 2615/2047/3 2607/2035/3 2442/2036/3
f 2442/2036/3 2448/2048/3 2615/2047/3
f 2416/2049/3 2410/2037/3 2608/2038/3
f 2608/2038/3 2616/2050/3 2416/2049/3
f 2616/2050/3 2608/2038/3 2609/2039/3
f 2609/2039/3 2617/2051/3 2616/2050/3
f 2617/2051/3 2609/2039/3 2610/2040/3
f 2610/2040/3 2618/2052/3 2617/2051/3
f 2618/2052/3 2610/2040/3 2611/2041/3
f 2611/2041/3 2619/2053/3 2618/2052/3
f 2619/2053/3 2611/2041/3 2352/2042/3
f 2352/2042/3 2362/2054/3 2619/2053/3
f 2541/2055/3 2535/2043/3 2612/2044/3
f 2612/2044/3 2620/2056/3 2541/2055/3
f 2620/2056/3 2612/2044/3 2613/2045/3
f 2613/2045/3 2621/2057/3 2620/2056/3
f 2621/2057/3 2613/2045/3 2614/2046/3
f 2614/2046/3 2622/2058/3 2621/2057/3
f 2622/2058/3 2614/2046/3 2615/2047/3
f 2615/2047/3 2623/2059/3 2622/2058/3
f 2623/2059/3 2615/2047/3 2448/2048/3
f 2448/2048/3 2559/2060/3 2623/2059/3
f 2501/2061/3 2416/2049/3 2616/2050/3
f 2616/2050/3 2624/2062/3 2501/2061/3
f 2624/2062/3 2616/2050/3 2617/2051/3
f 2617/2051/3 2625/2063/3 2624/2062/3
f 2625/2063/3 2617/2051/3 2618/2052/3
f 2618/2052/3 2626/2064/3 2625/2063/3
f 2626/2064/3 2618/2052/3 2619/2053/3
f 2619/2053/3 2627/2065/3 2626/2064/3
f 2627/2065/3 2619/2053/3 2362/2054/3
f 2362/2054/3 2628/2066/3 2627/2065/3
f 2629/2067/3 2541/2055/3 2620/2056/3
f 2620/2056/3 2630/2068/3 2629/2067/3
f 2630/2068/3 2620/2056/3 2621/2057/3
f 2621/2057/3 2631/2069/3 2630/2068/3
f 2631/2069/3 2621/2057/3 2622/2058/3
f 2622/2058/3 2632/2070/3 2631/2069/3
f 2632/2070/3 2622/2058/3 2623/2059/3
f 2623/2059/3 2633/2071/3 2632/2070/3
f 2633/2071/3 2623/2059/3 2559/2060/3
f 2559/2060/3 2634/2072/3 2633/2071/3
f 2635/2073/3 2501/2061/3 2624/2062/3
f 2624/2062/3 2636/2074/3 2635/2073/3
f 2636/2074/3 2624/2062/3 2625/2063/3
f 2625/2063/3 2637/2075/3 2636/2074/3
f 2637/2075/3 2625/2063/3 2626/2064/3
f 2626/2064/3 2638/2076/3 2637/2075/3
f 2638/2076/3 2626/2064/3 2627/2065/3
f 2627/2065/3 2639/2077/3 2638/2076/3
f 2639/2077/3 2627/2065/3 2628/2066/3
f 2628/2066/3 2640/2078/3 2639/2077/3
f 2641/2079/3 2629/2067/3 2630/2068/3
f 2630/2068/3 2642/2080/3 2641/2079/3
f 2642/2080/3 2630/2068/3 2631/2069/3
f 2631/2069/3 2643/2081/3 2642/2080/3
f 2643/2081/3 2631/2069/3 2632/2070/3
f 2632/2070/3 2644/2082/3 2643/2081/3
f 2644/2082/3 2632/2070/3 2633/2071/3
f 2633/2071/3 2645/2083/3 2644/2082/3
f 2645/2083/3 2633/2071/3 2634/2072/3
f 2634/2072/3 2646/2084/3 2645/2083/3
f 2647/2085/3 2635/2073/3 2636/2074/3
f 2636/2074/3 2648/2086/3 2647/2085/3
f 2648/2086/3 2636/2074/3 2637/2075/3
f 2637/2075/3 2649/2087/3 2648/2086/3
f 2649/2087/3 2637/2075/3 2638/2076/3
f 2638/2076/3 2650/2088/3 2649/2087/3
f 2650/2088/3 2638/2076/3 2639/2077/3
f 2639/2077/3 2651/2089/3 2650/2088/3
f 2651/2089/3 2639/2077/3 2640/2078/3
f 2640/2078/3 2652/2090/3 2651/2089/3
f 2653/2091/3 2642/2080/3 2643/2081/3
f 2643/2081/3 2654/2092/3 2653/2091/3
f 2654/2092/3 2643/2081/3 2644/2082/3
f 2644/2082/3 2655/2093/3 2654/2092/3
f 2655/2093/3 2644/2082/3 2645/2083/3
f 2645/2083/3 2656/2094/3 2655/2093/3
f 2656/2094/3 2645/2083/3 2646/2084/3
f 2646/2084/3 2657/2095/3 2656/2094/3
f 2658/2096/3 2647/2085/3 2648/2086/3
f 2648/2086/3 2659/2097/3 2658/2096/3
f 2659/2097/3 2648/2086/3 2649/2087/3
f 2649/2087/3 2660/2098/3 2659/2097/3
f 2660/2098/3 2649/2087/3 2650/2088/3
f 2650/2088/3 2661/2099/3 2660/2098/3
f 2661/2099/3 2650/2088/3 2651/2089/3
f 2651/2089/3 2662/2100/3 2661/2099/3
f 2663/2101/3 2654/2092/3 2655/2093/3
f 2655/2093/3 2664/2102/3 2663/2101/3
f 2664/2102/3 2655/2093/3 2656/2094/3
f 2656/2094/3 2665/2103/3 2664/2102/3
f 2665/2103/3 2656/2094/3 2657/2095/3
f 2657/2095/3 2666/2104/3 2665/2103/3
f 2667/2105/3 2658/2096/3 2659/2097/3
f 2659/2097/3 2668/2106/3 2667/2105/3
f 2668/2106/3 2659/2097/3 2660/2098/3
f 2660/2098/3 2669/2107/3 2668/2106/3
f 2669/2107/3 2660/2098/3 2661/2099/3
f 2661/2099/3 2670/2108/3 2669/2107/3
f 2671/2109/3 2664/2102/3 2665/2103/3
f 2665/2103/3 2672/2110/3 2671/2109/3
f 2672/2110/3 2665/2103/3 2666/2104/3
f 2666/2104/3 2673/2111/3 2672/2110/3
f 2674/2112/3 2667/2105/3 2668/2106/3
f 2668/2106/3 2675/2113/3 2674/2112/3
f 2675/2113/3 2668/2106/3 2669/2107/3
f 2669/2107/3 2676/2114/3 2675/2113/3
f 2677/2115/4 2536/1985/4 2537/1986/4
f 2537/1986/4 2678/2116/4 2677/2115/4
f 2678/2116/4 2537/1986/4 2538/1987/4
f 2538/1987/4 2679/2117/4 2678/2116/4
f 2679/2117/4 2538/1987/4 2539/1988/4
f 2539/1988/4 2680/2118/4 2679/2117/4
f 2680/2118/4 2539/1988/4 2540/1983/4
f 2540/1983/4 2681/2119/4 2680/2118/4
f 2681/2119/4 2540/1983/4 2541/1984/4
f 2541/1984/4 2629/2120/4 2681/2119/4
f 2682/2121/4 2677/2115/4 2678/2116/4
f 2678/2116/4 2683/2122/4 2682/2121/4
f 2683/2122/4 2678/2116/4 2679/2117/4
f 2679/2117/4 2684/2123/4 2683/2122/4
f 2684/2123/4 2679/2117/4 2680/2118/4
f 2680/2118/4 2685/2124/4 2684/2123/4
f 2685/2124/4 2680/2118/4 2681/2119/4
f 2681/2119/4 2686/2125/4 2685/2124/4
f 2686/2125/4 2681/2119/4 2629/2120/4
f 2629/2120/4 2641/2126/4 2686/2125/4
f 2687/2127/8 2682/1811/8 2683/1812/8
f 2683/1812/8 2688/2128/8 2687/2127/8
f 2688/2128/8 2683/1812/8 2684/1814/8
f 2684/1814/8 2689/2129/8 2688/2128/8
f 2689/2129/8 2684/1814/8 2685/1816/8
f 2685/1816/8 2690/2130/8 2689/2129/8
f 2690/2130/8 2685/1816/8 2686/1818/8
f 2686/1818/8 2691/2131/8 2690/2130/8
f 2691/2131/8 2686/1818/8 2641/1820/8
f 2641/1820/8 2653/2132/8 2691/2131/8
f 2692/2133/8 2687/2127/8 2688/2128/8
f 2688/2128/8 2693/2134/8 2692/2133/8
f 2693/2134/8 2688/2128/8 2689/2129/8
f 2689/2129/8 2694/2135/8 2693/2134/8
f 2694/2135/8 2689/2129/8 2690/2130/8
f 2690/2130/8 2695/2136/8 2694/2135/8
f 2695/2136/8 2690/2130/8 2691/2131/8
f 2691/2131/8 2696/2137/8 2695/2136/8
f 2696/2137/8 2691/2131/8 2653/2132/8
f 2653/2132/8 2663/2138/8 2696/2137/8
f 2697/2139/8 2692/2133/8 2693/2134/8
f 2693/2134/8 2698/2140/8 2697/2139/8
f 2698/2140/8 2693/2134/8 2694/2135/8
f 2694/2135/8 2699/2141/8 2698/2140/8
f 2699/2141/8 2694/2135/8 2695/2136/8
f 2695/2136/8 2700/2142/8 2699/2141/8
f 2700/2142/8 2695/2136/8 2696/2137/8
f 2696/2137/8 2701/2143/8 2700/2142/8
f 2701/2143/8 2696/2137/8 2663/2138/8
f 2663/2138/8 2671/2144/8 2701/2143/8
f 2702/2145/8 2697/2139/8 2698/2140/8
f 2698/2140/8 2703/2146/8 2702/2145/8
f 2703/2146/8 2698/2140/8 2699/2141/8
f 2699/2141/8 2704/2147/8 2703/2146/8
f 2704/2147/8 2699/2141/8 2700/2142/8
f 2700/2142/8 2705/2148/8 2704/2147/8
f 2705/2148/8 2700/2142/8 2701/2143/8
f 2701/2143/8 2706/2149/8 2705/2148/8
f 2706/2149/8 2701/2143/8 2671/2144/8
f 2671/2144/8 2707/2150/8 2706/2149/8
f 2708/2151/3 2666/2104/3 2657/2095/3
f 2657/2095/3 2709/2152/3 2708/2151/3
f 2710/2153/3 2673/2111/3 2666/2104/3
f 2666/2104/3 2708/2151/3 2710/2153/3
f 2709/2152/3 2657/2095/3 2646/2084/3
f 2646/2084/3 2711/2154/3 2709/2152/3
f 2711/2154/3 2646/2084/3 2634/2072/3
f 2634/2072/3 2553/2155/3 2711/2154/3
f 2712/2156/3 2708/2151/3 2709/2152/3
f 2709/2152/3 2713/2157/3 2712/2156/3
f 2714/2158/3 2710/2153/3 2708/2151/3
f 2708/2151/3 2712/2156/3 2714/2158/3
f 2713/2157/3 2709/2152/3 2711/2154/3
f 2711/2154/3 2715/2159/3 2713/2157/3
f 2715/2159/3 2711/2154/3 2553/2155/3
f 2553/2155/3 2547/2160/3 2715/2159/3
f 2667/2105/3 2712/2156/3 2713/2157/3
f 2713/2157/3 2658/2096/3 2667/2105/3
f 2674/2112/3 2714/2158/3 2712/2156/3
f 2712/2156/3 2667/2105/3 2674/2112/3
f 2658/2096/3 2713/2157/3 2715/2159/3
f 2715/2159/3 2647/2085/3 2658/2096/3
f 2647/2085/3 2715/2159/3 2547/2160/3
f 2547/2160/3 2635/2073/3 2647/2085/3
f 2707/2161/3 2672/2110/3 2673/2111/3
f 2673/2111/3 2716/2162/3 2707/2161/3
f 2716/2162/3 2673/2111/3 2710/2153/3
f 2710/2153/3 2717/2163/3 2716/2162/3
f 2717/2163/3 2710/2153/3 2714/2158/3
f 2714/2158/3 2718/2164/3 2717/2163/3
f 2718/2164/3 2714/2158/3 2674/2112/3
f 2674/2112/3 2719/2165/3 2718/2164/3
f 2719/2165/3 2674/2112/3 2675/2113/3
f 2675/2113/3 2720/2166/3 2719/2165/3
f 2721/2167/3 2707/2161/3 2716/2162/3
f 2716/2162/3 2722/2168/3 2721/2167/3
f 2722/2168/3 2716/2162/3 2717/2163/3
f 2717/2163/3 2723/2169/3 2722/2168/3
f 2723/2169/3 2717/2163/3 2718/2164/3
f 2718/2164/3 2724/2170/3 2723/2169/3
f 2724/2170/3 2718/2164/3 2719/2165/3
f 2719/2165/3 2725/2171/3 2724/2170/3
f 2725/2171/3 2719/2165/3 2720/2166/3
f 2720/2166/3 2726/2172/3 2725/2171/3
f 2727/2173/3 2721/2167/3 2722/2168/3
f 2722/2168/3 2728/2174/3 2727/2173/3
f 2728/2174/3 2722/2168/3 2723/2169/3
f 2723/2169/3 2729/2175/3 2728/2174/3
f 2729/2175/3 2723/2169/3 2724/2170/3
f 2724/2170/3 2730/2176/3 2729/2175/3
f 2730/2176/3 2724/2170/3 2725/2171/3
f 2725/2171/3 2731/2177/3 2730/2176/3
f 2731/2177/3 2725/2171/3 2726/2172/3
f 2726/2172/3 2732/2178/3 2731/2177/3
f 2733/2179/3 2727/2173/3 2728/2174/3
f 2728/2174/3 2734/2180/3 2733/2179/3
f 2734/2180/3 2728/2174/3 2729/2175/3
f 2729/2175/3 2735/2181/3 2734/2180/3
f 2735/2181/3 2729/2175/3 2730/2176/3
f 2730/2176/3 2736/2182/3 2735/2181/3
f 2736/2182/3 2730/2176/3 2731/2177/3
f 2731/2177/3 2737/2183/3 2736/2182/3
f 2737/2183/3 2731/2177/3 2732/2178/3
f 2732/2178/3 2738/2184/3 2737/2183/3
f 2739/2003/1 2354/1861/1 2355/1862/1
f 2355/1862/1 2740/2002/1 2739/2003/1
f 2742/2004/1 2741/1863/1 2354/1861/1
f 2354/1861/1 2739/2003/1 2742/2004/1
f 2744/2005/1 2743/1864/1 2741/1863/1
f 2741/1863/1 2742/2004/1 2744/2005/1
f 2628/2006/1 2362/1865/1 2363/1864/1
f 2363/1864/1 2745/2005/1 2628/2006/1
f 2748/2185/1 2746/2002/1 2747/2001/1
f 2747/2001/1 2749/2186/1 2748/2185/1
f 2751/2187/1 2750/2003/1 2746/2002/1
f 2746/2002/1 2748/2185/1 2751/2187/1
f 2753/2188/1 2752/2004/1 2750/2003/1
f 2750/2003/1 2751/2187/1 2753/2188/1
f 2754/2189/1 2745/2005/1 2752/2004/1
f 2752/2004/1 2753/2188/1 2754/2189/1
f 2640/2190/1 2628/2006/1 2745/2005/1
f 2745/2005/1 2754/2189/1 2640/2190/1
f 2755/2191/1 2748/2185/1 2749/2186/1
f 2749/2186/1 2756/2192/1 2755/2191/1
f 2757/2193/1 2751/2187/1 2748/2185/1
f 2748/2185/1 2755/2191/1 2757/2193/1
f 2758/2194/1 2753/2188/1 2751/2187/1
f 2751/2187/1 2757/2193/1 2758/2194/1
f 2759/2195/1 2754/2189/1 2753/2188/1
f 2753/2188/1 2758/2194/1 2759/2195/1
f 2652/2196/1 2640/2190/1 2754/2189/1
f 2754/2189/1 2759/2195/1 2652/2196/1
f 2760/2197/9 2755/1922/9 2756/1923/9
f 2756/1923/9 2761/2198/9 2760/2197/9
f 2762/2199/9 2757/1925/9 2755/1922/9
f 2755/1922/9 2760/2197/9 2762/2199/9
f 2763/2200/9 2758/1927/9 2757/1925/9
f 2757/1925/9 2762/2199/9 2763/2200/9
f 2764/2201/9 2759/1929/9 2758/1927/9
f 2758/1927/9 2763/2200/9 2764/2201/9
f 2662/2202/9 2652/1931/9 2759/1929/9
f 2759/1929/9 2764/2201/9 2662/2202/9
f 2765/2203/9 2760/2197/9 2761/2198/9
f 2761/2198/9 2766/2204/9 2765/2203/9
f 2767/2205/9 2762/2199/9 2760/2197/9
f 2760/2197/9 2765/2203/9 2767/2205/9
f 2768/2206/9 2763/2200/9 2762/2199/9
f 2762/2199/9 2767/2205/9 2768/2206/9
f 2769/2207/9 2764/2201/9 2763/2200/9
f 2763/2200/9 2768/2206/9 2769/2207/9
f 2670/2208/9 2662/2202/9 2764/2201/9
f 2764/2201/9 2769/2207/9 2670/2208/9
f 2770/2209/9 2765/2203/9 2766/2204/9
f 2766/2204/9 2771/2210/9 2770/2209/9
f 2772/2211/9 2767/2205/9 2765/2203/9
f 2765/2203/9 2770/2209/9 2772/2211/9
f 2773/2212/9 2768/2206/9 2767/2205/9
f 2767/2205/9 2772/2211/9 2773/2212/9
f 2774/2213/9 2769/2207/9 2768/2206/9
f 2768/2206/9 2773/2212/9 2774/2213/9
f 2676/2214/9 2670/2208/9 2769/2207/9
f 2769/2207/9 2774/2213/9 2676/2214/9
f 2775/2215/9 2770/2209/9 2771/2210/9
f 2771/2210/9 2776/2216/9 2775/2215/9
f 2777/2217/9 2772/2211/9 2770/2209/9
f 2770/2209/9 2775/2215/9 2777/2217/9
f 2778/2218/9 2773/2212/9 2772/2211/9
f 2772/2211/9 2777/2217/9 2778/2218/9
f 2779/2219/9 2774/2213/9 2773/2212/9
f 2773/2212/9 2778/2218/9 2779/2219/9
f 2720/2220/9 2676/2214/9 2774/2213/9
f 2774/2213/9 2779/2219/9 2720/2220/9
f 2780/2223/1 2775/2221/1 2776/2222/1
f 2776/2222/1 2781/2224/1 2780/2223/1
f 2782/2226/1 2777/2225/1 2775/2221/1
f 2775/2221/1 2780/2223/1 2782/2226/1
f 2783/2228/1 2778/2227/1 2777/2225/1
f 2777/2225/1 2782/2226/1 2783/2228/1
f 2784/2230/1 2779/2229/1 2778/2227/1
f 2778/2227/1 2783/2228/1 2784/2230/1
f 2726/2232/1 2720/2231/1 2779/2229/1
f 2779/2229/1 2784/2230/1 2726/2232/1
f 2785/2233/1 2780/2223/1 2781/2224/1
f 2781/2224/1 2786/2234/1 2785/2233/1
f 2787/2235/1 2782/2226/1 2780/2223/1
f 2780/2223/1 2785/2233/1 2787/2235/1
f 2788/2236/1 2783/2228/1 2782/2226/1
f 2782/2226/1 2787/2235/1 2788/2236/1
f 2789/2237/1 2784/2230/1 2783/2228/1
f 2783/2228/1 2788/2236/1 2789/2237/1
f 2732/2238/1 2726/2232/1 2784/2230/1
f 2784/2230/1 2789/2237/1 2732/2238/1
f 2790/2239/1 2785/2233/1 2786/2234/1
f 2786/2234/1 2791/2240/1 2790/2239/1
f 2792/2241/1 2787/2235/1 2785/2233/1
f 2785/2233/1 2790/2239/1 2792/2241/1
f 2793/2242/1 2788/2236/1 2787/2235/1
f 2787/2235/1 2792/2241/1 2793/2242/1
f 2794/2243/1 2789/2237/1 2788/2236/1
f 2788/2236/1 2793/2242/1 2794/2243/1
f 2738/2244/1 2732/2238/1 2789/2237/1
f 2789/2237/1 2794/2243/1 2738/2244/1
f 2795/2247/4 2702/2245/4 2703/2246/4
f 2703/2246/4 2796/2248/4 2795/2247/4
f 2796/2248/4 2703/2246/4 2704/2249/4
f 2704/2249/4 2797/2250/4 2796/2248/4
f 2797/2250/4 2704/2249/4 2705/2251/4
f 2705/2251/4 2798/2252/4 2797/2250/4
f 2798/2252/4 2705/2251/4 2706/2253/4
f 2706/2253/4 2799/2254/4 2798/2252/4
f 2799/2254/4 2706/2253/4 2707/2255/4
f 2707/2255/4 2721/2256/4 2799/2254/4
f 2800/2257/4 2795/2247/4 2796/2248/4
f 2796/2248/4 2801/2258/4 2800/2257/4
f 2801/2258/4 2796/2248/4 2797/2250/4
f 2797/2250/4 2802/2259/4 2801/2258/4
f 2802/2259/4 2797/2250/4 2798/2252/4
f 2798/2252/4 2803/2260/4 2802/2259/4
f 2803/2260/4 2798/2252/4 2799/2254/4
f 2799/2254/4 2804/2261/4 2803/2260/4
f 2804/2261/4 2799/2254/4 2721/2256/4
f 2721/2256/4 2727/2262/4 2804/2261/4
f 2805/2263/4 2800/2257/4 2801/2258/4
f 2801/2258/4 2806/2264/4 2805/2263/4
f 2806/2264/4 2801/2258/4 2802/2259/4
f 2802/2259/4 2807/2265/4 2806/2264/4
f 2807/2265/4 2802/2259/4 2803/2260/4
f 2803/2260/4 2808/2266/4 2807/2265/4
f 2808/2266/4 2803/2260/4 2804/2261/4
f 2804/2261/4 2809/2267/4 2808/2266/4
f 2809/2267/4 2804/2261/4 2727/2262/4
f 2727/2262/4 2733/2268/4 2809/2267/4
f 2273/1464/2 2560/347/2 2566/348/2
f 2566/348/2 2810/1465/2 2273/1464/2
f 2810/1465/2 2566/348/2 2572/349/2
f 2572/349/2 2811/1466/2 2810/1465/2
f 2279/1489/2 2810/1465/2 2811/1466/2
f 2811/1466/2 2812/1490/2 2279/1489/2
f 2811/1466/2 2572/349/2 2578/350/2
f 2578/350/2 2813/1467/2 2811/1466/2
f 2812/1490/2 2811/1466/2 2813/1467/2
f 2813/1467/2 2814/1491/2 2812/1490/2
f 2285/1495/2 2812/1490/2 2814/1491/2
f 2814/1491/2 2815/1496/2 2285/1495/2
f 2813/1467/2 2578/350/2 2584/351/2
f 2584/351/2 2816/1468/2 2813/1467/2
f 2814/1491/2 2813/1467/2 2816/1468/2
f 2816/1468/2 2817/1561/2 2814/1491/2
f 2815/1496/2 2814/1491/2 2817/1561/2
f 2817/1561/2 2818/1562/2 2815/1496/2
f 2291/1501/2 2815/1496/2 2818/1562/2
f 2818/1562/2 2315/1563/2 2291/1501/2
f 2819/460/2 2571/320/2 2565/317/2
f 2565/317/2 2449/459/2 2819/460/2
f 2820/461/2 2577/322/2 2571/320/2
f 2571/320/2 2819/460/2 2820/461/2
f 2821/515/2 2820/461/2 2819/460/2
f 2819/460/2 2455/514/2 2821/515/2
f 2822/462/2 2583/324/2 2577/322/2
f 2577/322/2 2820/461/2 2822/462/2
f 2823/516/2 2822/462/2 2820/461/2
f 2820/461/2 2821/515/2 2823/516/2
f 2824/521/2 2823/516/2 2821/515/2
f 2821/515/2 2461/520/2 2824/521/2
f 2825/1111/2 2587/326/2 2583/324/2
f 2583/324/2 2822/462/2 2825/1111/2
f 2826/1110/2 2825/1111/2 2822/462/2
f 2822/462/2 2823/516/2 2826/1110/2
f 2827/1109/2 2826/1110/2 2823/516/2
f 2823/516/2 2824/521/2 2827/1109/2
f 2473/1108/2 2827/1109/2 2824/521/2
f 2824/521/2 2467/526/2 2473/1108/2
f 2828/2269/2 2827/1109/2 2473/1108/2
f 2473/1108/2 2479/2270/2 2828/2269/2
f 2829/2271/2 2826/1110/2 2827/1109/2
f 2827/1109/2 2828/2269/2 2829/2271/2
f 2830/2272/2 2825/1111/2 2826/1110/2
f 2826/1110/2 2829/2271/2 2830/2272/2
f 2831/2273/2 2587/326/2 2825/1111/2
f 2825/1111/2 2830/2272/2 2831/2273/2
f 2418/2274/2 2586/327/2 2587/326/2
f 2587/326/2 2831/2273/2 2418/2274/2
f 2832/2275/2 2584/351/2 2585/345/2
f 2585/345/2 2308/2276/2 2832/2275/2
f 2833/2277/2 2816/1468/2 2584/351/2
f 2584/351/2 2832/2275/2 2833/2277/2
f 2834/2278/2 2817/1561/2 2816/1468/2
f 2816/1468/2 2833/2277/2 2834/2278/2
f 2835/2279/2 2818/1562/2 2817/1561/2
f 2817/1561/2 2834/2278/2 2835/2279/2
f 2321/2280/2 2315/1563/2 2818/1562/2
f 2818/1562/2 2835/2279/2 2321/2280/2
f 2836/2281/2 2828/2269/2 2479/2270/2
f 2479/2270/2 2506/2282/2 2836/2281/2
f 2837/2283/2 2829/2271/2 2828/2269/2
f 2828/2269/2 2836/2281/2 2837/2283/2
f 2838/2284/2 2830/2272/2 2829/2271/2
f 2829/2271/2 2837/2283/2 2838/2284/2
f 2839/2285/2 2831/2273/2 2830/2272/2
f 2830/2272/2 2838/2284/2 2839/2285/2
f 2424/2286/2 2418/2274/2 2831/2273/2
f 2831/2273/2 2839/2285/2 2424/2286/2
f 2840/2287/2 2832/2275/2 2308/2276/2
f 2308/2276/2 2389/2288/2 2840/2287/2
f 2841/2289/2 2833/2277/2 2832/2275/2
f 2832/2275/2 2840/2287/2 2841/2289/2
f 2842/2290/2 2834/2278/2 2833/2277/2
f 2833/2277/2 2841/2289/2 2842/2290/2
f 2843/2291/2 2835/2279/2 2834/2278/2
f 2834/2278/2 2842/2290/2 2843/2291/2
f 2327/2292/2 2321/2280/2 2835/2279/2
f 2835/2279/2 2843/2291/2 2327/2292/2
f 2844/2293/2 2836/2281/2 2506/2282/2
f 2506/2282/2 2512/2294/2 2844/2293/2
f 2845/2295/2 2837/2283/2 2836/2281/2
f 2836/2281/2 2844/2293/2 2845/2295/2
f 2846/2296/2 2838/2284/2 2837/2283/2
f 2837/2283/2 2845/2295/2 2846/2296/2
f 2847/2297/2 2839/2285/2 2838/2284/2
f 2838/2284/2 2846/2296/2 2847/2297/2
f 2848/2298/2 2424/2286/2 2839/2285/2
f 2839/2285/2 2847/2297/2 2848/2298/2
f 2849/2299/2 2840/2287/2 2389/2288/2
f 2389/2288/2 2394/2300/2 2849/2299/2
f 2850/2301/2 2841/2289/2 2840/2287/2
f 2840/2287/2 2849/2299/2 2850/2301/2
f 2851/2302/2 2842/2290/2 2841/2289/2
f 2841/2289/2 2850/2301/2 2851/2302/2
f 2852/2303/2 2843/2291/2 2842/2290/2
f 2842/2290/2 2851/2302/2 2852/2303/2
f 2333/2304/2 2327/2292/2 2843/2291/2
f 2843/2291/2 2852/2303/2 2333/2304/2
f 2853/2305/2 2844/2293/2 2512/2294/2
f 2512/2294/2 2518/2306/2 2853/2305/2
f 2854/2307/2 2845/2295/2 2844/2293/2
f 2844/2293/2 2853/2305/2 2854/2307/2
f 2855/2308/2 2846/2296/2 2845/2295/2
f 2845/2295/2 2854/2307/2 2855/2308/2
f 2856/2309/2 2847/2297/2 2846/2296/2
f 2846/2296/2 2855/2308/2 2856/2309/2
f 2434/2310/2 2848/2298/2 2847/2297/2
f 2847/2297/2 2856/2309/2 2434/2310/2
f 2857/2311/2 2849/2299/2 2394/2300/2
f 2394/2300/2 2399/2312/2 2857/2311/2
f 2858/2313/2 2850/2301/2 2849/2299/2
f 2849/2299/2 2857/2311/2 2858/2313/2
f 2859/2314/2 2851/2302/2 2850/2301/2
f 2850/2301/2 2858/2313/2 2859/2314/2
f 2860/2315/2 2852/2303/2 2851/2302/2
f 2851/2302/2 2859/2314/2 2860/2315/2
f 2861/2316/2 2333/2304/2 2852/2303/2
f 2852/2303/2 2860/2315/2 2861/2316/2
f 2862/2317/2 2853/2305/2 2518/2306/2
f 2518/2306/2 2524/2318/2 2862/2317/2
f 2863/2319/2 2854/2307/2 2853/2305/2
f 2853/2305/2 2862/2317/2 2863/2319/2
f 2864/2320/2 2855/2308/2 2854/2307/2
f 2854/2307/2 2863/2319/2 2864/2320/2
f 2865/2321/2 2856/2309/2 2855/2308/2
f 2855/2308/2 2864/2320/2 2865/2321/2
f 2436/2322/2 2434/2310/2 2856/2309/2
f 2856/2309/2 2865/2321/2 2436/2322/2
f 2866/2323/2 2857/2311/2 2399/2312/2
f 2399/2312/2 2405/2324/2 2866/2323/2
f 2867/2325/2 2858/2313/2 2857/2311/2
f 2857/2311/2 2866/2323/2 2867/2325/2
f 2868/2326/2 2859/2314/2 2858/2313/2
f 2858/2313/2 2867/2325/2 2868/2326/2
f 2869/2327/2 2860/2315/2 2859/2314/2
f 2859/2314/2 2868/2326/2 2869/2327/2
f 2870/2328/2 2861/2316/2 2860/2315/2
f 2860/2315/2 2869/2327/2 2870/2328/2
f 2871/2329/2 2862/2317/2 2524/2318/2
f 2524/2318/2 2530/2330/2 2871/2329/2
f 2872/2331/2 2863/2319/2 2862/2317/2
f 2862/2317/2 2871/2329/2 2872/2331/2
f 2873/2332/2 2864/2320/2 2863/2319/2
f 2863/2319/2 2872/2331/2 2873/2332/2
f 2874/2333/2 2865/2321/2 2864/2320/2
f 2864/2320/2 2873/2332/2 2874/2333/2
f 2444/2334/2 2436/2322/2 2865/2321/2
f 2865/2321/2 2874/2333/2 2444/2334/2
f 2875/2335/2 2866/2323/2 2405/2324/2
f 2405/2324/2 2411/2336/2 2875/2335/2
f 2876/2337/2 2867/2325/2 2866/2323/2
f 2866/2323/2 2875/2335/2 2876/2337/2
f 2877/2338/2 2868/2326/2 2867/2325/2
f 2867/2325/2 2876/2337/2 2877/2338/2
f 2878/2339/2 2869/2327/2 2868/2326/2
f 2868/2326/2 2877/2338/2 2878/2339/2
f 2879/2340/2 2870/2328/2 2869/2327/2
f 2869/2327/2 2878/2339/2 2879/2340/2
f 2880/2341/2 2871/2329/2 2530/2330/2
f 2530/2330/2 2536/2342/2 2880/2341/2
f 2881/2343/2 2872/2331/2 2871/2329/2
f 2871/2329/2 2880/2341/2 2881/2343/2
f 2882/2344/2 2873/2332/2 2872/2331/2
f 2872/2331/2 2881/2343/2 2882/2344/2
f 2883/2345/2 2874/2333/2 2873/2332/2
f 2873/2332/2 2882/2344/2 2883/2345/2
f 2554/2346/2 2444/2334/2 2874/2333/2
f 2874/2333/2 2883/2345/2 2554/2346/2
f 2884/2347/2 2875/2335/2 2411/2336/2
f 2411/2336/2 2502/2348/2 2884/2347/2
f 2885/2349/2 2876/2337/2 2875/2335/2
f 2875/2335/2 2884/2347/2 2885/2349/2
f 2886/2350/2 2877/2338/2 2876/2337/2
f 2876/2337/2 2885/2349/2 2886/2350/2
f 2887/2351/2 2878/2339/2 2877/2338/2
f 2877/2338/2 2886/2350/2 2887/2351/2
f 2747/2352/2 2879/2340/2 2878/2339/2
f 2878/2339/2 2887/2351/2 2747/2352/2
f 2888/2353/2 2880/2341/2 2536/2342/2
f 2536/2342/2 2677/2354/2 2888/2353/2
f 2889/2355/2 2881/2343/2 2880/2341/2
f 2880/2341/2 2888/2353/2 2889/2355/2
f 2890/2356/2 2882/2344/2 2881/2343/2
f 2881/2343/2 2889/2355/2 2890/2356/2
f 2891/2357/2 2883/2345/2 2882/2344/2
f 2882/2344/2 2890/2356/2 2891/2357/2
f 2892/2358/2 2554/2346/2 2883/2345/2
f 2883/2345/2 2891/2357/2 2892/2358/2
f 2893/2359/2 2884/2347/2 2502/2348/2
f 2502/2348/2 2894/2360/2 2893/2359/2
f 2895/2361/2 2885/2349/2 2884/2347/2
f 2884/2347/2 2893/2359/2 2895/2361/2
f 2896/2362/2 2886/2350/2 2885/2349/2
f 2885/2349/2 2895/2361/2 2896/2362/2
f 2897/2363/2 2887/2351/2 2886/2350/2
f 2886/2350/2 2896/2362/2 2897/2363/2
f 2749/2364/2 2747/2352/2 2887/2351/2
f 2887/2351/2 2897/2363/2 2749/2364/2
f 2898/2365/2 2888/2353/2 2677/2354/2
f 2677/2354/2 2682/2366/2 2898/2365/2
f 2899/2367/2 2889/2355/2 2888/2353/2
f 2888/2353/2 2898/2365/2 2899/2367/2
f 2900/2368/2 2890/2356/2 2889/2355/2
f 2889/2355/2 2899/2367/2 2900/2368/2
f 2901/2369/2 2891/2357/2 2890/2356/2
f 2890/2356/2 2900/2368/2 2901/2369/2
f 2902/2370/2 2892/2358/2 2891/2357/2
f 2891/2357/2 2901/2369/2 2902/2370/2
f 2903/2371/2 2893/2359/2 2894/2360/2
f 2894/2360/2 2904/2372/2 2903/2371/2
f 2905/2373/2 2895/2361/2 2893/2359/2
f 2893/2359/2 2903/2371/2 2905/2373/2
f 2906/2374/2 2896/2362/2 2895/2361/2
f 2895/2361/2 2905/2373/2 2906/2374/2
f 2907/2375/2 2897/2363/2 2896/2362/2
f 2896/2362/2 2906/2374/2 2907/2375/2
f 2756/2376/2 2749/2364/2 2897/2363/2
f 2897/2363/2 2907/2375/2 2756/2376/2
f 2761/2377/2 2907/2375/2 2906/2374/2
f 2906/2374/2 2908/2378/2 2761/2377/2
f 2908/2378/2 2906/2374/2 2905/2373/2
f 2905/2373/2 2909/2379/2 2908/2378/2
f 2766/2380/2 2908/2378/2 2909/2379/2
f 2909/2379/2 2910/2381/2 2766/2380/2
f 2909/2379/2 2905/2373/2 2903/2371/2
f 2903/2371/2 2911/2382/2 2909/2379/2
f 2910/2381/2 2909/2379/2 2911/2382/2
f 2911/2382/2 2912/2383/2 2910/2381/2
f 2771/2384/2 2910/2381/2 2912/2383/2
f 2912/2383/2 2913/2385/2 2771/2384/2
f 2914/2386/2 2904/2372/2 2894/2360/2
f 2894/2360/2 2542/2387/2 2914/2386/2
f 2915/2388/2 2914/2386/2 2542/2387/2
f 2542/2387/2 2548/2389/2 2915/2388/2
f 2902/2370/2 2915/2388/2 2548/2389/2
f 2548/2389/2 2892/2358/2 2902/2370/2
f 2916/2390/2 2902/2370/2 2901/2369/2
f 2901/2369/2 2917/2391/2 2916/2390/2
f 2917/2391/2 2901/2369/2 2900/2368/2
f 2900/2368/2 2918/2392/2 2917/2391/2
f 2918/2392/2 2900/2368/2 2899/2367/2
f 2899/2367/2 2919/2393/2 2918/2392/2
f 2919/2393/2 2899/2367/2 2898/2365/2
f 2898/2365/2 2687/2394/2 2919/2393/2
f 2920/2395/2 2916/2390/2 2917/2391/2
f 2917/2391/2 2921/2396/2 2920/2395/2
f 2921/2396/2 2917/2391/2 2918/2392/2
f 2918/2392/2 2922/2397/2 2921/2396/2
f 2922/2397/2 2918/2392/2 2919/2393/2
f 2919/2393/2 2692/2398/2 2922/2397/2
f 2923/2399/2 2920/2395/2 2921/2396/2
f 2921/2396/2 2924/2400/2 2923/2399/2
f 2924/2400/2 2921/2396/2 2922/2397/2
f 2922/2397/2 2697/2401/2 2924/2400/2
f 2925/2402/2 2923/2399/2 2924/2400/2
f 2924/2400/2 2702/2403/2 2925/2402/2
f 2911/2382/2 2903/2371/2 2904/2372/2
f 2904/2372/2 2926/2404/2 2911/2382/2
f 2912/2383/2 2911/2382/2 2926/2404/2
f 2926/2404/2 2927/2405/2 2912/2383/2
f 2913/2385/2 2912/2383/2 2927/2405/2
f 2927/2405/2 2928/2406/2 2913/2385/2
f 2776/2407/2 2913/2385/2 2928/2406/2
f 2928/2406/2 2929/2408/2 2776/2407/2
f 2930/2409/2 2914/2386/2 2915/2388/2
f 2915/2388/2 2931/2410/2 2930/2409/2
f 2926/2404/2 2904/2372/2 2914/2386/2
f 2914/2386/2 2930/2409/2 2926/2404/2
f 2931/2410/2 2915/2388/2 2902/2370/2
f 2902/2370/2 2916/2390/2 2931/2410/2
f 2932/2411/2 2930/2409/2 2931/2410/2
f 2931/2410/2 2933/2412/2 2932/2411/2
f 2927/2405/2 2926/2404/2 2930/2409/2
f 2930/2409/2 2932/2411/2 2927/2405/2
f 2933/2412/2 2931/2410/2 2916/2390/2
f 2916/2390/2 2920/2395/2 2933/2412/2
f 2934/2413/2 2932/2411/2 2933/2412/2
f 2933/2412/2 2935/2414/2 2934/2413/2
f 2928/2406/2 2927/2405/2 2932/2411/2
f 2932/2411/2 2934/2413/2 2928/2406/2
f 2935/2414/2 2933/2412/2 2920/2395/2
f 2920/2395/2 2923/2399/2 2935/2414/2
f 2936/2415/2 2934/2413/2 2935/2414/2
f 2935/2414/2 2937/2416/2 2936/2415/2
f 2929/2408/2 2928/2406/2 2934/2413/2
f 2934/2413/2 2936/2415/2 2929/2408/2
f 2937/2416/2 2935/2414/2 2923/2399/2
f 2923/2399/2 2925/2402/2 2937/2416/2
f 2781/2417/2 2776/2407/2 2929/2408/2
f 2929/2408/2 2938/2418/2 2781/2417/2
f 2939/2419/2 2925/2402/2 2702/2403/2
f 2702/2403/2 2795/2420/2 2939/2419/2
f 2938/2418/2 2929/2408/2 2936/2415/2
f 2936/2415/2 2940/2421/2 2938/2418/2
f 2940/2421/2 2936/2415/2 2937/2416/2
f 2937/2416/2 2941/2422/2 2940/2421/2
f 2941/2422/2 2937/2416/2 2925/2402/2
f 2925/2402/2 2939/2419/2 2941/2422/2
f 2786/2423/2 2781/2417/2 2938/2418/2
f 2938/2418/2 2942/2424/2 2786/2423/2
f 2943/2425/2 2939/2419/2 2795/2420/2
f 2795/2420/2 2800/2426/2 2943/2425/2
f 2942/2424/2 2938/2418/2 2940/2421/2
f 2940/2421/2 2944/2427/2 2942/2424/2
f 2944/2427/2 2940/2421/2 2941/2422/2
f 2941/2422/2 2945/2428/2 2944/2427/2
f 2945/2428/2 2941/2422/2 2939/2419/2
f 2939/2419/2 2943/2425/2 2945/2428/2
f 2791/2429/2 2786/2423/2 2942/2424/2
f 2942/2424/2 2946/2430/2 2791/2429/2
f 2947/2431/2 2943/2425/2 2800/2426/2
f 2800/2426/2 2805/2432/2 2947/2431/2
f 2946/2430/2 2942/2424/2 2944/2427/2
f 2944/2427/2 2948/2433/2 2946/2430/2
f 2948/2433/2 2944/2427/2 2945/2428/2
f 2945/2428/2 2949/2434/2 2948/2433/2
f 2949/2434/2 2945/2428/2 2943/2425/2
f 2943/2425/2 2947/2431/2 2949/2434/2
f 2951/1309/6 2425/1191/6 2423/1192/6
f 2423/1192/6 2950/1307/6 2951/1309/6
f 2953/1311/6 2427/1189/6 2426/1190/6
f 2426/1190/6 2952/1310/6 2953/1311/6
f 2955/329/5 2433/319/5 2437/321/5
f 2437/321/5 2954/330/5 2955/329/5
f 2952/1310/6 2426/1190/6 2425/1191/6
f 2425/1191/6 2951/1309/6 2952/1310/6
f 2954/330/5 2437/321/5 2439/323/5
f 2439/323/5 2956/331/5 2954/330/5
f 2957/2436/3 2430/2018/3 2427/2012/3
f 2427/2012/3 2953/2435/3 2957/2436/3
f 2956/331/5 2439/323/5 2432/325/5
f 2432/325/5 2958/332/5 2956/331/5
f 2960/1407/6 2951/1309/6 2950/1307/6
f 2950/1307/6 2959/1409/6 2960/1407/6
f 2962/1400/6 2953/1311/6 2952/1310/6
f 2952/1310/6 2961/1404/6 2962/1400/6
f 2964/335/5 2955/329/5 2954/330/5
f 2954/330/5 2963/336/5 2964/335/5
f 2961/1404/6 2952/1310/6 2951/1309/6
f 2951/1309/6 2960/1407/6 2961/1404/6
f 2968/336/5 2966/330/5 2965/331/5
f 2965/331/5 2967/337/5 2968/336/5
f 2969/2438/3 2957/2436/3 2953/2435/3
f 2953/2435/3 2962/2437/3 2969/2438/3
f 2967/337/5 2965/331/5 2970/332/5
f 2970/332/5 2971/338/5 2967/337/5
f 2958/2440/3 2957/2436/3 2969/2438/3
f 2969/2438/3 2972/2439/3 2958/2440/3
f 2432/2024/3 2430/2018/3 2957/2436/3
f 2957/2436/3 2958/2440/3 2432/2024/3
f 2974/1910/4 2954/1904/4 2956/1905/4
f 2956/1905/4 2973/1911/4 2974/1910/4
f 2977/1859/1 2972/1854/1 2975/1853/1
f 2975/1853/1 2976/1858/1 2977/1859/1
f 2978/2444/2 2963/2442/2 2954/2441/2
f 2954/2441/2 2974/2443/2 2978/2444/2
f 2976/1858/1 2975/1853/1 2963/1851/1
f 2963/1851/1 2978/1856/1 2976/1858/1
f 2973/1911/4 2956/1905/4 2958/1906/4
f 2958/1906/4 2979/1912/4 2973/1911/4
f 2979/2446/3 2958/2440/3 2972/2439/3
f 2972/2439/3 2977/2445/3 2979/2446/3
f 2966/1916/4 2974/1910/4 2973/1911/4
f 2973/1911/4 2965/1917/4 2966/1916/4
f 2971/1864/1 2977/1859/1 2976/1858/1
f 2976/1858/1 2967/1863/1 2971/1864/1
f 2968/2448/2 2978/2444/2 2974/2443/2
f 2974/2443/2 2966/2447/2 2968/2448/2
f 2967/1863/1 2976/1858/1 2978/1856/1
f 2978/1856/1 2968/1861/1 2967/1863/1
f 2965/1917/4 2973/1911/4 2979/1912/4
f 2979/1912/4 2970/1918/4 2965/1917/4
f 2970/2450/3 2979/2446/3 2977/2445/3
f 2977/2445/3 2971/2449/3 2970/2450/3
f 2981/1503/5 2746/1498/5 2750/1499/5
f 2750/1499/5 2980/1504/5 2981/1503/5
f 2983/2452/3 2745/2066/3 2363/2054/3
f 2363/2054/3 2982/2451/3 2983/2452/3
f 2984/1505/5 2752/1500/5 2745/1501/5
f 2745/1501/5 2983/1506/5 2984/1505/5
f 2980/1504/5 2750/1499/5 2752/1500/5
f 2752/1500/5 2984/1505/5 2980/1504/5
f 2982/2451/3 2363/2054/3 2353/2042/3
f 2353/2042/3 2985/2453/3 2982/2451/3
f 2987/1627/6 2334/1626/6 2332/1633/6
f 2332/1633/6 2986/1634/6 2987/1627/6
f 2989/1610/6 2336/1608/6 2335/1619/6
f 2335/1619/6 2988/1620/6 2989/1610/6
f 2988/1620/6 2335/1619/6 2334/1626/6
f 2334/1626/6 2987/1627/6 2988/1620/6
f 2990/2455/3 2347/2030/3 2336/1867/3
f 2336/1867/3 2989/2454/3 2990/2455/3
f 2985/2453/3 2353/2042/3 2347/2030/3
f 2347/2030/3 2990/2455/3 2985/2453/3
f 2740/1508/5 2981/1503/5 2980/1504/5
f 2980/1504/5 2739/1509/5 2740/1508/5
f 2744/2457/3 2983/2452/3 2982/2451/3
f 2982/2451/3 2743/2456/3 2744/2457/3
f 2742/1510/5 2984/1505/5 2983/1506/5
f 2983/1506/5 2744/1511/5 2742/1510/5
f 2739/1509/5 2980/1504/5 2984/1505/5
f 2984/1505/5 2742/1510/5 2739/1509/5
f 2743/2456/3 2982/2451/3 2985/2453/3
f 2985/2453/3 2351/2458/3 2743/2456/3
f 2338/1628/6 2987/1627/6 2986/1634/6
f 2986/1634/6 2339/1635/6 2338/1628/6
f 2344/1612/6 2989/1610/6 2988/1620/6
f 2988/1620/6 2342/1621/6 2344/1612/6
f 2342/1621/6 2988/1620/6 2987/1627/6
f 2987/1627/6 2338/1628/6 2342/1621/6
f 2345/2460/3 2990/2455/3 2989/2454/3
f 2989/2454/3 2344/2459/3 2345/2460/3
f 2351/2458/3 2985/2453/3 2990/2455/3
f 2990/2455/3 2345/2460/3 2351/2458/3
f 2992/1614/6 2351/1612/6 2350/1621/6
f 2350/1621/6 2991/1622/6 2992/1614/6
f 2993/2462/3 2743/2456/3 2351/2458/3
f 2351/2458/3 2992/2461/3 2993/2462/3
f 2994/1515/5 2741/1510/5 2743/1511/5
f 2743/1511/5 2993/1516/5 2994/1515/5
f 2995/1514/5 2354/1509/5 2741/1510/5
f 2741/1510/5 2994/1515/5 2995/1514/5
f 2991/1622/6 2350/1621/6 2348/1628/6
f 2348/1628/6 2996/1629/6 2991/1622/6
f 2996/2466/2 2348/2464/2 2354/2463/2
f 2354/2463/2 2995/2465/2 2996/2466/2
f 2360/1616/6 2992/1614/6 2991/1622/6
f 2991/1622/6 2356/1623/6 2360/1616/6
f 2361/2468/3 2993/2462/3 2992/2461/3
f 2992/2461/3 2360/2467/3 2361/2468/3
f 2358/1520/5 2994/1515/5 2993/1516/5
f 2993/1516/5 2361/1521/5 2358/1520/5
f 2359/1519/5 2995/1514/5 2994/1515/5
f 2994/1515/5 2358/1520/5 2359/1519/5
f 2356/1623/6 2991/1622/6 2996/1629/6
f 2996/1629/6 2357/1630/6 2356/1623/6
f 2357/2470/2 2996/2466/2 2995/2465/2
f 2995/2465/2 2359/2469/2 2357/2470/2
f 2997/2471/1 2793/2242/1 2792/2241/1
f 2792/2241/1 2998/2472/1 2997/2471/1
f 2999/2473/1 2794/2243/1 2793/2242/1
f 2793/2242/1 2997/2471/1 2999/2473/1
f 3000/2474/1 2738/2244/1 2794/2243/1
f 2794/2243/1 2999/2473/1 3000/2474/1
f 3002/2477/4 2809/2267/4 2733/2268/4
f 2733/2268/4 3001/2478/4 3002/2477/4
f 3003/2479/4 2808/2266/4 2809/2267/4
f 2809/2267/4 3002/2477/4 3003/2479/4
f 3004/2480/4 2807/2265/4 2808/2266/4
f 2808/2266/4 3003/2479/4 3004/2480/4
f 3005/2481/4 2806/2264/4 2807/2265/4
f 2807/2265/4 3004/2480/4 3005/2481/4
f 3006/2482/4 2805/2263/4 2806/2264/4
f 2806/2264/4 3005/2481/4 3006/2482/4
f 3007/2483/2 2947/2431/2 2805/2432/2
f 2805/2432/2 3006/2484/2 3007/2483/2
f 3008/2485/2 2949/2434/2 2947/2431/2
f 2947/2431/2 3007/2483/2 3008/2485/2
f 3009/2486/2 2948/2433/2 2949/2434/2
f 2949/2434/2 3008/2485/2 3009/2486/2
f 3010/2487/2 2946/2430/2 2948/2433/2
f 2948/2433/2 3009/2486/2 3010/2487/2
f 3011/2488/2 2791/2429/2 2946/2430/2
f 2946/2430/2 3010/2487/2 3011/2488/2
f 3012/2489/1 2790/2239/1 2791/2240/1
f 2791/2240/1 3011/2490/1 3012/2489/1
f 2998/2472/1 2792/2241/1 2790/2239/1
f 2790/2239/1 3012/2489/1 2998/2472/1
f 3013/2491/1 2997/2471/1 2998/2472/1
f 2998/2472/1 3014/2492/1 3013/2491/1
f 3015/2493/1 2999/2473/1 2997/2471/1
f 2997/2471/1 3013/2491/1 3015/2493/1
f 3016/2494/1 3000/2474/1 2999/2473/1
f 2999/2473/1 3015/2493/1 3016/2494/1
f 3017/2495/4 3002/2477/4 3001/2478/4
f 3001/2478/4 3018/2496/4 3017/2495/4
f 3019/2497/4 3003/2479/4 3002/2477/4
f 3002/2477/4 3017/2495/4 3019/2497/4
f 3020/2498/4 3004/2480/4 3003/2479/4
f 3003/2479/4 3019/2497/4 3020/2498/4
f 3021/2499/4 3005/2481/4 3004/2480/4
f 3004/2480/4 3020/2498/4 3021/2499/4
f 3022/2500/4 3006/2482/4 3005/2481/4
f 3005/2481/4 3021/2499/4 3022/2500/4
f 3023/2501/2 3007/2483/2 3006/2484/2
f 3006/2484/2 3022/2502/2 3023/2501/2
f 3024/2503/2 3008/2485/2 3007/2483/2
f 3007/2483/2 3023/2501/2 3024/2503/2
f 3025/2504/2 3009/2486/2 3008/2485/2
f 3008/2485/2 3024/2503/2 3025/2504/2
f 3026/2505/2 3010/2487/2 3009/2486/2
f 3009/2486/2 3025/2504/2 3026/2505/2
f 3027/2506/2 3011/2488/2 3010/2487/2
f 3010/2487/2 3026/2505/2 3027/2506/2
f 3028/2507/1 3012/2489/1 3011/2490/1
f 3011/2490/1 3027/2508/1 3028/2507/1
f 3014/2492/1 2998/2472/1 3012/2489/1
f 3012/2489/1 3028/2507/1 3014/2492/1
f 3029/2509/1 3013/2491/1 3014/2492/1
f 3014/2492/1 3030/2510/1 3029/2509/1
f 3031/2511/1 3015/2493/1 3013/2491/1
f 3013/2491/1 3029/2509/1 3031/2511/1
f 3032/2512/1 3016/2494/1 3015/2493/1
f 3015/2493/1 3031/2511/1 3032/2512/1
f 3033/2513/4 3017/2495/4 3018/2496/4
f 3018/2496/4 3034/2514/4 3033/2513/4
f 3035/2515/4 3019/2497/4 3017/2495/4
f 3017/2495/4 3033/2513/4 3035/2515/4
f 3036/2516/4 3020/2498/4 3019/2497/4
f 3019/2497/4 3035/2515/4 3036/2516/4
f 3037/2517/4 3021/2499/4 3020/2498/4
f 3020/2498/4 3036/2516/4 3037/2517/4
f 3038/2518/4 3022/2500/4 3021/2499/4
f 3021/2499/4 3037/2517/4 3038/2518/4
f 3039/2519/2 3023/2501/2 3022/2502/2
f 3022/2502/2 3038/2520/2 3039/2519/2
f 3040/2521/2 3024/2503/2 3023/2501/2
f 3023/2501/2 3039/2519/2 3040/2521/2
f 3041/2522/2 3025/2504/2 3024/2503/2
f 3024/2503/2 3040/2521/2 3041/2522/2
f 3042/2523/2 3026/2505/2 3025/2504/2
f 3025/2504/2 3041/2522/2 3042/2523/2
f 3043/2524/2 3027/2506/2 3026/2505/2
f 3026/2505/2 3042/2523/2 3043/2524/2
f 3044/2525/1 3028/2507/1 3027/2508/1
f 3027/2508/1 3043/2526/1 3044/2525/1
f 3030/2510/1 3014/2492/1 3028/2507/1
f 3028/2507/1 3044/2525/1 3030/2510/1
f 3045/2527/1 3029/2509/1 3030/2510/1
f 3030/2510/1 3046/2528/1 3045/2527/1
f 3047/2529/1 3031/2511/1 3029/2509/1
f 3029/2509/1 3045/2527/1 3047/2529/1
f 3048/2530/1 3032/2512/1 3031/2511/1
f 3031/2511/1 3047/2529/1 3048/2530/1
f 3049/2531/4 3033/2513/4 3034/2514/4
f 3034/2514/4 3050/2532/4 3049/2531/4
f 3051/2533/4 3035/2515/4 3033/2513/4
f 3033/2513/4 3049/2531/4 3051/2533/4
f 3052/2534/4 3036/2516/4 3035/2515/4
f 3035/2515/4 3051/2533/4 3052/2534/4
f 3053/2535/4 3037/2517/4 3036/2516/4
f 3036/2516/4 3052/2534/4 3053/2535/4
f 3054/2536/4 3038/2518/4 3037/2517/4
f 3037/2517/4 3053/2535/4 3054/2536/4
f 3055/2537/2 3039/2519/2 3038/2520/2
f 3038/2520/2 3054/2538/2 3055/2537/2
f 3056/2539/2 3040/2521/2 3039/2519/2
f 3039/2519/2 3055/2537/2 3056/2539/2
f 3057/2540/2 3041/2522/2 3040/2521/2
f 3040/2521/2 3056/2539/2 3057/2540/2
f 3058/2541/2 3042/2523/2 3041/2522/2
f 3041/2522/2 3057/2540/2 3058/2541/2
f 3059/2542/2 3043/2524/2 3042/2523/2
f 3042/2523/2 3058/2541/2 3059/2542/2
f 3060/2543/1 3044/2525/1 3043/2526/1
f 3043/2526/1 3059/2544/1 3060/2543/1
f 3046/2528/1 3030/2510/1 3044/2525/1
f 3044/2525/1 3060/2543/1 3046/2528/1
f 3061/2545/1 3045/2527/1 3046/2528/1
f 3046/2528/1 3062/2546/1 3061/2545/1
f 3063/2547/1 3047/2529/1 3045/2527/1
f 3045/2527/1 3061/2545/1 3063/2547/1
f 3064/2548/1 3048/2530/1 3047/2529/1
f 3047/2529/1 3063/2547/1 3064/2548/1
f 3068/2555/4 3049/2531/4 3050/2532/4
f 3050/2532/4 3066/2556/4 3068/2555/4
f 3069/2557/4 3051/2533/4 3049/2531/4
f 3049/2531/4 3068/2555/4 3069/2557/4
f 3070/2558/4 3052/2534/4 3051/2533/4
f 3051/2533/4 3069/2557/4 3070/2558/4
f 3071/2559/4 3053/2535/4 3052/2534/4
f 3052/2534/4 3070/2558/4 3071/2559/4
f 3072/2560/4 3054/2536/4 3053/2535/4
f 3053/2535/4 3071/2559/4 3072/2560/4
f 3073/2561/2 3055/2537/2 3054/2538/2
f 3054/2538/2 3072/2562/2 3073/2561/2
f 3074/2563/2 3056/2539/2 3055/2537/2
f 3055/2537/2 3073/2561/2 3074/2563/2
f 3075/2564/2 3057/2540/2 3056/2539/2
f 3056/2539/2 3074/2563/2 3075/2564/2
f 3076/2565/2 3058/2541/2 3057/2540/2
f 3057/2540/2 3075/2564/2 3076/2565/2
f 3077/2566/2 3059/2542/2 3058/2541/2
f 3058/2541/2 3076/2565/2 3077/2566/2
f 3078/2567/1 3060/2543/1 3059/2544/1
f 3059/2544/1 3077/2568/1 3078/2567/1
f 3062/2546/1 3046/2528/1 3060/2543/1
f 3060/2543/1 3078/2567/1 3062/2546/1
f 3079/2569/1 3061/2545/1 3062/2546/1
f 3062/2546/1 3080/2570/1 3079/2569/1
f 3081/2571/1 3063/2547/1 3061/2545/1
f 3061/2545/1 3079/2569/1 3081/2571/1
f 3082/2572/1 3064/2548/1 3063/2547/1
f 3063/2547/1 3081/2571/1 3082/2572/1
f 3083/2573/3 3065/2550/3 3064/2551/3
f 3064/2551/3 3082/2574/3 3083/2573/3
f 3085/2576/3 3084/2575/3 3065/2550/3
f 3065/2550/3 3083/2573/3 3085/2576/3
f 3087/2578/3 3086/2577/3 3084/2575/3
f 3084/2575/3 3085/2576/3 3087/2578/3
f 3088/2579/3 3067/2554/3 3086/2577/3
f 3086/2577/3 3087/2578/3 3088/2579/3
f 3089/2580/3 3066/2553/3 3067/2554/3
f 3067/2554/3 3088/2579/3 3089/2580/3
f 3090/2581/4 3068/2555/4 3066/2556/4
f 3066/2556/4 3089/2582/4 3090/2581/4
f 3091/2583/4 3069/2557/4 3068/2555/4
f 3068/2555/4 3090/2581/4 3091/2583/4
f 3092/2584/4 3070/2558/4 3069/2557/4
f 3069/2557/4 3091/2583/4 3092/2584/4
f 3093/2585/4 3071/2559/4 3070/2558/4
f 3070/2558/4 3092/2584/4 3093/2585/4
f 3094/2586/4 3072/2560/4 3071/2559/4
f 3071/2559/4 3093/2585/4 3094/2586/4
f 3095/2587/2 3073/2561/2 3072/2562/2
f 3072/2562/2 3094/2588/2 3095/2587/2
f 3096/2589/2 3074/2563/2 3073/2561/2
f 3073/2561/2 3095/2587/2 3096/2589/2
f 3097/2590/2 3075/2564/2 3074/2563/2
f 3074/2563/2 3096/2589/2 3097/2590/2
f 3098/2591/2 3076/2565/2 3075/2564/2
f 3075/2564/2 3097/2590/2 3098/2591/2
f 3099/2592/2 3077/2566/2 3076/2565/2
f 3076/2565/2 3098/2591/2 3099/2592/2
f 3100/2593/1 3078/2567/1 3077/2568/1
f 3077/2568/1 3099/2594/1 3100/2593/1
f 3080/2570/1 3062/2546/1 3078/2567/1
f 3078/2567/1 3100/2593/1 3080/2570/1
f 3101/2595/1 3079/2569/1 3080/2570/1
f 3080/2570/1 3102/2596/1 3101/2595/1
f 3103/2597/1 3081/2571/1 3079/2569/1
f 3079/2569/1 3101/2595/1 3103/2597/1
f 3104/2598/1 3082/2572/1 3081/2571/1
f 3081/2571/1 3103/2597/1 3104/2598/1
f 3105/2599/3 3083/2573/3 3082/2574/3
f 3082/2574/3 3104/2600/3 3105/2599/3
f 3106/2601/3 3085/2576/3 3083/2573/3
f 3083/2573/3 3105/2599/3 3106/2601/3
f 3107/2602/3 3087/2578/3 3085/2576/3
f 3085/2576/3 3106/2601/3 3107/2602/3
f 3108/2603/3 3088/2579/3 3087/2578/3
f 3087/2578/3 3107/2602/3 3108/2603/3
f 3109/2604/3 3089/2580/3 3088/2579/3
f 3088/2579/3 3108/2603/3 3109/2604/3
f 3110/2605/4 3090/2581/4 3089/2582/4
f 3089/2582/4 3109/2606/4 3110/2605/4
f 3111/2607/4 3091/2583/4 3090/2581/4
f 3090/2581/4 3110/2605/4 3111/2607/4
f 3112/2608/4 3092/2584/4 3091/2583/4
f 3091/2583/4 3111/2607/4 3112/2608/4
f 3113/2609/4 3093/2585/4 3092/2584/4
f 3092/2584/4 3112/2608/4 3113/2609/4
f 3114/2610/4 3094/2586/4 3093/2585/4
f 3093/2585/4 3113/2609/4 3114/2610/4
f 3115/2611/2 3095/2587/2 3094/2588/2
f 3094/2588/2 3114/2612/2 3115/2611/2
f 3116/2613/2 3096/2589/2 3095/2587/2
f 3095/2587/2 3115/2611/2 3116/2613/2
f 3117/2614/2 3097/2590/2 3096/2589/2
f 3096/2589/2 3116/2613/2 3117/2614/2
f 3118/2615/2 3098/2591/2 3097/2590/2
f 3097/2590/2 3117/2614/2 3118/2615/2
f 3119/2616/2 3099/2592/2 3098/2591/2
f 3098/2591/2 3118/2615/2 3119/2616/2
f 3120/2617/1 3100/2593/1 3099/2594/1
f 3099/2594/1 3119/2618/1 3120/2617/1
f 3102/2596/1 3080/2570/1 3100/2593/1
f 3100/2593/1 3120/2617/1 3102/2596/1
f 3121/2619/1 3101/2595/1 3102/2596/1
f 3102/2596/1 3122/2620/1 3121/2619/1
f 3123/2621/1 3103/2597/1 3101/2595/1
f 3101/2595/1 3121/2619/1 3123/2621/1
f 3124/2622/1 3104/2598/1 3103/2597/1
f 3103/2597/1 3123/2621/1 3124/2622/1
f 3125/2623/3 3105/2599/3 3104/2600/3
f 3104/2600/3 3124/2624/3 3125/2623/3
f 3126/2625/3 3106/2601/3 3105/2599/3
f 3105/2599/3 3125/2623/3 3126/2625/3
f 3127/2626/3 3107/2602/3 3106/2601/3
f 3106/2601/3 3126/2625/3 3127/2626/3
f 3128/2627/3 3108/2603/3 3107/2602/3
f 3107/2602/3 3127/2626/3 3128/2627/3
f 3129/2628/3 3109/2604/3 3108/2603/3
f 3108/2603/3 3128/2627/3 3129/2628/3
f 3130/2629/4 3110/2605/4 3109/2606/4
f 3109/2606/4 3129/2630/4 3130/2629/4
f 3131/2631/4 3111/2607/4 3110/2605/4
f 3110/2605/4 3130/2629/4 3131/2631/4
f 3132/2632/4 3112/2608/4 3111/2607/4
f 3111/2607/4 3131/2631/4 3132/2632/4
f 3133/2633/4 3113/2609/4 3112/2608/4
f 3112/2608/4 3132/2632/4 3133/2633/4
f 3134/2634/4 3114/2610/4 3113/2609/4
f 3113/2609/4 3133/2633/4 3134/2634/4
f 3135/2635/2 3115/2611/2 3114/2612/2
f 3114/2612/2 3134/2636/2 3135/2635/2
f 3136/2637/2 3116/2613/2 3115/2611/2
f 3115/2611/2 3135/2635/2 3136/2637/2
f 3137/2638/2 3117/2614/2 3116/2613/2
f 3116/2613/2 3136/2637/2 3137/2638/2
f 3138/2639/2 3118/2615/2 3117/2614/2
f 3117/2614/2 3137/2638/2 3138/2639/2
f 3139/2640/2 3119/2616/2 3118/2615/2
f 3118/2615/2 3138/2639/2 3139/2640/2
f 3140/2641/1 3120/2617/1 3119/2618/1
f 3119/2618/1 3139/2642/1 3140/2641/1
f 3122/2620/1 3102/2596/1 3120/2617/1
f 3120/2617/1 3140/2641/1 3122/2620/1
f 3141/2643/1 3121/2619/1 3122/2620/1
f 3122/2620/1 3142/2644/1 3141/2643/1
f 3143/2645/1 3123/2621/1 3121/2619/1
f 3121/2619/1 3141/2643/1 3143/2645/1
f 3144/2646/1 3124/2622/1 3123/2621/1
f 3123/2621/1 3143/2645/1 3144/2646/1
f 3145/2647/3 3125/2623/3 3124/2624/3
f 3124/2624/3 3144/2648/3 3145/2647/3
f 3146/2649/3 3126/2625/3 3125/2623/3
f 3125/2623/3 3145/2647/3 3146/2649/3
f 3147/2650/3 3127/2626/3 3126/2625/3
f 3126/2625/3 3146/2649/3 3147/2650/3
f 3148/2651/3 3128/2627/3 3127/2626/3
f 3127/2626/3 3147/2650/3 3148/2651/3
f 3149/2652/3 3129/2628/3 3128/2627/3
f 3128/2627/3 3148/2651/3 3149/2652/3
f 3150/2653/4 3130/2629/4 3129/2630/4
f 3129/2630/4 3149/2654/4 3150/2653/4
f 3151/2655/2 3135/2635/2 3134/2636/2
f 3134/2636/2 3152/2656/2 3151/2655/2
f 3153/2657/2 3136/2637/2 3135/2635/2
f 3135/2635/2 3151/2655/2 3153/2657/2
f 3154/2658/2 3137/2638/2 3136/2637/2
f 3136/2637/2 3153/2657/2 3154/2658/2
f 3155/2659/2 3138/2639/2 3137/2638/2
f 3137/2638/2 3154/2658/2 3155/2659/2
f 3156/2660/2 3139/2640/2 3138/2639/2
f 3138/2639/2 3155/2659/2 3156/2660/2
f 3157/2661/1 3140/2641/1 3139/2642/1
f 3139/2642/1 3156/2662/1 3157/2661/1
f 3142/2644/1 3122/2620/1 3140/2641/1
f 3140/2641/1 3157/2661/1 3142/2644/1
f 3158/2663/1 3141/2643/1 3142/2644/1
f 3142/2644/1 3159/2664/1 3158/2663/1
f 3160/2665/1 3143/2645/1 3141/2643/1
f 3141/2643/1 3158/2663/1 3160/2665/1
f 3161/2666/1 3144/2646/1 3143/2645/1
f 3143/2645/1 3160/2665/1 3161/2666/1
f 3162/2667/3 3145/2647/3 3144/2648/3
f 3144/2648/3 3161/2668/3 3162/2667/3
f 3163/2669/3 3146/2649/3 3145/2647/3
f 3145/2647/3 3162/2667/3 3163/2669/3
f 3164/2670/3 3147/2650/3 3146/2649/3
f 3146/2649/3 3163/2669/3 3164/2670/3
f 3165/2671/3 3148/2651/3 3147/2650/3
f 3147/2650/3 3164/2670/3 3165/2671/3
f 3166/2672/3 3149/2652/3 3148/2651/3
f 3148/2651/3 3165/2671/3 3166/2672/3
f 3167/2673/4 3150/2653/4 3149/2654/4
f 3149/2654/4 3166/2674/4 3167/2673/4
f 3168/2675/2 3151/2655/2 3152/2656/2
f 3152/2656/2 3169/2676/2 3168/2675/2
f 3170/2677/2 3153/2657/2 3151/2655/2
f 3151/2655/2 3168/2675/2 3170/2677/2
f 3171/2678/2 3154/2658/2 3153/2657/2
f 3153/2657/2 3170/2677/2 3171/2678/2
f 3172/2679/2 3155/2659/2 3154/2658/2
f 3154/2658/2 3171/2678/2 3172/2679/2
f 3173/2680/2 3156/2660/2 3155/2659/2
f 3155/2659/2 3172/2679/2 3173/2680/2
f 3174/2681/1 3157/2661/1 3156/2662/1
f 3156/2662/1 3173/2682/1 3174/2681/1
f 3159/2664/1 3142/2644/1 3157/2661/1
f 3157/2661/1 3174/2681/1 3159/2664/1
f 3175/2683/1 3158/2663/1 3159/2664/1
f 3159/2664/1 3176/2684/1 3175/2683/1
f 3177/2685/1 3160/2665/1 3158/2663/1
f 3158/2663/1 3175/2683/1 3177/2685/1
f 3178/2686/1 3161/2666/1 3160/2665/1
f 3160/2665/1 3177/2685/1 3178/2686/1
f 3179/2687/3 3162/2667/3 3161/2668/3
f 3161/2668/3 3178/2688/3 3179/2687/3
f 3180/2689/3 3163/2669/3 3162/2667/3
f 3162/2667/3 3179/2687/3 3180/2689/3
f 3181/2690/3 3164/2670/3 3163/2669/3
f 3163/2669/3 3180/2689/3 3181/2690/3
f 3182/2691/3 3165/2671/3 3164/2670/3
f 3164/2670/3 3181/2690/3 3182/2691/3
f 3183/2692/3 3166/2672/3 3165/2671/3
f 3165/2671/3 3182/2691/3 3183/2692/3
f 3184/2693/4 3167/2673/4 3166/2674/4
f 3166/2674/4 3183/2694/4 3184/2693/4
f 3185/2695/2 3168/2675/2 3169/2676/2
f 3169/2676/2 3186/2696/2 3185/2695/2
f 3187/2697/2 3170/2677/2 3168/2675/2
f 3168/2675/2 3185/2695/2 3187/2697/2
f 3188/2698/2 3171/2678/2 3170/2677/2
f 3170/2677/2 3187/2697/2 3188/2698/2
f 3189/2699/2 3172/2679/2 3171/2678/2
f 3171/2678/2 3188/2698/2 3189/2699/2
f 3190/2700/2 3173/2680/2 3172/2679/2
f 3172/2679/2 3189/2699/2 3190/2700/2
f 3191/2701/1 3174/2681/1 3173/2682/1
f 3173/2682/1 3190/2702/1 3191/2701/1
f 3176/2684/1 3159/2664/1 3174/2681/1
f 3174/2681/1 3191/2701/1 3176/2684/1
f 3192/2703/1 3175/2683/1 3176/2684/1
f 3176/2684/1 3193/2704/1 3192/2703/1
f 3194/2705/1 3177/2685/1 3175/2683/1
f 3175/2683/1 3192/2703/1 3194/2705/1
f 3195/2706/1 3178/2686/1 3177/2685/1
f 3177/2685/1 3194/2705/1 3195/2706/1
f 3196/2707/3 3179/2687/3 3178/2688/3
f 3178/2688/3 3195/2708/3 3196/2707/3
f 3197/2709/3 3180/2689/3 3179/2687/3
f 3179/2687/3 3196/2707/3 3197/2709/3
f 3198/2710/3 3181/2690/3 3180/2689/3
f 3180/2689/3 3197/2709/3 3198/2710/3
f 3199/2711/3 3182/2691/3 3181/2690/3
f 3181/2690/3 3198/2710/3 3199/2711/3
f 3200/2712/3 3183/2692/3 3182/2691/3
f 3182/2691/3 3199/2711/3 3200/2712/3
f 3201/2713/4 3184/2693/4 3183/2694/4
f 3183/2694/4 3200/2714/4 3201/2713/4
f 3202/2715/2 3185/2695/2 3186/2696/2
f 3186/2696/2 3203/2716/2 3202/2715/2
f 3204/2717/2 3187/2697/2 3185/2695/2
f 3185/2695/2 3202/2715/2 3204/2717/2
f 3205/2718/2 3188/2698/2 3187/2697/2
f 3187/2697/2 3204/2717/2 3205/2718/2
f 3206/2719/2 3189/2699/2 3188/2698/2
f 3188/2698/2 3205/2718/2 3206/2719/2
f 3207/2720/2 3190/2700/2 3189/2699/2
f 3189/2699/2 3206/2719/2 3207/2720/2
f 3208/2721/1 3191/2701/1 3190/2702/1
f 3190/2702/1 3207/2722/1 3208/2721/1
f 3193/2704/1 3176/2684/1 3191/2701/1
f 3191/2701/1 3208/2721/1 3193/2704/1
f 3210/2724/2 2424/2286/2 2848/2298/2
f 2848/2298/2 3209/2723/2 3210/2724/2
f 3211/328/5 2434/318/5 2433/319/5
f 2433/319/5 2955/329/5 3211/328/5
f 3209/2723/2 2848/2298/2 2434/2310/2
f 2434/2310/2 3211/2441/2 3209/2723/2
f 2950/1307/6 2423/1192/6 2424/1193/6
f 2424/1193/6 3210/1308/6 2950/1307/6
f 3213/2726/2 3210/2724/2 3209/2723/2
f 3209/2723/2 3212/2725/2 3213/2726/2
f 3214/334/5 3211/328/5 2955/329/5
f 2955/329/5 2964/335/5 3214/334/5
f 3212/2725/2 3209/2723/2 3211/2441/2
f 3211/2441/2 3214/2442/2 3212/2725/2
f 2959/1409/6 2950/1307/6 3210/1308/6
f 3210/1308/6 3213/1412/6 2959/1409/6
f 3215/2001/1 2740/2002/1 2355/1862/1
f 2355/1862/1 3216/1934/1 3215/2001/1
f 3216/1934/1 2355/1862/1 2349/1857/1
f 2349/1857/1 3217/1933/1 3216/1934/1
f 3217/1933/1 2349/1857/1 2341/1852/1
f 2341/1852/1 3218/1932/1 3217/1933/1
f 3218/1932/1 2341/1852/1 2339/1845/1
f 2339/1845/1 3219/1846/1 3218/1932/1
f 3220/2729/2 3218/2727/2 3219/2728/2
f 3219/2728/2 3221/2730/2 3220/2729/2
f 3222/2731/2 3217/2464/2 3218/2727/2
f 3218/2727/2 3220/2729/2 3222/2731/2
f 3223/2732/2 3216/2463/2 3217/2464/2
f 3217/2464/2 3222/2731/2 3223/2732/2
f 3224/2734/2 3215/2733/2 3216/2463/2
f 3216/2463/2 3223/2732/2 3224/2734/2
f 2861/2316/2 3220/2729/2 3221/2730/2
f 3221/2730/2 2333/2304/2 2861/2316/2
f 2870/2328/2 3222/2731/2 3220/2729/2
f 3220/2729/2 2861/2316/2 2870/2328/2
f 2879/2340/2 3223/2732/2 3222/2731/2
f 3222/2731/2 2870/2328/2 2879/2340/2
f 2747/2352/2 3224/2734/2 3223/2732/2
f 3223/2732/2 2879/2340/2 2747/2352/2
f 2981/1503/5 3224/1502/5 2747/1497/5
f 2747/1497/5 2746/1498/5 2981/1503/5
f 2740/1508/5 3215/1507/5 3224/1502/5
f 3224/1502/5 2981/1503/5 2740/1508/5
f 2986/1634/6 3221/1641/6 3219/1642/6
f 3219/1642/6 2339/1635/6 2986/1634/6
f 2332/1633/6 2333/1640/6 3221/1641/6
f 3221/1641/6 2986/1634/6 2332/1633/6
f 3225/2735/5 2975/337/5 2972/338/5
f 2972/338/5 3226/2736/5 3225/2735/5
f 3227/2737/5 2963/336/5 2975/337/5
f 2975/337/5 3225/2735/5 3227/2737/5
f 3228/2738/5 2964/335/5 2963/336/5
f 2963/336/5 3227/2737/5 3228/2738/5
f 3229/2739/5 3214/334/5 2964/335/5
f 2964/335/5 3228/2738/5 3229/2739/5
f 3230/2740/2 3212/2725/2 3214/2442/2
f 3214/2442/2 3229/2741/2 3230/2740/2
f 3231/2742/2 3213/2726/2 3212/2725/2
f 3212/2725/2 3230/2740/2 3231/2742/2
f 3232/2743/6 2959/1409/6 3213/1412/6
f 3213/1412/6 3231/2744/6 3232/2743/6
f 3233/2745/6 2960/1407/6 2959/1409/6
f 2959/1409/6 3232/2743/6 3233/2745/6
f 3234/2746/6 2961/1404/6 2960/1407/6
f 2960/1407/6 3233/2745/6 3234/2746/6
f 3235/2747/6 2962/1400/6 2961/1404/6
f 2961/1404/6 3234/2746/6 3235/2747/6
f 3236/2748/3 2969/2438/3 2962/2437/3
f 2962/2437/3 3235/2749/3 3236/2748/3
f 3226/2750/3 2972/2439/3 2969/2438/3
f 2969/2438/3 3236/2748/3 3226/2750/3
f 3237/2751/5 3225/2735/5 3226/2736/5
f 3226/2736/5 3238/2752/5 3237/2751/5
f 3239/2753/5 3227/2737/5 3225/2735/5
f 3225/2735/5 3237/2751/5 3239/2753/5
f 3240/2754/5 3228/2738/5 3227/2737/5
f 3227/2737/5 3239/2753/5 3240/2754/5
f 3241/2755/5 3229/2739/5 3228/2738/5
f 3228/2738/5 3240/2754/5 3241/2755/5
f 3242/2756/2 3230/2740/2 3229/2741/2
f 3229/2741/2 3241/2757/2 3242/2756/2
f 3243/2758/2 3231/2742/2 3230/2740/2
f 3230/2740/2 3242/2756/2 3243/2758/2
f 3244/2759/6 3232/2743/6 3231/2744/6
f 3231/2744/6 3243/2760/6 3244/2759/6
f 3245/2761/6 3233/2745/6 3232/2743/6
f 3232/2743/6 3244/2759/6 3245/2761/6
f 3246/2762/6 3234/2746/6 3233/2745/6
f 3233/2745/6 3245/2761/6 3246/2762/6
f 3247/2763/6 3235/2747/6 3234/2746/6
f 3234/2746/6 3246/2762/6 3247/2763/6
f 3248/2764/3 3236/2748/3 3235/2749/3
f 3235/2749/3 3247/2765/3 3248/2764/3
f 3238/2766/3 3226/2750/3 3236/2748/3
f 3236/2748/3 3248/2764/3 3238/2766/3
f 3249/2767/5 3237/2751/5 3238/2752/5
f 3238/2752/5 3250/2768/5 3249/2767/5
f 3251/2769/5 3239/2753/5 3237/2751/5
f 3237/2751/5 3249/2767/5 3251/2769/5
f 3252/2770/5 3240/2754/5 3239/2753/5
f 3239/2753/5 3251/2769/5 3252/2770/5
f 3253/2771/5 3241/2755/5 3240/2754/5
f 3240/2754/5 3252/2770/5 3253/2771/5
f 3254/2772/2 3242/2756/2 3241/2757/2
f 3241/2757/2 3253/2773/2 3254/2772/2
f 3255/2774/2 3243/2758/2 3242/2756/2
f 3242/2756/2 3254/2772/2 3255/2774/2
f 3256/2775/6 3244/2759/6 3243/2760/6
f 3243/2760/6 3255/2776/6 3256/2775/6
f 3257/2777/6 3245/2761/6 3244/2759/6
f 3244/2759/6 3256/2775/6 3257/2777/6
f 3258/2778/6 3246/2762/6 3245/2761/6
f 3245/2761/6 3257/2777/6 3258/2778/6
f 3259/2779/6 3247/2763/6 3246/2762/6
f 3246/2762/6 3258/2778/6 3259/2779/6
f 3260/2780/3 3248/2764/3 3247/2765/3
f 3247/2765/3 3259/2781/3 3260/2780/3
f 3250/2782/3 3238/2766/3 3248/2764/3
f 3248/2764/3 3260/2780/3 3250/2782/3
f 3261/1845/1 3254/1846/1 3253/1932/1
f 3253/1932/1 3252/1852/1 3261/1845/1
f 3256/1839/1 3255/1840/1 3254/1846/1
f 3254/1846/1 3261/1845/1 3256/1839/1
f 3262/1847/1 3261/1845/1 3252/1852/1
f 3252/1852/1 3251/1851/1 3262/1847/1
f 3257/1841/1 3256/1839/1 3261/1845/1
f 3261/1845/1 3262/1847/1 3257/1841/1
f 3263/1848/1 3262/1847/1 3251/1851/1
f 3251/1851/1 3249/1853/1 3263/1848/1
f 3258/1842/1 3257/1841/1 3262/1847/1
f 3262/1847/1 3263/1848/1 3258/1842/1
f 3260/1849/1 3263/1848/1 3249/1853/1
f 3249/1853/1 3250/1854/1 3260/1849/1
f 3259/1843/1 3258/1842/1 3263/1848/1
f 3263/1848/1 3260/1849/1 3259/1843/1
f 1159/2784/4 1147/551/4 3264/550/4
f 3264/550/4 1161/2783/4 1159/2784/4
f 1161/2783/4 3264/550/4 3265/549/4
f 3265/549/4 1165/2785/4 1161/2783/4
f 1176/2785/4 1325/549/4 1327/547/4
f 1327/547/4 1177/2786/4 1176/2785/4
f 1177/2786/4 1327/547/4 1271/548/4
f 1271/548/4 1193/2787/4 1177/2786/4
f 1174/2783/4 1322/550/4 1325/549/4
f 1325/549/4 1176/2785/4 1174/2783/4
f 1175/2784/4 1185/551/4 1322/550/4
f 1322/550/4 1174/2783/4 1175/2784/4
f 1165/2789/2 3265/840/2 3266/841/2
f 3266/841/2 1162/2788/2 1165/2789/2
f 1156/2791/1 3267/535/1 1146/536/1
f 1146/536/1 1154/2790/1 1156/2791/1
f 1162/2792/1 3266/534/1 3267/535/1
f 3267/535/1 1156/2791/1 1162/2792/1
f 1265/533/1 1100/937/1 1099/936/1
f 1099/936/1 1111/538/1 1265/533/1
f 3268/543/6 1101/934/6 1100/935/6
f 1100/935/6 1265/548/6 3268/543/6
f 3269/538/6 1102/936/6 1101/934/6
f 1101/934/6 3268/543/6 3269/538/6
f 1253/533/6 1103/937/6 1102/936/6
f 1102/936/6 3269/538/6 1253/533/6
f 1113/543/4 1104/934/4 1103/935/4
f 1103/935/4 1253/548/4 1113/543/4
f 3270/532/1 1265/533/1 1111/538/1
f 1111/538/1 1119/537/1 3270/532/1
f 3271/542/6 3268/543/6 1265/548/6
f 1265/548/6 3270/547/6 3271/542/6
f 3272/537/6 3269/538/6 3268/543/6
f 3268/543/6 3271/542/6 3272/537/6
f 3273/532/6 1253/533/6 3269/538/6
f 3269/538/6 3272/537/6 3273/532/6
f 1121/542/4 1113/543/4 1253/548/4
f 1253/548/4 3273/547/4 1121/542/4
f 3274/534/1 3270/532/1 1119/537/1
f 1119/537/1 1127/539/1 3274/534/1
f 3266/544/6 3271/542/6 3270/547/6
f 3270/547/6 3274/549/6 3266/544/6
f 3265/539/6 3272/537/6 3271/542/6
f 3271/542/6 3266/544/6 3265/539/6
f 3275/534/6 3273/532/6 3272/537/6
f 3272/537/6 3265/539/6 3275/534/6
f 1129/544/4 1121/542/4 3273/547/4
f 3273/547/4 3275/549/4 1129/544/4
f 3276/535/1 3274/534/1 1127/539/1
f 1127/539/1 1130/540/1 3276/535/1
f 3267/545/6 3266/544/6 3274/549/6
f 3274/549/6 3276/550/6 3267/545/6
f 3277/535/6 3275/534/6 3265/539/6
f 3265/539/6 3264/540/6 3277/535/6
f 1137/545/4 1129/544/4 3275/549/4
f 3275/549/4 3277/550/4 1137/545/4
f 1152/536/1 3276/535/1 1130/540/1
f 1130/540/1 1138/541/1 1152/536/1
f 1146/546/6 3267/545/6 3276/550/6
f 3276/550/6 1152/551/6 1146/546/6
f 1151/536/6 3277/535/6 3264/540/6
f 3264/540/6 1147/541/6 1151/536/6
f 1145/546/4 1137/545/4 3277/550/4
f 3277/550/4 1151/551/4 1145/546/4
f 3278/608/5 1142/546/5 1143/551/5
f 1143/551/5 3279/609/5 3278/608/5
f 3280/610/5 1141/541/5 1142/546/5
f 1142/546/5 3278/608/5 3280/610/5
f 3281/611/5 1140/536/5 1141/541/5
f 1141/541/5 3280/610/5 3281/611/5
f 3282/608/1 1139/546/1 1140/551/1
f 1140/551/1 3281/609/1 3282/608/1
f 3283/610/1 1138/541/1 1139/546/1
f 1139/546/1 3282/608/1 3283/610/1
f 3284/611/1 1152/536/1 1138/541/1
f 1138/541/1 3283/610/1 3284/611/1
f 3285/608/6 1146/546/6 1152/551/6
f 1152/551/6 3284/609/6 3285/608/6
f 3286/610/6 1147/541/6 1146/546/6
f 1146/546/6 3285/608/6 3286/610/6
f 3287/611/6 1151/536/6 1147/541/6
f 1147/541/6 3286/610/6 3287/611/6
f 3288/608/4 1145/546/4 1151/551/4
f 1151/551/4 3287/609/4 3288/608/4
f 3289/610/4 1144/541/4 1145/546/4
f 1145/546/4 3288/608/4 3289/610/4
f 3279/611/4 1143/536/4 1144/541/4
f 1144/541/4 3289/610/4 3279/611/4
f 3290/2793/3 3286/841/3 3285/840/3
f 3285/840/3 3291/2794/3 3290/2793/3
f 3292/2795/3 3290/2793/3 3291/2794/3
f 3291/2794/3 3293/2796/3 3292/2795/3
f 3278/850/3 3292/2795/3 3293/2796/3
f 3293/2796/3 3280/851/3 3278/850/3
f 3282/2797/3 3293/2796/3 3291/2794/3
f 3291/2794/3 3283/2798/3 3282/2797/3
f 3288/2799/3 3290/2793/3 3292/2795/3
f 3292/2795/3 3289/2800/3 3288/2799/3
f 3285/840/3 3284/843/3 3283/2798/3
f 3283/2798/3 3291/2794/3 3285/840/3
f 3293/2796/3 3282/2797/3 3281/852/3
f 3281/852/3 3280/851/3 3293/2796/3
f 3290/2793/3 3288/2799/3 3287/845/3
f 3287/845/3 3286/841/3 3290/2793/3
f 3278/850/3 3279/853/3 3289/2800/3
f 3289/2800/3 3292/2795/3 3278/850/3
f 3294/2801/4 3034/2514/4 3018/2496/4
f 3018/2496/4 3295/2802/4 3294/2801/4
f 3296/2803/4 3050/2532/4 3034/2514/4
f 3034/2514/4 3294/2801/4 3296/2803/4
f 3297/2806/8 3067/2804/8 3050/2805/8
f 3050/2805/8 3296/2807/8 3297/2806/8
f 3298/2808/5 3086/333/5 3067/327/5
f 3067/327/5 3297/2274/5 3298/2808/5
f 3299/2809/5 3084/339/5 3086/333/5
f 3086/333/5 3298/2808/5 3299/2809/5
f 3300/2276/5 3065/345/5 3084/339/5
f 3084/339/5 3299/2809/5 3300/2276/5
f 3301/2812/9 3048/2810/9 3065/2811/9
f 3065/2811/9 3300/2813/9 3301/2812/9
f 3302/2814/1 3032/2512/1 3048/2530/1
f 3048/2530/1 3301/2815/1 3302/2814/1
f 3303/2816/1 3016/2494/1 3032/2512/1
f 3032/2512/1 3302/2814/1 3303/2816/1
f 3304/2817/1 3000/2474/1 3016/2494/1
f 3016/2494/1 3303/2816/1 3304/2817/1
f 3305/2820/7 2737/2818/7 3000/2819/7
f 3000/2819/7 3304/2821/7 3305/2820/7
f 3306/2822/6 2736/1399/6 2737/1433/6
f 2737/1433/6 3305/1879/6 3306/2822/6
f 3307/2823/6 2735/1312/6 2736/1399/6
f 2736/1399/6 3306/2822/6 3307/2823/6
f 3308/1978/6 2734/1188/6 2735/1312/6
f 2735/1312/6 3307/2823/6 3308/1978/6
f 3295/2802/4 3018/2496/4 3001/2478/4
f 3001/2478/4 3309/2824/4 3295/2802/4
f 3310/2825/4 3294/2801/4 3295/2802/4
f 3295/2802/4 3311/2826/4 3310/2825/4
f 3312/2827/4 3296/2803/4 3294/2801/4
f 3294/2801/4 3310/2825/4 3312/2827/4
f 3313/2828/8 3297/2806/8 3296/2807/8
f 3296/2807/8 3312/2829/8 3313/2828/8
f 3314/2724/5 3298/2808/5 3297/2274/5
f 3297/2274/5 3313/2286/5 3314/2724/5
f 3315/2726/5 3299/2809/5 3298/2808/5
f 3298/2808/5 3314/2724/5 3315/2726/5
f 3316/2288/5 3300/2276/5 3299/2809/5
f 3299/2809/5 3315/2726/5 3316/2288/5
f 3317/2830/9 3301/2812/9 3300/2813/9
f 3300/2813/9 3316/2831/9 3317/2830/9
f 3318/2832/1 3302/2814/1 3301/2815/1
f 3301/2815/1 3317/2833/1 3318/2832/1
f 3319/2834/1 3303/2816/1 3302/2814/1
f 3302/2814/1 3318/2832/1 3319/2834/1
f 3320/2835/1 3304/2817/1 3303/2816/1
f 3303/2816/1 3319/2834/1 3320/2835/1
f 3321/2836/7 3305/2820/7 3304/2821/7
f 3304/2821/7 3320/2837/7 3321/2836/7
f 3322/2437/6 3306/2822/6 3305/1879/6
f 3305/1879/6 3321/1876/6 3322/2437/6
f 3323/2435/6 3307/2823/6 3306/2822/6
f 3306/2822/6 3322/2437/6 3323/2435/6
f 3324/2012/6 3308/1978/6 3307/2823/6
f 3307/2823/6 3323/2435/6 3324/2012/6
f 3311/2826/4 3295/2802/4 3309/2824/4
f 3309/2824/4 3325/2838/4 3311/2826/4
f 3326/2839/4 3310/2825/4 3311/2826/4
f 3311/2826/4 3327/2840/4 3326/2839/4
f 3328/2841/4 3312/2827/4 3310/2825/4
f 3310/2825/4 3326/2839/4 3328/2841/4
f 3329/2842/8 3313/2828/8 3312/2829/8
f 3312/2829/8 3328/2843/8 3329/2842/8
f 3330/2723/5 3314/2724/5 3313/2286/5
f 3313/2286/5 3329/2298/5 3330/2723/5
f 3331/2725/5 3315/2726/5 3314/2724/5
f 3314/2724/5 3330/2723/5 3331/2725/5
f 3332/2300/5 3316/2288/5 3315/2726/5
f 3315/2726/5 3331/2725/5 3332/2300/5
f 3333/2844/9 3317/2830/9 3316/2831/9
f 3316/2831/9 3332/2845/9 3333/2844/9
f 3334/2846/1 3318/2832/1 3317/2833/1
f 3317/2833/1 3333/2847/1 3334/2846/1
f 3335/2848/1 3319/2834/1 3318/2832/1
f 3318/2832/1 3334/2846/1 3335/2848/1
f 3336/2849/1 3320/2835/1 3319/2834/1
f 3319/2834/1 3335/2848/1 3336/2849/1
f 3337/2850/7 3321/2836/7 3320/2837/7
f 3320/2837/7 3336/2851/7 3337/2850/7
f 3338/2438/6 3322/2437/6 3321/1876/6
f 3321/1876/6 3337/1877/6 3338/2438/6
f 3339/2436/6 3323/2435/6 3322/2437/6
f 3322/2437/6 3338/2438/6 3339/2436/6
f 3340/2018/6 3324/2012/6 3323/2435/6
f 3323/2435/6 3339/2436/6 3340/2018/6
f 3327/2840/4 3311/2826/4 3325/2838/4
f 3325/2838/4 3341/2852/4 3327/2840/4
f 3342/2853/4 3326/2839/4 3327/2840/4
f 3327/2840/4 3343/2854/4 3342/2853/4
f 3344/2855/4 3328/2841/4 3326/2839/4
f 3326/2839/4 3342/2853/4 3344/2855/4
f 3345/2856/8 3329/2842/8 3328/2843/8
f 3328/2843/8 3344/2857/8 3345/2856/8
f 3346/2441/5 3330/2723/5 3329/2298/5
f 3329/2298/5 3345/2310/5 3346/2441/5
f 3347/2442/5 3331/2725/5 3330/2723/5
f 3330/2723/5 3346/2441/5 3347/2442/5
f 3348/2312/5 3332/2300/5 3331/2725/5
f 3331/2725/5 3347/2442/5 3348/2312/5
f 3349/2858/9 3333/2844/9 3332/2845/9
f 3332/2845/9 3348/2859/9 3349/2858/9
f 3350/2860/1 3334/2846/1 3333/2847/1
f 3333/2847/1 3349/2861/1 3350/2860/1
f 3351/2862/1 3335/2848/1 3334/2846/1
f 3334/2846/1 3350/2860/1 3351/2862/1
f 3352/2863/1 3336/2849/1 3335/2848/1
f 3335/2848/1 3351/2862/1 3352/2863/1
f 3353/2864/7 3337/2850/7 3336/2851/7
f 3336/2851/7 3352/2865/7 3353/2864/7
f 3354/2439/6 3338/2438/6 3337/1877/6
f 3337/1877/6 3353/2025/6 3354/2439/6
f 3355/2440/6 3339/2436/6 3338/2438/6
f 3338/2438/6 3354/2439/6 3355/2440/6
f 3356/2024/6 3340/2018/6 3339/2436/6
f 3339/2436/6 3355/2440/6 3356/2024/6
f 3343/2854/4 3327/2840/4 3341/2852/4
f 3341/2852/4 3357/2866/4 3343/2854/4
f 3358/2867/4 3342/2853/4 3343/2854/4
f 3343/2854/4 3359/2868/4 3358/2867/4
f 3360/2869/4 3344/2855/4 3342/2853/4
f 3342/2853/4 3358/2867/4 3360/2869/4
f 3361/2870/8 3345/2856/8 3344/2857/8
f 3344/2857/8 3360/2871/8 3361/2870/8
f 3362/2443/5 3346/2441/5 3345/2310/5
f 3345/2310/5 3361/2322/5 3362/2443/5
f 3363/2444/5 3347/2442/5 3346/2441/5
f 3346/2441/5 3362/2443/5 3363/2444/5
f 3364/2324/5 3348/2312/5 3347/2442/5
f 3347/2442/5 3363/2444/5 3364/2324/5
f 3365/2872/9 3349/2858/9 3348/2859/9
f 3348/2859/9 3364/2873/9 3365/2872/9
f 3366/2874/1 3350/2860/1 3349/2861/1
f 3349/2861/1 3365/2875/1 3366/2874/1
f 3367/2876/1 3351/2862/1 3350/2860/1
f 3350/2860/1 3366/2874/1 3367/2876/1
f 3368/2877/1 3352/2863/1 3351/2862/1
f 3351/2862/1 3367/2876/1 3368/2877/1
f 3369/2878/7 3353/2864/7 3352/2865/7
f 3352/2865/7 3368/2879/7 3369/2878/7
f 3370/2445/6 3354/2439/6 3353/2025/6
f 3353/2025/6 3369/2037/6 3370/2445/6
f 3371/2446/6 3355/2440/6 3354/2439/6
f 3354/2439/6 3370/2445/6 3371/2446/6
f 3372/2036/6 3356/2024/6 3355/2440/6
f 3355/2440/6 3371/2446/6 3372/2036/6
f 3359/2868/4 3343/2854/4 3357/2866/4
f 3357/2866/4 3373/2880/4 3359/2868/4
f 3374/2881/4 3358/2867/4 3359/2868/4
f 3359/2868/4 3375/2882/4 3374/2881/4
f 3376/2883/4 3360/2869/4 3358/2867/4
f 3358/2867/4 3374/2881/4 3376/2883/4
f 3377/2884/8 3361/2870/8 3360/2871/8
f 3360/2871/8 3376/2885/8 3377/2884/8
f 3378/2447/5 3362/2443/5 3361/2322/5
f 3361/2322/5 3377/2334/5 3378/2447/5
f 3379/2448/5 3363/2444/5 3362/2443/5
f 3362/2443/5 3378/2447/5 3379/2448/5
f 3380/2336/5 3364/2324/5 3363/2444/5
f 3363/2444/5 3379/2448/5 3380/2336/5
f 3381/2886/9 3365/2872/9 3364/2873/9
f 3364/2873/9 3380/2887/9 3381/2886/9
f 3382/2888/1 3366/2874/1 3365/2875/1
f 3365/2875/1 3381/2889/1 3382/2888/1
f 3383/2890/1 3367/2876/1 3366/2874/1
f 3366/2874/1 3382/2888/1 3383/2890/1
f 3384/2891/1 3368/2877/1 3367/2876/1
f 3367/2876/1 3383/2890/1 3384/2891/1
f 3385/2892/7 3369/2878/7 3368/2879/7
f 3368/2879/7 3384/2893/7 3385/2892/7
f 3386/2449/6 3370/2445/6 3369/2037/6
f 3369/2037/6 3385/2049/6 3386/2449/6
f 3387/2450/6 3371/2446/6 3370/2445/6
f 3370/2445/6 3386/2449/6 3387/2450/6
f 3388/2048/6 3372/2036/6 3371/2446/6
f 3371/2446/6 3387/2450/6 3388/2048/6
f 3375/2882/4 3359/2868/4 3373/2880/4
f 3373/2880/4 3389/2894/4 3375/2882/4
f 3390/2895/2 3169/2676/2 3152/2656/2
f 3152/2656/2 3391/2896/2 3390/2895/2
f 3391/2896/2 3152/2656/2 3134/2636/2
f 3134/2636/2 3392/2897/2 3391/2896/2
f 3392/484/6 3134/482/6 3133/483/6
f 3133/483/6 3393/485/6 3392/484/6
f 3393/485/6 3133/483/6 3132/486/6
f 3132/486/6 3394/487/6 3393/485/6
f 3394/487/6 3132/486/6 3131/479/6
f 3131/479/6 3395/488/6 3394/487/6
f 3395/488/6 3131/479/6 3130/489/6
f 3130/489/6 3396/490/6 3395/488/6
f 3397/2898/2 3186/2696/2 3169/2676/2
f 3169/2676/2 3390/2895/2 3397/2898/2
f 3398/2899/2 3203/2716/2 3186/2696/2
f 3186/2696/2 3397/2898/2 3398/2899/2
f 3400/459/5 3399/317/5 3203/316/5
f 3203/316/5 3398/458/5 3400/459/5
f 3402/460/5 3401/320/5 3399/317/5
f 3399/317/5 3400/459/5 3402/460/5
f 3404/461/5 3403/322/5 3401/320/5
f 3401/320/5 3402/460/5 3404/461/5
f 3405/462/5 3201/324/5 3403/322/5
f 3403/322/5 3404/461/5 3405/462/5
f 3406/2900/3 3184/2692/3 3201/2712/3
f 3201/2712/3 3405/2901/3 3406/2900/3
f 3407/2902/3 3167/2672/3 3184/2692/3
f 3184/2692/3 3406/2900/3 3407/2902/3
f 3408/2903/3 3150/2652/3 3167/2672/3
f 3167/2672/3 3407/2902/3 3408/2903/3
f 3396/2904/3 3130/2628/3 3150/2652/3
f 3150/2652/3 3408/2903/3 3396/2904/3
f 3409/2905/2 3390/2895/2 3391/2896/2
f 3391/2896/2 3410/2906/2 3409/2905/2
f 3410/2906/2 3391/2896/2 3392/2897/2
f 3392/2897/2 3411/2907/2 3410/2906/2
f 3411/491/6 3392/484/6 3393/485/6
f 3393/485/6 3412/492/6 3411/491/6
f 3412/492/6 3393/485/6 3394/487/6
f 3394/487/6 3413/493/6 3412/492/6
f 3413/493/6 3394/487/6 3395/488/6
f 3395/488/6 3414/494/6 3413/493/6
f 3414/494/6 3395/488/6 3396/490/6
f 3396/490/6 3415/495/6 3414/494/6
f 3416/2908/2 3397/2898/2 3390/2895/2
f 3390/2895/2 3409/2905/2 3416/2908/2
f 3417/2909/2 3398/2899/2 3397/2898/2
f 3397/2898/2 3416/2908/2 3417/2909/2
f 3418/512/5 3400/459/5 3398/458/5
f 3398/458/5 3417/513/5 3418/512/5
f 3419/514/5 3402/460/5 3400/459/5
f 3400/459/5 3418/512/5 3419/514/5
f 3420/515/5 3404/461/5 3402/460/5
f 3402/460/5 3419/514/5 3420/515/5
f 3421/516/5 3405/462/5 3404/461/5
f 3404/461/5 3420/515/5 3421/516/5
f 3422/2910/3 3406/2900/3 3405/2901/3
f 3405/2901/3 3421/2911/3 3422/2910/3
f 3423/2912/3 3407/2902/3 3406/2900/3
f 3406/2900/3 3422/2910/3 3423/2912/3
f 3424/2913/3 3408/2903/3 3407/2902/3
f 3407/2902/3 3423/2912/3 3424/2913/3
f 3415/2914/3 3396/2904/3 3408/2903/3
f 3408/2903/3 3424/2913/3 3415/2914/3
f 3425/2915/2 3409/2905/2 3410/2906/2
f 3410/2906/2 3426/2916/2 3425/2915/2
f 3426/2916/2 3410/2906/2 3411/2907/2
f 3411/2907/2 3427/2917/2 3426/2916/2
f 3427/496/6 3411/491/6 3412/492/6
f 3412/492/6 3428/497/6 3427/496/6
f 3428/497/6 3412/492/6 3413/493/6
f 3413/493/6 3429/498/6 3428/497/6
f 3429/498/6 3413/493/6 3414/494/6
f 3414/494/6 3430/499/6 3429/498/6
f 3430/499/6 3414/494/6 3415/495/6
f 3415/495/6 3431/500/6 3430/499/6
f 3432/2918/2 3416/2908/2 3409/2905/2
f 3409/2905/2 3425/2915/2 3432/2918/2
f 3433/2919/2 3417/2909/2 3416/2908/2
f 3416/2908/2 3432/2918/2 3433/2919/2
f 3434/517/5 3418/512/5 3417/513/5
f 3417/513/5 3433/518/5 3434/517/5
f 3435/519/5 3419/514/5 3418/512/5
f 3418/512/5 3434/517/5 3435/519/5
f 3436/520/5 3420/515/5 3419/514/5
f 3419/514/5 3435/519/5 3436/520/5
f 3437/521/5 3421/516/5 3420/515/5
f 3420/515/5 3436/520/5 3437/521/5
f 3438/2920/3 3422/2910/3 3421/2911/3
f 3421/2911/3 3437/2921/3 3438/2920/3
f 3439/2922/3 3423/2912/3 3422/2910/3
f 3422/2910/3 3438/2920/3 3439/2922/3
f 3440/2923/3 3424/2913/3 3423/2912/3
f 3423/2912/3 3439/2922/3 3440/2923/3
f 3431/2924/3 3415/2914/3 3424/2913/3
f 3424/2913/3 3440/2923/3 3431/2924/3
f 3441/2926/4 3426/2925/4 3427/2634/4
f 3427/2634/4 3428/2633/4 3441/2926/4
f 3442/2928/4 3425/2927/4 3426/2925/4
f 3426/2925/4 3441/2926/4 3442/2928/4
f 3443/2930/4 3432/2929/4 3425/2927/4
f 3425/2927/4 3442/2928/4 3443/2930/4
f 3434/2932/4 3433/2931/4 3432/2929/4
f 3432/2929/4 3443/2930/4 3434/2932/4
f 3444/2933/4 3441/2926/4 3428/2633/4
f 3428/2633/4 3429/2632/4 3444/2933/4
f 3445/2934/4 3442/2928/4 3441/2926/4
f 3441/2926/4 3444/2933/4 3445/2934/4
f 3446/2935/4 3443/2930/4 3442/2928/4
f 3442/2928/4 3445/2934/4 3446/2935/4
f 3435/2936/4 3434/2932/4 3443/2930/4
f 3443/2930/4 3446/2935/4 3435/2936/4
f 3447/2937/4 3444/2933/4 3429/2632/4
f 3429/2632/4 3430/2631/4 3447/2937/4
f 3448/2938/4 3445/2934/4 3444/2933/4
f 3444/2933/4 3447/2937/4 3448/2938/4
f 3449/2939/4 3446/2935/4 3445/2934/4
f 3445/2934/4 3448/2938/4 3449/2939/4
f 3436/2940/4 3435/2936/4 3446/2935/4
f 3446/2935/4 3449/2939/4 3436/2940/4
f 3440/2653/4 3447/2937/4 3430/2631/4
f 3430/2631/4 3431/2629/4 3440/2653/4
f 3439/2673/4 3448/2938/4 3447/2937/4
f 3447/2937/4 3440/2653/4 3439/2673/4
f 3438/2693/4 3449/2939/4 3448/2938/4
f 3448/2938/4 3439/2673/4 3438/2693/4
f 3437/2713/4 3436/2940/4 3449/2939/4
f 3449/2939/4 3438/2693/4 3437/2713/4
f 3001/1819/10 2734/2941/10 3308/2942/10
f 3308/2942/10 3309/2943/10 3001/1819/10
f 3309/2943/10 3308/2942/10 3324/2944/10
f 3324/2944/10 3325/2945/10 3309/2943/10
f 3325/2945/10 3324/2944/10 3340/2946/10
f 3340/2946/10 3341/2947/10 3325/2945/10
f 3341/2947/10 3340/2946/10 3356/2948/10
f 3356/2948/10 3357/2949/10 3341/2947/10
f 3357/2949/10 3356/2948/10 3372/2950/10
f 3372/2950/10 3373/2951/10 3357/2949/10
f 3373/2951/10 3372/2950/10 3388/2952/10
f 3388/2952/10 3389/2953/10 3373/2951/10
f 3452/2954/1 3450/2703/1 3451/2704/1
f 3451/2704/1 3453/2955/1 3452/2954/1
f 3455/2956/1 3454/2705/1 3450/2703/1
f 3450/2703/1 3452/2954/1 3455/2956/1
f 3457/2957/1 3456/2706/1 3454/2705/1
f 3454/2705/1 3455/2956/1 3457/2957/1
f 3459/2958/3 3458/2707/3 3456/2708/3
f 3456/2708/3 3457/2959/3 3459/2958/3
f 3461/2960/3 3460/2709/3 3458/2707/3
f 3458/2707/3 3459/2958/3 3461/2960/3
f 3463/2961/3 3462/2710/3 3460/2709/3
f 3460/2709/3 3461/2960/3 3463/2961/3
f 3465/2962/3 3464/2711/3 3462/2710/3
f 3462/2710/3 3463/2961/3 3465/2962/3
f 3467/2963/3 3466/2712/3 3464/2711/3
f 3464/2711/3 3465/2962/3 3467/2963/3
f 3469/2964/4 3468/2713/4 3466/2714/4
f 3466/2714/4 3467/2965/4 3469/2964/4
f 3471/2966/4 3470/2940/4 3468/2713/4
f 3468/2713/4 3469/2964/4 3471/2966/4
f 3473/2967/4 3472/2936/4 3470/2940/4
f 3470/2940/4 3471/2966/4 3473/2967/4
f 3475/2968/4 3474/2932/4 3472/2936/4
f 3472/2936/4 3473/2967/4 3475/2968/4
f 3477/2969/4 3476/2931/4 3474/2932/4
f 3474/2932/4 3475/2968/4 3477/2969/4
f 3479/2970/2 3478/2715/2 3476/2716/2
f 3476/2716/2 3477/2971/2 3479/2970/2
f 3481/2972/2 3480/2717/2 3478/2715/2
f 3478/2715/2 3479/2970/2 3481/2972/2
f 3483/2973/2 3482/2718/2 3480/2717/2
f 3480/2717/2 3481/2972/2 3483/2973/2
f 3485/2974/2 3484/2719/2 3482/2718/2
f 3482/2718/2 3483/2973/2 3485/2974/2
f 3487/2975/2 3486/2720/2 3484/2719/2
f 3484/2719/2 3485/2974/2 3487/2975/2
f 3489/2976/1 3488/2721/1 3486/2722/1
f 3486/2722/1 3487/2977/1 3489/2976/1
f 3453/2955/1 3451/2704/1 3488/2721/1
f 3488/2721/1 3489/2976/1 3453/2955/1
f 3490/2978/1 3452/2954/1 3453/2955/1
f 3453/2955/1 3491/2979/1 3490/2978/1
f 3492/2980/1 3455/2956/1 3452/2954/1
f 3452/2954/1 3490/2978/1 3492/2980/1
f 3493/2981/1 3457/2957/1 3455/2956/1
f 3455/2956/1 3492/2980/1 3493/2981/1
f 3494/2982/3 3459/2958/3 3457/2959/3
f 3457/2959/3 3493/2983/3 3494/2982/3
f 3495/2984/3 3461/2960/3 3459/2958/3
f 3459/2958/3 3494/2982/3 3495/2984/3
f 3496/2985/3 3463/2961/3 3461/2960/3
f 3461/2960/3 3495/2984/3 3496/2985/3
f 3497/2986/3 3465/2962/3 3463/2961/3
f 3463/2961/3 3496/2985/3 3497/2986/3
f 3498/2987/3 3467/2963/3 3465/2962/3
f 3465/2962/3 3497/2986/3 3498/2987/3
f 3499/2988/4 3469/2964/4 3467/2965/4
f 3467/2965/4 3498/2989/4 3499/2988/4
f 3500/2990/4 3471/2966/4 3469/2964/4
f 3469/2964/4 3499/2988/4 3500/2990/4
f 3501/2991/4 3473/2967/4 3471/2966/4
f 3471/2966/4 3500/2990/4 3501/2991/4
f 3502/2992/4 3475/2968/4 3473/2967/4
f 3473/2967/4 3501/2991/4 3502/2992/4
f 3503/2993/4 3477/2969/4 3475/2968/4
f 3475/2968/4 3502/2992/4 3503/2993/4
f 3504/2994/2 3479/2970/2 3477/2971/2
f 3477/2971/2 3503/2995/2 3504/2994/2
f 3505/2996/2 3481/2972/2 3479/2970/2
f 3479/2970/2 3504/2994/2 3505/2996/2
f 3506/2997/2 3483/2973/2 3481/2972/2
f 3481/2972/2 3505/2996/2 3506/2997/2
f 3507/2998/2 3485/2974/2 3483/2973/2
f 3483/2973/2 3506/2997/2 3507/2998/2
f 3508/2999/2 3487/2975/2 3485/2974/2
f 3485/2974/2 3507/2998/2 3508/2999/2
f 3509/3000/1 3489/2976/1 3487/2977/1
f 3487/2977/1 3508/3001/1 3509/3000/1
f 3491/2979/1 3453/2955/1 3489/2976/1
f 3489/2976/1 3509/3000/1 3491/2979/1
f 3510/3002/1 3490/2978/1 3491/2979/1
f 3491/2979/1 3511/3003/1 3510/3002/1
f 3512/3004/1 3492/2980/1 3490/2978/1
f 3490/2978/1 3510/3002/1 3512/3004/1
f 3513/3005/1 3493/2981/1 3492/2980/1
f 3492/2980/1 3512/3004/1 3513/3005/1
f 3514/3006/3 3494/2982/3 3493/2983/3
f 3493/2983/3 3513/3007/3 3514/3006/3
f 3515/3008/3 3495/2984/3 3494/2982/3
f 3494/2982/3 3514/3006/3 3515/3008/3
f 3516/3009/3 3496/2985/3 3495/2984/3
f 3495/2984/3 3515/3008/3 3516/3009/3
f 3517/3010/3 3497/2986/3 3496/2985/3
f 3496/2985/3 3516/3009/3 3517/3010/3
f 3518/3011/3 3498/2987/3 3497/2986/3
f 3497/2986/3 3517/3010/3 3518/3011/3
f 3519/3012/4 3499/2988/4 3498/2989/4
f 3498/2989/4 3518/3013/4 3519/3012/4
f 3520/3014/4 3500/2990/4 3499/2988/4
f 3499/2988/4 3519/3012/4 3520/3014/4
f 3521/3015/4 3501/2991/4 3500/2990/4
f 3500/2990/4 3520/3014/4 3521/3015/4
f 3522/3016/4 3502/2992/4 3501/2991/4
f 3501/2991/4 3521/3015/4 3522/3016/4
f 3523/3017/4 3503/2993/4 3502/2992/4
f 3502/2992/4 3522/3016/4 3523/3017/4
f 3524/3018/2 3504/2994/2 3503/2995/2
f 3503/2995/2 3523/3019/2 3524/3018/2
f 3525/3020/2 3505/2996/2 3504/2994/2
f 3504/2994/2 3524/3018/2 3525/3020/2
f 3526/3021/2 3506/2997/2 3505/2996/2
f 3505/2996/2 3525/3020/2 3526/3021/2
f 3527/3022/2 3507/2998/2 3506/2997/2
f 3506/2997/2 3526/3021/2 3527/3022/2
f 3528/3023/2 3508/2999/2 3507/2998/2
f 3507/2998/2 3527/3022/2 3528/3023/2
f 3529/3024/1 3509/3000/1 3508/3001/1
f 3508/3001/1 3528/3025/1 3529/3024/1
f 3511/3003/1 3491/2979/1 3509/3000/1
f 3509/3000/1 3529/3024/1 3511/3003/1
f 3530/3026/1 3510/3002/1 3511/3003/1
f 3511/3003/1 3531/3027/1 3530/3026/1
f 3532/3028/1 3512/3004/1 3510/3002/1
f 3510/3002/1 3530/3026/1 3532/3028/1
f 3533/3029/1 3513/3005/1 3512/3004/1
f 3512/3004/1 3532/3028/1 3533/3029/1
f 3534/3030/3 3514/3006/3 3513/3007/3
f 3513/3007/3 3533/3031/3 3534/3030/3
f 3535/3032/3 3515/3008/3 3514/3006/3
f 3514/3006/3 3534/3030/3 3535/3032/3
f 3536/3033/3 3516/3009/3 3515/3008/3
f 3515/3008/3 3535/3032/3 3536/3033/3
f 3537/3034/3 3517/3010/3 3516/3009/3
f 3516/3009/3 3536/3033/3 3537/3034/3
f 3538/3035/3 3518/3011/3 3517/3010/3
f 3517/3010/3 3537/3034/3 3538/3035/3
f 3539/3036/4 3519/3012/4 3518/3013/4
f 3518/3013/4 3538/3037/4 3539/3036/4
f 3540/3038/4 3520/3014/4 3519/3012/4
f 3519/3012/4 3539/3036/4 3540/3038/4
f 3541/3039/4 3521/3015/4 3520/3014/4
f 3520/3014/4 3540/3038/4 3541/3039/4
f 3542/3040/4 3522/3016/4 3521/3015/4
f 3521/3015/4 3541/3039/4 3542/3040/4
f 3543/3041/4 3523/3017/4 3522/3016/4
f 3522/3016/4 3542/3040/4 3543/3041/4
f 3544/3042/2 3524/3018/2 3523/3019/2
f 3523/3019/2 3543/3043/2 3544/3042/2
f 3545/3044/2 3525/3020/2 3524/3018/2
f 3524/3018/2 3544/3042/2 3545/3044/2
f 3546/3045/2 3526/3021/2 3525/3020/2
f 3525/3020/2 3545/3044/2 3546/3045/2
f 3547/3046/2 3527/3022/2 3526/3021/2
f 3526/3021/2 3546/3045/2 3547/3046/2
f 3548/3047/2 3528/3023/2 3527/3022/2
f 3527/3022/2 3547/3046/2 3548/3047/2
f 3549/3048/1 3529/3024/1 3528/3025/1
f 3528/3025/1 3548/3049/1 3549/3048/1
f 3531/3027/1 3511/3003/1 3529/3024/1
f 3529/3024/1 3549/3048/1 3531/3027/1
f 3550/3050/1 3530/3026/1 3531/3027/1
f 3531/3027/1 3551/3051/1 3550/3050/1
f 3552/3052/1 3532/3028/1 3530/3026/1
f 3530/3026/1 3550/3050/1 3552/3052/1
f 3553/3053/1 3533/3029/1 3532/3028/1
f 3532/3028/1 3552/3052/1 3553/3053/1
f 3554/3054/3 3534/3030/3 3533/3031/3
f 3533/3031/3 3553/3055/3 3554/3054/3
f 3555/3056/3 3535/3032/3 3534/3030/3
f 3534/3030/3 3554/3054/3 3555/3056/3
f 3556/3057/3 3536/3033/3 3535/3032/3
f 3535/3032/3 3555/3056/3 3556/3057/3
f 3557/3058/3 3537/3034/3 3536/3033/3
f 3536/3033/3 3556/3057/3 3557/3058/3
f 3558/3059/3 3538/3035/3 3537/3034/3
f 3537/3034/3 3557/3058/3 3558/3059/3
f 3559/3060/4 3539/3036/4 3538/3037/4
f 3538/3037/4 3558/3061/4 3559/3060/4
f 3560/3062/4 3540/3038/4 3539/3036/4
f 3539/3036/4 3559/3060/4 3560/3062/4
f 3561/3063/4 3541/3039/4 3540/3038/4
f 3540/3038/4 3560/3062/4 3561/3063/4
f 3562/3064/4 3542/3040/4 3541/3039/4
f 3541/3039/4 3561/3063/4 3562/3064/4
f 3563/3065/4 3543/3041/4 3542/3040/4
f 3542/3040/4 3562/3064/4 3563/3065/4
f 3564/3066/2 3544/3042/2 3543/3043/2
f 3543/3043/2 3563/3067/2 3564/3066/2
f 3565/3068/2 3545/3044/2 3544/3042/2
f 3544/3042/2 3564/3066/2 3565/3068/2
f 3566/3069/2 3546/3045/2 3545/3044/2
f 3545/3044/2 3565/3068/2 3566/3069/2
f 3567/3070/2 3547/3046/2 3546/3045/2
f 3546/3045/2 3566/3069/2 3567/3070/2
f 3568/3071/2 3548/3047/2 3547/3046/2
f 3547/3046/2 3567/3070/2 3568/3071/2
f 3569/3072/1 3549/3048/1 3548/3049/1
f 3548/3049/1 3568/3073/1 3569/3072/1
f 3551/3051/1 3531/3027/1 3549/3048/1
f 3549/3048/1 3569/3072/1 3551/3051/1
f 3570/3074/1 3550/3050/1 3551/3051/1
f 3551/3051/1 3571/3075/1 3570/3074/1
f 3572/3076/1 3552/3052/1 3550/3050/1
f 3550/3050/1 3570/3074/1 3572/3076/1
f 3573/3077/1 3553/3053/1 3552/3052/1
f 3552/3052/1 3572/3076/1 3573/3077/1
f 3574/3078/3 3554/3054/3 3553/3055/3
f 3553/3055/3 3573/3079/3 3574/3078/3
f 3575/3080/3 3555/3056/3 3554/3054/3
f 3554/3054/3 3574/3078/3 3575/3080/3
f 3576/3081/3 3556/3057/3 3555/3056/3
f 3555/3056/3 3575/3080/3 3576/3081/3
f 3577/3082/3 3557/3058/3 3556/3057/3
f 3556/3057/3 3576/3081/3 3577/3082/3
f 3578/3083/3 3558/3059/3 3557/3058/3
f 3557/3058/3 3577/3082/3 3578/3083/3
f 3579/3084/4 3559/3060/4 3558/3061/4
f 3558/3061/4 3578/3085/4 3579/3084/4
f 3580/3086/4 3560/3062/4 3559/3060/4
f 3559/3060/4 3579/3084/4 3580/3086/4
f 3581/3087/4 3561/3063/4 3560/3062/4
f 3560/3062/4 3580/3086/4 3581/3087/4
f 3582/3088/4 3562/3064/4 3561/3063/4
f 3561/3063/4 3581/3087/4 3582/3088/4
f 3583/3089/4 3563/3065/4 3562/3064/4
f 3562/3064/4 3582/3088/4 3583/3089/4
f 3584/3090/2 3564/3066/2 3563/3067/2
f 3563/3067/2 3583/3091/2 3584/3090/2
f 3585/3092/2 3565/3068/2 3564/3066/2
f 3564/3066/2 3584/3090/2 3585/3092/2
f 3586/3093/2 3566/3069/2 3565/3068/2
f 3565/3068/2 3585/3092/2 3586/3093/2
f 3587/3094/2 3567/3070/2 3566/3069/2
f 3566/3069/2 3586/3093/2 3587/3094/2
f 3588/3095/2 3568/3071/2 3567/3070/2
f 3567/3070/2 3587/3094/2 3588/3095/2
f 3589/3096/1 3569/3072/1 3568/3073/1
f 3568/3073/1 3588/3097/1 3589/3096/1
f 3571/3075/1 3551/3051/1 3569/3072/1
f 3569/3072/1 3589/3096/1 3571/3075/1
f 3590/3098/1 3570/3074/1 3571/3075/1
f 3571/3075/1 3591/3099/1 3590/3098/1
f 3592/3100/1 3572/3076/1 3570/3074/1
f 3570/3074/1 3590/3098/1 3592/3100/1
f 3593/3101/1 3573/3077/1 3572/3076/1
f 3572/3076/1 3592/3100/1 3593/3101/1
f 3594/3102/3 3574/3078/3 3573/3079/3
f 3573/3079/3 3593/3103/3 3594/3102/3
f 3595/3104/3 3575/3080/3 3574/3078/3
f 3574/3078/3 3594/3102/3 3595/3104/3
f 3596/3105/3 3576/3081/3 3575/3080/3
f 3575/3080/3 3595/3104/3 3596/3105/3
f 3597/3106/3 3577/3082/3 3576/3081/3
f 3576/3081/3 3596/3105/3 3597/3106/3
f 3598/3107/3 3578/3083/3 3577/3082/3
f 3577/3082/3 3597/3106/3 3598/3107/3
f 3599/3108/4 3579/3084/4 3578/3085/4
f 3578/3085/4 3598/3109/4 3599/3108/4
f 3600/3110/4 3580/3086/4 3579/3084/4
f 3579/3084/4 3599/3108/4 3600/3110/4
f 3601/3111/4 3581/3087/4 3580/3086/4
f 3580/3086/4 3600/3110/4 3601/3111/4
f 3602/3112/4 3582/3088/4 3581/3087/4
f 3581/3087/4 3601/3111/4 3602/3112/4
f 3603/3113/4 3583/3089/4 3582/3088/4
f 3582/3088/4 3602/3112/4 3603/3113/4
f 3604/3114/2 3584/3090/2 3583/3091/2
f 3583/3091/2 3603/3115/2 3604/3114/2
f 3605/3116/2 3585/3092/2 3584/3090/2
f 3584/3090/2 3604/3114/2 3605/3116/2
f 3606/3117/2 3586/3093/2 3585/3092/2
f 3585/3092/2 3605/3116/2 3606/3117/2
f 3607/3118/2 3587/3094/2 3586/3093/2
f 3586/3093/2 3606/3117/2 3607/3118/2
f 3608/3119/2 3588/3095/2 3587/3094/2
f 3587/3094/2 3607/3118/2 3608/3119/2
f 3609/3120/1 3589/3096/1 3588/3097/1
f 3588/3097/1 3608/3121/1 3609/3120/1
f 3591/3099/1 3571/3075/1 3589/3096/1
f 3589/3096/1 3609/3120/1 3591/3099/1
f 3610/3122/1 3590/3098/1 3591/3099/1
f 3591/3099/1 3611/3123/1 3610/3122/1
f 3612/3124/1 3592/3100/1 3590/3098/1
f 3590/3098/1 3610/3122/1 3612/3124/1
f 3613/3125/1 3593/3101/1 3592/3100/1
f 3592/3100/1 3612/3124/1 3613/3125/1
f 3614/3126/3 3594/3102/3 3593/3103/3
f 3593/3103/3 3613/3127/3 3614/3126/3
f 3615/3128/3 3595/3104/3 3594/3102/3
f 3594/3102/3 3614/3126/3 3615/3128/3
f 3616/3129/3 3596/3105/3 3595/3104/3
f 3595/3104/3 3615/3128/3 3616/3129/3
f 3617/3130/3 3597/3106/3 3596/3105/3
f 3596/3105/3 3616/3129/3 3617/3130/3
f 3618/3131/3 3598/3107/3 3597/3106/3
f 3597/3106/3 3617/3130/3 3618/3131/3
f 3619/3132/4 3599/3108/4 3598/3109/4
f 3598/3109/4 3618/3133/4 3619/3132/4
f 3620/3134/4 3600/3110/4 3599/3108/4
f 3599/3108/4 3619/3132/4 3620/3134/4
f 3621/3135/4 3601/3111/4 3600/3110/4
f 3600/3110/4 3620/3134/4 3621/3135/4
f 3622/3136/4 3602/3112/4 3601/3111/4
f 3601/3111/4 3621/3135/4 3622/3136/4
f 3623/3137/4 3603/3113/4 3602/3112/4
f 3602/3112/4 3622/3136/4 3623/3137/4
f 3624/3138/2 3604/3114/2 3603/3115/2
f 3603/3115/2 3623/3139/2 3624/3138/2
f 3625/3140/2 3605/3116/2 3604/3114/2
f 3604/3114/2 3624/3138/2 3625/3140/2
f 3626/3141/2 3606/3117/2 3605/3116/2
f 3605/3116/2 3625/3140/2 3626/3141/2
f 3627/3142/2 3607/3118/2 3606/3117/2
f 3606/3117/2 3626/3141/2 3627/3142/2
f 3628/3143/2 3608/3119/2 3607/3118/2
f 3607/3118/2 3627/3142/2 3628/3143/2
f 3629/3144/1 3609/3120/1 3608/3121/1
f 3608/3121/1 3628/3145/1 3629/3144/1
f 3611/3123/1 3591/3099/1 3609/3120/1
f 3609/3120/1 3629/3144/1 3611/3123/1
f 3630/3146/1 3610/3122/1 3611/3123/1
f 3611/3123/1 3631/3147/1 3630/3146/1
f 3632/3148/1 3612/3124/1 3610/3122/1
f 3610/3122/1 3630/3146/1 3632/3148/1
f 3633/3149/1 3613/3125/1 3612/3124/1
f 3612/3124/1 3632/3148/1 3633/3149/1
f 3634/3150/3 3614/3126/3 3613/3127/3
f 3613/3127/3 3633/3151/3 3634/3150/3
f 3635/3152/3 3615/3128/3 3614/3126/3
f 3614/3126/3 3634/3150/3 3635/3152/3
f 3636/3153/3 3616/3129/3 3615/3128/3
f 3615/3128/3 3635/3152/3 3636/3153/3
f 3637/3154/3 3617/3130/3 3616/3129/3
f 3616/3129/3 3636/3153/3 3637/3154/3
f 3638/3155/3 3618/3131/3 3617/3130/3
f 3617/3130/3 3637/3154/3 3638/3155/3
f 3639/3156/4 3619/3132/4 3618/3133/4
f 3618/3133/4 3638/3157/4 3639/3156/4
f 3640/3158/4 3620/3134/4 3619/3132/4
f 3619/3132/4 3639/3156/4 3640/3158/4
f 3641/3159/4 3621/3135/4 3620/3134/4
f 3620/3134/4 3640/3158/4 3641/3159/4
f 3642/3160/4 3622/3136/4 3621/3135/4
f 3621/3135/4 3641/3159/4 3642/3160/4
f 3643/3161/4 3623/3137/4 3622/3136/4
f 3622/3136/4 3642/3160/4 3643/3161/4
f 3644/3162/2 3624/3138/2 3623/3139/2
f 3623/3139/2 3643/3163/2 3644/3162/2
f 3645/3164/2 3625/3140/2 3624/3138/2
f 3624/3138/2 3644/3162/2 3645/3164/2
f 3646/3165/2 3626/3141/2 3625/3140/2
f 3625/3140/2 3645/3164/2 3646/3165/2
f 3647/3166/2 3627/3142/2 3626/3141/2
f 3626/3141/2 3646/3165/2 3647/3166/2
f 3648/3167/2 3628/3143/2 3627/3142/2
f 3627/3142/2 3647/3166/2 3648/3167/2
f 3649/3168/1 3629/3144/1 3628/3145/1
f 3628/3145/1 3648/3169/1 3649/3168/1
f 3631/3147/1 3611/3123/1 3629/3144/1
f 3629/3144/1 3649/3168/1 3631/3147/1
f 3650/3170/1 3630/3146/1 3631/3147/1
f 3631/3147/1 3651/3171/1 3650/3170/1
f 3652/3172/1 3632/3148/1 3630/3146/1
f 3630/3146/1 3650/3170/1 3652/3172/1
f 3653/3173/1 3633/3149/1 3632/3148/1
f 3632/3148/1 3652/3172/1 3653/3173/1
f 3654/3174/3 3634/3150/3 3633/3151/3
f 3633/3151/3 3653/3175/3 3654/3174/3
f 3655/3176/3 3635/3152/3 3634/3150/3
f 3634/3150/3 3654/3174/3 3655/3176/3
f 3656/3177/3 3636/3153/3 3635/3152/3
f 3635/3152/3 3655/3176/3 3656/3177/3
f 3657/3178/3 3637/3154/3 3636/3153/3
f 3636/3153/3 3656/3177/3 3657/3178/3
f 3658/3179/3 3638/3155/3 3637/3154/3
f 3637/3154/3 3657/3178/3 3658/3179/3
f 3659/3180/4 3639/3156/4 3638/3157/4
f 3638/3157/4 3658/3181/4 3659/3180/4
f 3660/3182/4 3640/3158/4 3639/3156/4
f 3639/3156/4 3659/3180/4 3660/3182/4
f 3661/3183/4 3641/3159/4 3640/3158/4
f 3640/3158/4 3660/3182/4 3661/3183/4
f 3662/3184/4 3642/3160/4 3641/3159/4
f 3641/3159/4 3661/3183/4 3662/3184/4
f 3663/3185/4 3643/3161/4 3642/3160/4
f 3642/3160/4 3662/3184/4 3663/3185/4
f 3664/3186/2 3644/3162/2 3643/3163/2
f 3643/3163/2 3663/3187/2 3664/3186/2
f 3665/3188/2 3645/3164/2 3644/3162/2
f 3644/3162/2 3664/3186/2 3665/3188/2
f 3666/3189/2 3646/3165/2 3645/3164/2
f 3645/3164/2 3665/3188/2 3666/3189/2
f 3667/3190/2 3647/3166/2 3646/3165/2
f 3646/3165/2 3666/3189/2 3667/3190/2
f 3668/3191/2 3648/3167/2 3647/3166/2
f 3647/3166/2 3667/3190/2 3668/3191/2
f 3669/3192/1 3649/3168/1 3648/3169/1
f 3648/3169/1 3668/3193/1 3669/3192/1
f 3651/3171/1 3631/3147/1 3649/3168/1
f 3649/3168/1 3669/3192/1 3651/3171/1
f 3670/3194/1 3650/3170/1 3651/3171/1
f 3651/3171/1 3671/3195/1 3670/3194/1
f 3672/3196/1 3652/3172/1 3650/3170/1
f 3650/3170/1 3670/3194/1 3672/3196/1
f 3673/3197/1 3653/3173/1 3652/3172/1
f 3652/3172/1 3672/3196/1 3673/3197/1
f 3674/3198/3 3654/3174/3 3653/3175/3
f 3653/3175/3 3673/3199/3 3674/3198/3
f 3675/3200/3 3655/3176/3 3654/3174/3
f 3654/3174/3 3674/3198/3 3675/3200/3
f 3676/3201/3 3656/3177/3 3655/3176/3
f 3655/3176/3 3675/3200/3 3676/3201/3
f 3677/3202/3 3657/3178/3 3656/3177/3
f 3656/3177/3 3676/3201/3 3677/3202/3
f 3678/3203/3 3658/3179/3 3657/3178/3
f 3657/3178/3 3677/3202/3 3678/3203/3
f 3679/3204/4 3659/3180/4 3658/3181/4
f 3658/3181/4 3678/3205/4 3679/3204/4
f 3680/3206/4 3660/3182/4 3659/3180/4
f 3659/3180/4 3679/3204/4 3680/3206/4
f 3681/3207/4 3661/3183/4 3660/3182/4
f 3660/3182/4 3680/3206/4 3681/3207/4
f 3682/3208/4 3662/3184/4 3661/3183/4
f 3661/3183/4 3681/3207/4 3682/3208/4
f 3683/3209/4 3663/3185/4 3662/3184/4
f 3662/3184/4 3682/3208/4 3683/3209/4
f 3684/3210/2 3664/3186/2 3663/3187/2
f 3663/3187/2 3683/3211/2 3684/3210/2
f 3685/3212/2 3665/3188/2 3664/3186/2
f 3664/3186/2 3684/3210/2 3685/3212/2
f 3686/3213/2 3666/3189/2 3665/3188/2
f 3665/3188/2 3685/3212/2 3686/3213/2
f 3687/3214/2 3667/3190/2 3666/3189/2
f 3666/3189/2 3686/3213/2 3687/3214/2
f 3688/3215/2 3668/3191/2 3667/3190/2
f 3667/3190/2 3687/3214/2 3688/3215/2
f 3689/3216/1 3669/3192/1 3668/3193/1
f 3668/3193/1 3688/3217/1 3689/3216/1
f 3671/3195/1 3651/3171/1 3669/3192/1
f 3669/3192/1 3689/3216/1 3671/3195/1
f 3690/3218/1 3670/3194/1 3671/3195/1
f 3671/3195/1 3691/3219/1 3690/3218/1
f 3692/3220/1 3672/3196/1 3670/3194/1
f 3670/3194/1 3690/3218/1 3692/3220/1
f 3693/3221/1 3673/3197/1 3672/3196/1
f 3672/3196/1 3692/3220/1 3693/3221/1
f 3694/3222/3 3674/3198/3 3673/3199/3
f 3673/3199/3 3693/3223/3 3694/3222/3
f 3695/3224/3 3675/3200/3 3674/3198/3
f 3674/3198/3 3694/3222/3 3695/3224/3
f 3696/3225/3 3676/3201/3 3675/3200/3
f 3675/3200/3 3695/3224/3 3696/3225/3
f 3697/3226/3 3677/3202/3 3676/3201/3
f 3676/3201/3 3696/3225/3 3697/3226/3
f 3698/3227/3 3678/3203/3 3677/3202/3
f 3677/3202/3 3697/3226/3 3698/3227/3
f 3699/3228/4 3679/3204/4 3678/3205/4
f 3678/3205/4 3698/3229/4 3699/3228/4
f 3700/3230/4 3680/3206/4 3679/3204/4
f 3679/3204/4 3699/3228/4 3700/3230/4
f 3701/3231/4 3681/3207/4 3680/3206/4
f 3680/3206/4 3700/3230/4 3701/3231/4
f 3702/3232/4 3682/3208/4 3681/3207/4
f 3681/3207/4 3701/3231/4 3702/3232/4
f 3703/3233/4 3683/3209/4 3682/3208/4
f 3682/3208/4 3702/3232/4 3703/3233/4
f 3704/3234/2 3684/3210/2 3683/3211/2
f 3683/3211/2 3703/3235/2 3704/3234/2
f 3705/3236/2 3685/3212/2 3684/3210/2
f 3684/3210/2 3704/3234/2 3705/3236/2
f 3706/3237/2 3686/3213/2 3685/3212/2
f 3685/3212/2 3705/3236/2 3706/3237/2
f 3707/3238/2 3687/3214/2 3686/3213/2
f 3686/3213/2 3706/3237/2 3707/3238/2
f 3708/3239/2 3688/3215/2 3687/3214/2
f 3687/3214/2 3707/3238/2 3708/3239/2
f 3709/3240/1 3689/3216/1 3688/3217/1
f 3688/3217/1 3708/3241/1 3709/3240/1
f 3691/3219/1 3671/3195/1 3689/3216/1
f 3689/3216/1 3709/3240/1 3691/3219/1
f 3710/3242/1 3690/3218/1 3691/3219/1
f 3691/3219/1 3711/3243/1 3710/3242/1
f 3712/3244/1 3692/3220/1 3690/3218/1
f 3690/3218/1 3710/3242/1 3712/3244/1
f 3713/3245/1 3693/3221/1 3692/3220/1
f 3692/3220/1 3712/3244/1 3713/3245/1
f 3714/3246/3 3694/3222/3 3693/3223/3
f 3693/3223/3 3713/3247/3 3714/3246/3
f 3715/3248/3 3695/3224/3 3694/3222/3
f 3694/3222/3 3714/3246/3 3715/3248/3
f 3716/3249/3 3696/3225/3 3695/3224/3
f 3695/3224/3 3715/3248/3 3716/3249/3
f 3717/3250/3 3697/3226/3 3696/3225/3
f 3696/3225/3 3716/3249/3 3717/3250/3
f 3718/3251/3 3698/3227/3 3697/3226/3
f 3697/3226/3 3717/3250/3 3718/3251/3
f 3719/3252/4 3699/3228/4 3698/3229/4
f 3698/3229/4 3718/3253/4 3719/3252/4
f 3720/3254/4 3700/3230/4 3699/3228/4
f 3699/3228/4 3719/3252/4 3720/3254/4
f 3721/3255/4 3701/3231/4 3700/3230/4
f 3700/3230/4 3720/3254/4 3721/3255/4
f 3722/3256/4 3702/3232/4 3701/3231/4
f 3701/3231/4 3721/3255/4 3722/3256/4
f 3723/3257/4 3703/3233/4 3702/3232/4
f 3702/3232/4 3722/3256/4 3723/3257/4
f 3724/3258/2 3704/3234/2 3703/3235/2
f 3703/3235/2 3723/3259/2 3724/3258/2
f 3725/3260/2 3705/3236/2 3704/3234/2
f 3704/3234/2 3724/3258/2 3725/3260/2
f 3726/3261/2 3706/3237/2 3705/3236/2
f 3705/3236/2 3725/3260/2 3726/3261/2
f 3727/3262/2 3707/3238/2 3706/3237/2
f 3706/3237/2 3726/3261/2 3727/3262/2
f 3728/3263/2 3708/3239/2 3707/3238/2
f 3707/3238/2 3727/3262/2 3728/3263/2
f 3729/3264/1 3709/3240/1 3708/3241/1
f 3708/3241/1 3728/3265/1 3729/3264/1
f 3711/3243/1 3691/3219/1 3709/3240/1
f 3709/3240/1 3729/3264/1 3711/3243/1
f 3730/3266/1 3710/3242/1 3711/3243/1
f 3711/3243/1 3731/3267/1 3730/3266/1
f 3732/3268/1 3712/3244/1 3710/3242/1
f 3710/3242/1 3730/3266/1 3732/3268/1
f 3733/3269/1 3713/3245/1 3712/3244/1
f 3712/3244/1 3732/3268/1 3733/3269/1
f 3734/3270/3 3714/3246/3 3713/3247/3
f 3713/3247/3 3733/3271/3 3734/3270/3
f 3735/3272/3 3715/3248/3 3714/3246/3
f 3714/3246/3 3734/3270/3 3735/3272/3
f 3736/3273/3 3716/3249/3 3715/3248/3
f 3715/3248/3 3735/3272/3 3736/3273/3
f 3737/3274/3 3717/3250/3 3716/3249/3
f 3716/3249/3 3736/3273/3 3737/3274/3
f 3738/3275/3 3718/3251/3 3717/3250/3
f 3717/3250/3 3737/3274/3 3738/3275/3
f 3739/3276/4 3719/3252/4 3718/3253/4
f 3718/3253/4 3738/3277/4 3739/3276/4
f 3740/3278/4 3720/3254/4 3719/3252/4
f 3719/3252/4 3739/3276/4 3740/3278/4
f 3741/3279/4 3721/3255/4 3720/3254/4
f 3720/3254/4 3740/3278/4 3741/3279/4
f 3742/3280/4 3722/3256/4 3721/3255/4
f 3721/3255/4 3741/3279/4 3742/3280/4
f 3743/3281/4 3723/3257/4 3722/3256/4
f 3722/3256/4 3742/3280/4 3743/3281/4
f 3744/3282/2 3724/3258/2 3723/3259/2
f 3723/3259/2 3743/3283/2 3744/3282/2
f 3745/3284/2 3725/3260/2 3724/3258/2
f 3724/3258/2 3744/3282/2 3745/3284/2
f 3746/3285/2 3726/3261/2 3725/3260/2
f 3725/3260/2 3745/3284/2 3746/3285/2
f 3747/3286/2 3727/3262/2 3726/3261/2
f 3726/3261/2 3746/3285/2 3747/3286/2
f 3748/3287/2 3728/3263/2 3727/3262/2
f 3727/3262/2 3747/3286/2 3748/3287/2
f 3749/3288/1 3729/3264/1 3728/3265/1
f 3728/3265/1 3748/3289/1 3749/3288/1
f 3731/3267/1 3711/3243/1 3729/3264/1
f 3729/3264/1 3749/3288/1 3731/3267/1
f 3750/3290/1 3730/3266/1 3731/3267/1
f 3731/3267/1 3751/3291/1 3750/3290/1
f 3752/3292/1 3732/3268/1 3730/3266/1
f 3730/3266/1 3750/3290/1 3752/3292/1
f 3753/3293/1 3733/3269/1 3732/3268/1
f 3732/3268/1 3752/3292/1 3753/3293/1
f 3754/3294/3 3734/3270/3 3733/3271/3
f 3733/3271/3 3753/3295/3 3754/3294/3
f 3755/3296/3 3735/3272/3 3734/3270/3
f 3734/3270/3 3754/3294/3 3755/3296/3
f 3756/3297/3 3736/3273/3 3735/3272/3
f 3735/3272/3 3755/3296/3 3756/3297/3
f 3757/3298/3 3737/3274/3 3736/3273/3
f 3736/3273/3 3756/3297/3 3757/3298/3
f 3758/3299/3 3738/3275/3 3737/3274/3
f 3737/3274/3 3757/3298/3 3758/3299/3
f 3759/3300/4 3739/3276/4 3738/3277/4
f 3738/3277/4 3758/3301/4 3759/3300/4
f 3760/3302/4 3740/3278/4 3739/3276/4
f 3739/3276/4 3759/3300/4 3760/3302/4
f 3761/3303/4 3741/3279/4 3740/3278/4
f 3740/3278/4 3760/3302/4 3761/3303/4
f 3762/3304/4 3742/3280/4 3741/3279/4
f 3741/3279/4 3761/3303/4 3762/3304/4
f 3763/3305/4 3743/3281/4 3742/3280/4
f 3742/3280/4 3762/3304/4 3763/3305/4
f 3764/3306/2 3744/3282/2 3743/3283/2
f 3743/3283/2 3763/3307/2 3764/3306/2
f 3765/3308/2 3745/3284/2 3744/3282/2
f 3744/3282/2 3764/3306/2 3765/3308/2
f 3766/3309/2 3746/3285/2 3745/3284/2
f 3745/3284/2 3765/3308/2 3766/3309/2
f 3767/3310/2 3747/3286/2 3746/3285/2
f 3746/3285/2 3766/3309/2 3767/3310/2
f 3768/3311/2 3748/3287/2 3747/3286/2
f 3747/3286/2 3767/3310/2 3768/3311/2
f 3769/3312/1 3749/3288/1 3748/3289/1
f 3748/3289/1 3768/3313/1 3769/3312/1
f 3751/3291/1 3731/3267/1 3749/3288/1
f 3749/3288/1 3769/3312/1 3751/3291/1
f 3770/3314/1 3750/3290/1 3751/3291/1
f 3751/3291/1 3771/3315/1 3770/3314/1
f 3772/3316/1 3752/3292/1 3750/3290/1
f 3750/3290/1 3770/3314/1 3772/3316/1
f 3773/3317/1 3753/3293/1 3752/3292/1
f 3752/3292/1 3772/3316/1 3773/3317/1
f 3774/3318/3 3754/3294/3 3753/3295/3
f 3753/3295/3 3773/3319/3 3774/3318/3
f 3775/3320/3 3755/3296/3 3754/3294/3
f 3754/3294/3 3774/3318/3 3775/3320/3
f 3776/3321/3 3756/3297/3 3755/3296/3
f 3755/3296/3 3775/3320/3 3776/3321/3
f 3777/3322/3 3757/3298/3 3756/3297/3
f 3756/3297/3 3776/3321/3 3777/3322/3
f 3778/3323/3 3758/3299/3 3757/3298/3
f 3757/3298/3 3777/3322/3 3778/3323/3
f 3779/3324/4 3759/3300/4 3758/3301/4
f 3758/3301/4 3778/3325/4 3779/3324/4
f 3780/3326/4 3760/3302/4 3759/3300/4
f 3759/3300/4 3779/3324/4 3780/3326/4
f 3781/3327/4 3761/3303/4 3760/3302/4
f 3760/3302/4 3780/3326/4 3781/3327/4
f 3782/3328/4 3762/3304/4 3761/3303/4
f 3761/3303/4 3781/3327/4 3782/3328/4
f 3783/3329/4 3763/3305/4 3762/3304/4
f 3762/3304/4 3782/3328/4 3783/3329/4
f 3784/3330/2 3764/3306/2 3763/3307/2
f 3763/3307/2 3783/3331/2 3784/3330/2
f 3785/3332/2 3765/3308/2 3764/3306/2
f 3764/3306/2 3784/3330/2 3785/3332/2
f 3786/3333/2 3766/3309/2 3765/3308/2
f 3765/3308/2 3785/3332/2 3786/3333/2
f 3787/3334/2 3767/3310/2 3766/3309/2
f 3766/3309/2 3786/3333/2 3787/3334/2
f 3788/3335/2 3768/3311/2 3767/3310/2
f 3767/3310/2 3787/3334/2 3788/3335/2
f 3789/3336/1 3769/3312/1 3768/3313/1
f 3768/3313/1 3788/3337/1 3789/3336/1
f 3771/3315/1 3751/3291/1 3769/3312/1
f 3769/3312/1 3789/3336/1 3771/3315/1
f 3790/3338/1 3770/3314/1 3771/3315/1
f 3771/3315/1 3791/3339/1 3790/3338/1
f 3792/3340/1 3772/3316/1 3770/3314/1
f 3770/3314/1 3790/3338/1 3792/3340/1
f 3793/3341/1 3773/3317/1 3772/3316/1
f 3772/3316/1 3792/3340/1 3793/3341/1
f 3794/3342/3 3774/3318/3 3773/3319/3
f 3773/3319/3 3793/3343/3 3794/3342/3
f 3795/3344/3 3775/3320/3 3774/3318/3
f 3774/3318/3 3794/3342/3 3795/3344/3
f 3796/3345/3 3776/3321/3 3775/3320/3
f 3775/3320/3 3795/3344/3 3796/3345/3
f 3797/3346/3 3777/3322/3 3776/3321/3
f 3776/3321/3 3796/3345/3 3797/3346/3
f 3798/3347/3 3778/3323/3 3777/3322/3
f 3777/3322/3 3797/3346/3 3798/3347/3
f 3799/3348/4 3779/3324/4 3778/3325/4
f 3778/3325/4 3798/3349/4 3799/3348/4
f 3800/3350/4 3780/3326/4 3779/3324/4
f 3779/3324/4 3799/3348/4 3800/3350/4
f 3801/3351/4 3781/3327/4 3780/3326/4
f 3780/3326/4 3800/3350/4 3801/3351/4
f 3802/3352/4 3782/3328/4 3781/3327/4
f 3781/3327/4 3801/3351/4 3802/3352/4
f 3803/3353/4 3783/3329/4 3782/3328/4
f 3782/3328/4 3802/3352/4 3803/3353/4
f 3804/3354/2 3784/3330/2 3783/3331/2
f 3783/3331/2 3803/3355/2 3804/3354/2
f 3805/3356/2 3785/3332/2 3784/3330/2
f 3784/3330/2 3804/3354/2 3805/3356/2
f 3806/3357/2 3786/3333/2 3785/3332/2
f 3785/3332/2 3805/3356/2 3806/3357/2
f 3807/3358/2 3787/3334/2 3786/3333/2
f 3786/3333/2 3806/3357/2 3807/3358/2
f 3808/3359/2 3788/3335/2 3787/3334/2
f 3787/3334/2 3807/3358/2 3808/3359/2
f 3809/3360/1 3789/3336/1 3788/3337/1
f 3788/3337/1 3808/3361/1 3809/3360/1
f 3791/3339/1 3771/3315/1 3789/3336/1
f 3789/3336/1 3809/3360/1 3791/3339/1
f 3810/3362/1 3790/3338/1 3791/3339/1
f 3791/3339/1 3811/3363/1 3810/3362/1
f 3812/3364/1 3792/3340/1 3790/3338/1
f 3790/3338/1 3810/3362/1 3812/3364/1
f 3813/3365/1 3793/3341/1 3792/3340/1
f 3792/3340/1 3812/3364/1 3813/3365/1
f 3814/3366/3 3794/3342/3 3793/3343/3
f 3793/3343/3 3813/3367/3 3814/3366/3
f 3815/3368/3 3795/3344/3 3794/3342/3
f 3794/3342/3 3814/3366/3 3815/3368/3
f 3816/3369/3 3796/3345/3 3795/3344/3
f 3795/3344/3 3815/3368/3 3816/3369/3
f 3817/3370/3 3797/3346/3 3796/3345/3
f 3796/3345/3 3816/3369/3 3817/3370/3
f 3818/3371/3 3798/3347/3 3797/3346/3
f 3797/3346/3 3817/3370/3 3818/3371/3
f 3819/3372/4 3799/3348/4 3798/3349/4
f 3798/3349/4 3818/3373/4 3819/3372/4
f 3820/3374/4 3800/3350/4 3799/3348/4
f 3799/3348/4 3819/3372/4 3820/3374/4
f 3821/3375/4 3801/3351/4 3800/3350/4
f 3800/3350/4 3820/3374/4 3821/3375/4
f 3822/3376/4 3802/3352/4 3801/3351/4
f 3801/3351/4 3821/3375/4 3822/3376/4
f 3823/3377/4 3803/3353/4 3802/3352/4
f 3802/3352/4 3822/3376/4 3823/3377/4
f 3824/3378/2 3804/3354/2 3803/3355/2
f 3803/3355/2 3823/3379/2 3824/3378/2
f 3825/3380/2 3805/3356/2 3804/3354/2
f 3804/3354/2 3824/3378/2 3825/3380/2
f 3826/3381/2 3806/3357/2 3805/3356/2
f 3805/3356/2 3825/3380/2 3826/3381/2
f 3827/3382/2 3807/3358/2 3806/3357/2
f 3806/3357/2 3826/3381/2 3827/3382/2
f 3828/3383/2 3808/3359/2 3807/3358/2
f 3807/3358/2 3827/3382/2 3828/3383/2
f 3829/3384/1 3809/3360/1 3808/3361/1
f 3808/3361/1 3828/3385/1 3829/3384/1
f 3811/3363/1 3791/3339/1 3809/3360/1
f 3809/3360/1 3829/3384/1 3811/3363/1
f 3830/3386/1 3810/3362/1 3811/3363/1
f 3811/3363/1 3831/3387/1 3830/3386/1
f 3832/3388/1 3812/3364/1 3810/3362/1
f 3810/3362/1 3830/3386/1 3832/3388/1
f 3833/3389/1 3813/3365/1 3812/3364/1
f 3812/3364/1 3832/3388/1 3833/3389/1
f 3834/3390/3 3814/3366/3 3813/3367/3
f 3813/3367/3 3833/3391/3 3834/3390/3
f 3835/3392/3 3815/3368/3 3814/3366/3
f 3814/3366/3 3834/3390/3 3835/3392/3
f 3836/3393/3 3816/3369/3 3815/3368/3
f 3815/3368/3 3835/3392/3 3836/3393/3
f 3837/3394/3 3817/3370/3 3816/3369/3
f 3816/3369/3 3836/3393/3 3837/3394/3
f 3838/3395/3 3818/3371/3 3817/3370/3
f 3817/3370/3 3837/3394/3 3838/3395/3
f 3839/3396/4 3819/3372/4 3818/3373/4
f 3818/3373/4 3838/3397/4 3839/3396/4
f 3840/3398/4 3820/3374/4 3819/3372/4
f 3819/3372/4 3839/3396/4 3840/3398/4
f 3841/3399/4 3821/3375/4 3820/3374/4
f 3820/3374/4 3840/3398/4 3841/3399/4
f 3842/3400/4 3822/3376/4 3821/3375/4
f 3821/3375/4 3841/3399/4 3842/3400/4
f 3843/3401/4 3823/3377/4 3822/3376/4
f 3822/3376/4 3842/3400/4 3843/3401/4
f 3844/3402/2 3824/3378/2 3823/3379/2
f 3823/3379/2 3843/3403/2 3844/3402/2
f 3845/3404/2 3825/3380/2 3824/3378/2
f 3824/3378/2 3844/3402/2 3845/3404/2
f 3846/3405/2 3826/3381/2 3825/3380/2
f 3825/3380/2 3845/3404/2 3846/3405/2
f 3847/3406/2 3827/3382/2 3826/3381/2
f 3826/3381/2 3846/3405/2 3847/3406/2
f 3848/3407/2 3828/3383/2 3827/3382/2
f 3827/3382/2 3847/3406/2 3848/3407/2
f 3849/3408/1 3829/3384/1 3828/3385/1
f 3828/3385/1 3848/3409/1 3849/3408/1
f 3831/3387/1 3811/3363/1 3829/3384/1
f 3829/3384/1 3849/3408/1 3831/3387/1
f 3850/3410/1 3830/3386/1 3831/3387/1
f 3831/3387/1 3851/3411/1 3850/3410/1
f 3852/3412/1 3832/3388/1 3830/3386/1
f 3830/3386/1 3850/3410/1 3852/3412/1
f 3853/3413/1 3833/3389/1 3832/3388/1
f 3832/3388/1 3852/3412/1 3853/3413/1
f 3854/3414/3 3834/3390/3 3833/3391/3
f 3833/3391/3 3853/3415/3 3854/3414/3
f 3855/3416/3 3835/3392/3 3834/3390/3
f 3834/3390/3 3854/3414/3 3855/3416/3
f 3856/3417/3 3836/3393/3 3835/3392/3
f 3835/3392/3 3855/3416/3 3856/3417/3
f 3857/3418/3 3837/3394/3 3836/3393/3
f 3836/3393/3 3856/3417/3 3857/3418/3
f 3858/3419/3 3838/3395/3 3837/3394/3
f 3837/3394/3 3857/3418/3 3858/3419/3
f 3859/3420/4 3839/3396/4 3838/3397/4
f 3838/3397/4 3858/3421/4 3859/3420/4
f 3860/3422/4 3840/3398/4 3839/3396/4
f 3839/3396/4 3859/3420/4 3860/3422/4
f 3861/3423/4 3841/3399/4 3840/3398/4
f 3840/3398/4 3860/3422/4 3861/3423/4
f 3862/3424/4 3842/3400/4 3841/3399/4
f 3841/3399/4 3861/3423/4 3862/3424/4
f 3863/3425/4 3843/3401/4 3842/3400/4
f 3842/3400/4 3862/3424/4 3863/3425/4
f 3864/3426/2 3844/3402/2 3843/3403/2
f 3843/3403/2 3863/3427/2 3864/3426/2
f 3865/3428/2 3845/3404/2 3844/3402/2
f 3844/3402/2 3864/3426/2 3865/3428/2
f 3866/3429/2 3846/3405/2 3845/3404/2
f 3845/3404/2 3865/3428/2 3866/3429/2
f 3867/3430/2 3847/3406/2 3846/3405/2
f 3846/3405/2 3866/3429/2 3867/3430/2
f 3868/3431/2 3848/3407/2 3847/3406/2
f 3847/3406/2 3867/3430/2 3868/3431/2
f 3869/3432/1 3849/3408/1 3848/3409/1
f 3848/3409/1 3868/3433/1 3869/3432/1
f 3851/3411/1 3831/3387/1 3849/3408/1
f 3849/3408/1 3869/3432/1 3851/3411/1
f 3870/3434/1 3850/3410/1 3851/3411/1
f 3851/3411/1 3871/3435/1 3870/3434/1
f 3872/3436/1 3852/3412/1 3850/3410/1
f 3850/3410/1 3870/3434/1 3872/3436/1
f 3873/3437/1 3853/3413/1 3852/3412/1
f 3852/3412/1 3872/3436/1 3873/3437/1
f 3874/3438/3 3854/3414/3 3853/3415/3
f 3853/3415/3 3873/3439/3 3874/3438/3
f 3875/3440/3 3855/3416/3 3854/3414/3
f 3854/3414/3 3874/3438/3 3875/3440/3
f 3876/3441/3 3856/3417/3 3855/3416/3
f 3855/3416/3 3875/3440/3 3876/3441/3
f 3877/3442/3 3857/3418/3 3856/3417/3
f 3856/3417/3 3876/3441/3 3877/3442/3
f 3878/3443/3 3858/3419/3 3857/3418/3
f 3857/3418/3 3877/3442/3 3878/3443/3
f 3879/3444/4 3859/3420/4 3858/3421/4
f 3858/3421/4 3878/3445/4 3879/3444/4
f 3880/3446/4 3860/3422/4 3859/3420/4
f 3859/3420/4 3879/3444/4 3880/3446/4
f 3881/3447/4 3861/3423/4 3860/3422/4
f 3860/3422/4 3880/3446/4 3881/3447/4
f 3882/3448/4 3862/3424/4 3861/3423/4
f 3861/3423/4 3881/3447/4 3882/3448/4
f 3883/3449/4 3863/3425/4 3862/3424/4
f 3862/3424/4 3882/3448/4 3883/3449/4
f 3884/3450/2 3864/3426/2 3863/3427/2
f 3863/3427/2 3883/3451/2 3884/3450/2
f 3885/3452/2 3865/3428/2 3864/3426/2
f 3864/3426/2 3884/3450/2 3885/3452/2
f 3886/3453/2 3866/3429/2 3865/3428/2
f 3865/3428/2 3885/3452/2 3886/3453/2
f 3887/3454/2 3867/3430/2 3866/3429/2
f 3866/3429/2 3886/3453/2 3887/3454/2
f 3888/3455/2 3868/3431/2 3867/3430/2
f 3867/3430/2 3887/3454/2 3888/3455/2
f 3889/3456/1 3869/3432/1 3868/3433/1
f 3868/3433/1 3888/3457/1 3889/3456/1
f 3871/3435/1 3851/3411/1 3869/3432/1
f 3869/3432/1 3889/3456/1 3871/3435/1
f 3890/3458/1 3870/3434/1 3871/3435/1
f 3871/3435/1 3891/3459/1 3890/3458/1
f 3892/3460/1 3872/3436/1 3870/3434/1
f 3870/3434/1 3890/3458/1 3892/3460/1
f 3893/3461/1 3873/3437/1 3872/3436/1
f 3872/3436/1 3892/3460/1 3893/3461/1
f 3894/3462/3 3874/3438/3 3873/3439/3
f 3873/3439/3 3893/3463/3 3894/3462/3
f 3895/3464/3 3875/3440/3 3874/3438/3
f 3874/3438/3 3894/3462/3 3895/3464/3
f 3896/3465/3 3876/3441/3 3875/3440/3
f 3875/3440/3 3895/3464/3 3896/3465/3
f 3897/3466/3 3877/3442/3 3876/3441/3
f 3876/3441/3 3896/3465/3 3897/3466/3
f 3898/3467/3 3878/3443/3 3877/3442/3
f 3877/3442/3 3897/3466/3 3898/3467/3
f 3899/3468/4 3879/3444/4 3878/3445/4
f 3878/3445/4 3898/3469/4 3899/3468/4
f 3900/3470/4 3880/3446/4 3879/3444/4
f 3879/3444/4 3899/3468/4 3900/3470/4
f 3901/3471/4 3881/3447/4 3880/3446/4
f 3880/3446/4 3900/3470/4 3901/3471/4
f 3902/3472/4 3882/3448/4 3881/3447/4
f 3881/3447/4 3901/3471/4 3902/3472/4
f 3903/3473/4 3883/3449/4 3882/3448/4
f 3882/3448/4 3902/3472/4 3903/3473/4
f 3904/3474/2 3884/3450/2 3883/3451/2
f 3883/3451/2 3903/3475/2 3904/3474/2
f 3905/3476/2 3885/3452/2 3884/3450/2
f 3884/3450/2 3904/3474/2 3905/3476/2
f 3906/3477/2 3886/3453/2 3885/3452/2
f 3885/3452/2 3905/3476/2 3906/3477/2
f 3907/3478/2 3887/3454/2 3886/3453/2
f 3886/3453/2 3906/3477/2 3907/3478/2
f 3908/3479/2 3888/3455/2 3887/3454/2
f 3887/3454/2 3907/3478/2 3908/3479/2
f 3909/3480/1 3889/3456/1 3888/3457/1
f 3888/3457/1 3908/3481/1 3909/3480/1
f 3891/3459/1 3871/3435/1 3889/3456/1
f 3889/3456/1 3909/3480/1 3891/3459/1
f 3910/3482/1 3890/3458/1 3891/3459/1
f 3891/3459/1 3911/3483/1 3910/3482/1
f 3912/3484/1 3892/3460/1 3890/3458/1
f 3890/3458/1 3910/3482/1 3912/3484/1
f 3913/3485/1 3893/3461/1 3892/3460/1
f 3892/3460/1 3912/3484/1 3913/3485/1
f 3914/3486/3 3894/3462/3 3893/3463/3
f 3893/3463/3 3913/3487/3 3914/3486/3
f 3915/3488/3 3895/3464/3 3894/3462/3
f 3894/3462/3 3914/3486/3 3915/3488/3
f 3916/3489/3 3896/3465/3 3895/3464/3
f 3895/3464/3 3915/3488/3 3916/3489/3
f 3917/3490/3 3897/3466/3 3896/3465/3
f 3896/3465/3 3916/3489/3 3917/3490/3
f 3918/3491/3 3898/3467/3 3897/3466/3
f 3897/3466/3 3917/3490/3 3918/3491/3
f 3919/3492/4 3899/3468/4 3898/3469/4
f 3898/3469/4 3918/3493/4 3919/3492/4
f 3920/3494/4 3900/3470/4 3899/3468/4
f 3899/3468/4 3919/3492/4 3920/3494/4
f 3921/3495/4 3901/3471/4 3900/3470/4
f 3900/3470/4 3920/3494/4 3921/3495/4
f 3922/3496/4 3902/3472/4 3901/3471/4
f 3901/3471/4 3921/3495/4 3922/3496/4
f 3923/3497/4 3903/3473/4 3902/3472/4
f 3902/3472/4 3922/3496/4 3923/3497/4
f 3924/3498/2 3904/3474/2 3903/3475/2
f 3903/3475/2 3923/3499/2 3924/3498/2
f 3925/3500/2 3905/3476/2 3904/3474/2
f 3904/3474/2 3924/3498/2 3925/3500/2
f 3926/3501/2 3906/3477/2 3905/3476/2
f 3905/3476/2 3925/3500/2 3926/3501/2
f 3927/3502/2 3907/3478/2 3906/3477/2
f 3906/3477/2 3926/3501/2 3927/3502/2
f 3928/3503/2 3908/3479/2 3907/3478/2
f 3907/3478/2 3927/3502/2 3928/3503/2
f 3929/3504/1 3909/3480/1 3908/3481/1
f 3908/3481/1 3928/3505/1 3929/3504/1
f 3911/3483/1 3891/3459/1 3909/3480/1
f 3909/3480/1 3929/3504/1 3911/3483/1
f 3930/3506/1 3910/3482/1 3911/3483/1
f 3911/3483/1 3931/3507/1 3930/3506/1
f 3932/3508/1 3912/3484/1 3910/3482/1
f 3910/3482/1 3930/3506/1 3932/3508/1
f 3933/3509/1 3913/3485/1 3912/3484/1
f 3912/3484/1 3932/3508/1 3933/3509/1
f 3934/3510/3 3914/3486/3 3913/3487/3
f 3913/3487/3 3933/3511/3 3934/3510/3
f 3935/3512/3 3915/3488/3 3914/3486/3
f 3914/3486/3 3934/3510/3 3935/3512/3
f 3936/3513/3 3916/3489/3 3915/3488/3
f 3915/3488/3 3935/3512/3 3936/3513/3
f 3937/3514/3 3917/3490/3 3916/3489/3
f 3916/3489/3 3936/3513/3 3937/3514/3
f 3938/3515/3 3918/3491/3 3917/3490/3
f 3917/3490/3 3937/3514/3 3938/3515/3
f 3939/3516/4 3919/3492/4 3918/3493/4
f 3918/3493/4 3938/3517/4 3939/3516/4
f 3940/3518/4 3920/3494/4 3919/3492/4
f 3919/3492/4 3939/3516/4 3940/3518/4
f 3941/3519/4 3921/3495/4 3920/3494/4
f 3920/3494/4 3940/3518/4 3941/3519/4
f 3942/3520/4 3922/3496/4 3921/3495/4
f 3921/3495/4 3941/3519/4 3942/3520/4
f 3943/3521/4 3923/3497/4 3922/3496/4
f 3922/3496/4 3942/3520/4 3943/3521/4
f 3944/3522/2 3924/3498/2 3923/3499/2
f 3923/3499/2 3943/3523/2 3944/3522/2
f 3945/3524/2 3925/3500/2 3924/3498/2
f 3924/3498/2 3944/3522/2 3945/3524/2
f 3946/3525/2 3926/3501/2 3925/3500/2
f 3925/3500/2 3945/3524/2 3946/3525/2
f 3947/3526/2 3927/3502/2 3926/3501/2
f 3926/3501/2 3946/3525/2 3947/3526/2
f 3948/3527/2 3928/3503/2 3927/3502/2
f 3927/3502/2 3947/3526/2 3948/3527/2
f 3949/3528/1 3929/3504/1 3928/3505/1
f 3928/3505/1 3948/3529/1 3949/3528/1
f 3931/3507/1 3911/3483/1 3929/3504/1
f 3929/3504/1 3949/3528/1 3931/3507/1
f 3950/3530/1 3930/3506/1 3931/3507/1
f 3931/3507/1 3951/3531/1 3950/3530/1
f 3952/3532/1 3932/3508/1 3930/3506/1
f 3930/3506/1 3950/3530/1 3952/3532/1
f 3953/3533/1 3933/3509/1 3932/3508/1
f 3932/3508/1 3952/3532/1 3953/3533/1
f 3954/3534/3 3934/3510/3 3933/3511/3
f 3933/3511/3 3953/3535/3 3954/3534/3
f 3955/3536/3 3935/3512/3 3934/3510/3
f 3934/3510/3 3954/3534/3 3955/3536/3
f 3956/3537/3 3936/3513/3 3935/3512/3
f 3935/3512/3 3955/3536/3 3956/3537/3
f 3957/3538/3 3937/3514/3 3936/3513/3
f 3936/3513/3 3956/3537/3 3957/3538/3
f 3958/3539/3 3938/3515/3 3937/3514/3
f 3937/3514/3 3957/3538/3 3958/3539/3
f 3959/3540/4 3939/3516/4 3938/3517/4
f 3938/3517/4 3958/3541/4 3959/3540/4
f 3960/3542/4 3940/3518/4 3939/3516/4
f 3939/3516/4 3959/3540/4 3960/3542/4
f 3961/3543/4 3941/3519/4 3940/3518/4
f 3940/3518/4 3960/3542/4 3961/3543/4
f 3962/3544/4 3942/3520/4 3941/3519/4
f 3941/3519/4 3961/3543/4 3962/3544/4
f 3963/3545/4 3943/3521/4 3942/3520/4
f 3942/3520/4 3962/3544/4 3963/3545/4
f 3964/3546/2 3944/3522/2 3943/3523/2
f 3943/3523/2 3963/3547/2 3964/3546/2
f 3965/3548/2 3945/3524/2 3944/3522/2
f 3944/3522/2 3964/3546/2 3965/3548/2
f 3966/3549/2 3946/3525/2 3945/3524/2
f 3945/3524/2 3965/3548/2 3966/3549/2
f 3967/3550/2 3947/3526/2 3946/3525/2
f 3946/3525/2 3966/3549/2 3967/3550/2
f 3968/3551/2 3948/3527/2 3947/3526/2
f 3947/3526/2 3967/3550/2 3968/3551/2
f 3969/3552/1 3949/3528/1 3948/3529/1
f 3948/3529/1 3968/3553/1 3969/3552/1
f 3951/3531/1 3931/3507/1 3949/3528/1
f 3949/3528/1 3969/3552/1 3951/3531/1
f 3970/3554/1 3950/3530/1 3951/3531/1
f 3951/3531/1 3971/3555/1 3970/3554/1
f 3972/3556/1 3952/3532/1 3950/3530/1
f 3950/3530/1 3970/3554/1 3972/3556/1
f 3973/3557/1 3953/3533/1 3952/3532/1
f 3952/3532/1 3972/3556/1 3973/3557/1
f 3974/3558/3 3954/3534/3 3953/3535/3
f 3953/3535/3 3973/3559/3 3974/3558/3
f 3975/3560/3 3955/3536/3 3954/3534/3
f 3954/3534/3 3974/3558/3 3975/3560/3
f 3976/3561/3 3956/3537/3 3955/3536/3
f 3955/3536/3 3975/3560/3 3976/3561/3
f 3977/3562/3 3957/3538/3 3956/3537/3
f 3956/3537/3 3976/3561/3 3977/3562/3
f 3978/3563/3 3958/3539/3 3957/3538/3
f 3957/3538/3 3977/3562/3 3978/3563/3
f 3979/3564/4 3959/3540/4 3958/3541/4
f 3958/3541/4 3978/3565/4 3979/3564/4
f 3980/3566/4 3960/3542/4 3959/3540/4
f 3959/3540/4 3979/3564/4 3980/3566/4
f 3981/3567/4 3961/3543/4 3960/3542/4
f 3960/3542/4 3980/3566/4 3981/3567/4
f 3982/3568/4 3962/3544/4 3961/3543/4
f 3961/3543/4 3981/3567/4 3982/3568/4
f 3983/3569/4 3963/3545/4 3962/3544/4
f 3962/3544/4 3982/3568/4 3983/3569/4
f 3984/3570/2 3964/3546/2 3963/3547/2
f 3963/3547/2 3983/3571/2 3984/3570/2
f 3985/3572/2 3965/3548/2 3964/3546/2
f 3964/3546/2 3984/3570/2 3985/3572/2
f 3986/3573/2 3966/3549/2 3965/3548/2
f 3965/3548/2 3985/3572/2 3986/3573/2
f 3987/3574/2 3967/3550/2 3966/3549/2
f 3966/3549/2 3986/3573/2 3987/3574/2
f 3988/3575/2 3968/3551/2 3967/3550/2
f 3967/3550/2 3987/3574/2 3988/3575/2
f 3989/3576/1 3969/3552/1 3968/3553/1
f 3968/3553/1 3988/3577/1 3989/3576/1
f 3971/3555/1 3951/3531/1 3969/3552/1
f 3969/3552/1 3989/3576/1 3971/3555/1
f 3990/3578/1 3970/3554/1 3971/3555/1
f 3971/3555/1 3991/3579/1 3990/3578/1
f 3992/3580/1 3972/3556/1 3970/3554/1
f 3970/3554/1 3990/3578/1 3992/3580/1
f 3993/3581/1 3973/3557/1 3972/3556/1
f 3972/3556/1 3992/3580/1 3993/3581/1
f 3994/3582/3 3974/3558/3 3973/3559/3
f 3973/3559/3 3993/3583/3 3994/3582/3
f 3995/3584/3 3975/3560/3 3974/3558/3
f 3974/3558/3 3994/3582/3 3995/3584/3
f 3996/3585/3 3976/3561/3 3975/3560/3
f 3975/3560/3 3995/3584/3 3996/3585/3
f 3997/3586/3 3977/3562/3 3976/3561/3
f 3976/3561/3 3996/3585/3 3997/3586/3
f 3998/3587/3 3978/3563/3 3977/3562/3
f 3977/3562/3 3997/3586/3 3998/3587/3
f 3999/3588/4 3979/3564/4 3978/3565/4
f 3978/3565/4 3998/3589/4 3999/3588/4
f 4000/3590/4 3980/3566/4 3979/3564/4
f 3979/3564/4 3999/3588/4 4000/3590/4
f 4001/3591/4 3981/3567/4 3980/3566/4
f 3980/3566/4 4000/3590/4 4001/3591/4
f 4002/3592/4 3982/3568/4 3981/3567/4
f 3981/3567/4 4001/3591/4 4002/3592/4
f 4003/3593/4 3983/3569/4 3982/3568/4
f 3982/3568/4 4002/3592/4 4003/3593/4
f 4004/3594/2 3984/3570/2 3983/3571/2
f 3983/3571/2 4003/3595/2 4004/3594/2
f 4005/3596/2 3985/3572/2 3984/3570/2
f 3984/3570/2 4004/3594/2 4005/3596/2
f 4006/3597/2 3986/3573/2 3985/3572/2
f 3985/3572/2 4005/3596/2 4006/3597/2
f 4007/3598/2 3987/3574/2 3986/3573/2
f 3986/3573/2 4006/3597/2 4007/3598/2
f 4008/3599/2 3988/3575/2 3987/3574/2
f 3987/3574/2 4007/3598/2 4008/3599/2
f 4009/3600/1 3989/3576/1 3988/3577/1
f 3988/3577/1 4008/3601/1 4009/3600/1
f 3991/3579/1 3971/3555/1 3989/3576/1
f 3989/3576/1 4009/3600/1 3991/3579/1
f 4010/3602/1 3990/3578/1 3991/3579/1
f 3991/3579/1 4011/3603/1 4010/3602/1
f 4012/3604/1 3992/3580/1 3990/3578/1
f 3990/3578/1 4010/3602/1 4012/3604/1
f 4013/3605/1 3993/3581/1 3992/3580/1
f 3992/3580/1 4012/3604/1 4013/3605/1
f 4014/3606/3 3994/3582/3 3993/3583/3
f 3993/3583/3 4013/3607/3 4014/3606/3
f 4015/3608/3 3995/3584/3 3994/3582/3
f 3994/3582/3 4014/3606/3 4015/3608/3
f 4016/3609/3 3996/3585/3 3995/3584/3
f 3995/3584/3 4015/3608/3 4016/3609/3
f 4017/3610/3 3997/3586/3 3996/3585/3
f 3996/3585/3 4016/3609/3 4017/3610/3
f 4018/3611/3 3998/3587/3 3997/3586/3
f 3997/3586/3 4017/3610/3 4018/3611/3
f 4019/3612/4 3999/3588/4 3998/3589/4
f 3998/3589/4 4018/3613/4 4019/3612/4
f 4020/3614/4 4000/3590/4 3999/3588/4
f 3999/3588/4 4019/3612/4 4020/3614/4
f 4021/3615/4 4001/3591/4 4000/3590/4
f 4000/3590/4 4020/3614/4 4021/3615/4
f 4022/3616/4 4002/3592/4 4001/3591/4
f 4001/3591/4 4021/3615/4 4022/3616/4
f 4023/3617/4 4003/3593/4 4002/3592/4
f 4002/3592/4 4022/3616/4 4023/3617/4
f 4024/3618/2 4004/3594/2 4003/3595/2
f 4003/3595/2 4023/3619/2 4024/3618/2
f 4025/3620/2 4005/3596/2 4004/3594/2
f 4004/3594/2 4024/3618/2 4025/3620/2
f 4026/3621/2 4006/3597/2 4005/3596/2
f 4005/3596/2 4025/3620/2 4026/3621/2
f 4027/3622/2 4007/3598/2 4006/3597/2
f 4006/3597/2 4026/3621/2 4027/3622/2
f 4028/3623/2 4008/3599/2 4007/3598/2
f 4007/3598/2 4027/3622/2 4028/3623/2
f 4029/3624/1 4009/3600/1 4008/3601/1
f 4008/3601/1 4028/3625/1 4029/3624/1
f 4011/3603/1 3991/3579/1 4009/3600/1
f 4009/3600/1 4029/3624/1 4011/3603/1
f 4030/3626/1 4010/3602/1 4011/3603/1
f 4011/3603/1 4031/3627/1 4030/3626/1
f 4032/3628/1 4012/3604/1 4010/3602/1
f 4010/3602/1 4030/3626/1 4032/3628/1
f 4033/3629/1 4013/3605/1 4012/3604/1
f 4012/3604/1 4032/3628/1 4033/3629/1
f 4034/3630/3 4014/3606/3 4013/3607/3
f 4013/3607/3 4033/3631/3 4034/3630/3
f 4035/3632/3 4015/3608/3 4014/3606/3
f 4014/3606/3 4034/3630/3 4035/3632/3
f 4036/3633/3 4016/3609/3 4015/3608/3
f 4015/3608/3 4035/3632/3 4036/3633/3
f 4037/3634/3 4017/3610/3 4016/3609/3
f 4016/3609/3 4036/3633/3 4037/3634/3
f 4038/3635/3 4018/3611/3 4017/3610/3
f 4017/3610/3 4037/3634/3 4038/3635/3
f 4039/3636/4 4019/3612/4 4018/3613/4
f 4018/3613/4 4038/3637/4 4039/3636/4
f 4040/3638/4 4020/3614/4 4019/3612/4
f 4019/3612/4 4039/3636/4 4040/3638/4
f 4041/3639/4 4021/3615/4 4020/3614/4
f 4020/3614/4 4040/3638/4 4041/3639/4
f 4042/3640/4 4022/3616/4 4021/3615/4
f 4021/3615/4 4041/3639/4 4042/3640/4
f 4043/3641/4 4023/3617/4 4022/3616/4
f 4022/3616/4 4042/3640/4 4043/3641/4
f 4044/3642/2 4024/3618/2 4023/3619/2
f 4023/3619/2 4043/3643/2 4044/3642/2
f 4045/3644/2 4025/3620/2 4024/3618/2
f 4024/3618/2 4044/3642/2 4045/3644/2
f 4046/3645/2 4026/3621/2 4025/3620/2
f 4025/3620/2 4045/3644/2 4046/3645/2
f 4047/3646/2 4027/3622/2 4026/3621/2
f 4026/3621/2 4046/3645/2 4047/3646/2
f 4048/3647/2 4028/3623/2 4027/3622/2
f 4027/3622/2 4047/3646/2 4048/3647/2
f 4049/3648/1 4029/3624/1 4028/3625/1
f 4028/3625/1 4048/3649/1 4049/3648/1
f 4031/3627/1 4011/3603/1 4029/3624/1
f 4029/3624/1 4049/3648/1 4031/3627/1
f 4050/3650/1 4030/3626/1 4031/3627/1
f 4031/3627/1 4051/3651/1 4050/3650/1
f 4052/3652/1 4032/3628/1 4030/3626/1
f 4030/3626/1 4050/3650/1 4052/3652/1
f 4053/3653/1 4033/3629/1 4032/3628/1
f 4032/3628/1 4052/3652/1 4053/3653/1
f 4054/3654/3 4034/3630/3 4033/3631/3
f 4033/3631/3 4053/3655/3 4054/3654/3
f 4055/3656/3 4035/3632/3 4034/3630/3
f 4034/3630/3 4054/3654/3 4055/3656/3
f 4056/3657/3 4036/3633/3 4035/3632/3
f 4035/3632/3 4055/3656/3 4056/3657/3
f 4057/3658/3 4037/3634/3 4036/3633/3
f 4036/3633/3 4056/3657/3 4057/3658/3
f 4058/3659/3 4038/3635/3 4037/3634/3
f 4037/3634/3 4057/3658/3 4058/3659/3
f 4059/3660/4 4039/3636/4 4038/3637/4
f 4038/3637/4 4058/3661/4 4059/3660/4
f 4060/3662/4 4040/3638/4 4039/3636/4
f 4039/3636/4 4059/3660/4 4060/3662/4
f 4061/3663/4 4041/3639/4 4040/3638/4
f 4040/3638/4 4060/3662/4 4061/3663/4
f 4062/3664/4 4042/3640/4 4041/3639/4
f 4041/3639/4 4061/3663/4 4062/3664/4
f 4063/3665/4 4043/3641/4 4042/3640/4
f 4042/3640/4 4062/3664/4 4063/3665/4
f 4064/3666/2 4044/3642/2 4043/3643/2
f 4043/3643/2 4063/3667/2 4064/3666/2
f 4065/3668/2 4045/3644/2 4044/3642/2
f 4044/3642/2 4064/3666/2 4065/3668/2
f 4066/3669/2 4046/3645/2 4045/3644/2
f 4045/3644/2 4065/3668/2 4066/3669/2
f 4067/3670/2 4047/3646/2 4046/3645/2
f 4046/3645/2 4066/3669/2 4067/3670/2
f 4068/3671/2 4048/3647/2 4047/3646/2
f 4047/3646/2 4067/3670/2 4068/3671/2
f 4069/3672/1 4049/3648/1 4048/3649/1
f 4048/3649/1 4068/3673/1 4069/3672/1
f 4051/3651/1 4031/3627/1 4049/3648/1
f 4049/3648/1 4069/3672/1 4051/3651/1
f 4070/3674/1 4050/3650/1 4051/3651/1
f 4051/3651/1 4071/3675/1 4070/3674/1
f 4072/3676/1 4052/3652/1 4050/3650/1
f 4050/3650/1 4070/3674/1 4072/3676/1
f 4073/3677/1 4053/3653/1 4052/3652/1
f 4052/3652/1 4072/3676/1 4073/3677/1
f 4074/3678/3 4054/3654/3 4053/3655/3
f 4053/3655/3 4073/3679/3 4074/3678/3
f 4075/3680/3 4055/3656/3 4054/3654/3
f 4054/3654/3 4074/3678/3 4075/3680/3
f 4076/3681/3 4056/3657/3 4055/3656/3
f 4055/3656/3 4075/3680/3 4076/3681/3
f 4077/3682/3 4057/3658/3 4056/3657/3
f 4056/3657/3 4076/3681/3 4077/3682/3
f 4078/3683/3 4058/3659/3 4057/3658/3
f 4057/3658/3 4077/3682/3 4078/3683/3
f 4079/3684/4 4059/3660/4 4058/3661/4
f 4058/3661/4 4078/3685/4 4079/3684/4
f 4080/3686/4 4060/3662/4 4059/3660/4
f 4059/3660/4 4079/3684/4 4080/3686/4
f 4081/3687/4 4061/3663/4 4060/3662/4
f 4060/3662/4 4080/3686/4 4081/3687/4
f 4082/3688/4 4062/3664/4 4061/3663/4
f 4061/3663/4 4081/3687/4 4082/3688/4
f 4083/3689/4 4063/3665/4 4062/3664/4
f 4062/3664/4 4082/3688/4 4083/3689/4
f 4084/3690/2 4064/3666/2 4063/3667/2
f 4063/3667/2 4083/3691/2 4084/3690/2
f 4085/3692/2 4065/3668/2 4064/3666/2
f 4064/3666/2 4084/3690/2 4085/3692/2
f 4086/3693/2 4066/3669/2 4065/3668/2
f 4065/3668/2 4085/3692/2 4086/3693/2
f 4087/3694/2 4067/3670/2 4066/3669/2
f 4066/3669/2 4086/3693/2 4087/3694/2
f 4088/3695/2 4068/3671/2 4067/3670/2
f 4067/3670/2 4087/3694/2 4088/3695/2
f 4089/3696/1 4069/3672/1 4068/3673/1
f 4068/3673/1 4088/3697/1 4089/3696/1
f 4071/3675/1 4051/3651/1 4069/3672/1
f 4069/3672/1 4089/3696/1 4071/3675/1
f 4090/3698/1 4070/3674/1 4071/3675/1
f 4071/3675/1 4091/3699/1 4090/3698/1
f 4092/3700/1 4072/3676/1 4070/3674/1
f 4070/3674/1 4090/3698/1 4092/3700/1
f 4093/3701/1 4073/3677/1 4072/3676/1
f 4072/3676/1 4092/3700/1 4093/3701/1
f 4094/3702/3 4074/3678/3 4073/3679/3
f 4073/3679/3 4093/3703/3 4094/3702/3
f 4095/3704/3 4075/3680/3 4074/3678/3
f 4074/3678/3 4094/3702/3 4095/3704/3
f 4096/3705/3 4076/3681/3 4075/3680/3
f 4075/3680/3 4095/3704/3 4096/3705/3
f 4097/3706/3 4077/3682/3 4076/3681/3
f 4076/3681/3 4096/3705/3 4097/3706/3
f 4098/3707/3 4078/3683/3 4077/3682/3
f 4077/3682/3 4097/3706/3 4098/3707/3
f 4099/3708/4 4079/3684/4 4078/3685/4
f 4078/3685/4 4098/3709/4 4099/3708/4
f 4100/3710/4 4080/3686/4 4079/3684/4
f 4079/3684/4 4099/3708/4 4100/3710/4
f 4101/3711/4 4081/3687/4 4080/3686/4
f 4080/3686/4 4100/3710/4 4101/3711/4
f 4102/3712/4 4082/3688/4 4081/3687/4
f 4081/3687/4 4101/3711/4 4102/3712/4
f 4103/3713/4 4083/3689/4 4082/3688/4
f 4082/3688/4 4102/3712/4 4103/3713/4
f 4104/3714/2 4084/3690/2 4083/3691/2
f 4083/3691/2 4103/3715/2 4104/3714/2
f 4105/3716/2 4085/3692/2 4084/3690/2
f 4084/3690/2 4104/3714/2 4105/3716/2
f 4106/3717/2 4086/3693/2 4085/3692/2
f 4085/3692/2 4105/3716/2 4106/3717/2
f 4107/3718/2 4087/3694/2 4086/3693/2
f 4086/3693/2 4106/3717/2 4107/3718/2
f 4108/3719/2 4088/3695/2 4087/3694/2
f 4087/3694/2 4107/3718/2 4108/3719/2
f 4109/3720/1 4089/3696/1 4088/3697/1
f 4088/3697/1 4108/3721/1 4109/3720/1
f 4091/3699/1 4071/3675/1 4089/3696/1
f 4089/3696/1 4109/3720/1 4091/3699/1
f 4110/3722/1 4090/3698/1 4091/3699/1
f 4091/3699/1 4111/3723/1 4110/3722/1
f 4112/3724/1 4092/3700/1 4090/3698/1
f 4090/3698/1 4110/3722/1 4112/3724/1
f 4113/3725/1 4093/3701/1 4092/3700/1
f 4092/3700/1 4112/3724/1 4113/3725/1
f 4114/3726/3 4094/3702/3 4093/3703/3
f 4093/3703/3 4113/3727/3 4114/3726/3
f 4115/3728/3 4095/3704/3 4094/3702/3
f 4094/3702/3 4114/3726/3 4115/3728/3
f 4116/3729/3 4096/3705/3 4095/3704/3
f 4095/3704/3 4115/3728/3 4116/3729/3
f 4117/3730/3 4097/3706/3 4096/3705/3
f 4096/3705/3 4116/3729/3 4117/3730/3
f 4118/3731/3 4098/3707/3 4097/3706/3
f 4097/3706/3 4117/3730/3 4118/3731/3
f 4119/3732/4 4099/3708/4 4098/3709/4
f 4098/3709/4 4118/3733/4 4119/3732/4
f 4120/3734/4 4100/3710/4 4099/3708/4
f 4099/3708/4 4119/3732/4 4120/3734/4
f 4121/3735/4 4101/3711/4 4100/3710/4
f 4100/3710/4 4120/3734/4 4121/3735/4
f 4122/3736/4 4102/3712/4 4101/3711/4
f 4101/3711/4 4121/3735/4 4122/3736/4
f 4123/3737/4 4103/3713/4 4102/3712/4
f 4102/3712/4 4122/3736/4 4123/3737/4
f 4124/3738/2 4104/3714/2 4103/3715/2
f 4103/3715/2 4123/3739/2 4124/3738/2
f 4125/3740/2 4105/3716/2 4104/3714/2
f 4104/3714/2 4124/3738/2 4125/3740/2
f 4126/3741/2 4106/3717/2 4105/3716/2
f 4105/3716/2 4125/3740/2 4126/3741/2
f 4127/3742/2 4107/3718/2 4106/3717/2
f 4106/3717/2 4126/3741/2 4127/3742/2
f 4128/3743/2 4108/3719/2 4107/3718/2
f 4107/3718/2 4127/3742/2 4128/3743/2
f 4129/3744/1 4109/3720/1 4108/3721/1
f 4108/3721/1 4128/3745/1 4129/3744/1
f 4111/3723/1 4091/3699/1 4109/3720/1
f 4109/3720/1 4129/3744/1 4111/3723/1
f 4130/3746/1 4110/3722/1 4111/3723/1
f 4111/3723/1 4131/3747/1 4130/3746/1
f 4132/3748/1 4112/3724/1 4110/3722/1
f 4110/3722/1 4130/3746/1 4132/3748/1
f 4133/3749/1 4113/3725/1 4112/3724/1
f 4112/3724/1 4132/3748/1 4133/3749/1
f 4134/3750/3 4114/3726/3 4113/3727/3
f 4113/3727/3 4133/3751/3 4134/3750/3
f 4135/3752/3 4115/3728/3 4114/3726/3
f 4114/3726/3 4134/3750/3 4135/3752/3
f 4136/3753/3 4116/3729/3 4115/3728/3
f 4115/3728/3 4135/3752/3 4136/3753/3
f 4137/3754/3 4117/3730/3 4116/3729/3
f 4116/3729/3 4136/3753/3 4137/3754/3
f 4138/3755/3 4118/3731/3 4117/3730/3
f 4117/3730/3 4137/3754/3 4138/3755/3
f 4139/3756/4 4119/3732/4 4118/3733/4
f 4118/3733/4 4138/3757/4 4139/3756/4
f 4140/3758/4 4120/3734/4 4119/3732/4
f 4119/3732/4 4139/3756/4 4140/3758/4
f 4141/3759/4 4121/3735/4 4120/3734/4
f 4120/3734/4 4140/3758/4 4141/3759/4
f 4142/3760/4 4122/3736/4 4121/3735/4
f 4121/3735/4 4141/3759/4 4142/3760/4
f 4143/3761/4 4123/3737/4 4122/3736/4
f 4122/3736/4 4142/3760/4 4143/3761/4
f 4144/3762/2 4124/3738/2 4123/3739/2
f 4123/3739/2 4143/3763/2 4144/3762/2
f 4145/3764/2 4125/3740/2 4124/3738/2
f 4124/3738/2 4144/3762/2 4145/3764/2
f 4146/3765/2 4126/3741/2 4125/3740/2
f 4125/3740/2 4145/3764/2 4146/3765/2
f 4147/3766/2 4127/3742/2 4126/3741/2
f 4126/3741/2 4146/3765/2 4147/3766/2
f 4148/3767/2 4128/3743/2 4127/3742/2
f 4127/3742/2 4147/3766/2 4148/3767/2
f 4149/3768/1 4129/3744/1 4128/3745/1
f 4128/3745/1 4148/3769/1 4149/3768/1
f 4131/3747/1 4111/3723/1 4129/3744/1
f 4129/3744/1 4149/3768/1 4131/3747/1
f 4150/3770/1 4130/3746/1 4131/3747/1
f 4131/3747/1 4151/3771/1 4150/3770/1
f 4152/3772/1 4132/3748/1 4130/3746/1
f 4130/3746/1 4150/3770/1 4152/3772/1
f 4153/3773/1 4133/3749/1 4132/3748/1
f 4132/3748/1 4152/3772/1 4153/3773/1
f 4154/3774/3 4134/3750/3 4133/3751/3
f 4133/3751/3 4153/3775/3 4154/3774/3
f 4155/3776/3 4135/3752/3 4134/3750/3
f 4134/3750/3 4154/3774/3 4155/3776/3
f 4156/3777/3 4136/3753/3 4135/3752/3
f 4135/3752/3 4155/3776/3 4156/3777/3
f 4157/3778/3 4137/3754/3 4136/3753/3
f 4136/3753/3 4156/3777/3 4157/3778/3
f 4158/3779/3 4138/3755/3 4137/3754/3
f 4137/3754/3 4157/3778/3 4158/3779/3
f 4159/3780/4 4139/3756/4 4138/3757/4
f 4138/3757/4 4158/3781/4 4159/3780/4
f 4160/3782/4 4140/3758/4 4139/3756/4
f 4139/3756/4 4159/3780/4 4160/3782/4
f 4161/3783/4 4141/3759/4 4140/3758/4
f 4140/3758/4 4160/3782/4 4161/3783/4
f 4162/3784/4 4142/3760/4 4141/3759/4
f 4141/3759/4 4161/3783/4 4162/3784/4
f 4163/3785/4 4143/3761/4 4142/3760/4
f 4142/3760/4 4162/3784/4 4163/3785/4
f 4164/3786/2 4144/3762/2 4143/3763/2
f 4143/3763/2 4163/3787/2 4164/3786/2
f 4165/3788/2 4145/3764/2 4144/3762/2
f 4144/3762/2 4164/3786/2 4165/3788/2
f 4166/3789/2 4146/3765/2 4145/3764/2
f 4145/3764/2 4165/3788/2 4166/3789/2
f 4167/3790/2 4147/3766/2 4146/3765/2
f 4146/3765/2 4166/3789/2 4167/3790/2
f 4168/3791/2 4148/3767/2 4147/3766/2
f 4147/3766/2 4167/3790/2 4168/3791/2
f 4169/3792/1 4149/3768/1 4148/3769/1
f 4148/3769/1 4168/3793/1 4169/3792/1
f 4151/3771/1 4131/3747/1 4149/3768/1
f 4149/3768/1 4169/3792/1 4151/3771/1
f 4170/3794/1 4150/3770/1 4151/3771/1
f 4151/3771/1 4171/3795/1 4170/3794/1
f 4172/3796/1 4152/3772/1 4150/3770/1
f 4150/3770/1 4170/3794/1 4172/3796/1
f 4173/3797/1 4153/3773/1 4152/3772/1
f 4152/3772/1 4172/3796/1 4173/3797/1
f 4174/3798/3 4154/3774/3 4153/3775/3
f 4153/3775/3 4173/3799/3 4174/3798/3
f 4175/3800/3 4155/3776/3 4154/3774/3
f 4154/3774/3 4174/3798/3 4175/3800/3
f 4176/3801/3 4156/3777/3 4155/3776/3
f 4155/3776/3 4175/3800/3 4176/3801/3
f 4177/3802/3 4157/3778/3 4156/3777/3
f 4156/3777/3 4176/3801/3 4177/3802/3
f 4178/3803/3 4158/3779/3 4157/3778/3
f 4157/3778/3 4177/3802/3 4178/3803/3
f 4179/3804/4 4159/3780/4 4158/3781/4
f 4158/3781/4 4178/3805/4 4179/3804/4
f 4180/3806/4 4160/3782/4 4159/3780/4
f 4159/3780/4 4179/3804/4 4180/3806/4
f 4181/3807/4 4161/3783/4 4160/3782/4
f 4160/3782/4 4180/3806/4 4181/3807/4
f 4182/3808/4 4162/3784/4 4161/3783/4
f 4161/3783/4 4181/3807/4 4182/3808/4
f 4183/3809/4 4163/3785/4 4162/3784/4
f 4162/3784/4 4182/3808/4 4183/3809/4
f 4184/3810/2 4164/3786/2 4163/3787/2
f 4163/3787/2 4183/3811/2 4184/3810/2
f 4185/3812/2 4165/3788/2 4164/3786/2
f 4164/3786/2 4184/3810/2 4185/3812/2
f 4186/3813/2 4166/3789/2 4165/3788/2
f 4165/3788/2 4185/3812/2 4186/3813/2
f 4187/3814/2 4167/3790/2 4166/3789/2
f 4166/3789/2 4186/3813/2 4187/3814/2
f 4188/3815/2 4168/3791/2 4167/3790/2
f 4167/3790/2 4187/3814/2 4188/3815/2
f 4189/3816/1 4169/3792/1 4168/3793/1
f 4168/3793/1 4188/3817/1 4189/3816/1
f 4171/3795/1 4151/3771/1 4169/3792/1
f 4169/3792/1 4189/3816/1 4171/3795/1
f 4190/3818/1 4170/3794/1 4171/3795/1
f 4171/3795/1 4191/3819/1 4190/3818/1
f 4192/3820/1 4172/3796/1 4170/3794/1
f 4170/3794/1 4190/3818/1 4192/3820/1
f 4193/3821/1 4173/3797/1 4172/3796/1
f 4172/3796/1 4192/3820/1 4193/3821/1
f 4194/3822/3 4174/3798/3 4173/3799/3
f 4173/3799/3 4193/3823/3 4194/3822/3
f 4195/3824/3 4175/3800/3 4174/3798/3
f 4174/3798/3 4194/3822/3 4195/3824/3
f 4196/3825/3 4176/3801/3 4175/3800/3
f 4175/3800/3 4195/3824/3 4196/3825/3
f 4197/3826/3 4177/3802/3 4176/3801/3
f 4176/3801/3 4196/3825/3 4197/3826/3
f 4198/3827/3 4178/3803/3 4177/3802/3
f 4177/3802/3 4197/3826/3 4198/3827/3
f 4199/3828/4 4179/3804/4 4178/3805/4
f 4178/3805/4 4198/3829/4 4199/3828/4
f 4200/3830/4 4180/3806/4 4179/3804/4
f 4179/3804/4 4199/3828/4 4200/3830/4
f 4201/3831/4 4181/3807/4 4180/3806/4
f 4180/3806/4 4200/3830/4 4201/3831/4
f 4202/3832/4 4182/3808/4 4181/3807/4
f 4181/3807/4 4201/3831/4 4202/3832/4
f 4203/3833/4 4183/3809/4 4182/3808/4
f 4182/3808/4 4202/3832/4 4203/3833/4
f 4204/3834/2 4184/3810/2 4183/3811/2
f 4183/3811/2 4203/3835/2 4204/3834/2
f 4205/3836/2 4185/3812/2 4184/3810/2
f 4184/3810/2 4204/3834/2 4205/3836/2
f 4206/3837/2 4186/3813/2 4185/3812/2
f 4185/3812/2 4205/3836/2 4206/3837/2
f 4207/3838/2 4187/3814/2 4186/3813/2
f 4186/3813/2 4206/3837/2 4207/3838/2
f 4208/3839/2 4188/3815/2 4187/3814/2
f 4187/3814/2 4207/3838/2 4208/3839/2
f 4209/3840/1 4189/3816/1 4188/3817/1
f 4188/3817/1 4208/3841/1 4209/3840/1
f 4191/3819/1 4171/3795/1 4189/3816/1
f 4189/3816/1 4209/3840/1 4191/3819/1
f 4210/3842/1 4190/3818/1 4191/3819/1
f 4191/3819/1 4211/3843/1 4210/3842/1
f 4212/3844/1 4192/3820/1 4190/3818/1
f 4190/3818/1 4210/3842/1 4212/3844/1
f 4213/3845/1 4193/3821/1 4192/3820/1
f 4192/3820/1 4212/3844/1 4213/3845/1
f 4214/3846/3 4194/3822/3 4193/3823/3
f 4193/3823/3 4213/3847/3 4214/3846/3
f 4215/3848/3 4195/3824/3 4194/3822/3
f 4194/3822/3 4214/3846/3 4215/3848/3
f 4216/3849/3 4196/3825/3 4195/3824/3
f 4195/3824/3 4215/3848/3 4216/3849/3
f 4217/3850/3 4197/3826/3 4196/3825/3
f 4196/3825/3 4216/3849/3 4217/3850/3
f 4218/3851/3 4198/3827/3 4197/3826/3
f 4197/3826/3 4217/3850/3 4218/3851/3
f 4219/3852/4 4199/3828/4 4198/3829/4
f 4198/3829/4 4218/3853/4 4219/3852/4
f 4220/3854/4 4200/3830/4 4199/3828/4
f 4199/3828/4 4219/3852/4 4220/3854/4
f 4221/3855/4 4201/3831/4 4200/3830/4
f 4200/3830/4 4220/3854/4 4221/3855/4
f 4222/3856/4 4202/3832/4 4201/3831/4
f 4201/3831/4 4221/3855/4 4222/3856/4
f 4223/3857/4 4203/3833/4 4202/3832/4
f 4202/3832/4 4222/3856/4 4223/3857/4
f 4224/3858/2 4204/3834/2 4203/3835/2
f 4203/3835/2 4223/3859/2 4224/3858/2
f 4225/3860/2 4205/3836/2 4204/3834/2
f 4204/3834/2 4224/3858/2 4225/3860/2
f 4226/3861/2 4206/3837/2 4205/3836/2
f 4205/3836/2 4225/3860/2 4226/3861/2
f 4227/3862/2 4207/3838/2 4206/3837/2
f 4206/3837/2 4226/3861/2 4227/3862/2
f 4228/3863/2 4208/3839/2 4207/3838/2
f 4207/3838/2 4227/3862/2 4228/3863/2
f 4229/3864/1 4209/3840/1 4208/3841/1
f 4208/3841/1 4228/3865/1 4229/3864/1
f 4211/3843/1 4191/3819/1 4209/3840/1
f 4209/3840/1 4229/3864/1 4211/3843/1
f 4230/3866/1 4210/3842/1 4211/3843/1
f 4211/3843/1 4231/3867/1 4230/3866/1
f 4232/3868/1 4212/3844/1 4210/3842/1
f 4210/3842/1 4230/3866/1 4232/3868/1
f 4233/3869/1 4213/3845/1 4212/3844/1
f 4212/3844/1 4232/3868/1 4233/3869/1
f 4234/3870/3 4214/3846/3 4213/3847/3
f 4213/3847/3 4233/3871/3 4234/3870/3
f 4235/3872/3 4215/3848/3 4214/3846/3
f 4214/3846/3 4234/3870/3 4235/3872/3
f 4236/3873/3 4216/3849/3 4215/3848/3
f 4215/3848/3 4235/3872/3 4236/3873/3
f 4237/3874/3 4217/3850/3 4216/3849/3
f 4216/3849/3 4236/3873/3 4237/3874/3
f 4238/3875/3 4218/3851/3 4217/3850/3
f 4217/3850/3 4237/3874/3 4238/3875/3
f 4239/3876/4 4219/3852/4 4218/3853/4
f 4218/3853/4 4238/3877/4 4239/3876/4
f 4240/3878/4 4220/3854/4 4219/3852/4
f 4219/3852/4 4239/3876/4 4240/3878/4
f 4241/3879/4 4221/3855/4 4220/3854/4
f 4220/3854/4 4240/3878/4 4241/3879/4
f 4242/3880/4 4222/3856/4 4221/3855/4
f 4221/3855/4 4241/3879/4 4242/3880/4
f 4243/3881/4 4223/3857/4 4222/3856/4
f 4222/3856/4 4242/3880/4 4243/3881/4
f 4244/3882/2 4224/3858/2 4223/3859/2
f 4223/3859/2 4243/3883/2 4244/3882/2
f 4245/3884/2 4225/3860/2 4224/3858/2
f 4224/3858/2 4244/3882/2 4245/3884/2
f 4246/3885/2 4226/3861/2 4225/3860/2
f 4225/3860/2 4245/3884/2 4246/3885/2
f 4247/3886/2 4227/3862/2 4226/3861/2
f 4226/3861/2 4246/3885/2 4247/3886/2
f 4248/3887/2 4228/3863/2 4227/3862/2
f 4227/3862/2 4247/3886/2 4248/3887/2
f 4249/3888/1 4229/3864/1 4228/3865/1
f 4228/3865/1 4248/3889/1 4249/3888/1
f 4231/3867/1 4211/3843/1 4229/3864/1
f 4229/3864/1 4249/3888/1 4231/3867/1
f 4250/3890/1 4230/3866/1 4231/3867/1
f 4231/3867/1 4251/3891/1 4250/3890/1
f 4252/3892/1 4232/3868/1 4230/3866/1
f 4230/3866/1 4250/3890/1 4252/3892/1
f 4253/3893/1 4233/3869/1 4232/3868/1
f 4232/3868/1 4252/3892/1 4253/3893/1
f 4254/3894/3 4234/3870/3 4233/3871/3
f 4233/3871/3 4253/3895/3 4254/3894/3
f 4255/3896/3 4235/3872/3 4234/3870/3
f 4234/3870/3 4254/3894/3 4255/3896/3
f 4256/3897/3 4236/3873/3 4235/3872/3
f 4235/3872/3 4255/3896/3 4256/3897/3
f 4257/3898/3 4237/3874/3 4236/3873/3
f 4236/3873/3 4256/3897/3 4257/3898/3
f 4258/3899/3 4238/3875/3 4237/3874/3
f 4237/3874/3 4257/3898/3 4258/3899/3
f 4259/3900/4 4239/3876/4 4238/3877/4
f 4238/3877/4 4258/3901/4 4259/3900/4
f 4260/3902/4 4240/3878/4 4239/3876/4
f 4239/3876/4 4259/3900/4 4260/3902/4
f 4261/3903/4 4241/3879/4 4240/3878/4
f 4240/3878/4 4260/3902/4 4261/3903/4
f 4262/3904/4 4242/3880/4 4241/3879/4
f 4241/3879/4 4261/3903/4 4262/3904/4
f 4263/3905/4 4243/3881/4 4242/3880/4
f 4242/3880/4 4262/3904/4 4263/3905/4
f 4264/3906/2 4244/3882/2 4243/3883/2
f 4243/3883/2 4263/3907/2 4264/3906/2
f 4265/3908/2 4245/3884/2 4244/3882/2
f 4244/3882/2 4264/3906/2 4265/3908/2
f 4266/3909/2 4246/3885/2 4245/3884/2
f 4245/3884/2 4265/3908/2 4266/3909/2
f 4267/3910/2 4247/3886/2 4246/3885/2
f 4246/3885/2 4266/3909/2 4267/3910/2
f 4268/3911/2 4248/3887/2 4247/3886/2
f 4247/3886/2 4267/3910/2 4268/3911/2
f 4269/3912/1 4249/3888/1 4248/3889/1
f 4248/3889/1 4268/3913/1 4269/3912/1
f 4251/3891/1 4231/3867/1 4249/3888/1
f 4249/3888/1 4269/3912/1 4251/3891/1
f 4270/3914/1 4250/3890/1 4251/3891/1
f 4251/3891/1 4271/3915/1 4270/3914/1
f 4272/3916/1 4252/3892/1 4250/3890/1
f 4250/3890/1 4270/3914/1 4272/3916/1
f 4273/3917/1 4253/3893/1 4252/3892/1
f 4252/3892/1 4272/3916/1 4273/3917/1
f 4274/3918/3 4254/3894/3 4253/3895/3
f 4253/3895/3 4273/3919/3 4274/3918/3
f 4275/3920/3 4255/3896/3 4254/3894/3
f 4254/3894/3 4274/3918/3 4275/3920/3
f 4276/3921/3 4256/3897/3 4255/3896/3
f 4255/3896/3 4275/3920/3 4276/3921/3
f 4277/3922/3 4257/3898/3 4256/3897/3
f 4256/3897/3 4276/3921/3 4277/3922/3
f 4278/3923/3 4258/3899/3 4257/3898/3
f 4257/3898/3 4277/3922/3 4278/3923/3
f 4279/3924/4 4259/3900/4 4258/3901/4
f 4258/3901/4 4278/3925/4 4279/3924/4
f 4280/3926/4 4260/3902/4 4259/3900/4
f 4259/3900/4 4279/3924/4 4280/3926/4
f 4281/3927/4 4261/3903/4 4260/3902/4
f 4260/3902/4 4280/3926/4 4281/3927/4
f 4282/3928/4 4262/3904/4 4261/3903/4
f 4261/3903/4 4281/3927/4 4282/3928/4
f 4283/3929/4 4263/3905/4 4262/3904/4
f 4262/3904/4 4282/3928/4 4283/3929/4
f 4284/3930/2 4264/3906/2 4263/3907/2
f 4263/3907/2 4283/3931/2 4284/3930/2
f 4285/3932/2 4265/3908/2 4264/3906/2
f 4264/3906/2 4284/3930/2 4285/3932/2
f 4286/3933/2 4266/3909/2 4265/3908/2
f 4265/3908/2 4285/3932/2 4286/3933/2
f 4287/3934/2 4267/3910/2 4266/3909/2
f 4266/3909/2 4286/3933/2 4287/3934/2
f 4288/3935/2 4268/3911/2 4267/3910/2
f 4267/3910/2 4287/3934/2 4288/3935/2
f 4289/3936/1 4269/3912/1 4268/3913/1
f 4268/3913/1 4288/3937/1 4289/3936/1
f 4271/3915/1 4251/3891/1 4269/3912/1
f 4269/3912/1 4289/3936/1 4271/3915/1
f 4290/3938/1 4270/3914/1 4271/3915/1
f 4271/3915/1 4291/3939/1 4290/3938/1
f 4292/3940/1 4272/3916/1 4270/3914/1
f 4270/3914/1 4290/3938/1 4292/3940/1
f 4293/3941/1 4273/3917/1 4272/3916/1
f 4272/3916/1 4292/3940/1 4293/3941/1
f 4294/3942/3 4274/3918/3 4273/3919/3
f 4273/3919/3 4293/3943/3 4294/3942/3
f 4295/3944/3 4275/3920/3 4274/3918/3
f 4274/3918/3 4294/3942/3 4295/3944/3
f 4296/3945/3 4276/3921/3 4275/3920/3
f 4275/3920/3 4295/3944/3 4296/3945/3
f 4297/3946/3 4277/3922/3 4276/3921/3
f 4276/3921/3 4296/3945/3 4297/3946/3
f 4298/3947/3 4278/3923/3 4277/3922/3
f 4277/3922/3 4297/3946/3 4298/3947/3
f 4299/3948/4 4279/3924/4 4278/3925/4
f 4278/3925/4 4298/3949/4 4299/3948/4
f 4300/3950/4 4280/3926/4 4279/3924/4
f 4279/3924/4 4299/3948/4 4300/3950/4
f 4301/3951/4 4281/3927/4 4280/3926/4
f 4280/3926/4 4300/3950/4 4301/3951/4
f 4302/3952/4 4282/3928/4 4281/3927/4
f 4281/3927/4 4301/3951/4 4302/3952/4
f 4303/3953/4 4283/3929/4 4282/3928/4
f 4282/3928/4 4302/3952/4 4303/3953/4
f 4304/3954/2 4284/3930/2 4283/3931/2
f 4283/3931/2 4303/3955/2 4304/3954/2
f 4305/3956/2 4285/3932/2 4284/3930/2
f 4284/3930/2 4304/3954/2 4305/3956/2
f 4306/3957/2 4286/3933/2 4285/3932/2
f 4285/3932/2 4305/3956/2 4306/3957/2
f 4307/3958/2 4287/3934/2 4286/3933/2
f 4286/3933/2 4306/3957/2 4307/3958/2
f 4308/3959/2 4288/3935/2 4287/3934/2
f 4287/3934/2 4307/3958/2 4308/3959/2
f 4309/3960/1 4289/3936/1 4288/3937/1
f 4288/3937/1 4308/3961/1 4309/3960/1
f 4291/3939/1 4271/3915/1 4289/3936/1
f 4289/3936/1 4309/3960/1 4291/3939/1
f 4310/3962/1 4290/3938/1 4291/3939/1
f 4291/3939/1 4311/3963/1 4310/3962/1
f 4312/3964/1 4292/3940/1 4290/3938/1
f 4290/3938/1 4310/3962/1 4312/3964/1
f 4313/3965/1 4293/3941/1 4292/3940/1
f 4292/3940/1 4312/3964/1 4313/3965/1
f 4314/3966/3 4294/3942/3 4293/3943/3
f 4293/3943/3 4313/3967/3 4314/3966/3
f 4315/3968/3 4295/3944/3 4294/3942/3
f 4294/3942/3 4314/3966/3 4315/3968/3
f 4316/3969/3 4296/3945/3 4295/3944/3
f 4295/3944/3 4315/3968/3 4316/3969/3
f 4317/3970/3 4297/3946/3 4296/3945/3
f 4296/3945/3 4316/3969/3 4317/3970/3
f 4318/3971/3 4298/3947/3 4297/3946/3
f 4297/3946/3 4317/3970/3 4318/3971/3
f 4319/3972/4 4299/3948/4 4298/3949/4
f 4298/3949/4 4318/3973/4 4319/3972/4
f 4320/3974/4 4300/3950/4 4299/3948/4
f 4299/3948/4 4319/3972/4 4320/3974/4
f 4321/3975/4 4301/3951/4 4300/3950/4
f 4300/3950/4 4320/3974/4 4321/3975/4
f 4322/3976/4 4302/3952/4 4301/3951/4
f 4301/3951/4 4321/3975/4 4322/3976/4
f 4323/3977/4 4303/3953/4 4302/3952/4
f 4302/3952/4 4322/3976/4 4323/3977/4
f 4324/3978/2 4304/3954/2 4303/3955/2
f 4303/3955/2 4323/3979/2 4324/3978/2
f 4325/3980/2 4305/3956/2 4304/3954/2
f 4304/3954/2 4324/3978/2 4325/3980/2
f 4326/3981/2 4306/3957/2 4305/3956/2
f 4305/3956/2 4325/3980/2 4326/3981/2
f 4327/3982/2 4307/3958/2 4306/3957/2
f 4306/3957/2 4326/3981/2 4327/3982/2
f 4328/3983/2 4308/3959/2 4307/3958/2
f 4307/3958/2 4327/3982/2 4328/3983/2
f 4329/3984/1 4309/3960/1 4308/3961/1
f 4308/3961/1 4328/3985/1 4329/3984/1
f 4311/3963/1 4291/3939/1 4309/3960/1
f 4309/3960/1 4329/3984/1 4311/3963/1
f 4330/3986/1 4310/3962/1 4311/3963/1
f 4311/3963/1 4331/3987/1 4330/3986/1
f 4332/3988/1 4312/3964/1 4310/3962/1
f 4310/3962/1 4330/3986/1 4332/3988/1
f 4333/3989/1 4313/3965/1 4312/3964/1
f 4312/3964/1 4332/3988/1 4333/3989/1
f 4334/3990/3 4314/3966/3 4313/3967/3
f 4313/3967/3 4333/3991/3 4334/3990/3
f 4335/3992/3 4315/3968/3 4314/3966/3
f 4314/3966/3 4334/3990/3 4335/3992/3
f 4336/3993/3 4316/3969/3 4315/3968/3
f 4315/3968/3 4335/3992/3 4336/3993/3
f 4337/3994/3 4317/3970/3 4316/3969/3
f 4316/3969/3 4336/3993/3 4337/3994/3
f 4338/3995/3 4318/3971/3 4317/3970/3
f 4317/3970/3 4337/3994/3 4338/3995/3
f 4339/3996/4 4319/3972/4 4318/3973/4
f 4318/3973/4 4338/3997/4 4339/3996/4
f 4340/3998/4 4320/3974/4 4319/3972/4
f 4319/3972/4 4339/3996/4 4340/3998/4
f 4341/3999/4 4321/3975/4 4320/3974/4
f 4320/3974/4 4340/3998/4 4341/3999/4
f 4342/4000/4 4322/3976/4 4321/3975/4
f 4321/3975/4 4341/3999/4 4342/4000/4
f 4343/4001/4 4323/3977/4 4322/3976/4
f 4322/3976/4 4342/4000/4 4343/4001/4
f 4344/4002/2 4324/3978/2 4323/3979/2
f 4323/3979/2 4343/4003/2 4344/4002/2
f 4345/4004/2 4325/3980/2 4324/3978/2
f 4324/3978/2 4344/4002/2 4345/4004/2
f 4346/4005/2 4326/3981/2 4325/3980/2
f 4325/3980/2 4345/4004/2 4346/4005/2
f 4347/4006/2 4327/3982/2 4326/3981/2
f 4326/3981/2 4346/4005/2 4347/4006/2
f 4348/4007/2 4328/3983/2 4327/3982/2
f 4327/3982/2 4347/4006/2 4348/4007/2
f 4349/4008/1 4329/3984/1 4328/3985/1
f 4328/3985/1 4348/4009/1 4349/4008/1
f 4331/3987/1 4311/3963/1 4329/3984/1
f 4329/3984/1 4349/4008/1 4331/3987/1
f 4350/4010/1 4330/3986/1 4331/3987/1
f 4331/3987/1 4351/4011/1 4350/4010/1
f 4352/4012/1 4332/3988/1 4330/3986/1
f 4330/3986/1 4350/4010/1 4352/4012/1
f 4353/4013/1 4333/3989/1 4332/3988/1
f 4332/3988/1 4352/4012/1 4353/4013/1
f 4354/4014/3 4334/3990/3 4333/3991/3
f 4333/3991/3 4353/4015/3 4354/4014/3
f 4355/4016/3 4335/3992/3 4334/3990/3
f 4334/3990/3 4354/4014/3 4355/4016/3
f 4356/4017/3 4336/3993/3 4335/3992/3
f 4335/3992/3 4355/4016/3 4356/4017/3
f 4357/4018/3 4337/3994/3 4336/3993/3
f 4336/3993/3 4356/4017/3 4357/4018/3
f 4358/4019/3 4338/3995/3 4337/3994/3
f 4337/3994/3 4357/4018/3 4358/4019/3
f 4359/4020/4 4339/3996/4 4338/3997/4
f 4338/3997/4 4358/4021/4 4359/4020/4
f 4360/4022/4 4340/3998/4 4339/3996/4
f 4339/3996/4 4359/4020/4 4360/4022/4
f 4361/4023/4 4341/3999/4 4340/3998/4
f 4340/3998/4 4360/4022/4 4361/4023/4
f 4362/4024/4 4342/4000/4 4341/3999/4
f 4341/3999/4 4361/4023/4 4362/4024/4
f 4363/4025/4 4343/4001/4 4342/4000/4
f 4342/4000/4 4362/4024/4 4363/4025/4
f 4364/4026/2 4344/4002/2 4343/4003/2
f 4343/4003/2 4363/4027/2 4364/4026/2
f 4365/4028/2 4345/4004/2 4344/4002/2
f 4344/4002/2 4364/4026/2 4365/4028/2
f 4366/4029/2 4346/4005/2 4345/4004/2
f 4345/4004/2 4365/4028/2 4366/4029/2
f 4367/4030/2 4347/4006/2 4346/4005/2
f 4346/4005/2 4366/4029/2 4367/4030/2
f 4368/4031/2 4348/4007/2 4347/4006/2
f 4347/4006/2 4367/4030/2 4368/4031/2
f 4369/4032/1 4349/4008/1 4348/4009/1
f 4348/4009/1 4368/4033/1 4369/4032/1
f 4351/4011/1 4331/3987/1 4349/4008/1
f 4349/4008/1 4369/4032/1 4351/4011/1
f 4370/4034/1 4350/4010/1 4351/4011/1
f 4351/4011/1 4371/4035/1 4370/4034/1
f 4372/4036/1 4352/4012/1 4350/4010/1
f 4350/4010/1 4370/4034/1 4372/4036/1
f 4373/4037/1 4353/4013/1 4352/4012/1
f 4352/4012/1 4372/4036/1 4373/4037/1
f 4374/4038/3 4354/4014/3 4353/4015/3
f 4353/4015/3 4373/4039/3 4374/4038/3
f 4375/4040/3 4355/4016/3 4354/4014/3
f 4354/4014/3 4374/4038/3 4375/4040/3
f 4376/4041/3 4356/4017/3 4355/4016/3
f 4355/4016/3 4375/4040/3 4376/4041/3
f 4377/4042/3 4357/4018/3 4356/4017/3
f 4356/4017/3 4376/4041/3 4377/4042/3
f 4378/4043/3 4358/4019/3 4357/4018/3
f 4357/4018/3 4377/4042/3 4378/4043/3
f 4379/4044/4 4359/4020/4 4358/4021/4
f 4358/4021/4 4378/4045/4 4379/4044/4
f 4380/4046/4 4360/4022/4 4359/4020/4
f 4359/4020/4 4379/4044/4 4380/4046/4
f 4381/4047/4 4361/4023/4 4360/4022/4
f 4360/4022/4 4380/4046/4 4381/4047/4
f 4382/4048/4 4362/4024/4 4361/4023/4
f 4361/4023/4 4381/4047/4 4382/4048/4
f 4383/4049/4 4363/4025/4 4362/4024/4
f 4362/4024/4 4382/4048/4 4383/4049/4
f 4384/4050/2 4364/4026/2 4363/4027/2
f 4363/4027/2 4383/4051/2 4384/4050/2
f 4385/4052/2 4365/4028/2 4364/4026/2
f 4364/4026/2 4384/4050/2 4385/4052/2
f 4386/4053/2 4366/4029/2 4365/4028/2
f 4365/4028/2 4385/4052/2 4386/4053/2
f 4387/4054/2 4367/4030/2 4366/4029/2
f 4366/4029/2 4386/4053/2 4387/4054/2
f 4388/4055/2 4368/4031/2 4367/4030/2
f 4367/4030/2 4387/4054/2 4388/4055/2
f 4389/4056/1 4369/4032/1 4368/4033/1
f 4368/4033/1 4388/4057/1 4389/4056/1
f 4371/4035/1 4351/4011/1 4369/4032/1
f 4369/4032/1 4389/4056/1 4371/4035/1
f 4390/4058/1 4370/4034/1 4371/4035/1
f 4371/4035/1 4391/4059/1 4390/4058/1
f 4392/4060/1 4372/4036/1 4370/4034/1
f 4370/4034/1 4390/4058/1 4392/4060/1
f 4393/4061/1 4373/4037/1 4372/4036/1
f 4372/4036/1 4392/4060/1 4393/4061/1
f 4394/4062/3 4374/4038/3 4373/4039/3
f 4373/4039/3 4393/4063/3 4394/4062/3
f 4395/4064/3 4375/4040/3 4374/4038/3
f 4374/4038/3 4394/4062/3 4395/4064/3
f 4396/4065/3 4376/4041/3 4375/4040/3
f 4375/4040/3 4395/4064/3 4396/4065/3
f 4397/4066/3 4377/4042/3 4376/4041/3
f 4376/4041/3 4396/4065/3 4397/4066/3
f 4398/4067/3 4378/4043/3 4377/4042/3
f 4377/4042/3 4397/4066/3 4398/4067/3
f 4399/4068/4 4379/4044/4 4378/4045/4
f 4378/4045/4 4398/4069/4 4399/4068/4
f 4400/4070/4 4380/4046/4 4379/4044/4
f 4379/4044/4 4399/4068/4 4400/4070/4
f 4401/4071/4 4381/4047/4 4380/4046/4
f 4380/4046/4 4400/4070/4 4401/4071/4
f 4402/4072/4 4382/4048/4 4381/4047/4
f 4381/4047/4 4401/4071/4 4402/4072/4
f 4403/4073/4 4383/4049/4 4382/4048/4
f 4382/4048/4 4402/4072/4 4403/4073/4
f 4404/4074/2 4384/4050/2 4383/4051/2
f 4383/4051/2 4403/4075/2 4404/4074/2
f 4405/4076/2 4385/4052/2 4384/4050/2
f 4384/4050/2 4404/4074/2 4405/4076/2
f 4406/4077/2 4386/4053/2 4385/4052/2
f 4385/4052/2 4405/4076/2 4406/4077/2
f 4407/4078/2 4387/4054/2 4386/4053/2
f 4386/4053/2 4406/4077/2 4407/4078/2
f 4408/4079/2 4388/4055/2 4387/4054/2
f 4387/4054/2 4407/4078/2 4408/4079/2
f 4409/4080/1 4389/4056/1 4388/4057/1
f 4388/4057/1 4408/4081/1 4409/4080/1
f 4391/4059/1 4371/4035/1 4389/4056/1
f 4389/4056/1 4409/4080/1 4391/4059/1
f 4410/4082/1 4390/4058/1 4391/4059/1
f 4391/4059/1 4411/4083/1 4410/4082/1
f 4412/4084/1 4392/4060/1 4390/4058/1
f 4390/4058/1 4410/4082/1 4412/4084/1
f 4413/4085/1 4393/4061/1 4392/4060/1
f 4392/4060/1 4412/4084/1 4413/4085/1
f 4414/4086/3 4394/4062/3 4393/4063/3
f 4393/4063/3 4413/4087/3 4414/4086/3
f 4415/4088/3 4395/4064/3 4394/4062/3
f 4394/4062/3 4414/4086/3 4415/4088/3
f 4416/4089/3 4396/4065/3 4395/4064/3
f 4395/4064/3 4415/4088/3 4416/4089/3
f 4417/4090/3 4397/4066/3 4396/4065/3
f 4396/4065/3 4416/4089/3 4417/4090/3
f 4418/4091/3 4398/4067/3 4397/4066/3
f 4397/4066/3 4417/4090/3 4418/4091/3
f 4419/4092/4 4399/4068/4 4398/4069/4
f 4398/4069/4 4418/4093/4 4419/4092/4
f 4420/4094/4 4400/4070/4 4399/4068/4
f 4399/4068/4 4419/4092/4 4420/4094/4
f 4421/4095/4 4401/4071/4 4400/4070/4
f 4400/4070/4 4420/4094/4 4421/4095/4
f 4422/4096/4 4402/4072/4 4401/4071/4
f 4401/4071/4 4421/4095/4 4422/4096/4
f 4423/4097/4 4403/4073/4 4402/4072/4
f 4402/4072/4 4422/4096/4 4423/4097/4
f 4424/4098/2 4404/4074/2 4403/4075/2
f 4403/4075/2 4423/4099/2 4424/4098/2
f 4425/4100/2 4405/4076/2 4404/4074/2
f 4404/4074/2 4424/4098/2 4425/4100/2
f 4426/4101/2 4406/4077/2 4405/4076/2
f 4405/4076/2 4425/4100/2 4426/4101/2
f 4427/4102/2 4407/4078/2 4406/4077/2
f 4406/4077/2 4426/4101/2 4427/4102/2
f 4428/4103/2 4408/4079/2 4407/4078/2
f 4407/4078/2 4427/4102/2 4428/4103/2
f 4429/4104/1 4409/4080/1 4408/4081/1
f 4408/4081/1 4428/4105/1 4429/4104/1
f 4411/4083/1 4391/4059/1 4409/4080/1
f 4409/4080/1 4429/4104/1 4411/4083/1
f 4430/4106/1 4410/4082/1 4411/4083/1
f 4411/4083/1 4431/4107/1 4430/4106/1
f 4432/4108/1 4412/4084/1 4410/4082/1
f 4410/4082/1 4430/4106/1 4432/4108/1
f 4433/4109/1 4413/4085/1 4412/4084/1
f 4412/4084/1 4432/4108/1 4433/4109/1
f 4434/4110/3 4414/4086/3 4413/4087/3
f 4413/4087/3 4433/4111/3 4434/4110/3
f 4435/4112/3 4415/4088/3 4414/4086/3
f 4414/4086/3 4434/4110/3 4435/4112/3
f 4436/4113/3 4416/4089/3 4415/4088/3
f 4415/4088/3 4435/4112/3 4436/4113/3
f 4437/4114/3 4417/4090/3 4416/4089/3
f 4416/4089/3 4436/4113/3 4437/4114/3
f 4438/4115/3 4418/4091/3 4417/4090/3
f 4417/4090/3 4437/4114/3 4438/4115/3
f 4439/4116/4 4419/4092/4 4418/4093/4
f 4418/4093/4 4438/4117/4 4439/4116/4
f 4440/4118/4 4420/4094/4 4419/4092/4
f 4419/4092/4 4439/4116/4 4440/4118/4
f 4441/4119/4 4421/4095/4 4420/4094/4
f 4420/4094/4 4440/4118/4 4441/4119/4
f 4442/4120/4 4422/4096/4 4421/4095/4
f 4421/4095/4 4441/4119/4 4442/4120/4
f 4443/4121/4 4423/4097/4 4422/4096/4
f 4422/4096/4 4442/4120/4 4443/4121/4
f 4444/4122/2 4424/4098/2 4423/4099/2
f 4423/4099/2 4443/4123/2 4444/4122/2
f 4445/4124/2 4425/4100/2 4424/4098/2
f 4424/4098/2 4444/4122/2 4445/4124/2
f 4446/4125/2 4426/4101/2 4425/4100/2
f 4425/4100/2 4445/4124/2 4446/4125/2
f 4447/4126/2 4427/4102/2 4426/4101/2
f 4426/4101/2 4446/4125/2 4447/4126/2
f 4448/4127/2 4428/4103/2 4427/4102/2
f 4427/4102/2 4447/4126/2 4448/4127/2
f 4449/4128/1 4429/4104/1 4428/4105/1
f 4428/4105/1 4448/4129/1 4449/4128/1
f 4431/4107/1 4411/4083/1 4429/4104/1
f 4429/4104/1 4449/4128/1 4431/4107/1
f 4450/4130/1 4430/4106/1 4431/4107/1
f 4431/4107/1 4451/4131/1 4450/4130/1
f 4452/4132/1 4432/4108/1 4430/4106/1
f 4430/4106/1 4450/4130/1 4452/4132/1
f 4453/4133/1 4433/4109/1 4432/4108/1
f 4432/4108/1 4452/4132/1 4453/4133/1
f 4454/4134/3 4434/4110/3 4433/4111/3
f 4433/4111/3 4453/4135/3 4454/4134/3
f 4455/4136/3 4435/4112/3 4434/4110/3
f 4434/4110/3 4454/4134/3 4455/4136/3
f 4456/4137/3 4436/4113/3 4435/4112/3
f 4435/4112/3 4455/4136/3 4456/4137/3
f 4457/4138/3 4437/4114/3 4436/4113/3
f 4436/4113/3 4456/4137/3 4457/4138/3
f 4458/4139/3 4438/4115/3 4437/4114/3
f 4437/4114/3 4457/4138/3 4458/4139/3
f 4459/4140/4 4439/4116/4 4438/4117/4
f 4438/4117/4 4458/4141/4 4459/4140/4
f 4460/4142/4 4440/4118/4 4439/4116/4
f 4439/4116/4 4459/4140/4 4460/4142/4
f 4461/4143/4 4441/4119/4 4440/4118/4
f 4440/4118/4 4460/4142/4 4461/4143/4
f 4462/4144/4 4442/4120/4 4441/4119/4
f 4441/4119/4 4461/4143/4 4462/4144/4
f 4463/4145/4 4443/4121/4 4442/4120/4
f 4442/4120/4 4462/4144/4 4463/4145/4
f 4464/4146/2 4444/4122/2 4443/4123/2
f 4443/4123/2 4463/4147/2 4464/4146/2
f 4465/4148/2 4445/4124/2 4444/4122/2
f 4444/4122/2 4464/4146/2 4465/4148/2
f 4466/4149/2 4446/4125/2 4445/4124/2
f 4445/4124/2 4465/4148/2 4466/4149/2
f 4467/4150/2 4447/4126/2 4446/4125/2
f 4446/4125/2 4466/4149/2 4467/4150/2
f 4468/4151/2 4448/4127/2 4447/4126/2
f 4447/4126/2 4467/4150/2 4468/4151/2
f 4469/4152/1 4449/4128/1 4448/4129/1
f 4448/4129/1 4468/4153/1 4469/4152/1
f 4451/4131/1 4431/4107/1 4449/4128/1
f 4449/4128/1 4469/4152/1 4451/4131/1
f 4470/4154/1 4450/4130/1 4451/4131/1
f 4451/4131/1 4471/4155/1 4470/4154/1
f 4472/4156/1 4452/4132/1 4450/4130/1
f 4450/4130/1 4470/4154/1 4472/4156/1
f 4473/4157/1 4453/4133/1 4452/4132/1
f 4452/4132/1 4472/4156/1 4473/4157/1
f 4474/4158/3 4454/4134/3 4453/4135/3
f 4453/4135/3 4473/4159/3 4474/4158/3
f 4475/4160/3 4455/4136/3 4454/4134/3
f 4454/4134/3 4474/4158/3 4475/4160/3
f 4476/4161/3 4456/4137/3 4455/4136/3
f 4455/4136/3 4475/4160/3 4476/4161/3
f 4477/4162/3 4457/4138/3 4456/4137/3
f 4456/4137/3 4476/4161/3 4477/4162/3
f 4478/4163/3 4458/4139/3 4457/4138/3
f 4457/4138/3 4477/4162/3 4478/4163/3
f 4479/4164/4 4459/4140/4 4458/4141/4
f 4458/4141/4 4478/4165/4 4479/4164/4
f 4480/4166/4 4460/4142/4 4459/4140/4
f 4459/4140/4 4479/4164/4 4480/4166/4
f 4481/4167/4 4461/4143/4 4460/4142/4
f 4460/4142/4 4480/4166/4 4481/4167/4
f 4482/4168/4 4462/4144/4 4461/4143/4
f 4461/4143/4 4481/4167/4 4482/4168/4
f 4483/4169/4 4463/4145/4 4462/4144/4
f 4462/4144/4 4482/4168/4 4483/4169/4
f 4484/4170/2 4464/4146/2 4463/4147/2
f 4463/4147/2 4483/4171/2 4484/4170/2
f 4485/4172/2 4465/4148/2 4464/4146/2
f 4464/4146/2 4484/4170/2 4485/4172/2
f 4486/4173/2 4466/4149/2 4465/4148/2
f 4465/4148/2 4485/4172/2 4486/4173/2
f 4487/4174/2 4467/4150/2 4466/4149/2
f 4466/4149/2 4486/4173/2 4487/4174/2
f 4488/4175/2 4468/4151/2 4467/4150/2
f 4467/4150/2 4487/4174/2 4488/4175/2
f 4489/4176/1 4469/4152/1 4468/4153/1
f 4468/4153/1 4488/4177/1 4489/4176/1
f 4471/4155/1 4451/4131/1 4469/4152/1
f 4469/4152/1 4489/4176/1 4471/4155/1
f 4490/4178/1 4470/4154/1 4471/4155/1
f 4471/4155/1 4491/4179/1 4490/4178/1
f 4492/4180/1 4472/4156/1 4470/4154/1
f 4470/4154/1 4490/4178/1 4492/4180/1
f 4493/4181/1 4473/4157/1 4472/4156/1
f 4472/4156/1 4492/4180/1 4493/4181/1
f 4494/4182/3 4474/4158/3 4473/4159/3
f 4473/4159/3 4493/4183/3 4494/4182/3
f 4495/4184/3 4475/4160/3 4474/4158/3
f 4474/4158/3 4494/4182/3 4495/4184/3
f 4496/4185/3 4476/4161/3 4475/4160/3
f 4475/4160/3 4495/4184/3 4496/4185/3
f 4497/4186/3 4477/4162/3 4476/4161/3
f 4476/4161/3 4496/4185/3 4497/4186/3
f 4498/4187/3 4478/4163/3 4477/4162/3
f 4477/4162/3 4497/4186/3 4498/4187/3
f 4499/4188/4 4479/4164/4 4478/4165/4
f 4478/4165/4 4498/4189/4 4499/4188/4
f 4500/4190/4 4480/4166/4 4479/4164/4
f 4479/4164/4 4499/4188/4 4500/4190/4
f 4501/4191/4 4481/4167/4 4480/4166/4
f 4480/4166/4 4500/4190/4 4501/4191/4
f 4502/4192/4 4482/4168/4 4481/4167/4
f 4481/4167/4 4501/4191/4 4502/4192/4
f 4503/4193/4 4483/4169/4 4482/4168/4
f 4482/4168/4 4502/4192/4 4503/4193/4
f 4504/4194/2 4484/4170/2 4483/4171/2
f 4483/4171/2 4503/4195/2 4504/4194/2
f 4505/4196/2 4485/4172/2 4484/4170/2
f 4484/4170/2 4504/4194/2 4505/4196/2
f 4506/4197/2 4486/4173/2 4485/4172/2
f 4485/4172/2 4505/4196/2 4506/4197/2
f 4507/4198/2 4487/4174/2 4486/4173/2
f 4486/4173/2 4506/4197/2 4507/4198/2
f 4508/4199/2 4488/4175/2 4487/4174/2
f 4487/4174/2 4507/4198/2 4508/4199/2
f 4509/4200/1 4489/4176/1 4488/4177/1
f 4488/4177/1 4508/4201/1 4509/4200/1
f 4491/4179/1 4471/4155/1 4489/4176/1
f 4489/4176/1 4509/4200/1 4491/4179/1
f 4510/4202/1 4490/4178/1 4491/4179/1
f 4491/4179/1 4511/4203/1 4510/4202/1
f 4512/4204/1 4492/4180/1 4490/4178/1
f 4490/4178/1 4510/4202/1 4512/4204/1
f 4513/4205/1 4493/4181/1 4492/4180/1
f 4492/4180/1 4512/4204/1 4513/4205/1
f 4514/4206/3 4494/4182/3 4493/4183/3
f 4493/4183/3 4513/4207/3 4514/4206/3
f 4515/4208/3 4495/4184/3 4494/4182/3
f 4494/4182/3 4514/4206/3 4515/4208/3
f 4516/4209/3 4496/4185/3 4495/4184/3
f 4495/4184/3 4515/4208/3 4516/4209/3
f 4517/4210/3 4497/4186/3 4496/4185/3
f 4496/4185/3 4516/4209/3 4517/4210/3
f 4518/4211/3 4498/4187/3 4497/4186/3
f 4497/4186/3 4517/4210/3 4518/4211/3
f 4519/4212/4 4499/4188/4 4498/4189/4
f 4498/4189/4 4518/4213/4 4519/4212/4
f 4520/4214/4 4500/4190/4 4499/4188/4
f 4499/4188/4 4519/4212/4 4520/4214/4
f 4521/4215/4 4501/4191/4 4500/4190/4
f 4500/4190/4 4520/4214/4 4521/4215/4
f 4522/4216/4 4502/4192/4 4501/4191/4
f 4501/4191/4 4521/4215/4 4522/4216/4
f 4523/4217/4 4503/4193/4 4502/4192/4
f 4502/4192/4 4522/4216/4 4523/4217/4
f 4524/4218/2 4504/4194/2 4503/4195/2
f 4503/4195/2 4523/4219/2 4524/4218/2
f 4525/4220/2 4505/4196/2 4504/4194/2
f 4504/4194/2 4524/4218/2 4525/4220/2
f 4526/4221/2 4506/4197/2 4505/4196/2
f 4505/4196/2 4525/4220/2 4526/4221/2
f 4527/4222/2 4507/4198/2 4506/4197/2
f 4506/4197/2 4526/4221/2 4527/4222/2
f 4528/4223/2 4508/4199/2 4507/4198/2
f 4507/4198/2 4527/4222/2 4528/4223/2
f 4529/4224/1 4509/4200/1 4508/4201/1
f 4508/4201/1 4528/4225/1 4529/4224/1
f 4511/4203/1 4491/4179/1 4509/4200/1
f 4509/4200/1 4529/4224/1 4511/4203/1
f 4530/4226/1 4510/4202/1 4511/4203/1
f 4511/4203/1 4531/4227/1 4530/4226/1
f 4532/4228/1 4512/4204/1 4510/4202/1
f 4510/4202/1 4530/4226/1 4532/4228/1
f 4533/4229/1 4513/4205/1 4512/4204/1
f 4512/4204/1 4532/4228/1 4533/4229/1
f 4534/4230/3 4514/4206/3 4513/4207/3
f 4513/4207/3 4533/4231/3 4534/4230/3
f 4535/4232/3 4515/4208/3 4514/4206/3
f 4514/4206/3 4534/4230/3 4535/4232/3
f 4536/4233/3 4516/4209/3 4515/4208/3
f 4515/4208/3 4535/4232/3 4536/4233/3
f 4537/4234/3 4517/4210/3 4516/4209/3
f 4516/4209/3 4536/4233/3 4537/4234/3
f 4538/4235/3 4518/4211/3 4517/4210/3
f 4517/4210/3 4537/4234/3 4538/4235/3
f 4539/4236/4 4519/4212/4 4518/4213/4
f 4518/4213/4 4538/4237/4 4539/4236/4
f 4540/4238/4 4520/4214/4 4519/4212/4
f 4519/4212/4 4539/4236/4 4540/4238/4
f 4541/4239/4 4521/4215/4 4520/4214/4
f 4520/4214/4 4540/4238/4 4541/4239/4
f 4542/4240/4 4522/4216/4 4521/4215/4
f 4521/4215/4 4541/4239/4 4542/4240/4
f 4543/4241/4 4523/4217/4 4522/4216/4
f 4522/4216/4 4542/4240/4 4543/4241/4
f 4544/4242/2 4524/4218/2 4523/4219/2
f 4523/4219/2 4543/4243/2 4544/4242/2
f 4545/4244/2 4525/4220/2 4524/4218/2
f 4524/4218/2 4544/4242/2 4545/4244/2
f 4546/4245/2 4526/4221/2 4525/4220/2
f 4525/4220/2 4545/4244/2 4546/4245/2
f 4547/4246/2 4527/4222/2 4526/4221/2
f 4526/4221/2 4546/4245/2 4547/4246/2
f 4548/4247/2 4528/4223/2 4527/4222/2
f 4527/4222/2 4547/4246/2 4548/4247/2
f 4549/4248/1 4529/4224/1 4528/4225/1
f 4528/4225/1 4548/4249/1 4549/4248/1
f 4531/4227/1 4511/4203/1 4529/4224/1
f 4529/4224/1 4549/4248/1 4531/4227/1
f 4550/4250/1 4530/4226/1 4531/4227/1
f 4531/4227/1 4551/4251/1 4550/4250/1
f 4552/4252/1 4532/4228/1 4530/4226/1
f 4530/4226/1 4550/4250/1 4552/4252/1
f 4553/4253/1 4533/4229/1 4532/4228/1
f 4532/4228/1 4552/4252/1 4553/4253/1
f 4554/4254/3 4534/4230/3 4533/4231/3
f 4533/4231/3 4553/4255/3 4554/4254/3
f 4555/4256/3 4535/4232/3 4534/4230/3
f 4534/4230/3 4554/4254/3 4555/4256/3
f 4556/4257/3 4536/4233/3 4535/4232/3
f 4535/4232/3 4555/4256/3 4556/4257/3
f 4557/4258/3 4537/4234/3 4536/4233/3
f 4536/4233/3 4556/4257/3 4557/4258/3
f 4558/4259/3 4538/4235/3 4537/4234/3
f 4537/4234/3 4557/4258/3 4558/4259/3
f 4559/4260/4 4539/4236/4 4538/4237/4
f 4538/4237/4 4558/4261/4 4559/4260/4
f 4560/4262/4 4540/4238/4 4539/4236/4
f 4539/4236/4 4559/4260/4 4560/4262/4
f 4561/4263/4 4541/4239/4 4540/4238/4
f 4540/4238/4 4560/4262/4 4561/4263/4
f 4562/4264/4 4542/4240/4 4541/4239/4
f 4541/4239/4 4561/4263/4 4562/4264/4
f 4563/4265/4 4543/4241/4 4542/4240/4
f 4542/4240/4 4562/4264/4 4563/4265/4
f 4564/4266/2 4544/4242/2 4543/4243/2
f 4543/4243/2 4563/4267/2 4564/4266/2
f 4565/4268/2 4545/4244/2 4544/4242/2
f 4544/4242/2 4564/4266/2 4565/4268/2
f 4566/4269/2 4546/4245/2 4545/4244/2
f 4545/4244/2 4565/4268/2 4566/4269/2
f 4567/4270/2 4547/4246/2 4546/4245/2
f 4546/4245/2 4566/4269/2 4567/4270/2
f 4568/4271/2 4548/4247/2 4547/4246/2
f 4547/4246/2 4567/4270/2 4568/4271/2
f 4569/4272/1 4549/4248/1 4548/4249/1
f 4548/4249/1 4568/4273/1 4569/4272/1
f 4551/4251/1 4531/4227/1 4549/4248/1
f 4549/4248/1 4569/4272/1 4551/4251/1
f 4570/4274/1 4550/4250/1 4551/4251/1
f 4551/4251/1 4571/4275/1 4570/4274/1
f 4572/4276/1 4552/4252/1 4550/4250/1
f 4550/4250/1 4570/4274/1 4572/4276/1
f 4573/4277/1 4553/4253/1 4552/4252/1
f 4552/4252/1 4572/4276/1 4573/4277/1
f 4574/4278/3 4554/4254/3 4553/4255/3
f 4553/4255/3 4573/4279/3 4574/4278/3
f 4575/4280/3 4555/4256/3 4554/4254/3
f 4554/4254/3 4574/4278/3 4575/4280/3
f 4576/4281/3 4556/4257/3 4555/4256/3
f 4555/4256/3 4575/4280/3 4576/4281/3
f 4577/4282/3 4557/4258/3 4556/4257/3
f 4556/4257/3 4576/4281/3 4577/4282/3
f 4578/4283/3 4558/4259/3 4557/4258/3
f 4557/4258/3 4577/4282/3 4578/4283/3
f 4579/4284/4 4559/4260/4 4558/4261/4
f 4558/4261/4 4578/4285/4 4579/4284/4
f 4580/4286/4 4560/4262/4 4559/4260/4
f 4559/4260/4 4579/4284/4 4580/4286/4
f 4581/4287/4 4561/4263/4 4560/4262/4
f 4560/4262/4 4580/4286/4 4581/4287/4
f 4582/4288/4 4562/4264/4 4561/4263/4
f 4561/4263/4 4581/4287/4 4582/4288/4
f 4583/4289/4 4563/4265/4 4562/4264/4
f 4562/4264/4 4582/4288/4 4583/4289/4
f 4584/4290/2 4564/4266/2 4563/4267/2
f 4563/4267/2 4583/4291/2 4584/4290/2
f 4585/4292/2 4565/4268/2 4564/4266/2
f 4564/4266/2 4584/4290/2 4585/4292/2
f 4586/4293/2 4566/4269/2 4565/4268/2
f 4565/4268/2 4585/4292/2 4586/4293/2
f 4587/4294/2 4567/4270/2 4566/4269/2
f 4566/4269/2 4586/4293/2 4587/4294/2
f 4588/4295/2 4568/4271/2 4567/4270/2
f 4567/4270/2 4587/4294/2 4588/4295/2
f 4589/4296/1 4569/4272/1 4568/4273/1
f 4568/4273/1 4588/4297/1 4589/4296/1
f 4571/4275/1 4551/4251/1 4569/4272/1
f 4569/4272/1 4589/4296/1 4571/4275/1
f 4590/4298/1 4570/4274/1 4571/4275/1
f 4571/4275/1 4591/4299/1 4590/4298/1
f 4592/4300/1 4572/4276/1 4570/4274/1
f 4570/4274/1 4590/4298/1 4592/4300/1
f 4593/4301/1 4573/4277/1 4572/4276/1
f 4572/4276/1 4592/4300/1 4593/4301/1
f 4594/4302/3 4574/4278/3 4573/4279/3
f 4573/4279/3 4593/4303/3 4594/4302/3
f 4595/4304/3 4575/4280/3 4574/4278/3
f 4574/4278/3 4594/4302/3 4595/4304/3
f 4596/4305/3 4576/4281/3 4575/4280/3
f 4575/4280/3 4595/4304/3 4596/4305/3
f 4597/4306/3 4577/4282/3 4576/4281/3
f 4576/4281/3 4596/4305/3 4597/4306/3
f 4598/4307/3 4578/4283/3 4577/4282/3
f 4577/4282/3 4597/4306/3 4598/4307/3
f 4599/4308/4 4579/4284/4 4578/4285/4
f 4578/4285/4 4598/4309/4 4599/4308/4
f 4600/4310/4 4580/4286/4 4579/4284/4
f 4579/4284/4 4599/4308/4 4600/4310/4
f 4601/4311/4 4581/4287/4 4580/4286/4
f 4580/4286/4 4600/4310/4 4601/4311/4
f 4602/4312/4 4582/4288/4 4581/4287/4
f 4581/4287/4 4601/4311/4 4602/4312/4
f 4603/4313/4 4583/4289/4 4582/4288/4
f 4582/4288/4 4602/4312/4 4603/4313/4
f 4604/4314/2 4584/4290/2 4583/4291/2
f 4583/4291/2 4603/4315/2 4604/4314/2
f 4605/4316/2 4585/4292/2 4584/4290/2
f 4584/4290/2 4604/4314/2 4605/4316/2
f 4606/4317/2 4586/4293/2 4585/4292/2
f 4585/4292/2 4605/4316/2 4606/4317/2
f 4607/4318/2 4587/4294/2 4586/4293/2
f 4586/4293/2 4606/4317/2 4607/4318/2
f 4608/4319/2 4588/4295/2 4587/4294/2
f 4587/4294/2 4607/4318/2 4608/4319/2
f 4609/4320/1 4589/4296/1 4588/4297/1
f 4588/4297/1 4608/4321/1 4609/4320/1
f 4591/4299/1 4571/4275/1 4589/4296/1
f 4589/4296/1 4609/4320/1 4591/4299/1
f 4610/4322/1 4590/4298/1 4591/4299/1
f 4591/4299/1 4611/4323/1 4610/4322/1
f 4612/4324/1 4592/4300/1 4590/4298/1
f 4590/4298/1 4610/4322/1 4612/4324/1
f 4613/4325/1 4593/4301/1 4592/4300/1
f 4592/4300/1 4612/4324/1 4613/4325/1
f 4614/4326/3 4594/4302/3 4593/4303/3
f 4593/4303/3 4613/4327/3 4614/4326/3
f 4615/4328/3 4595/4304/3 4594/4302/3
f 4594/4302/3 4614/4326/3 4615/4328/3
f 4616/4329/3 4596/4305/3 4595/4304/3
f 4595/4304/3 4615/4328/3 4616/4329/3
f 4617/4330/3 4597/4306/3 4596/4305/3
f 4596/4305/3 4616/4329/3 4617/4330/3
f 4618/4331/3 4598/4307/3 4597/4306/3
f 4597/4306/3 4617/4330/3 4618/4331/3
f 4619/4332/4 4599/4308/4 4598/4309/4
f 4598/4309/4 4618/4333/4 4619/4332/4
f 4620/4334/4 4600/4310/4 4599/4308/4
f 4599/4308/4 4619/4332/4 4620/4334/4
f 4621/4335/4 4601/4311/4 4600/4310/4
f 4600/4310/4 4620/4334/4 4621/4335/4
f 4622/4336/4 4602/4312/4 4601/4311/4
f 4601/4311/4 4621/4335/4 4622/4336/4
f 4623/4337/4 4603/4313/4 4602/4312/4
f 4602/4312/4 4622/4336/4 4623/4337/4
f 4624/4338/2 4604/4314/2 4603/4315/2
f 4603/4315/2 4623/4339/2 4624/4338/2
f 4625/4340/2 4605/4316/2 4604/4314/2
f 4604/4314/2 4624/4338/2 4625/4340/2
f 4626/4341/2 4606/4317/2 4605/4316/2
f 4605/4316/2 4625/4340/2 4626/4341/2
f 4627/4342/2 4607/4318/2 4606/4317/2
f 4606/4317/2 4626/4341/2 4627/4342/2
f 4628/4343/2 4608/4319/2 4607/4318/2
f 4607/4318/2 4627/4342/2 4628/4343/2
f 4629/4344/1 4609/4320/1 4608/4321/1
f 4608/4321/1 4628/4345/1 4629/4344/1
f 4611/4323/1 4591/4299/1 4609/4320/1
f 4609/4320/1 4629/4344/1 4611/4323/1
f 4630/4346/1 4610/4322/1 4611/4323/1
f 4611/4323/1 4631/4347/1 4630/4346/1
f 4632/4348/1 4612/4324/1 4610/4322/1
f 4610/4322/1 4630/4346/1 4632/4348/1
f 4633/4349/1 4613/4325/1 4612/4324/1
f 4612/4324/1 4632/4348/1 4633/4349/1
f 4634/4350/3 4614/4326/3 4613/4327/3
f 4613/4327/3 4633/4351/3 4634/4350/3
f 4635/4352/3 4615/4328/3 4614/4326/3
f 4614/4326/3 4634/4350/3 4635/4352/3
f 4636/4353/3 4616/4329/3 4615/4328/3
f 4615/4328/3 4635/4352/3 4636/4353/3
f 4637/4354/3 4617/4330/3 4616/4329/3
f 4616/4329/3 4636/4353/3 4637/4354/3
f 4638/4355/3 4618/4331/3 4617/4330/3
f 4617/4330/3 4637/4354/3 4638/4355/3
f 4639/4356/4 4619/4332/4 4618/4333/4
f 4618/4333/4 4638/4357/4 4639/4356/4
f 4640/4358/4 4620/4334/4 4619/4332/4
f 4619/4332/4 4639/4356/4 4640/4358/4
f 4641/4359/4 4621/4335/4 4620/4334/4
f 4620/4334/4 4640/4358/4 4641/4359/4
f 4642/4360/4 4622/4336/4 4621/4335/4
f 4621/4335/4 4641/4359/4 4642/4360/4
f 4643/4361/4 4623/4337/4 4622/4336/4
f 4622/4336/4 4642/4360/4 4643/4361/4
f 4644/4362/2 4624/4338/2 4623/4339/2
f 4623/4339/2 4643/4363/2 4644/4362/2
f 4645/4364/2 4625/4340/2 4624/4338/2
f 4624/4338/2 4644/4362/2 4645/4364/2
f 4646/4365/2 4626/4341/2 4625/4340/2
f 4625/4340/2 4645/4364/2 4646/4365/2
f 4647/4366/2 4627/4342/2 4626/4341/2
f 4626/4341/2 4646/4365/2 4647/4366/2
f 4648/4367/2 4628/4343/2 4627/4342/2
f 4627/4342/2 4647/4366/2 4648/4367/2
f 4649/4368/1 4629/4344/1 4628/4345/1
f 4628/4345/1 4648/4369/1 4649/4368/1
f 4631/4347/1 4611/4323/1 4629/4344/1
f 4629/4344/1 4649/4368/1 4631/4347/1
f 4650/4370/1 4630/4346/1 4631/4347/1
f 4631/4347/1 4651/4371/1 4650/4370/1
f 4652/4372/1 4632/4348/1 4630/4346/1
f 4630/4346/1 4650/4370/1 4652/4372/1
f 4653/4373/1 4633/4349/1 4632/4348/1
f 4632/4348/1 4652/4372/1 4653/4373/1
f 4654/4374/3 4634/4350/3 4633/4351/3
f 4633/4351/3 4653/4375/3 4654/4374/3
f 4655/4376/3 4635/4352/3 4634/4350/3
f 4634/4350/3 4654/4374/3 4655/4376/3
f 4656/4377/3 4636/4353/3 4635/4352/3
f 4635/4352/3 4655/4376/3 4656/4377/3
f 4657/4378/3 4637/4354/3 4636/4353/3
f 4636/4353/3 4656/4377/3 4657/4378/3
f 4658/4379/3 4638/4355/3 4637/4354/3
f 4637/4354/3 4657/4378/3 4658/4379/3
f 4659/4380/4 4639/4356/4 4638/4357/4
f 4638/4357/4 4658/4381/4 4659/4380/4
f 4660/4382/4 4640/4358/4 4639/4356/4
f 4639/4356/4 4659/4380/4 4660/4382/4
f 4661/4383/4 4641/4359/4 4640/4358/4
f 4640/4358/4 4660/4382/4 4661/4383/4
f 4662/4384/4 4642/4360/4 4641/4359/4
f 4641/4359/4 4661/4383/4 4662/4384/4
f 4663/4385/4 4643/4361/4 4642/4360/4
f 4642/4360/4 4662/4384/4 4663/4385/4
f 4664/4386/2 4644/4362/2 4643/4363/2
f 4643/4363/2 4663/4387/2 4664/4386/2
f 4665/4388/2 4645/4364/2 4644/4362/2
f 4644/4362/2 4664/4386/2 4665/4388/2
f 4666/4389/2 4646/4365/2 4645/4364/2
f 4645/4364/2 4665/4388/2 4666/4389/2
f 4667/4390/2 4647/4366/2 4646/4365/2
f 4646/4365/2 4666/4389/2 4667/4390/2
f 4668/4391/2 4648/4367/2 4647/4366/2
f 4647/4366/2 4667/4390/2 4668/4391/2
f 4669/4392/1 4649/4368/1 4648/4369/1
f 4648/4369/1 4668/4393/1 4669/4392/1
f 4651/4371/1 4631/4347/1 4649/4368/1
f 4649/4368/1 4669/4392/1 4651/4371/1
f 4670/4394/1 4650/4370/1 4651/4371/1
f 4651/4371/1 4671/4395/1 4670/4394/1
f 4672/4396/1 4652/4372/1 4650/4370/1
f 4650/4370/1 4670/4394/1 4672/4396/1
f 4673/4397/1 4653/4373/1 4652/4372/1
f 4652/4372/1 4672/4396/1 4673/4397/1
f 4674/4398/3 4654/4374/3 4653/4375/3
f 4653/4375/3 4673/4399/3 4674/4398/3
f 4675/4400/3 4655/4376/3 4654/4374/3
f 4654/4374/3 4674/4398/3 4675/4400/3
f 4676/4401/3 4656/4377/3 4655/4376/3
f 4655/4376/3 4675/4400/3 4676/4401/3
f 4677/4402/3 4657/4378/3 4656/4377/3
f 4656/4377/3 4676/4401/3 4677/4402/3
f 4678/4403/3 4658/4379/3 4657/4378/3
f 4657/4378/3 4677/4402/3 4678/4403/3
f 4679/4404/4 4659/4380/4 4658/4381/4
f 4658/4381/4 4678/4405/4 4679/4404/4
f 4680/4406/4 4660/4382/4 4659/4380/4
f 4659/4380/4 4679/4404/4 4680/4406/4
f 4681/4407/4 4661/4383/4 4660/4382/4
f 4660/4382/4 4680/4406/4 4681/4407/4
f 4682/4408/4 4662/4384/4 4661/4383/4
f 4661/4383/4 4681/4407/4 4682/4408/4
f 4683/4409/4 4663/4385/4 4662/4384/4
f 4662/4384/4 4682/4408/4 4683/4409/4
f 4684/4410/2 4664/4386/2 4663/4387/2
f 4663/4387/2 4683/4411/2 4684/4410/2
f 4685/4412/2 4665/4388/2 4664/4386/2
f 4664/4386/2 4684/4410/2 4685/4412/2
f 4686/4413/2 4666/4389/2 4665/4388/2
f 4665/4388/2 4685/4412/2 4686/4413/2
f 4687/4414/2 4667/4390/2 4666/4389/2
f 4666/4389/2 4686/4413/2 4687/4414/2
f 4688/4415/2 4668/4391/2 4667/4390/2
f 4667/4390/2 4687/4414/2 4688/4415/2
f 4689/4416/1 4669/4392/1 4668/4393/1
f 4668/4393/1 4688/4417/1 4689/4416/1
f 4671/4395/1 4651/4371/1 4669/4392/1
f 4669/4392/1 4689/4416/1 4671/4395/1
f 4690/4418/1 4670/4394/1 4671/4395/1
f 4671/4395/1 4691/4419/1 4690/4418/1
f 4692/4420/1 4672/4396/1 4670/4394/1
f 4670/4394/1 4690/4418/1 4692/4420/1
f 4693/4421/1 4673/4397/1 4672/4396/1
f 4672/4396/1 4692/4420/1 4693/4421/1
f 4694/4422/3 4674/4398/3 4673/4399/3
f 4673/4399/3 4693/4423/3 4694/4422/3
f 4695/4424/3 4675/4400/3 4674/4398/3
f 4674/4398/3 4694/4422/3 4695/4424/3
f 4696/4425/3 4676/4401/3 4675/4400/3
f 4675/4400/3 4695/4424/3 4696/4425/3
f 4697/4426/3 4677/4402/3 4676/4401/3
f 4676/4401/3 4696/4425/3 4697/4426/3
f 4698/4427/3 4678/4403/3 4677/4402/3
f 4677/4402/3 4697/4426/3 4698/4427/3
f 4699/4428/4 4679/4404/4 4678/4405/4
f 4678/4405/4 4698/4429/4 4699/4428/4
f 4700/4430/4 4680/4406/4 4679/4404/4
f 4679/4404/4 4699/4428/4 4700/4430/4
f 4701/4431/4 4681/4407/4 4680/4406/4
f 4680/4406/4 4700/4430/4 4701/4431/4
f 4702/4432/4 4682/4408/4 4681/4407/4
f 4681/4407/4 4701/4431/4 4702/4432/4
f 4703/4433/4 4683/4409/4 4682/4408/4
f 4682/4408/4 4702/4432/4 4703/4433/4
f 4704/4434/2 4684/4410/2 4683/4411/2
f 4683/4411/2 4703/4435/2 4704/4434/2
f 4705/4436/2 4685/4412/2 4684/4410/2
f 4684/4410/2 4704/4434/2 4705/4436/2
f 4706/4437/2 4686/4413/2 4685/4412/2
f 4685/4412/2 4705/4436/2 4706/4437/2
f 4707/4438/2 4687/4414/2 4686/4413/2
f 4686/4413/2 4706/4437/2 4707/4438/2
f 4708/4439/2 4688/4415/2 4687/4414/2
f 4687/4414/2 4707/4438/2 4708/4439/2
f 4709/4440/1 4689/4416/1 4688/4417/1
f 4688/4417/1 4708/4441/1 4709/4440/1
f 4691/4419/1 4671/4395/1 4689/4416/1
f 4689/4416/1 4709/4440/1 4691/4419/1
f 4710/4442/1 4690/4418/1 4691/4419/1
f 4691/4419/1 4711/4443/1 4710/4442/1
f 4712/4444/1 4692/4420/1 4690/4418/1
f 4690/4418/1 4710/4442/1 4712/4444/1
f 4713/4445/1 4693/4421/1 4692/4420/1
f 4692/4420/1 4712/4444/1 4713/4445/1
f 4714/4446/3 4694/4422/3 4693/4423/3
f 4693/4423/3 4713/4447/3 4714/4446/3
f 4715/4448/3 4695/4424/3 4694/4422/3
f 4694/4422/3 4714/4446/3 4715/4448/3
f 4716/4449/3 4696/4425/3 4695/4424/3
f 4695/4424/3 4715/4448/3 4716/4449/3
f 4717/4450/3 4697/4426/3 4696/4425/3
f 4696/4425/3 4716/4449/3 4717/4450/3
f 4718/4451/3 4698/4427/3 4697/4426/3
f 4697/4426/3 4717/4450/3 4718/4451/3
f 4719/4452/4 4699/4428/4 4698/4429/4
f 4698/4429/4 4718/4453/4 4719/4452/4
f 4720/4454/4 4700/4430/4 4699/4428/4
f 4699/4428/4 4719/4452/4 4720/4454/4
f 4721/4455/4 4701/4431/4 4700/4430/4
f 4700/4430/4 4720/4454/4 4721/4455/4
f 4722/4456/4 4702/4432/4 4701/4431/4
f 4701/4431/4 4721/4455/4 4722/4456/4
f 4723/4457/4 4703/4433/4 4702/4432/4
f 4702/4432/4 4722/4456/4 4723/4457/4
f 4724/4458/2 4704/4434/2 4703/4435/2
f 4703/4435/2 4723/4459/2 4724/4458/2
f 4725/4460/2 4705/4436/2 4704/4434/2
f 4704/4434/2 4724/4458/2 4725/4460/2
f 4726/4461/2 4706/4437/2 4705/4436/2
f 4705/4436/2 4725/4460/2 4726/4461/2
f 4727/4462/2 4707/4438/2 4706/4437/2
f 4706/4437/2 4726/4461/2 4727/4462/2
f 4728/4463/2 4708/4439/2 4707/4438/2
f 4707/4438/2 4727/4462/2 4728/4463/2
f 4729/4464/1 4709/4440/1 4708/4441/1
f 4708/4441/1 4728/4465/1 4729/4464/1
f 4711/4443/1 4691/4419/1 4709/4440/1
f 4709/4440/1 4729/4464/1 4711/4443/1
f 4730/4466/1 4710/4442/1 4711/4443/1
f 4711/4443/1 4731/4467/1 4730/4466/1
f 4732/4468/1 4712/4444/1 4710/4442/1
f 4710/4442/1 4730/4466/1 4732/4468/1
f 4733/4469/1 4713/4445/1 4712/4444/1
f 4712/4444/1 4732/4468/1 4733/4469/1
f 4734/4470/3 4714/4446/3 4713/4447/3
f 4713/4447/3 4733/4471/3 4734/4470/3
f 4735/4472/3 4715/4448/3 4714/4446/3
f 4714/4446/3 4734/4470/3 4735/4472/3
f 4736/4473/3 4716/4449/3 4715/4448/3
f 4715/4448/3 4735/4472/3 4736/4473/3
f 4737/4474/3 4717/4450/3 4716/4449/3
f 4716/4449/3 4736/4473/3 4737/4474/3
f 4738/4475/3 4718/4451/3 4717/4450/3
f 4717/4450/3 4737/4474/3 4738/4475/3
f 4739/4476/4 4719/4452/4 4718/4453/4
f 4718/4453/4 4738/4477/4 4739/4476/4
f 4740/4478/4 4720/4454/4 4719/4452/4
f 4719/4452/4 4739/4476/4 4740/4478/4
f 4741/4479/4 4721/4455/4 4720/4454/4
f 4720/4454/4 4740/4478/4 4741/4479/4
f 4742/4480/4 4722/4456/4 4721/4455/4
f 4721/4455/4 4741/4479/4 4742/4480/4
f 4743/4481/4 4723/4457/4 4722/4456/4
f 4722/4456/4 4742/4480/4 4743/4481/4
f 4744/4482/2 4724/4458/2 4723/4459/2
f 4723/4459/2 4743/4483/2 4744/4482/2
f 4745/4484/2 4725/4460/2 4724/4458/2
f 4724/4458/2 4744/4482/2 4745/4484/2
f 4746/4485/2 4726/4461/2 4725/4460/2
f 4725/4460/2 4745/4484/2 4746/4485/2
f 4747/4486/2 4727/4462/2 4726/4461/2
f 4726/4461/2 4746/4485/2 4747/4486/2
f 4748/4487/2 4728/4463/2 4727/4462/2
f 4727/4462/2 4747/4486/2 4748/4487/2
f 4749/4488/1 4729/4464/1 4728/4465/1
f 4728/4465/1 4748/4489/1 4749/4488/1
f 4731/4467/1 4711/4443/1 4729/4464/1
f 4729/4464/1 4749/4488/1 4731/4467/1
f 4750/4490/1 4730/4466/1 4731/4467/1
f 4731/4467/1 4751/4491/1 4750/4490/1
f 4752/4492/1 4732/4468/1 4730/4466/1
f 4730/4466/1 4750/4490/1 4752/4492/1
f 4753/4493/1 4733/4469/1 4732/4468/1
f 4732/4468/1 4752/4492/1 4753/4493/1
f 4754/4494/3 4734/4470/3 4733/4471/3
f 4733/4471/3 4753/4495/3 4754/4494/3
f 4755/4496/3 4735/4472/3 4734/4470/3
f 4734/4470/3 4754/4494/3 4755/4496/3
f 4756/4497/3 4736/4473/3 4735/4472/3
f 4735/4472/3 4755/4496/3 4756/4497/3
f 4757/4498/3 4737/4474/3 4736/4473/3
f 4736/4473/3 4756/4497/3 4757/4498/3
f 4758/4499/3 4738/4475/3 4737/4474/3
f 4737/4474/3 4757/4498/3 4758/4499/3
f 4759/4500/4 4739/4476/4 4738/4477/4
f 4738/4477/4 4758/4501/4 4759/4500/4
f 4760/4502/4 4740/4478/4 4739/4476/4
f 4739/4476/4 4759/4500/4 4760/4502/4
f 4761/4503/4 4741/4479/4 4740/4478/4
f 4740/4478/4 4760/4502/4 4761/4503/4
f 4762/4504/4 4742/4480/4 4741/4479/4
f 4741/4479/4 4761/4503/4 4762/4504/4
f 4763/4505/4 4743/4481/4 4742/4480/4
f 4742/4480/4 4762/4504/4 4763/4505/4
f 4764/4506/2 4744/4482/2 4743/4483/2
f 4743/4483/2 4763/4507/2 4764/4506/2
f 4765/4508/2 4745/4484/2 4744/4482/2
f 4744/4482/2 4764/4506/2 4765/4508/2
f 4766/4509/2 4746/4485/2 4745/4484/2
f 4745/4484/2 4765/4508/2 4766/4509/2
f 4767/4510/2 4747/4486/2 4746/4485/2
f 4746/4485/2 4766/4509/2 4767/4510/2
f 4768/4511/2 4748/4487/2 4747/4486/2
f 4747/4486/2 4767/4510/2 4768/4511/2
f 4769/4512/1 4749/4488/1 4748/4489/1
f 4748/4489/1 4768/4513/1 4769/4512/1
f 4751/4491/1 4731/4467/1 4749/4488/1
f 4749/4488/1 4769/4512/1 4751/4491/1
f 4770/4514/1 4750/4490/1 4751/4491/1
f 4751/4491/1 4771/4515/1 4770/4514/1
f 4772/4516/1 4752/4492/1 4750/4490/1
f 4750/4490/1 4770/4514/1 4772/4516/1
f 4773/4517/1 4753/4493/1 4752/4492/1
f 4752/4492/1 4772/4516/1 4773/4517/1
f 4774/4518/3 4754/4494/3 4753/4495/3
f 4753/4495/3 4773/4519/3 4774/4518/3
f 4775/4520/3 4755/4496/3 4754/4494/3
f 4754/4494/3 4774/4518/3 4775/4520/3
f 4776/4521/3 4756/4497/3 4755/4496/3
f 4755/4496/3 4775/4520/3 4776/4521/3
f 4777/4522/3 4757/4498/3 4756/4497/3
f 4756/4497/3 4776/4521/3 4777/4522/3
f 4778/4523/3 4758/4499/3 4757/4498/3
f 4757/4498/3 4777/4522/3 4778/4523/3
f 4779/4524/4 4759/4500/4 4758/4501/4
f 4758/4501/4 4778/4525/4 4779/4524/4
f 4780/4526/4 4760/4502/4 4759/4500/4
f 4759/4500/4 4779/4524/4 4780/4526/4
f 4781/4527/4 4761/4503/4 4760/4502/4
f 4760/4502/4 4780/4526/4 4781/4527/4
f 4782/4528/4 4762/4504/4 4761/4503/4
f 4761/4503/4 4781/4527/4 4782/4528/4
f 4783/4529/4 4763/4505/4 4762/4504/4
f 4762/4504/4 4782/4528/4 4783/4529/4
f 4784/4530/2 4764/4506/2 4763/4507/2
f 4763/4507/2 4783/4531/2 4784/4530/2
f 4785/4532/2 4765/4508/2 4764/4506/2
f 4764/4506/2 4784/4530/2 4785/4532/2
f 4786/4533/2 4766/4509/2 4765/4508/2
f 4765/4508/2 4785/4532/2 4786/4533/2
f 4787/4534/2 4767/4510/2 4766/4509/2
f 4766/4509/2 4786/4533/2 4787/4534/2
f 4788/4535/2 4768/4511/2 4767/4510/2
f 4767/4510/2 4787/4534/2 4788/4535/2
f 4789/4536/1 4769/4512/1 4768/4513/1
f 4768/4513/1 4788/4537/1 4789/4536/1
f 4771/4515/1 4751/4491/1 4769/4512/1
f 4769/4512/1 4789/4536/1 4771/4515/1
f 4790/4538/1 4770/4514/1 4771/4515/1
f 4771/4515/1 4791/4539/1 4790/4538/1
f 4792/4540/1 4772/4516/1 4770/4514/1
f 4770/4514/1 4790/4538/1 4792/4540/1
f 4793/4541/1 4773/4517/1 4772/4516/1
f 4772/4516/1 4792/4540/1 4793/4541/1
f 4794/4542/3 4774/4518/3 4773/4519/3
f 4773/4519/3 4793/4543/3 4794/4542/3
f 4795/4544/3 4775/4520/3 4774/4518/3
f 4774/4518/3 4794/4542/3 4795/4544/3
f 4796/4545/3 4776/4521/3 4775/4520/3
f 4775/4520/3 4795/4544/3 4796/4545/3
f 4797/4546/3 4777/4522/3 4776/4521/3
f 4776/4521/3 4796/4545/3 4797/4546/3
f 4798/4547/3 4778/4523/3 4777/4522/3
f 4777/4522/3 4797/4546/3 4798/4547/3
f 4799/4548/4 4779/4524/4 4778/4525/4
f 4778/4525/4 4798/4549/4 4799/4548/4
f 4800/4550/4 4780/4526/4 4779/4524/4
f 4779/4524/4 4799/4548/4 4800/4550/4
f 4801/4551/4 4781/4527/4 4780/4526/4
f 4780/4526/4 4800/4550/4 4801/4551/4
f 4802/4552/4 4782/4528/4 4781/4527/4
f 4781/4527/4 4801/4551/4 4802/4552/4
f 4803/4553/4 4783/4529/4 4782/4528/4
f 4782/4528/4 4802/4552/4 4803/4553/4
f 4804/4554/2 4784/4530/2 4783/4531/2
f 4783/4531/2 4803/4555/2 4804/4554/2
f 4805/4556/2 4785/4532/2 4784/4530/2
f 4784/4530/2 4804/4554/2 4805/4556/2
f 4806/4557/2 4786/4533/2 4785/4532/2
f 4785/4532/2 4805/4556/2 4806/4557/2
f 4807/4558/2 4787/4534/2 4786/4533/2
f 4786/4533/2 4806/4557/2 4807/4558/2
f 4808/4559/2 4788/4535/2 4787/4534/2
f 4787/4534/2 4807/4558/2 4808/4559/2
f 4809/4560/1 4789/4536/1 4788/4537/1
f 4788/4537/1 4808/4561/1 4809/4560/1
f 4791/4539/1 4771/4515/1 4789/4536/1
f 4789/4536/1 4809/4560/1 4791/4539/1
f 4810/4562/1 4790/4538/1 4791/4539/1
f 4791/4539/1 4811/4563/1 4810/4562/1
f 4812/4564/1 4792/4540/1 4790/4538/1
f 4790/4538/1 4810/4562/1 4812/4564/1
f 4813/4565/1 4793/4541/1 4792/4540/1
f 4792/4540/1 4812/4564/1 4813/4565/1
f 4814/4566/3 4794/4542/3 4793/4543/3
f 4793/4543/3 4813/4567/3 4814/4566/3
f 4815/4568/3 4795/4544/3 4794/4542/3
f 4794/4542/3 4814/4566/3 4815/4568/3
f 4816/4569/3 4796/4545/3 4795/4544/3
f 4795/4544/3 4815/4568/3 4816/4569/3
f 4817/4570/3 4797/4546/3 4796/4545/3
f 4796/4545/3 4816/4569/3 4817/4570/3
f 4818/4571/3 4798/4547/3 4797/4546/3
f 4797/4546/3 4817/4570/3 4818/4571/3
f 4819/4572/4 4799/4548/4 4798/4549/4
f 4798/4549/4 4818/4573/4 4819/4572/4
f 4820/4574/4 4800/4550/4 4799/4548/4
f 4799/4548/4 4819/4572/4 4820/4574/4
f 4821/4575/4 4801/4551/4 4800/4550/4
f 4800/4550/4 4820/4574/4 4821/4575/4
f 4822/4576/4 4802/4552/4 4801/4551/4
f 4801/4551/4 4821/4575/4 4822/4576/4
f 4823/4577/4 4803/4553/4 4802/4552/4
f 4802/4552/4 4822/4576/4 4823/4577/4
f 4824/4578/2 4804/4554/2 4803/4555/2
f 4803/4555/2 4823/4579/2 4824/4578/2
f 4825/4580/2 4805/4556/2 4804/4554/2
f 4804/4554/2 4824/4578/2 4825/4580/2
f 4826/4581/2 4806/4557/2 4805/4556/2
f 4805/4556/2 4825/4580/2 4826/4581/2
f 4827/4582/2 4807/4558/2 4806/4557/2
f 4806/4557/2 4826/4581/2 4827/4582/2
f 4828/4583/2 4808/4559/2 4807/4558/2
f 4807/4558/2 4827/4582/2 4828/4583/2
f 4829/4584/1 4809/4560/1 4808/4561/1
f 4808/4561/1 4828/4585/1 4829/4584/1
f 4811/4563/1 4791/4539/1 4809/4560/1
f 4809/4560/1 4829/4584/1 4811/4563/1
f 4830/4586/1 4810/4562/1 4811/4563/1
f 4811/4563/1 4831/4587/1 4830/4586/1
f 4832/4588/1 4812/4564/1 4810/4562/1
f 4810/4562/1 4830/4586/1 4832/4588/1
f 4833/4589/1 4813/4565/1 4812/4564/1
f 4812/4564/1 4832/4588/1 4833/4589/1
f 4834/4590/3 4814/4566/3 4813/4567/3
f 4813/4567/3 4833/4591/3 4834/4590/3
f 4835/4592/3 4815/4568/3 4814/4566/3
f 4814/4566/3 4834/4590/3 4835/4592/3
f 4836/4593/3 4816/4569/3 4815/4568/3
f 4815/4568/3 4835/4592/3 4836/4593/3
f 4837/4594/3 4817/4570/3 4816/4569/3
f 4816/4569/3 4836/4593/3 4837/4594/3
f 4838/4595/3 4818/4571/3 4817/4570/3
f 4817/4570/3 4837/4594/3 4838/4595/3
f 4839/4596/4 4819/4572/4 4818/4573/4
f 4818/4573/4 4838/4597/4 4839/4596/4
f 4840/4598/4 4820/4574/4 4819/4572/4
f 4819/4572/4 4839/4596/4 4840/4598/4
f 4841/4599/4 4821/4575/4 4820/4574/4
f 4820/4574/4 4840/4598/4 4841/4599/4
f 4842/4600/4 4822/4576/4 4821/4575/4
f 4821/4575/4 4841/4599/4 4842/4600/4
f 4843/4601/4 4823/4577/4 4822/4576/4
f 4822/4576/4 4842/4600/4 4843/4601/4
f 4844/4602/2 4824/4578/2 4823/4579/2
f 4823/4579/2 4843/4603/2 4844/4602/2
f 4845/4604/2 4825/4580/2 4824/4578/2
f 4824/4578/2 4844/4602/2 4845/4604/2
f 4846/4605/2 4826/4581/2 4825/4580/2
f 4825/4580/2 4845/4604/2 4846/4605/2
f 4847/4606/2 4827/4582/2 4826/4581/2
f 4826/4581/2 4846/4605/2 4847/4606/2
f 4848/4607/2 4828/4583/2 4827/4582/2
f 4827/4582/2 4847/4606/2 4848/4607/2
f 4849/4608/1 4829/4584/1 4828/4585/1
f 4828/4585/1 4848/4609/1 4849/4608/1
f 4831/4587/1 4811/4563/1 4829/4584/1
f 4829/4584/1 4849/4608/1 4831/4587/1
f 4850/4610/1 4830/4586/1 4831/4587/1
f 4831/4587/1 4851/4611/1 4850/4610/1
f 4852/4612/1 4832/4588/1 4830/4586/1
f 4830/4586/1 4850/4610/1 4852/4612/1
f 4853/4613/1 4833/4589/1 4832/4588/1
f 4832/4588/1 4852/4612/1 4853/4613/1
f 4854/4614/3 4834/4590/3 4833/4591/3
f 4833/4591/3 4853/4615/3 4854/4614/3
f 4855/4616/3 4835/4592/3 4834/4590/3
f 4834/4590/3 4854/4614/3 4855/4616/3
f 4856/4617/3 4836/4593/3 4835/4592/3
f 4835/4592/3 4855/4616/3 4856/4617/3
f 4857/4618/3 4837/4594/3 4836/4593/3
f 4836/4593/3 4856/4617/3 4857/4618/3
f 4858/4619/3 4838/4595/3 4837/4594/3
f 4837/4594/3 4857/4618/3 4858/4619/3
f 4859/4620/4 4839/4596/4 4838/4597/4
f 4838/4597/4 4858/4621/4 4859/4620/4
f 4860/4622/4 4840/4598/4 4839/4596/4
f 4839/4596/4 4859/4620/4 4860/4622/4
f 4861/4623/4 4841/4599/4 4840/4598/4
f 4840/4598/4 4860/4622/4 4861/4623/4
f 4862/4624/4 4842/4600/4 4841/4599/4
f 4841/4599/4 4861/4623/4 4862/4624/4
f 4863/4625/4 4843/4601/4 4842/4600/4
f 4842/4600/4 4862/4624/4 4863/4625/4
f 4864/4626/2 4844/4602/2 4843/4603/2
f 4843/4603/2 4863/4627/2 4864/4626/2
f 4865/4628/2 4845/4604/2 4844/4602/2
f 4844/4602/2 4864/4626/2 4865/4628/2
f 4866/4629/2 4846/4605/2 4845/4604/2
f 4845/4604/2 4865/4628/2 4866/4629/2
f 4867/4630/2 4847/4606/2 4846/4605/2
f 4846/4605/2 4866/4629/2 4867/4630/2
f 4868/4631/2 4848/4607/2 4847/4606/2
f 4847/4606/2 4867/4630/2 4868/4631/2
f 4869/4632/1 4849/4608/1 4848/4609/1
f 4848/4609/1 4868/4633/1 4869/4632/1
f 4851/4611/1 4831/4587/1 4849/4608/1
f 4849/4608/1 4869/4632/1 4851/4611/1
f 4870/4634/1 4850/4610/1 4851/4611/1
f 4851/4611/1 4871/4635/1 4870/4634/1
f 4872/4636/1 4852/4612/1 4850/4610/1
f 4850/4610/1 4870/4634/1 4872/4636/1
f 4873/4637/1 4853/4613/1 4852/4612/1
f 4852/4612/1 4872/4636/1 4873/4637/1
f 4874/4638/3 4854/4614/3 4853/4615/3
f 4853/4615/3 4873/4639/3 4874/4638/3
f 4875/4640/3 4855/4616/3 4854/4614/3
f 4854/4614/3 4874/4638/3 4875/4640/3
f 4876/4641/3 4856/4617/3 4855/4616/3
f 4855/4616/3 4875/4640/3 4876/4641/3
f 4877/4642/3 4857/4618/3 4856/4617/3
f 4856/4617/3 4876/4641/3 4877/4642/3
f 4878/4643/3 4858/4619/3 4857/4618/3
f 4857/4618/3 4877/4642/3 4878/4643/3
f 4879/4644/4 4859/4620/4 4858/4621/4
f 4858/4621/4 4878/4645/4 4879/4644/4
f 4880/4646/4 4860/4622/4 4859/4620/4
f 4859/4620/4 4879/4644/4 4880/4646/4
f 4881/4647/4 4861/4623/4 4860/4622/4
f 4860/4622/4 4880/4646/4 4881/4647/4
f 4882/4648/4 4862/4624/4 4861/4623/4
f 4861/4623/4 4881/4647/4 4882/4648/4
f 4883/4649/4 4863/4625/4 4862/4624/4
f 4862/4624/4 4882/4648/4 4883/4649/4
f 4884/4650/2 4864/4626/2 4863/4627/2
f 4863/4627/2 4883/4651/2 4884/4650/2
f 4885/4652/2 4865/4628/2 4864/4626/2
f 4864/4626/2 4884/4650/2 4885/4652/2
f 4886/4653/2 4866/4629/2 4865/4628/2
f 4865/4628/2 4885/4652/2 4886/4653/2
f 4887/4654/2 4867/4630/2 4866/4629/2
f 4866/4629/2 4886/4653/2 4887/4654/2
f 4888/4655/2 4868/4631/2 4867/4630/2
f 4867/4630/2 4887/4654/2 4888/4655/2
f 4889/4656/1 4869/4632/1 4868/4633/1
f 4868/4633/1 4888/4657/1 4889/4656/1
f 4871/4635/1 4851/4611/1 4869/4632/1
f 4869/4632/1 4889/4656/1 4871/4635/1
f 4890/4658/1 4870/4634/1 4871/4635/1
f 4871/4635/1 4891/4659/1 4890/4658/1
f 4892/4660/1 4872/4636/1 4870/4634/1
f 4870/4634/1 4890/4658/1 4892/4660/1
f 4893/4661/1 4873/4637/1 4872/4636/1
f 4872/4636/1 4892/4660/1 4893/4661/1
f 4894/4662/3 4874/4638/3 4873/4639/3
f 4873/4639/3 4893/4663/3 4894/4662/3
f 4895/4664/3 4875/4640/3 4874/4638/3
f 4874/4638/3 4894/4662/3 4895/4664/3
f 4896/4665/3 4876/4641/3 4875/4640/3
f 4875/4640/3 4895/4664/3 4896/4665/3
f 4897/4666/3 4877/4642/3 4876/4641/3
f 4876/4641/3 4896/4665/3 4897/4666/3
f 4898/4667/3 4878/4643/3 4877/4642/3
f 4877/4642/3 4897/4666/3 4898/4667/3
f 4899/4668/4 4879/4644/4 4878/4645/4
f 4878/4645/4 4898/4669/4 4899/4668/4
f 4900/4670/4 4880/4646/4 4879/4644/4
f 4879/4644/4 4899/4668/4 4900/4670/4
f 4901/4671/4 4881/4647/4 4880/4646/4
f 4880/4646/4 4900/4670/4 4901/4671/4
f 4902/4672/4 4882/4648/4 4881/4647/4
f 4881/4647/4 4901/4671/4 4902/4672/4
f 4903/4673/4 4883/4649/4 4882/4648/4
f 4882/4648/4 4902/4672/4 4903/4673/4
f 4904/4674/2 4884/4650/2 4883/4651/2
f 4883/4651/2 4903/4675/2 4904/4674/2
f 4905/4676/2 4885/4652/2 4884/4650/2
f 4884/4650/2 4904/4674/2 4905/4676/2
f 4906/4677/2 4886/4653/2 4885/4652/2
f 4885/4652/2 4905/4676/2 4906/4677/2
f 4907/4678/2 4887/4654/2 4886/4653/2
f 4886/4653/2 4906/4677/2 4907/4678/2
f 4908/4679/2 4888/4655/2 4887/4654/2
f 4887/4654/2 4907/4678/2 4908/4679/2
f 4909/4680/1 4889/4656/1 4888/4657/1
f 4888/4657/1 4908/4681/1 4909/4680/1
f 4891/4659/1 4871/4635/1 4889/4656/1
f 4889/4656/1 4909/4680/1 4891/4659/1
f 4910/4682/1 4890/4658/1 4891/4659/1
f 4891/4659/1 4911/4683/1 4910/4682/1
f 4912/4684/1 4892/4660/1 4890/4658/1
f 4890/4658/1 4910/4682/1 4912/4684/1
f 4913/4685/1 4893/4661/1 4892/4660/1
f 4892/4660/1 4912/4684/1 4913/4685/1
f 4914/4686/3 4894/4662/3 4893/4663/3
f 4893/4663/3 4913/4687/3 4914/4686/3
f 4915/4688/3 4895/4664/3 4894/4662/3
f 4894/4662/3 4914/4686/3 4915/4688/3
f 4916/4689/3 4896/4665/3 4895/4664/3
f 4895/4664/3 4915/4688/3 4916/4689/3
f 4917/4690/3 4897/4666/3 4896/4665/3
f 4896/4665/3 4916/4689/3 4917/4690/3
f 4918/4691/3 4898/4667/3 4897/4666/3
f 4897/4666/3 4917/4690/3 4918/4691/3
f 4919/4692/4 4899/4668/4 4898/4669/4
f 4898/4669/4 4918/4693/4 4919/4692/4
f 4920/4694/4 4900/4670/4 4899/4668/4
f 4899/4668/4 4919/4692/4 4920/4694/4
f 4921/4695/4 4901/4671/4 4900/4670/4
f 4900/4670/4 4920/4694/4 4921/4695/4
f 4922/4696/4 4902/4672/4 4901/4671/4
f 4901/4671/4 4921/4695/4 4922/4696/4
f 4923/4697/4 4903/4673/4 4902/4672/4
f 4902/4672/4 4922/4696/4 4923/4697/4
f 4924/4698/2 4904/4674/2 4903/4675/2
f 4903/4675/2 4923/4699/2 4924/4698/2
f 4925/4700/2 4905/4676/2 4904/4674/2
f 4904/4674/2 4924/4698/2 4925/4700/2
f 4926/4701/2 4906/4677/2 4905/4676/2
f 4905/4676/2 4925/4700/2 4926/4701/2
f 4927/4702/2 4907/4678/2 4906/4677/2
f 4906/4677/2 4926/4701/2 4927/4702/2
f 4928/4703/2 4908/4679/2 4907/4678/2
f 4907/4678/2 4927/4702/2 4928/4703/2
f 4929/4704/1 4909/4680/1 4908/4681/1
f 4908/4681/1 4928/4705/1 4929/4704/1
f 4911/4683/1 4891/4659/1 4909/4680/1
f 4909/4680/1 4929/4704/1 4911/4683/1
f 4930/4706/1 4910/4682/1 4911/4683/1
f 4911/4683/1 4931/4707/1 4930/4706/1
f 4932/4708/1 4912/4684/1 4910/4682/1
f 4910/4682/1 4930/4706/1 4932/4708/1
f 4933/4709/1 4913/4685/1 4912/4684/1
f 4912/4684/1 4932/4708/1 4933/4709/1
f 4934/4710/3 4914/4686/3 4913/4687/3
f 4913/4687/3 4933/4711/3 4934/4710/3
f 4935/4712/3 4915/4688/3 4914/4686/3
f 4914/4686/3 4934/4710/3 4935/4712/3
f 4936/4713/3 4916/4689/3 4915/4688/3
f 4915/4688/3 4935/4712/3 4936/4713/3
f 4937/4714/3 4917/4690/3 4916/4689/3
f 4916/4689/3 4936/4713/3 4937/4714/3
f 4938/4715/3 4918/4691/3 4917/4690/3
f 4917/4690/3 4937/4714/3 4938/4715/3
f 4939/4716/4 4919/4692/4 4918/4693/4
f 4918/4693/4 4938/4717/4 4939/4716/4
f 4940/4718/4 4920/4694/4 4919/4692/4
f 4919/4692/4 4939/4716/4 4940/4718/4
f 4941/4719/4 4921/4695/4 4920/4694/4
f 4920/4694/4 4940/4718/4 4941/4719/4
f 4942/4720/4 4922/4696/4 4921/4695/4
f 4921/4695/4 4941/4719/4 4942/4720/4
f 4943/4721/4 4923/4697/4 4922/4696/4
f 4922/4696/4 4942/4720/4 4943/4721/4
f 4944/4722/2 4924/4698/2 4923/4699/2
f 4923/4699/2 4943/4723/2 4944/4722/2
f 4945/4724/2 4925/4700/2 4924/4698/2
f 4924/4698/2 4944/4722/2 4945/4724/2
f 4946/4725/2 4926/4701/2 4925/4700/2
f 4925/4700/2 4945/4724/2 4946/4725/2
f 4947/4726/2 4927/4702/2 4926/4701/2
f 4926/4701/2 4946/4725/2 4947/4726/2
f 4948/4727/2 4928/4703/2 4927/4702/2
f 4927/4702/2 4947/4726/2 4948/4727/2
f 4949/4728/1 4929/4704/1 4928/4705/1
f 4928/4705/1 4948/4729/1 4949/4728/1
f 4931/4707/1 4911/4683/1 4929/4704/1
f 4929/4704/1 4949/4728/1 4931/4707/1
f 4950/4730/1 4930/4706/1 4931/4707/1
f 4931/4707/1 4951/4731/1 4950/4730/1
f 4952/4732/1 4932/4708/1 4930/4706/1
f 4930/4706/1 4950/4730/1 4952/4732/1
f 4953/4733/1 4933/4709/1 4932/4708/1
f 4932/4708/1 4952/4732/1 4953/4733/1
f 4954/4734/3 4934/4710/3 4933/4711/3
f 4933/4711/3 4953/4735/3 4954/4734/3
f 4955/4736/3 4935/4712/3 4934/4710/3
f 4934/4710/3 4954/4734/3 4955/4736/3
f 4956/4737/3 4936/4713/3 4935/4712/3
f 4935/4712/3 4955/4736/3 4956/4737/3
f 4957/4738/3 4937/4714/3 4936/4713/3
f 4936/4713/3 4956/4737/3 4957/4738/3
f 4958/4739/3 4938/4715/3 4937/4714/3
f 4937/4714/3 4957/4738/3 4958/4739/3
f 4959/4740/4 4939/4716/4 4938/4717/4
f 4938/4717/4 4958/4741/4 4959/4740/4
f 4960/4742/4 4940/4718/4 4939/4716/4
f 4939/4716/4 4959/4740/4 4960/4742/4
f 4961/4743/4 4941/4719/4 4940/4718/4
f 4940/4718/4 4960/4742/4 4961/4743/4
f 4962/4744/4 4942/4720/4 4941/4719/4
f 4941/4719/4 4961/4743/4 4962/4744/4
f 4963/4745/4 4943/4721/4 4942/4720/4
f 4942/4720/4 4962/4744/4 4963/4745/4
f 4964/4746/2 4944/4722/2 4943/4723/2
f 4943/4723/2 4963/4747/2 4964/4746/2
f 4965/4748/2 4945/4724/2 4944/4722/2
f 4944/4722/2 4964/4746/2 4965/4748/2
f 4966/4749/2 4946/4725/2 4945/4724/2
f 4945/4724/2 4965/4748/2 4966/4749/2
f 4967/4750/2 4947/4726/2 4946/4725/2
f 4946/4725/2 4966/4749/2 4967/4750/2
f 4968/4751/2 4948/4727/2 4947/4726/2
f 4947/4726/2 4967/4750/2 4968/4751/2
f 4969/4752/1 4949/4728/1 4948/4729/1
f 4948/4729/1 4968/4753/1 4969/4752/1
f 4951/4731/1 4931/4707/1 4949/4728/1
f 4949/4728/1 4969/4752/1 4951/4731/1
f 4970/4754/1 4950/4730/1 4951/4731/1
f 4951/4731/1 4971/4755/1 4970/4754/1
f 4972/4756/1 4952/4732/1 4950/4730/1
f 4950/4730/1 4970/4754/1 4972/4756/1
f 4973/4757/1 4953/4733/1 4952/4732/1
f 4952/4732/1 4972/4756/1 4973/4757/1
f 4974/4758/3 4954/4734/3 4953/4735/3
f 4953/4735/3 4973/4759/3 4974/4758/3
f 4975/4760/3 4955/4736/3 4954/4734/3
f 4954/4734/3 4974/4758/3 4975/4760/3
f 4976/4761/3 4956/4737/3 4955/4736/3
f 4955/4736/3 4975/4760/3 4976/4761/3
f 4977/4762/3 4957/4738/3 4956/4737/3
f 4956/4737/3 4976/4761/3 4977/4762/3
f 4978/4763/3 4958/4739/3 4957/4738/3
f 4957/4738/3 4977/4762/3 4978/4763/3
f 4979/4764/4 4959/4740/4 4958/4741/4
f 4958/4741/4 4978/4765/4 4979/4764/4
f 4980/4766/4 4960/4742/4 4959/4740/4
f 4959/4740/4 4979/4764/4 4980/4766/4
f 4981/4767/4 4961/4743/4 4960/4742/4
f 4960/4742/4 4980/4766/4 4981/4767/4
f 4982/4768/4 4962/4744/4 4961/4743/4
f 4961/4743/4 4981/4767/4 4982/4768/4
f 4983/4769/4 4963/4745/4 4962/4744/4
f 4962/4744/4 4982/4768/4 4983/4769/4
f 4984/4770/2 4964/4746/2 4963/4747/2
f 4963/4747/2 4983/4771/2 4984/4770/2
f 4985/4772/2 4965/4748/2 4964/4746/2
f 4964/4746/2 4984/4770/2 4985/4772/2
f 4986/4773/2 4966/4749/2 4965/4748/2
f 4965/4748/2 4985/4772/2 4986/4773/2
f 4987/4774/2 4967/4750/2 4966/4749/2
f 4966/4749/2 4986/4773/2 4987/4774/2
f 4988/4775/2 4968/4751/2 4967/4750/2
f 4967/4750/2 4987/4774/2 4988/4775/2
f 4989/4776/1 4969/4752/1 4968/4753/1
f 4968/4753/1 4988/4777/1 4989/4776/1
f 4971/4755/1 4951/4731/1 4969/4752/1
f 4969/4752/1 4989/4776/1 4971/4755/1
f 4990/4778/1 4970/4754/1 4971/4755/1
f 4971/4755/1 4991/4779/1 4990/4778/1
f 4992/4780/1 4972/4756/1 4970/4754/1
f 4970/4754/1 4990/4778/1 4992/4780/1
f 4993/4781/1 4973/4757/1 4972/4756/1
f 4972/4756/1 4992/4780/1 4993/4781/1
f 4994/4782/3 4974/4758/3 4973/4759/3
f 4973/4759/3 4993/4783/3 4994/4782/3
f 4995/4784/3 4975/4760/3 4974/4758/3
f 4974/4758/3 4994/4782/3 4995/4784/3
f 4996/4785/3 4976/4761/3 4975/4760/3
f 4975/4760/3 4995/4784/3 4996/4785/3
f 4997/4786/3 4977/4762/3 4976/4761/3
f 4976/4761/3 4996/4785/3 4997/4786/3
f 4998/4787/3 4978/4763/3 4977/4762/3
f 4977/4762/3 4997/4786/3 4998/4787/3
f 4999/4788/4 4979/4764/4 4978/4765/4
f 4978/4765/4 4998/4789/4 4999/4788/4
f 5000/4790/4 4980/4766/4 4979/4764/4
f 4979/4764/4 4999/4788/4 5000/4790/4
f 5001/4791/4 4981/4767/4 4980/4766/4
f 4980/4766/4 5000/4790/4 5001/4791/4
f 5002/4792/4 4982/4768/4 4981/4767/4
f 4981/4767/4 5001/4791/4 5002/4792/4
f 5003/4793/4 4983/4769/4 4982/4768/4
f 4982/4768/4 5002/4792/4 5003/4793/4
f 5004/4794/2 4984/4770/2 4983/4771/2
f 4983/4771/2 5003/4795/2 5004/4794/2
f 5005/4796/2 4985/4772/2 4984/4770/2
f 4984/4770/2 5004/4794/2 5005/4796/2
f 5006/4797/2 4986/4773/2 4985/4772/2
f 4985/4772/2 5005/4796/2 5006/4797/2
f 5007/4798/2 4987/4774/2 4986/4773/2
f 4986/4773/2 5006/4797/2 5007/4798/2
f 5008/4799/2 4988/4775/2 4987/4774/2
f 4987/4774/2 5007/4798/2 5008/4799/2
f 5009/4800/1 4989/4776/1 4988/4777/1
f 4988/4777/1 5008/4801/1 5009/4800/1
f 4991/4779/1 4971/4755/1 4989/4776/1
f 4989/4776/1 5009/4800/1 4991/4779/1
f 5010/4802/1 4990/4778/1 4991/4779/1
f 4991/4779/1 5011/4803/1 5010/4802/1
f 5012/4804/1 4992/4780/1 4990/4778/1
f 4990/4778/1 5010/4802/1 5012/4804/1
f 5013/4805/1 4993/4781/1 4992/4780/1
f 4992/4780/1 5012/4804/1 5013/4805/1
f 5014/4806/3 4994/4782/3 4993/4783/3
f 4993/4783/3 5013/4807/3 5014/4806/3
f 5015/4808/3 4995/4784/3 4994/4782/3
f 4994/4782/3 5014/4806/3 5015/4808/3
f 5016/4809/3 4996/4785/3 4995/4784/3
f 4995/4784/3 5015/4808/3 5016/4809/3
f 5017/4810/3 4997/4786/3 4996/4785/3
f 4996/4785/3 5016/4809/3 5017/4810/3
f 5018/4811/3 4998/4787/3 4997/4786/3
f 4997/4786/3 5017/4810/3 5018/4811/3
f 5019/4812/4 4999/4788/4 4998/4789/4
f 4998/4789/4 5018/4813/4 5019/4812/4
f 5020/4814/4 5000/4790/4 4999/4788/4
f 4999/4788/4 5019/4812/4 5020/4814/4
f 5021/4815/4 5001/4791/4 5000/4790/4
f 5000/4790/4 5020/4814/4 5021/4815/4
f 5022/4816/4 5002/4792/4 5001/4791/4
f 5001/4791/4 5021/4815/4 5022/4816/4
f 5023/4817/4 5003/4793/4 5002/4792/4
f 5002/4792/4 5022/4816/4 5023/4817/4
f 5024/4818/2 5004/4794/2 5003/4795/2
f 5003/4795/2 5023/4819/2 5024/4818/2
f 5025/4820/2 5005/4796/2 5004/4794/2
f 5004/4794/2 5024/4818/2 5025/4820/2
f 5026/4821/2 5006/4797/2 5005/4796/2
f 5005/4796/2 5025/4820/2 5026/4821/2
f 5027/4822/2 5007/4798/2 5006/4797/2
f 5006/4797/2 5026/4821/2 5027/4822/2
f 5028/4823/2 5008/4799/2 5007/4798/2
f 5007/4798/2 5027/4822/2 5028/4823/2
f 5029/4824/1 5009/4800/1 5008/4801/1
f 5008/4801/1 5028/4825/1 5029/4824/1
f 5011/4803/1 4991/4779/1 5009/4800/1
f 5009/4800/1 5029/4824/1 5011/4803/1
f 5030/4826/1 5010/4802/1 5011/4803/1
f 5011/4803/1 5031/4827/1 5030/4826/1
f 5032/4828/1 5012/4804/1 5010/4802/1
f 5010/4802/1 5030/4826/1 5032/4828/1
f 5033/4829/1 5013/4805/1 5012/4804/1
f 5012/4804/1 5032/4828/1 5033/4829/1
f 5034/4830/3 5014/4806/3 5013/4807/3
f 5013/4807/3 5033/4831/3 5034/4830/3
f 5035/4832/3 5015/4808/3 5014/4806/3
f 5014/4806/3 5034/4830/3 5035/4832/3
f 5036/4833/3 5016/4809/3 5015/4808/3
f 5015/4808/3 5035/4832/3 5036/4833/3
f 5037/4834/3 5017/4810/3 5016/4809/3
f 5016/4809/3 5036/4833/3 5037/4834/3
f 5038/4835/3 5018/4811/3 5017/4810/3
f 5017/4810/3 5037/4834/3 5038/4835/3
f 5039/4836/4 5019/4812/4 5018/4813/4
f 5018/4813/4 5038/4837/4 5039/4836/4
f 5040/4838/4 5020/4814/4 5019/4812/4
f 5019/4812/4 5039/4836/4 5040/4838/4
f 5041/4839/4 5021/4815/4 5020/4814/4
f 5020/4814/4 5040/4838/4 5041/4839/4
f 5042/4840/4 5022/4816/4 5021/4815/4
f 5021/4815/4 5041/4839/4 5042/4840/4
f 5043/4841/4 5023/4817/4 5022/4816/4
f 5022/4816/4 5042/4840/4 5043/4841/4
f 5044/4842/2 5024/4818/2 5023/4819/2
f 5023/4819/2 5043/4843/2 5044/4842/2
f 5045/4844/2 5025/4820/2 5024/4818/2
f 5024/4818/2 5044/4842/2 5045/4844/2
f 5046/4845/2 5026/4821/2 5025/4820/2
f 5025/4820/2 5045/4844/2 5046/4845/2
f 5047/4846/2 5027/4822/2 5026/4821/2
f 5026/4821/2 5046/4845/2 5047/4846/2
f 5048/4847/2 5028/4823/2 5027/4822/2
f 5027/4822/2 5047/4846/2 5048/4847/2
f 5049/4848/1 5029/4824/1 5028/4825/1
f 5028/4825/1 5048/4849/1 5049/4848/1
f 5031/4827/1 5011/4803/1 5029/4824/1
f 5029/4824/1 5049/4848/1 5031/4827/1
f 5050/4850/1 5030/4826/1 5031/4827/1
f 5031/4827/1 5051/4851/1 5050/4850/1
f 5052/4852/1 5032/4828/1 5030/4826/1
f 5030/4826/1 5050/4850/1 5052/4852/1
f 5053/4853/1 5033/4829/1 5032/4828/1
f 5032/4828/1 5052/4852/1 5053/4853/1
f 5054/4854/3 5034/4830/3 5033/4831/3
f 5033/4831/3 5053/4855/3 5054/4854/3
f 5055/4856/3 5035/4832/3 5034/4830/3
f 5034/4830/3 5054/4854/3 5055/4856/3
f 5056/4857/3 5036/4833/3 5035/4832/3
f 5035/4832/3 5055/4856/3 5056/4857/3
f 5057/4858/3 5037/4834/3 5036/4833/3
f 5036/4833/3 5056/4857/3 5057/4858/3
f 5058/4859/3 5038/4835/3 5037/4834/3
f 5037/4834/3 5057/4858/3 5058/4859/3
f 5059/4860/4 5039/4836/4 5038/4837/4
f 5038/4837/4 5058/4861/4 5059/4860/4
f 5060/4862/4 5040/4838/4 5039/4836/4
f 5039/4836/4 5059/4860/4 5060/4862/4
f 5061/4863/4 5041/4839/4 5040/4838/4
f 5040/4838/4 5060/4862/4 5061/4863/4
f 5062/4864/4 5042/4840/4 5041/4839/4
f 5041/4839/4 5061/4863/4 5062/4864/4
f 5063/4865/4 5043/4841/4 5042/4840/4
f 5042/4840/4 5062/4864/4 5063/4865/4
f 5064/4866/2 5044/4842/2 5043/4843/2
f 5043/4843/2 5063/4867/2 5064/4866/2
f 5065/4868/2 5045/4844/2 5044/4842/2
f 5044/4842/2 5064/4866/2 5065/4868/2
f 5066/4869/2 5046/4845/2 5045/4844/2
f 5045/4844/2 5065/4868/2 5066/4869/2
f 5067/4870/2 5047/4846/2 5046/4845/2
f 5046/4845/2 5066/4869/2 5067/4870/2
f 5068/4871/2 5048/4847/2 5047/4846/2
f 5047/4846/2 5067/4870/2 5068/4871/2
f 5069/4872/1 5049/4848/1 5048/4849/1
f 5048/4849/1 5068/4873/1 5069/4872/1
f 5051/4851/1 5031/4827/1 5049/4848/1
f 5049/4848/1 5069/4872/1 5051/4851/1
f 5070/4874/1 5050/4850/1 5051/4851/1
f 5051/4851/1 5071/4875/1 5070/4874/1
f 5072/4876/1 5052/4852/1 5050/4850/1
f 5050/4850/1 5070/4874/1 5072/4876/1
f 5073/4877/1 5053/4853/1 5052/4852/1
f 5052/4852/1 5072/4876/1 5073/4877/1
f 5074/4878/3 5054/4854/3 5053/4855/3
f 5053/4855/3 5073/4879/3 5074/4878/3
f 5075/4880/3 5055/4856/3 5054/4854/3
f 5054/4854/3 5074/4878/3 5075/4880/3
f 5076/4881/3 5056/4857/3 5055/4856/3
f 5055/4856/3 5075/4880/3 5076/4881/3
f 5077/4882/3 5057/4858/3 5056/4857/3
f 5056/4857/3 5076/4881/3 5077/4882/3
f 5078/4883/3 5058/4859/3 5057/4858/3
f 5057/4858/3 5077/4882/3 5078/4883/3
f 5079/4884/4 5059/4860/4 5058/4861/4
f 5058/4861/4 5078/4885/4 5079/4884/4
f 5080/4886/4 5060/4862/4 5059/4860/4
f 5059/4860/4 5079/4884/4 5080/4886/4
f 5081/4887/4 5061/4863/4 5060/4862/4
f 5060/4862/4 5080/4886/4 5081/4887/4
f 5082/4888/4 5062/4864/4 5061/4863/4
f 5061/4863/4 5081/4887/4 5082/4888/4
f 5083/4889/4 5063/4865/4 5062/4864/4
f 5062/4864/4 5082/4888/4 5083/4889/4
f 5084/4890/2 5064/4866/2 5063/4867/2
f 5063/4867/2 5083/4891/2 5084/4890/2
f 5085/4892/2 5065/4868/2 5064/4866/2
f 5064/4866/2 5084/4890/2 5085/4892/2
f 5086/4893/2 5066/4869/2 5065/4868/2
f 5065/4868/2 5085/4892/2 5086/4893/2
f 5087/4894/2 5067/4870/2 5066/4869/2
f 5066/4869/2 5086/4893/2 5087/4894/2
f 5088/4895/2 5068/4871/2 5067/4870/2
f 5067/4870/2 5087/4894/2 5088/4895/2
f 5089/4896/1 5069/4872/1 5068/4873/1
f 5068/4873/1 5088/4897/1 5089/4896/1
f 5071/4875/1 5051/4851/1 5069/4872/1
f 5069/4872/1 5089/4896/1 5071/4875/1
f 5090/4898/1 5070/4874/1 5071/4875/1
f 5071/4875/1 5091/4899/1 5090/4898/1
f 5092/4900/1 5072/4876/1 5070/4874/1
f 5070/4874/1 5090/4898/1 5092/4900/1
f 5093/4901/1 5073/4877/1 5072/4876/1
f 5072/4876/1 5092/4900/1 5093/4901/1
f 5094/4902/3 5074/4878/3 5073/4879/3
f 5073/4879/3 5093/4903/3 5094/4902/3
f 5095/4904/3 5075/4880/3 5074/4878/3
f 5074/4878/3 5094/4902/3 5095/4904/3
f 5096/4905/3 5076/4881/3 5075/4880/3
f 5075/4880/3 5095/4904/3 5096/4905/3
f 5097/4906/3 5077/4882/3 5076/4881/3
f 5076/4881/3 5096/4905/3 5097/4906/3
f 5098/4907/3 5078/4883/3 5077/4882/3
f 5077/4882/3 5097/4906/3 5098/4907/3
f 5099/4908/4 5079/4884/4 5078/4885/4
f 5078/4885/4 5098/4909/4 5099/4908/4
f 5100/4910/4 5080/4886/4 5079/4884/4
f 5079/4884/4 5099/4908/4 5100/4910/4
f 5101/4911/4 5081/4887/4 5080/4886/4
f 5080/4886/4 5100/4910/4 5101/4911/4
f 5102/4912/4 5082/4888/4 5081/4887/4
f 5081/4887/4 5101/4911/4 5102/4912/4
f 5103/4913/4 5083/4889/4 5082/4888/4
f 5082/4888/4 5102/4912/4 5103/4913/4
f 5104/4914/2 5084/4890/2 5083/4891/2
f 5083/4891/2 5103/4915/2 5104/4914/2
f 5105/4916/2 5085/4892/2 5084/4890/2
f 5084/4890/2 5104/4914/2 5105/4916/2
f 5106/4917/2 5086/4893/2 5085/4892/2
f 5085/4892/2 5105/4916/2 5106/4917/2
f 5107/4918/2 5087/4894/2 5086/4893/2
f 5086/4893/2 5106/4917/2 5107/4918/2
f 5108/4919/2 5088/4895/2 5087/4894/2
f 5087/4894/2 5107/4918/2 5108/4919/2
f 5109/4920/1 5089/4896/1 5088/4897/1
f 5088/4897/1 5108/4921/1 5109/4920/1
f 5091/4899/1 5071/4875/1 5089/4896/1
f 5089/4896/1 5109/4920/1 5091/4899/1
f 5110/4922/1 5090/4898/1 5091/4899/1
f 5091/4899/1 5111/4923/1 5110/4922/1
f 5112/4924/1 5092/4900/1 5090/4898/1
f 5090/4898/1 5110/4922/1 5112/4924/1
f 5113/4925/1 5093/4901/1 5092/4900/1
f 5092/4900/1 5112/4924/1 5113/4925/1
f 5114/4926/3 5094/4902/3 5093/4903/3
f 5093/4903/3 5113/4927/3 5114/4926/3
f 5115/4928/3 5095/4904/3 5094/4902/3
f 5094/4902/3 5114/4926/3 5115/4928/3
f 5116/4929/3 5096/4905/3 5095/4904/3
f 5095/4904/3 5115/4928/3 5116/4929/3
f 5117/4930/3 5097/4906/3 5096/4905/3
f 5096/4905/3 5116/4929/3 5117/4930/3
f 5118/4931/3 5098/4907/3 5097/4906/3
f 5097/4906/3 5117/4930/3 5118/4931/3
f 5119/4932/4 5099/4908/4 5098/4909/4
f 5098/4909/4 5118/4933/4 5119/4932/4
f 5120/4934/4 5100/4910/4 5099/4908/4
f 5099/4908/4 5119/4932/4 5120/4934/4
f 5121/4935/4 5101/4911/4 5100/4910/4
f 5100/4910/4 5120/4934/4 5121/4935/4
f 5122/4936/4 5102/4912/4 5101/4911/4
f 5101/4911/4 5121/4935/4 5122/4936/4
f 5123/4937/4 5103/4913/4 5102/4912/4
f 5102/4912/4 5122/4936/4 5123/4937/4
f 5124/4938/2 5104/4914/2 5103/4915/2
f 5103/4915/2 5123/4939/2 5124/4938/2
f 5125/4940/2 5105/4916/2 5104/4914/2
f 5104/4914/2 5124/4938/2 5125/4940/2
f 5126/4941/2 5106/4917/2 5105/4916/2
f 5105/4916/2 5125/4940/2 5126/4941/2
f 5127/4942/2 5107/4918/2 5106/4917/2
f 5106/4917/2 5126/4941/2 5127/4942/2
f 5128/4943/2 5108/4919/2 5107/4918/2
f 5107/4918/2 5127/4942/2 5128/4943/2
f 5129/4944/1 5109/4920/1 5108/4921/1
f 5108/4921/1 5128/4945/1 5129/4944/1
f 5111/4923/1 5091/4899/1 5109/4920/1
f 5109/4920/1 5129/4944/1 5111/4923/1
f 5130/4946/1 5110/4922/1 5111/4923/1
f 5111/4923/1 5131/4947/1 5130/4946/1
f 5132/4948/1 5112/4924/1 5110/4922/1
f 5110/4922/1 5130/4946/1 5132/4948/1
f 5133/4949/1 5113/4925/1 5112/4924/1
f 5112/4924/1 5132/4948/1 5133/4949/1
f 5134/4950/3 5114/4926/3 5113/4927/3
f 5113/4927/3 5133/4951/3 5134/4950/3
f 5135/4952/3 5115/4928/3 5114/4926/3
f 5114/4926/3 5134/4950/3 5135/4952/3
f 5136/4953/3 5116/4929/3 5115/4928/3
f 5115/4928/3 5135/4952/3 5136/4953/3
f 5137/4954/3 5117/4930/3 5116/4929/3
f 5116/4929/3 5136/4953/3 5137/4954/3
f 5138/4955/3 5118/4931/3 5117/4930/3
f 5117/4930/3 5137/4954/3 5138/4955/3
f 5139/4956/4 5119/4932/4 5118/4933/4
f 5118/4933/4 5138/4957/4 5139/4956/4
f 5140/4958/4 5120/4934/4 5119/4932/4
f 5119/4932/4 5139/4956/4 5140/4958/4
f 5141/4959/4 5121/4935/4 5120/4934/4
f 5120/4934/4 5140/4958/4 5141/4959/4
f 5142/4960/4 5122/4936/4 5121/4935/4
f 5121/4935/4 5141/4959/4 5142/4960/4
f 5143/4961/4 5123/4937/4 5122/4936/4
f 5122/4936/4 5142/4960/4 5143/4961/4
f 5144/4962/2 5124/4938/2 5123/4939/2
f 5123/4939/2 5143/4963/2 5144/4962/2
f 5145/4964/2 5125/4940/2 5124/4938/2
f 5124/4938/2 5144/4962/2 5145/4964/2
f 5146/4965/2 5126/4941/2 5125/4940/2
f 5125/4940/2 5145/4964/2 5146/4965/2
f 5147/4966/2 5127/4942/2 5126/4941/2
f 5126/4941/2 5146/4965/2 5147/4966/2
f 5148/4967/2 5128/4943/2 5127/4942/2
f 5127/4942/2 5147/4966/2 5148/4967/2
f 5149/4968/1 5129/4944/1 5128/4945/1
f 5128/4945/1 5148/4969/1 5149/4968/1
f 5131/4947/1 5111/4923/1 5129/4944/1
f 5129/4944/1 5149/4968/1 5131/4947/1
f 5150/4970/1 5130/4946/1 5131/4947/1
f 5131/4947/1 5151/4971/1 5150/4970/1
f 5152/4972/1 5132/4948/1 5130/4946/1
f 5130/4946/1 5150/4970/1 5152/4972/1
f 5153/4973/1 5133/4949/1 5132/4948/1
f 5132/4948/1 5152/4972/1 5153/4973/1
f 5154/4974/3 5134/4950/3 5133/4951/3
f 5133/4951/3 5153/4975/3 5154/4974/3
f 5155/4976/3 5135/4952/3 5134/4950/3
f 5134/4950/3 5154/4974/3 5155/4976/3
f 5156/4977/3 5136/4953/3 5135/4952/3
f 5135/4952/3 5155/4976/3 5156/4977/3
f 5157/4978/3 5137/4954/3 5136/4953/3
f 5136/4953/3 5156/4977/3 5157/4978/3
f 5158/4979/3 5138/4955/3 5137/4954/3
f 5137/4954/3 5157/4978/3 5158/4979/3
f 5159/4980/4 5139/4956/4 5138/4957/4
f 5138/4957/4 5158/4981/4 5159/4980/4
f 5160/4982/4 5140/4958/4 5139/4956/4
f 5139/4956/4 5159/4980/4 5160/4982/4
f 5161/4983/4 5141/4959/4 5140/4958/4
f 5140/4958/4 5160/4982/4 5161/4983/4
f 5162/4984/4 5142/4960/4 5141/4959/4
f 5141/4959/4 5161/4983/4 5162/4984/4
f 5163/4985/4 5143/4961/4 5142/4960/4
f 5142/4960/4 5162/4984/4 5163/4985/4
f 5164/4986/2 5144/4962/2 5143/4963/2
f 5143/4963/2 5163/4987/2 5164/4986/2
f 5165/4988/2 5145/4964/2 5144/4962/2
f 5144/4962/2 5164/4986/2 5165/4988/2
f 5166/4989/2 5146/4965/2 5145/4964/2
f 5145/4964/2 5165/4988/2 5166/4989/2
f 5167/4990/2 5147/4966/2 5146/4965/2
f 5146/4965/2 5166/4989/2 5167/4990/2
f 5168/4991/2 5148/4967/2 5147/4966/2
f 5147/4966/2 5167/4990/2 5168/4991/2
f 5169/4992/1 5149/4968/1 5148/4969/1
f 5148/4969/1 5168/4993/1 5169/4992/1
f 5151/4971/1 5131/4947/1 5149/4968/1
f 5149/4968/1 5169/4992/1 5151/4971/1
f 5170/4994/1 5150/4970/1 5151/4971/1
f 5151/4971/1 5171/4995/1 5170/4994/1
f 5172/4996/1 5152/4972/1 5150/4970/1
f 5150/4970/1 5170/4994/1 5172/4996/1
f 5173/4997/1 5153/4973/1 5152/4972/1
f 5152/4972/1 5172/4996/1 5173/4997/1
f 5174/4998/3 5154/4974/3 5153/4975/3
f 5153/4975/3 5173/4999/3 5174/4998/3
f 5175/5000/3 5155/4976/3 5154/4974/3
f 5154/4974/3 5174/4998/3 5175/5000/3
f 5176/5001/3 5156/4977/3 5155/4976/3
f 5155/4976/3 5175/5000/3 5176/5001/3
f 5177/5002/3 5157/4978/3 5156/4977/3
f 5156/4977/3 5176/5001/3 5177/5002/3
f 5178/5003/3 5158/4979/3 5157/4978/3
f 5157/4978/3 5177/5002/3 5178/5003/3
f 5179/5004/4 5159/4980/4 5158/4981/4
f 5158/4981/4 5178/5005/4 5179/5004/4
f 5180/5006/4 5160/4982/4 5159/4980/4
f 5159/4980/4 5179/5004/4 5180/5006/4
f 5181/5007/4 5161/4983/4 5160/4982/4
f 5160/4982/4 5180/5006/4 5181/5007/4
f 5182/5008/4 5162/4984/4 5161/4983/4
f 5161/4983/4 5181/5007/4 5182/5008/4
f 5183/5009/4 5163/4985/4 5162/4984/4
f 5162/4984/4 5182/5008/4 5183/5009/4
f 5184/5010/2 5164/4986/2 5163/4987/2
f 5163/4987/2 5183/5011/2 5184/5010/2
f 5185/5012/2 5165/4988/2 5164/4986/2
f 5164/4986/2 5184/5010/2 5185/5012/2
f 5186/5013/2 5166/4989/2 5165/4988/2
f 5165/4988/2 5185/5012/2 5186/5013/2
f 5187/5014/2 5167/4990/2 5166/4989/2
f 5166/4989/2 5186/5013/2 5187/5014/2
f 5188/5015/2 5168/4991/2 5167/4990/2
f 5167/4990/2 5187/5014/2 5188/5015/2
f 5189/5016/1 5169/4992/1 5168/4993/1
f 5168/4993/1 5188/5017/1 5189/5016/1
f 5171/4995/1 5151/4971/1 5169/4992/1
f 5169/4992/1 5189/5016/1 5171/4995/1
f 5190/5018/1 5170/4994/1 5171/4995/1
f 5171/4995/1 5191/5019/1 5190/5018/1
f 5192/5020/1 5172/4996/1 5170/4994/1
f 5170/4994/1 5190/5018/1 5192/5020/1
f 5193/5021/1 5173/4997/1 5172/4996/1
f 5172/4996/1 5192/5020/1 5193/5021/1
f 5194/5022/3 5174/4998/3 5173/4999/3
f 5173/4999/3 5193/5023/3 5194/5022/3
f 5195/5024/3 5175/5000/3 5174/4998/3
f 5174/4998/3 5194/5022/3 5195/5024/3
f 5196/5025/3 5176/5001/3 5175/5000/3
f 5175/5000/3 5195/5024/3 5196/5025/3
f 5197/5026/3 5177/5002/3 5176/5001/3
f 5176/5001/3 5196/5025/3 5197/5026/3
f 5198/5027/3 5178/5003/3 5177/5002/3
f 5177/5002/3 5197/5026/3 5198/5027/3
f 5199/5028/4 5179/5004/4 5178/5005/4
f 5178/5005/4 5198/5029/4 5199/5028/4
f 5200/5030/4 5180/5006/4 5179/5004/4
f 5179/5004/4 5199/5028/4 5200/5030/4
f 5201/5031/4 5181/5007/4 5180/5006/4
f 5180/5006/4 5200/5030/4 5201/5031/4
f 5202/5032/4 5182/5008/4 5181/5007/4
f 5181/5007/4 5201/5031/4 5202/5032/4
f 5203/5033/4 5183/5009/4 5182/5008/4
f 5182/5008/4 5202/5032/4 5203/5033/4
f 5204/5034/2 5184/5010/2 5183/5011/2
f 5183/5011/2 5203/5035/2 5204/5034/2
f 5205/5036/2 5185/5012/2 5184/5010/2
f 5184/5010/2 5204/5034/2 5205/5036/2
f 5206/5037/2 5186/5013/2 5185/5012/2
f 5185/5012/2 5205/5036/2 5206/5037/2
f 5207/5038/2 5187/5014/2 5186/5013/2
f 5186/5013/2 5206/5037/2 5207/5038/2
f 5208/5039/2 5188/5015/2 5187/5014/2
f 5187/5014/2 5207/5038/2 5208/5039/2
f 5209/5040/1 5189/5016/1 5188/5017/1
f 5188/5017/1 5208/5041/1 5209/5040/1
f 5191/5019/1 5171/4995/1 5189/5016/1
f 5189/5016/1 5209/5040/1 5191/5019/1
f 5210/5042/1 5190/5018/1 5191/5019/1
f 5191/5019/1 5211/5043/1 5210/5042/1
f 5212/5044/1 5192/5020/1 5190/5018/1
f 5190/5018/1 5210/5042/1 5212/5044/1
f 5213/5045/1 5193/5021/1 5192/5020/1
f 5192/5020/1 5212/5044/1 5213/5045/1
f 5214/5046/3 5194/5022/3 5193/5023/3
f 5193/5023/3 5213/5047/3 5214/5046/3
f 5215/5048/3 5195/5024/3 5194/5022/3
f 5194/5022/3 5214/5046/3 5215/5048/3
f 5216/5049/3 5196/5025/3 5195/5024/3
f 5195/5024/3 5215/5048/3 5216/5049/3
f 5217/5050/3 5197/5026/3 5196/5025/3
f 5196/5025/3 5216/5049/3 5217/5050/3
f 5218/5051/3 5198/5027/3 5197/5026/3
f 5197/5026/3 5217/5050/3 5218/5051/3
f 5219/5052/4 5199/5028/4 5198/5029/4
f 5198/5029/4 5218/5053/4 5219/5052/4
f 5220/5054/4 5200/5030/4 5199/5028/4
f 5199/5028/4 5219/5052/4 5220/5054/4
f 5221/5055/4 5201/5031/4 5200/5030/4
f 5200/5030/4 5220/5054/4 5221/5055/4
f 5222/5056/4 5202/5032/4 5201/5031/4
f 5201/5031/4 5221/5055/4 5222/5056/4
f 5223/5057/4 5203/5033/4 5202/5032/4
f 5202/5032/4 5222/5056/4 5223/5057/4
f 5224/5058/2 5204/5034/2 5203/5035/2
f 5203/5035/2 5223/5059/2 5224/5058/2
f 5225/5060/2 5205/5036/2 5204/5034/2
f 5204/5034/2 5224/5058/2 5225/5060/2
f 5226/5061/2 5206/5037/2 5205/5036/2
f 5205/5036/2 5225/5060/2 5226/5061/2
f 5227/5062/2 5207/5038/2 5206/5037/2
f 5206/5037/2 5226/5061/2 5227/5062/2
f 5228/5063/2 5208/5039/2 5207/5038/2
f 5207/5038/2 5227/5062/2 5228/5063/2
f 5229/5064/1 5209/5040/1 5208/5041/1
f 5208/5041/1 5228/5065/1 5229/5064/1
f 5211/5043/1 5191/5019/1 5209/5040/1
f 5209/5040/1 5229/5064/1 5211/5043/1
f 5230/5066/1 5210/5042/1 5211/5043/1
f 5211/5043/1 5231/5067/1 5230/5066/1
f 5232/5068/1 5212/5044/1 5210/5042/1
f 5210/5042/1 5230/5066/1 5232/5068/1
f 5233/5069/1 5213/5045/1 5212/5044/1
f 5212/5044/1 5232/5068/1 5233/5069/1
f 5234/5070/3 5214/5046/3 5213/5047/3
f 5213/5047/3 5233/5071/3 5234/5070/3
f 5235/5072/3 5215/5048/3 5214/5046/3
f 5214/5046/3 5234/5070/3 5235/5072/3
f 5236/5073/3 5216/5049/3 5215/5048/3
f 5215/5048/3 5235/5072/3 5236/5073/3
f 5237/5074/3 5217/5050/3 5216/5049/3
f 5216/5049/3 5236/5073/3 5237/5074/3
f 5238/5075/3 5218/5051/3 5217/5050/3
f 5217/5050/3 5237/5074/3 5238/5075/3
f 5239/5076/4 5219/5052/4 5218/5053/4
f 5218/5053/4 5238/5077/4 5239/5076/4
f 5240/5078/4 5220/5054/4 5219/5052/4
f 5219/5052/4 5239/5076/4 5240/5078/4
f 5241/5079/4 5221/5055/4 5220/5054/4
f 5220/5054/4 5240/5078/4 5241/5079/4
f 5242/5080/4 5222/5056/4 5221/5055/4
f 5221/5055/4 5241/5079/4 5242/5080/4
f 5243/5081/4 5223/5057/4 5222/5056/4
f 5222/5056/4 5242/5080/4 5243/5081/4
f 5244/5082/2 5224/5058/2 5223/5059/2
f 5223/5059/2 5243/5083/2 5244/5082/2
f 5245/5084/2 5225/5060/2 5224/5058/2
f 5224/5058/2 5244/5082/2 5245/5084/2
f 5246/5085/2 5226/5061/2 5225/5060/2
f 5225/5060/2 5245/5084/2 5246/5085/2
f 5247/5086/2 5227/5062/2 5226/5061/2
f 5226/5061/2 5246/5085/2 5247/5086/2
f 5248/5087/2 5228/5063/2 5227/5062/2
f 5227/5062/2 5247/5086/2 5248/5087/2
f 5249/5088/1 5229/5064/1 5228/5065/1
f 5228/5065/1 5248/5089/1 5249/5088/1
f 5231/5067/1 5211/5043/1 5229/5064/1
f 5229/5064/1 5249/5088/1 5231/5067/1
f 5250/5090/1 5230/5066/1 5231/5067/1
f 5231/5067/1 5251/5091/1 5250/5090/1
f 5252/5092/1 5232/5068/1 5230/5066/1
f 5230/5066/1 5250/5090/1 5252/5092/1
f 5253/5093/1 5233/5069/1 5232/5068/1
f 5232/5068/1 5252/5092/1 5253/5093/1
f 5254/5094/3 5234/5070/3 5233/5071/3
f 5233/5071/3 5253/5095/3 5254/5094/3
f 5255/5096/3 5235/5072/3 5234/5070/3
f 5234/5070/3 5254/5094/3 5255/5096/3
f 5256/5097/3 5236/5073/3 5235/5072/3
f 5235/5072/3 5255/5096/3 5256/5097/3
f 5257/5098/3 5237/5074/3 5236/5073/3
f 5236/5073/3 5256/5097/3 5257/5098/3
f 5258/5099/3 5238/5075/3 5237/5074/3
f 5237/5074/3 5257/5098/3 5258/5099/3
f 5259/5100/4 5239/5076/4 5238/5077/4
f 5238/5077/4 5258/5101/4 5259/5100/4
f 5260/5102/4 5240/5078/4 5239/5076/4
f 5239/5076/4 5259/5100/4 5260/5102/4
f 5261/5103/4 5241/5079/4 5240/5078/4
f 5240/5078/4 5260/5102/4 5261/5103/4
f 5262/5104/4 5242/5080/4 5241/5079/4
f 5241/5079/4 5261/5103/4 5262/5104/4
f 5263/5105/4 5243/5081/4 5242/5080/4
f 5242/5080/4 5262/5104/4 5263/5105/4
f 5264/5106/2 5244/5082/2 5243/5083/2
f 5243/5083/2 5263/5107/2 5264/5106/2
f 5265/5108/2 5245/5084/2 5244/5082/2
f 5244/5082/2 5264/5106/2 5265/5108/2
f 5266/5109/2 5246/5085/2 5245/5084/2
f 5245/5084/2 5265/5108/2 5266/5109/2
f 5267/5110/2 5247/5086/2 5246/5085/2
f 5246/5085/2 5266/5109/2 5267/5110/2
f 5268/5111/2 5248/5087/2 5247/5086/2
f 5247/5086/2 5267/5110/2 5268/5111/2
f 5269/5112/1 5249/5088/1 5248/5089/1
f 5248/5089/1 5268/5113/1 5269/5112/1
f 5251/5091/1 5231/5067/1 5249/5088/1
f 5249/5088/1 5269/5112/1 5251/5091/1
f 5270/5114/1 5250/5090/1 5251/5091/1
f 5251/5091/1 5271/5115/1 5270/5114/1
f 5272/5116/1 5252/5092/1 5250/5090/1
f 5250/5090/1 5270/5114/1 5272/5116/1
f 5273/5117/1 5253/5093/1 5252/5092/1
f 5252/5092/1 5272/5116/1 5273/5117/1
f 5274/5118/3 5254/5094/3 5253/5095/3
f 5253/5095/3 5273/5119/3 5274/5118/3
f 5275/5120/3 5255/5096/3 5254/5094/3
f 5254/5094/3 5274/5118/3 5275/5120/3
f 5276/5121/3 5256/5097/3 5255/5096/3
f 5255/5096/3 5275/5120/3 5276/5121/3
f 5277/5122/3 5257/5098/3 5256/5097/3
f 5256/5097/3 5276/5121/3 5277/5122/3
f 5278/5123/3 5258/5099/3 5257/5098/3
f 5257/5098/3 5277/5122/3 5278/5123/3
f 5279/5124/4 5259/5100/4 5258/5101/4
f 5258/5101/4 5278/5125/4 5279/5124/4
f 5280/5126/4 5260/5102/4 5259/5100/4
f 5259/5100/4 5279/5124/4 5280/5126/4
f 5281/5127/4 5261/5103/4 5260/5102/4
f 5260/5102/4 5280/5126/4 5281/5127/4
f 5282/5128/4 5262/5104/4 5261/5103/4
f 5261/5103/4 5281/5127/4 5282/5128/4
f 5283/5129/4 5263/5105/4 5262/5104/4
f 5262/5104/4 5282/5128/4 5283/5129/4
f 5284/5130/2 5264/5106/2 5263/5107/2
f 5263/5107/2 5283/5131/2 5284/5130/2
f 5285/5132/2 5265/5108/2 5264/5106/2
f 5264/5106/2 5284/5130/2 5285/5132/2
f 5286/5133/2 5266/5109/2 5265/5108/2
f 5265/5108/2 5285/5132/2 5286/5133/2
f 5287/5134/2 5267/5110/2 5266/5109/2
f 5266/5109/2 5286/5133/2 5287/5134/2
f 5288/5135/2 5268/5111/2 5267/5110/2
f 5267/5110/2 5287/5134/2 5288/5135/2
f 5289/5136/1 5269/5112/1 5268/5113/1
f 5268/5113/1 5288/5137/1 5289/5136/1
f 5271/5115/1 5251/5091/1 5269/5112/1
f 5269/5112/1 5289/5136/1 5271/5115/1
f 5290/5138/1 5270/5114/1 5271/5115/1
f 5271/5115/1 5291/5139/1 5290/5138/1
f 5292/5140/1 5272/5116/1 5270/5114/1
f 5270/5114/1 5290/5138/1 5292/5140/1
f 5293/5141/1 5273/5117/1 5272/5116/1
f 5272/5116/1 5292/5140/1 5293/5141/1
f 5294/5142/3 5274/5118/3 5273/5119/3
f 5273/5119/3 5293/5143/3 5294/5142/3
f 5295/5144/3 5275/5120/3 5274/5118/3
f 5274/5118/3 5294/5142/3 5295/5144/3
f 5296/5145/3 5276/5121/3 5275/5120/3
f 5275/5120/3 5295/5144/3 5296/5145/3
f 5297/5146/3 5277/5122/3 5276/5121/3
f 5276/5121/3 5296/5145/3 5297/5146/3
f 5298/5147/3 5278/5123/3 5277/5122/3
f 5277/5122/3 5297/5146/3 5298/5147/3
f 5299/5148/4 5279/5124/4 5278/5125/4
f 5278/5125/4 5298/5149/4 5299/5148/4
f 5300/5150/4 5280/5126/4 5279/5124/4
f 5279/5124/4 5299/5148/4 5300/5150/4
f 5301/5151/4 5281/5127/4 5280/5126/4
f 5280/5126/4 5300/5150/4 5301/5151/4
f 5302/5152/4 5282/5128/4 5281/5127/4
f 5281/5127/4 5301/5151/4 5302/5152/4
f 5303/5153/4 5283/5129/4 5282/5128/4
f 5282/5128/4 5302/5152/4 5303/5153/4
f 5304/5154/2 5284/5130/2 5283/5131/2
f 5283/5131/2 5303/5155/2 5304/5154/2
f 5305/5156/2 5285/5132/2 5284/5130/2
f 5284/5130/2 5304/5154/2 5305/5156/2
f 5306/5157/2 5286/5133/2 5285/5132/2
f 5285/5132/2 5305/5156/2 5306/5157/2
f 5307/5158/2 5287/5134/2 5286/5133/2
f 5286/5133/2 5306/5157/2 5307/5158/2
f 5308/5159/2 5288/5135/2 5287/5134/2
f 5287/5134/2 5307/5158/2 5308/5159/2
f 5309/5160/1 5289/5136/1 5288/5137/1
f 5288/5137/1 5308/5161/1 5309/5160/1
f 5291/5139/1 5271/5115/1 5289/5136/1
f 5289/5136/1 5309/5160/1 5291/5139/1
f 5310/5162/1 5290/5138/1 5291/5139/1
f 5291/5139/1 5311/5163/1 5310/5162/1
f 5312/5164/1 5292/5140/1 5290/5138/1
f 5290/5138/1 5310/5162/1 5312/5164/1
f 5313/5165/1 5293/5141/1 5292/5140/1
f 5292/5140/1 5312/5164/1 5313/5165/1
f 5314/5166/3 5294/5142/3 5293/5143/3
f 5293/5143/3 5313/5167/3 5314/5166/3
f 5315/5168/3 5295/5144/3 5294/5142/3
f 5294/5142/3 5314/5166/3 5315/5168/3
f 5316/5169/3 5296/5145/3 5295/5144/3
f 5295/5144/3 5315/5168/3 5316/5169/3
f 5317/5170/3 5297/5146/3 5296/5145/3
f 5296/5145/3 5316/5169/3 5317/5170/3
f 5318/5171/3 5298/5147/3 5297/5146/3
f 5297/5146/3 5317/5170/3 5318/5171/3
f 5319/5172/4 5299/5148/4 5298/5149/4
f 5298/5149/4 5318/5173/4 5319/5172/4
f 5320/5174/4 5300/5150/4 5299/5148/4
f 5299/5148/4 5319/5172/4 5320/5174/4
f 5321/5175/4 5301/5151/4 5300/5150/4
f 5300/5150/4 5320/5174/4 5321/5175/4
f 5322/5176/4 5302/5152/4 5301/5151/4
f 5301/5151/4 5321/5175/4 5322/5176/4
f 5323/5177/4 5303/5153/4 5302/5152/4
f 5302/5152/4 5322/5176/4 5323/5177/4
f 5324/5178/2 5304/5154/2 5303/5155/2
f 5303/5155/2 5323/5179/2 5324/5178/2
f 5325/5180/2 5305/5156/2 5304/5154/2
f 5304/5154/2 5324/5178/2 5325/5180/2
f 5326/5181/2 5306/5157/2 5305/5156/2
f 5305/5156/2 5325/5180/2 5326/5181/2
f 5327/5182/2 5307/5158/2 5306/5157/2
f 5306/5157/2 5326/5181/2 5327/5182/2
f 5328/5183/2 5308/5159/2 5307/5158/2
f 5307/5158/2 5327/5182/2 5328/5183/2
f 5329/5184/1 5309/5160/1 5308/5161/1
f 5308/5161/1 5328/5185/1 5329/5184/1
f 5311/5163/1 5291/5139/1 5309/5160/1
f 5309/5160/1 5329/5184/1 5311/5163/1
f 5330/5186/1 5310/5162/1 5311/5163/1
f 5311/5163/1 5331/5187/1 5330/5186/1
f 5332/5188/1 5312/5164/1 5310/5162/1
f 5310/5162/1 5330/5186/1 5332/5188/1
f 5333/5189/1 5313/5165/1 5312/5164/1
f 5312/5164/1 5332/5188/1 5333/5189/1
f 5334/5190/3 5314/5166/3 5313/5167/3
f 5313/5167/3 5333/5191/3 5334/5190/3
f 5335/5192/3 5315/5168/3 5314/5166/3
f 5314/5166/3 5334/5190/3 5335/5192/3
f 5336/5193/3 5316/5169/3 5315/5168/3
f 5315/5168/3 5335/5192/3 5336/5193/3
f 5337/5194/3 5317/5170/3 5316/5169/3
f 5316/5169/3 5336/5193/3 5337/5194/3
f 5338/5195/3 5318/5171/3 5317/5170/3
f 5317/5170/3 5337/5194/3 5338/5195/3
f 5339/5196/4 5319/5172/4 5318/5173/4
f 5318/5173/4 5338/5197/4 5339/5196/4
f 5340/5198/4 5320/5174/4 5319/5172/4
f 5319/5172/4 5339/5196/4 5340/5198/4
f 5341/5199/4 5321/5175/4 5320/5174/4
f 5320/5174/4 5340/5198/4 5341/5199/4
f 5342/5200/4 5322/5176/4 5321/5175/4
f 5321/5175/4 5341/5199/4 5342/5200/4
f 5343/5201/4 5323/5177/4 5322/5176/4
f 5322/5176/4 5342/5200/4 5343/5201/4
f 5344/5202/2 5324/5178/2 5323/5179/2
f 5323/5179/2 5343/5203/2 5344/5202/2
f 5345/5204/2 5325/5180/2 5324/5178/2
f 5324/5178/2 5344/5202/2 5345/5204/2
f 5346/5205/2 5326/5181/2 5325/5180/2
f 5325/5180/2 5345/5204/2 5346/5205/2
f 5347/5206/2 5327/5182/2 5326/5181/2
f 5326/5181/2 5346/5205/2 5347/5206/2
f 5348/5207/2 5328/5183/2 5327/5182/2
f 5327/5182/2 5347/5206/2 5348/5207/2
f 5349/5208/1 5329/5184/1 5328/5185/1
f 5328/5185/1 5348/5209/1 5349/5208/1
f 5331/5187/1 5311/5163/1 5329/5184/1
f 5329/5184/1 5349/5208/1 5331/5187/1
f 5350/5210/1 5330/5186/1 5331/5187/1
f 5331/5187/1 5351/5211/1 5350/5210/1
f 5352/5212/1 5332/5188/1 5330/5186/1
f 5330/5186/1 5350/5210/1 5352/5212/1
f 5353/5213/1 5333/5189/1 5332/5188/1
f 5332/5188/1 5352/5212/1 5353/5213/1
f 5354/5214/3 5334/5190/3 5333/5191/3
f 5333/5191/3 5353/5215/3 5354/5214/3
f 5355/5216/3 5335/5192/3 5334/5190/3
f 5334/5190/3 5354/5214/3 5355/5216/3
f 5356/5217/3 5336/5193/3 5335/5192/3
f 5335/5192/3 5355/5216/3 5356/5217/3
f 5357/5218/3 5337/5194/3 5336/5193/3
f 5336/5193/3 5356/5217/3 5357/5218/3
f 5358/5219/3 5338/5195/3 5337/5194/3
f 5337/5194/3 5357/5218/3 5358/5219/3
f 5359/5220/4 5339/5196/4 5338/5197/4
f 5338/5197/4 5358/5221/4 5359/5220/4
f 5360/5222/4 5340/5198/4 5339/5196/4
f 5339/5196/4 5359/5220/4 5360/5222/4
f 5361/5223/4 5341/5199/4 5340/5198/4
f 5340/5198/4 5360/5222/4 5361/5223/4
f 5362/5224/4 5342/5200/4 5341/5199/4
f 5341/5199/4 5361/5223/4 5362/5224/4
f 5363/5225/4 5343/5201/4 5342/5200/4
f 5342/5200/4 5362/5224/4 5363/5225/4
f 5364/5226/2 5344/5202/2 5343/5203/2
f 5343/5203/2 5363/5227/2 5364/5226/2
f 5365/5228/2 5345/5204/2 5344/5202/2
f 5344/5202/2 5364/5226/2 5365/5228/2
f 5366/5229/2 5346/5205/2 5345/5204/2
f 5345/5204/2 5365/5228/2 5366/5229/2
f 5367/5230/2 5347/5206/2 5346/5205/2
f 5346/5205/2 5366/5229/2 5367/5230/2
f 5368/5231/2 5348/5207/2 5347/5206/2
f 5347/5206/2 5367/5230/2 5368/5231/2
f 5369/5232/1 5349/5208/1 5348/5209/1
f 5348/5209/1 5368/5233/1 5369/5232/1
f 5351/5211/1 5331/5187/1 5349/5208/1
f 5349/5208/1 5369/5232/1 5351/5211/1
f 5370/5234/1 5350/5210/1 5351/5211/1
f 5351/5211/1 5371/5235/1 5370/5234/1
f 5372/5236/1 5352/5212/1 5350/5210/1
f 5350/5210/1 5370/5234/1 5372/5236/1
f 5373/5237/1 5353/5213/1 5352/5212/1
f 5352/5212/1 5372/5236/1 5373/5237/1
f 5374/5238/3 5354/5214/3 5353/5215/3
f 5353/5215/3 5373/5239/3 5374/5238/3
f 5375/5240/3 5355/5216/3 5354/5214/3
f 5354/5214/3 5374/5238/3 5375/5240/3
f 5376/5241/3 5356/5217/3 5355/5216/3
f 5355/5216/3 5375/5240/3 5376/5241/3
f 5377/5242/3 5357/5218/3 5356/5217/3
f 5356/5217/3 5376/5241/3 5377/5242/3
f 5378/5243/3 5358/5219/3 5357/5218/3
f 5357/5218/3 5377/5242/3 5378/5243/3
f 5379/5244/4 5359/5220/4 5358/5221/4
f 5358/5221/4 5378/5245/4 5379/5244/4
f 5380/5246/4 5360/5222/4 5359/5220/4
f 5359/5220/4 5379/5244/4 5380/5246/4
f 5381/5247/4 5361/5223/4 5360/5222/4
f 5360/5222/4 5380/5246/4 5381/5247/4
f 5382/5248/4 5362/5224/4 5361/5223/4
f 5361/5223/4 5381/5247/4 5382/5248/4
f 5383/5249/4 5363/5225/4 5362/5224/4
f 5362/5224/4 5382/5248/4 5383/5249/4
f 5384/5250/2 5364/5226/2 5363/5227/2
f 5363/5227/2 5383/5251/2 5384/5250/2
f 5385/5252/2 5365/5228/2 5364/5226/2
f 5364/5226/2 5384/5250/2 5385/5252/2
f 5386/5253/2 5366/5229/2 5365/5228/2
f 5365/5228/2 5385/5252/2 5386/5253/2
f 5387/5254/2 5367/5230/2 5366/5229/2
f 5366/5229/2 5386/5253/2 5387/5254/2
f 5388/5255/2 5368/5231/2 5367/5230/2
f 5367/5230/2 5387/5254/2 5388/5255/2
f 5389/5256/1 5369/5232/1 5368/5233/1
f 5368/5233/1 5388/5257/1 5389/5256/1
f 5371/5235/1 5351/5211/1 5369/5232/1
f 5369/5232/1 5389/5256/1 5371/5235/1
f 5390/5258/1 5370/5234/1 5371/5235/1
f 5371/5235/1 5391/5259/1 5390/5258/1
f 5392/5260/1 5372/5236/1 5370/5234/1
f 5370/5234/1 5390/5258/1 5392/5260/1
f 5393/5261/1 5373/5237/1 5372/5236/1
f 5372/5236/1 5392/5260/1 5393/5261/1
f 5394/5262/3 5374/5238/3 5373/5239/3
f 5373/5239/3 5393/5263/3 5394/5262/3
f 5395/5264/3 5375/5240/3 5374/5238/3
f 5374/5238/3 5394/5262/3 5395/5264/3
f 5396/5265/3 5376/5241/3 5375/5240/3
f 5375/5240/3 5395/5264/3 5396/5265/3
f 5397/5266/3 5377/5242/3 5376/5241/3
f 5376/5241/3 5396/5265/3 5397/5266/3
f 5398/5267/3 5378/5243/3 5377/5242/3
f 5377/5242/3 5397/5266/3 5398/5267/3
f 5399/5268/4 5379/5244/4 5378/5245/4
f 5378/5245/4 5398/5269/4 5399/5268/4
f 5400/5270/4 5380/5246/4 5379/5244/4
f 5379/5244/4 5399/5268/4 5400/5270/4
f 5401/5271/4 5381/5247/4 5380/5246/4
f 5380/5246/4 5400/5270/4 5401/5271/4
f 5402/5272/4 5382/5248/4 5381/5247/4
f 5381/5247/4 5401/5271/4 5402/5272/4
f 5403/5273/4 5383/5249/4 5382/5248/4
f 5382/5248/4 5402/5272/4 5403/5273/4
f 5404/5274/2 5384/5250/2 5383/5251/2
f 5383/5251/2 5403/5275/2 5404/5274/2
f 5405/5276/2 5385/5252/2 5384/5250/2
f 5384/5250/2 5404/5274/2 5405/5276/2
f 5406/5277/2 5386/5253/2 5385/5252/2
f 5385/5252/2 5405/5276/2 5406/5277/2
f 5407/5278/2 5387/5254/2 5386/5253/2
f 5386/5253/2 5406/5277/2 5407/5278/2
f 5408/5279/2 5388/5255/2 5387/5254/2
f 5387/5254/2 5407/5278/2 5408/5279/2
f 5409/5280/1 5389/5256/1 5388/5257/1
f 5388/5257/1 5408/5281/1 5409/5280/1
f 5391/5259/1 5371/5235/1 5389/5256/1
f 5389/5256/1 5409/5280/1 5391/5259/1
f 5410/5282/1 5390/5258/1 5391/5259/1
f 5391/5259/1 5411/5283/1 5410/5282/1
f 5412/5284/1 5392/5260/1 5390/5258/1
f 5390/5258/1 5410/5282/1 5412/5284/1
f 5413/5285/1 5393/5261/1 5392/5260/1
f 5392/5260/1 5412/5284/1 5413/5285/1
f 5414/5286/3 5394/5262/3 5393/5263/3
f 5393/5263/3 5413/5287/3 5414/5286/3
f 5415/5288/3 5395/5264/3 5394/5262/3
f 5394/5262/3 5414/5286/3 5415/5288/3
f 5416/5289/3 5396/5265/3 5395/5264/3
f 5395/5264/3 5415/5288/3 5416/5289/3
f 5417/5290/3 5397/5266/3 5396/5265/3
f 5396/5265/3 5416/5289/3 5417/5290/3
f 5418/5291/3 5398/5267/3 5397/5266/3
f 5397/5266/3 5417/5290/3 5418/5291/3
f 5419/5292/4 5399/5268/4 5398/5269/4
f 5398/5269/4 5418/5293/4 5419/5292/4
f 5420/5294/4 5400/5270/4 5399/5268/4
f 5399/5268/4 5419/5292/4 5420/5294/4
f 5421/5295/4 5401/5271/4 5400/5270/4
f 5400/5270/4 5420/5294/4 5421/5295/4
f 5422/5296/4 5402/5272/4 5401/5271/4
f 5401/5271/4 5421/5295/4 5422/5296/4
f 5423/5297/4 5403/5273/4 5402/5272/4
f 5402/5272/4 5422/5296/4 5423/5297/4
f 5424/5298/2 5404/5274/2 5403/5275/2
f 5403/5275/2 5423/5299/2 5424/5298/2
f 5425/5300/2 5405/5276/2 5404/5274/2
f 5404/5274/2 5424/5298/2 5425/5300/2
f 5426/5301/2 5406/5277/2 5405/5276/2
f 5405/5276/2 5425/5300/2 5426/5301/2
f 5427/5302/2 5407/5278/2 5406/5277/2
f 5406/5277/2 5426/5301/2 5427/5302/2
f 5428/5303/2 5408/5279/2 5407/5278/2
f 5407/5278/2 5427/5302/2 5428/5303/2
f 5429/5304/1 5409/5280/1 5408/5281/1
f 5408/5281/1 5428/5305/1 5429/5304/1
f 5411/5283/1 5391/5259/1 5409/5280/1
f 5409/5280/1 5429/5304/1 5411/5283/1
f 5430/5306/1 5410/5282/1 5411/5283/1
f 5411/5283/1 5431/5307/1 5430/5306/1
f 5432/5308/1 5412/5284/1 5410/5282/1
f 5410/5282/1 5430/5306/1 5432/5308/1
f 5433/5309/1 5413/5285/1 5412/5284/1
f 5412/5284/1 5432/5308/1 5433/5309/1
f 5434/5310/3 5414/5286/3 5413/5287/3
f 5413/5287/3 5433/5311/3 5434/5310/3
f 5435/5312/3 5415/5288/3 5414/5286/3
f 5414/5286/3 5434/5310/3 5435/5312/3
f 5436/5313/3 5416/5289/3 5415/5288/3
f 5415/5288/3 5435/5312/3 5436/5313/3
f 5437/5314/3 5417/5290/3 5416/5289/3
f 5416/5289/3 5436/5313/3 5437/5314/3
f 5438/5315/3 5418/5291/3 5417/5290/3
f 5417/5290/3 5437/5314/3 5438/5315/3
f 5439/5316/4 5419/5292/4 5418/5293/4
f 5418/5293/4 5438/5317/4 5439/5316/4
f 5440/5318/4 5420/5294/4 5419/5292/4
f 5419/5292/4 5439/5316/4 5440/5318/4
f 5441/5319/4 5421/5295/4 5420/5294/4
f 5420/5294/4 5440/5318/4 5441/5319/4
f 5442/5320/4 5422/5296/4 5421/5295/4
f 5421/5295/4 5441/5319/4 5442/5320/4
f 5443/5321/4 5423/5297/4 5422/5296/4
f 5422/5296/4 5442/5320/4 5443/5321/4
f 5444/5322/2 5424/5298/2 5423/5299/2
f 5423/5299/2 5443/5323/2 5444/5322/2
f 5445/5324/2 5425/5300/2 5424/5298/2
f 5424/5298/2 5444/5322/2 5445/5324/2
f 5446/5325/2 5426/5301/2 5425/5300/2
f 5425/5300/2 5445/5324/2 5446/5325/2
f 5447/5326/2 5427/5302/2 5426/5301/2
f 5426/5301/2 5446/5325/2 5447/5326/2
f 5448/5327/2 5428/5303/2 5427/5302/2
f 5427/5302/2 5447/5326/2 5448/5327/2
f 5449/5328/1 5429/5304/1 5428/5305/1
f 5428/5305/1 5448/5329/1 5449/5328/1
f 5431/5307/1 5411/5283/1 5429/5304/1
f 5429/5304/1 5449/5328/1 5431/5307/1
f 5450/5330/1 5430/5306/1 5431/5307/1
f 5431/5307/1 5451/5331/1 5450/5330/1
f 5452/5332/1 5432/5308/1 5430/5306/1
f 5430/5306/1 5450/5330/1 5452/5332/1
f 5453/5333/1 5433/5309/1 5432/5308/1
f 5432/5308/1 5452/5332/1 5453/5333/1
f 5454/5334/3 5434/5310/3 5433/5311/3
f 5433/5311/3 5453/5335/3 5454/5334/3
f 5455/5336/3 5435/5312/3 5434/5310/3
f 5434/5310/3 5454/5334/3 5455/5336/3
f 5456/5337/3 5436/5313/3 5435/5312/3
f 5435/5312/3 5455/5336/3 5456/5337/3
f 5457/5338/3 5437/5314/3 5436/5313/3
f 5436/5313/3 5456/5337/3 5457/5338/3
f 5458/5339/3 5438/5315/3 5437/5314/3
f 5437/5314/3 5457/5338/3 5458/5339/3
f 5459/5340/4 5439/5316/4 5438/5317/4
f 5438/5317/4 5458/5341/4 5459/5340/4
f 5460/5342/4 5440/5318/4 5439/5316/4
f 5439/5316/4 5459/5340/4 5460/5342/4
f 5461/5343/4 5441/5319/4 5440/5318/4
f 5440/5318/4 5460/5342/4 5461/5343/4
f 5462/5344/4 5442/5320/4 5441/5319/4
f 5441/5319/4 5461/5343/4 5462/5344/4
f 5463/5345/4 5443/5321/4 5442/5320/4
f 5442/5320/4 5462/5344/4 5463/5345/4
f 5464/5346/2 5444/5322/2 5443/5323/2
f 5443/5323/2 5463/5347/2 5464/5346/2
f 5465/5348/2 5445/5324/2 5444/5322/2
f 5444/5322/2 5464/5346/2 5465/5348/2
f 5466/5349/2 5446/5325/2 5445/5324/2
f 5445/5324/2 5465/5348/2 5466/5349/2
f 5467/5350/2 5447/5326/2 5446/5325/2
f 5446/5325/2 5466/5349/2 5467/5350/2
f 5468/5351/2 5448/5327/2 5447/5326/2
f 5447/5326/2 5467/5350/2 5468/5351/2
f 5469/5352/1 5449/5328/1 5448/5329/1
f 5448/5329/1 5468/5353/1 5469/5352/1
f 5451/5331/1 5431/5307/1 5449/5328/1
f 5449/5328/1 5469/5352/1 5451/5331/1
f 5470/5354/1 5450/5330/1 5451/5331/1
f 5451/5331/1 5471/5355/1 5470/5354/1
f 5472/5356/1 5452/5332/1 5450/5330/1
f 5450/5330/1 5470/5354/1 5472/5356/1
f 5473/5357/1 5453/5333/1 5452/5332/1
f 5452/5332/1 5472/5356/1 5473/5357/1
f 5474/5358/3 5454/5334/3 5453/5335/3
f 5453/5335/3 5473/5359/3 5474/5358/3
f 5475/5360/3 5455/5336/3 5454/5334/3
f 5454/5334/3 5474/5358/3 5475/5360/3
f 5476/5361/3 5456/5337/3 5455/5336/3
f 5455/5336/3 5475/5360/3 5476/5361/3
f 5477/5362/3 5457/5338/3 5456/5337/3
f 5456/5337/3 5476/5361/3 5477/5362/3
f 5478/5363/3 5458/5339/3 5457/5338/3
f 5457/5338/3 5477/5362/3 5478/5363/3
f 5479/5364/4 5459/5340/4 5458/5341/4
f 5458/5341/4 5478/5365/4 5479/5364/4
f 5480/5366/4 5460/5342/4 5459/5340/4
f 5459/5340/4 5479/5364/4 5480/5366/4
f 5481/5367/4 5461/5343/4 5460/5342/4
f 5460/5342/4 5480/5366/4 5481/5367/4
f 5482/5368/4 5462/5344/4 5461/5343/4
f 5461/5343/4 5481/5367/4 5482/5368/4
f 5483/5369/4 5463/5345/4 5462/5344/4
f 5462/5344/4 5482/5368/4 5483/5369/4
f 5484/5370/2 5464/5346/2 5463/5347/2
f 5463/5347/2 5483/5371/2 5484/5370/2
f 5485/5372/2 5465/5348/2 5464/5346/2
f 5464/5346/2 5484/5370/2 5485/5372/2
f 5486/5373/2 5466/5349/2 5465/5348/2
f 5465/5348/2 5485/5372/2 5486/5373/2
f 5487/5374/2 5467/5350/2 5466/5349/2
f 5466/5349/2 5486/5373/2 5487/5374/2
f 5488/5375/2 5468/5351/2 5467/5350/2
f 5467/5350/2 5487/5374/2 5488/5375/2
f 5489/5376/1 5469/5352/1 5468/5353/1
f 5468/5353/1 5488/5377/1 5489/5376/1
f 5471/5355/1 5451/5331/1 5469/5352/1
f 5469/5352/1 5489/5376/1 5471/5355/1
f 5490/5378/1 5470/5354/1 5471/5355/1
f 5471/5355/1 5491/5379/1 5490/5378/1
f 5492/5380/1 5472/5356/1 5470/5354/1
f 5470/5354/1 5490/5378/1 5492/5380/1
f 5493/5381/1 5473/5357/1 5472/5356/1
f 5472/5356/1 5492/5380/1 5493/5381/1
f 5494/5382/3 5474/5358/3 5473/5359/3
f 5473/5359/3 5493/5383/3 5494/5382/3
f 5495/5384/3 5475/5360/3 5474/5358/3
f 5474/5358/3 5494/5382/3 5495/5384/3
f 5496/5385/3 5476/5361/3 5475/5360/3
f 5475/5360/3 5495/5384/3 5496/5385/3
f 5497/5386/3 5477/5362/3 5476/5361/3
f 5476/5361/3 5496/5385/3 5497/5386/3
f 5498/5387/3 5478/5363/3 5477/5362/3
f 5477/5362/3 5497/5386/3 5498/5387/3
f 5499/5388/4 5479/5364/4 5478/5365/4
f 5478/5365/4 5498/5389/4 5499/5388/4
f 5500/5390/4 5480/5366/4 5479/5364/4
f 5479/5364/4 5499/5388/4 5500/5390/4
f 5501/5391/4 5481/5367/4 5480/5366/4
f 5480/5366/4 5500/5390/4 5501/5391/4
f 5502/5392/4 5482/5368/4 5481/5367/4
f 5481/5367/4 5501/5391/4 5502/5392/4
f 5503/5393/4 5483/5369/4 5482/5368/4
f 5482/5368/4 5502/5392/4 5503/5393/4
f 5504/5394/2 5484/5370/2 5483/5371/2
f 5483/5371/2 5503/5395/2 5504/5394/2
f 5505/5396/2 5485/5372/2 5484/5370/2
f 5484/5370/2 5504/5394/2 5505/5396/2
f 5506/5397/2 5486/5373/2 5485/5372/2
f 5485/5372/2 5505/5396/2 5506/5397/2
f 5507/5398/2 5487/5374/2 5486/5373/2
f 5486/5373/2 5506/5397/2 5507/5398/2
f 5508/5399/2 5488/5375/2 5487/5374/2
f 5487/5374/2 5507/5398/2 5508/5399/2
f 5509/5400/1 5489/5376/1 5488/5377/1
f 5488/5377/1 5508/5401/1 5509/5400/1
f 5491/5379/1 5471/5355/1 5489/5376/1
f 5489/5376/1 5509/5400/1 5491/5379/1
f 5510/5402/1 5490/5378/1 5491/5379/1
f 5491/5379/1 5511/5403/1 5510/5402/1
f 5512/5404/1 5492/5380/1 5490/5378/1
f 5490/5378/1 5510/5402/1 5512/5404/1
f 5513/5405/1 5493/5381/1 5492/5380/1
f 5492/5380/1 5512/5404/1 5513/5405/1
f 5514/5406/3 5494/5382/3 5493/5383/3
f 5493/5383/3 5513/5407/3 5514/5406/3
f 5515/5408/3 5495/5384/3 5494/5382/3
f 5494/5382/3 5514/5406/3 5515/5408/3
f 5516/5409/3 5496/5385/3 5495/5384/3
f 5495/5384/3 5515/5408/3 5516/5409/3
f 5517/5410/3 5497/5386/3 5496/5385/3
f 5496/5385/3 5516/5409/3 5517/5410/3
f 5518/5411/3 5498/5387/3 5497/5386/3
f 5497/5386/3 5517/5410/3 5518/5411/3
f 5519/5412/4 5499/5388/4 5498/5389/4
f 5498/5389/4 5518/5413/4 5519/5412/4
f 5520/5414/4 5500/5390/4 5499/5388/4
f 5499/5388/4 5519/5412/4 5520/5414/4
f 5521/5415/4 5501/5391/4 5500/5390/4
f 5500/5390/4 5520/5414/4 5521/5415/4
f 5522/5416/4 5502/5392/4 5501/5391/4
f 5501/5391/4 5521/5415/4 5522/5416/4
f 5523/5417/4 5503/5393/4 5502/5392/4
f 5502/5392/4 5522/5416/4 5523/5417/4
f 5524/5418/2 5504/5394/2 5503/5395/2
f 5503/5395/2 5523/5419/2 5524/5418/2
f 5525/5420/2 5505/5396/2 5504/5394/2
f 5504/5394/2 5524/5418/2 5525/5420/2
f 5526/5421/2 5506/5397/2 5505/5396/2
f 5505/5396/2 5525/5420/2 5526/5421/2
f 5527/5422/2 5507/5398/2 5506/5397/2
f 5506/5397/2 5526/5421/2 5527/5422/2
f 5528/5423/2 5508/5399/2 5507/5398/2
f 5507/5398/2 5527/5422/2 5528/5423/2
f 5529/5424/1 5509/5400/1 5508/5401/1
f 5508/5401/1 5528/5425/1 5529/5424/1
f 5511/5403/1 5491/5379/1 5509/5400/1
f 5509/5400/1 5529/5424/1 5511/5403/1
f 5530/5426/1 5510/5402/1 5511/5403/1
f 5511/5403/1 5531/5427/1 5530/5426/1
f 5532/5428/1 5512/5404/1 5510/5402/1
f 5510/5402/1 5530/5426/1 5532/5428/1
f 5533/5429/1 5513/5405/1 5512/5404/1
f 5512/5404/1 5532/5428/1 5533/5429/1
f 5534/5430/3 5514/5406/3 5513/5407/3
f 5513/5407/3 5533/5431/3 5534/5430/3
f 5535/5432/3 5515/5408/3 5514/5406/3
f 5514/5406/3 5534/5430/3 5535/5432/3
f 5536/5433/3 5516/5409/3 5515/5408/3
f 5515/5408/3 5535/5432/3 5536/5433/3
f 5537/5434/3 5517/5410/3 5516/5409/3
f 5516/5409/3 5536/5433/3 5537/5434/3
f 5538/5435/3 5518/5411/3 5517/5410/3
f 5517/5410/3 5537/5434/3 5538/5435/3
f 5539/5436/4 5519/5412/4 5518/5413/4
f 5518/5413/4 5538/5437/4 5539/5436/4
f 5540/5438/4 5520/5414/4 5519/5412/4
f 5519/5412/4 5539/5436/4 5540/5438/4
f 5541/5439/4 5521/5415/4 5520/5414/4
f 5520/5414/4 5540/5438/4 5541/5439/4
f 5542/5440/4 5522/5416/4 5521/5415/4
f 5521/5415/4 5541/5439/4 5542/5440/4
f 5543/5441/4 5523/5417/4 5522/5416/4
f 5522/5416/4 5542/5440/4 5543/5441/4
f 5544/5442/2 5524/5418/2 5523/5419/2
f 5523/5419/2 5543/5443/2 5544/5442/2
f 5545/5444/2 5525/5420/2 5524/5418/2
f 5524/5418/2 5544/5442/2 5545/5444/2
f 5546/5445/2 5526/5421/2 5525/5420/2
f 5525/5420/2 5545/5444/2 5546/5445/2
f 5547/5446/2 5527/5422/2 5526/5421/2
f 5526/5421/2 5546/5445/2 5547/5446/2
f 5548/5447/2 5528/5423/2 5527/5422/2
f 5527/5422/2 5547/5446/2 5548/5447/2
f 5549/5448/1 5529/5424/1 5528/5425/1
f 5528/5425/1 5548/5449/1 5549/5448/1
f 5531/5427/1 5511/5403/1 5529/5424/1
f 5529/5424/1 5549/5448/1 5531/5427/1
f 5550/5450/1 5530/5426/1 5531/5427/1
f 5531/5427/1 5551/5451/1 5550/5450/1
f 5552/5452/1 5532/5428/1 5530/5426/1
f 5530/5426/1 5550/5450/1 5552/5452/1
f 5553/5453/1 5533/5429/1 5532/5428/1
f 5532/5428/1 5552/5452/1 5553/5453/1
f 5554/5454/3 5534/5430/3 5533/5431/3
f 5533/5431/3 5553/5455/3 5554/5454/3
f 5555/5456/3 5535/5432/3 5534/5430/3
f 5534/5430/3 5554/5454/3 5555/5456/3
f 5556/5457/3 5536/5433/3 5535/5432/3
f 5535/5432/3 5555/5456/3 5556/5457/3
f 5557/5458/3 5537/5434/3 5536/5433/3
f 5536/5433/3 5556/5457/3 5557/5458/3
f 5558/5459/3 5538/5435/3 5537/5434/3
f 5537/5434/3 5557/5458/3 5558/5459/3
f 5559/5460/4 5539/5436/4 5538/5437/4
f 5538/5437/4 5558/5461/4 5559/5460/4
f 5560/5462/4 5540/5438/4 5539/5436/4
f 5539/5436/4 5559/5460/4 5560/5462/4
f 5561/5463/4 5541/5439/4 5540/5438/4
f 5540/5438/4 5560/5462/4 5561/5463/4
f 5562/5464/4 5542/5440/4 5541/5439/4
f 5541/5439/4 5561/5463/4 5562/5464/4
f 5563/5465/4 5543/5441/4 5542/5440/4
f 5542/5440/4 5562/5464/4 5563/5465/4
f 5564/5466/2 5544/5442/2 5543/5443/2
f 5543/5443/2 5563/5467/2 5564/5466/2
f 5565/5468/2 5545/5444/2 5544/5442/2
f 5544/5442/2 5564/5466/2 5565/5468/2
f 5566/5469/2 5546/5445/2 5545/5444/2
f 5545/5444/2 5565/5468/2 5566/5469/2
f 5567/5470/2 5547/5446/2 5546/5445/2
f 5546/5445/2 5566/5469/2 5567/5470/2
f 5568/5471/2 5548/5447/2 5547/5446/2
f 5547/5446/2 5567/5470/2 5568/5471/2
f 5569/5472/1 5549/5448/1 5548/5449/1
f 5548/5449/1 5568/5473/1 5569/5472/1
f 5551/5451/1 5531/5427/1 5549/5448/1
f 5549/5448/1 5569/5472/1 5551/5451/1
f 5570/5474/1 5550/5450/1 5551/5451/1
f 5551/5451/1 5571/5475/1 5570/5474/1
f 5572/5476/1 5552/5452/1 5550/5450/1
f 5550/5450/1 5570/5474/1 5572/5476/1
f 5573/5477/1 5553/5453/1 5552/5452/1
f 5552/5452/1 5572/5476/1 5573/5477/1
f 5574/5478/3 5554/5454/3 5553/5455/3
f 5553/5455/3 5573/5479/3 5574/5478/3
f 5575/5480/3 5555/5456/3 5554/5454/3
f 5554/5454/3 5574/5478/3 5575/5480/3
f 5576/5481/3 5556/5457/3 5555/5456/3
f 5555/5456/3 5575/5480/3 5576/5481/3
f 5577/5482/3 5557/5458/3 5556/5457/3
f 5556/5457/3 5576/5481/3 5577/5482/3
f 5578/5483/3 5558/5459/3 5557/5458/3
f 5557/5458/3 5577/5482/3 5578/5483/3
f 5579/5484/4 5559/5460/4 5558/5461/4
f 5558/5461/4 5578/5485/4 5579/5484/4
f 5580/5486/4 5560/5462/4 5559/5460/4
f 5559/5460/4 5579/5484/4 5580/5486/4
f 5581/5487/4 5561/5463/4 5560/5462/4
f 5560/5462/4 5580/5486/4 5581/5487/4
f 5582/5488/4 5562/5464/4 5561/5463/4
f 5561/5463/4 5581/5487/4 5582/5488/4
f 5583/5489/4 5563/5465/4 5562/5464/4
f 5562/5464/4 5582/5488/4 5583/5489/4
f 5584/5490/2 5564/5466/2 5563/5467/2
f 5563/5467/2 5583/5491/2 5584/5490/2
f 5585/5492/2 5565/5468/2 5564/5466/2
f 5564/5466/2 5584/5490/2 5585/5492/2
f 5586/5493/2 5566/5469/2 5565/5468/2
f 5565/5468/2 5585/5492/2 5586/5493/2
f 5587/5494/2 5567/5470/2 5566/5469/2
f 5566/5469/2 5586/5493/2 5587/5494/2
f 5588/5495/2 5568/5471/2 5567/5470/2
f 5567/5470/2 5587/5494/2 5588/5495/2
f 5589/5496/1 5569/5472/1 5568/5473/1
f 5568/5473/1 5588/5497/1 5589/5496/1
f 5571/5475/1 5551/5451/1 5569/5472/1
f 5569/5472/1 5589/5496/1 5571/5475/1
f 5590/5498/1 5570/5474/1 5571/5475/1
f 5571/5475/1 5591/5499/1 5590/5498/1
f 5592/5500/1 5572/5476/1 5570/5474/1
f 5570/5474/1 5590/5498/1 5592/5500/1
f 5593/5501/1 5573/5477/1 5572/5476/1
f 5572/5476/1 5592/5500/1 5593/5501/1
f 5594/5502/3 5574/5478/3 5573/5479/3
f 5573/5479/3 5593/5503/3 5594/5502/3
f 5595/5504/3 5575/5480/3 5574/5478/3
f 5574/5478/3 5594/5502/3 5595/5504/3
f 5596/5505/3 5576/5481/3 5575/5480/3
f 5575/5480/3 5595/5504/3 5596/5505/3
f 5597/5506/3 5577/5482/3 5576/5481/3
f 5576/5481/3 5596/5505/3 5597/5506/3
f 5598/5507/3 5578/5483/3 5577/5482/3
f 5577/5482/3 5597/5506/3 5598/5507/3
f 5599/5508/4 5579/5484/4 5578/5485/4
f 5578/5485/4 5598/5509/4 5599/5508/4
f 5600/5510/4 5580/5486/4 5579/5484/4
f 5579/5484/4 5599/5508/4 5600/5510/4
f 5601/5511/4 5581/5487/4 5580/5486/4
f 5580/5486/4 5600/5510/4 5601/5511/4
f 5602/5512/4 5582/5488/4 5581/5487/4
f 5581/5487/4 5601/5511/4 5602/5512/4
f 5603/5513/4 5583/5489/4 5582/5488/4
f 5582/5488/4 5602/5512/4 5603/5513/4
f 5604/5514/2 5584/5490/2 5583/5491/2
f 5583/5491/2 5603/5515/2 5604/5514/2
f 5605/5516/2 5585/5492/2 5584/5490/2
f 5584/5490/2 5604/5514/2 5605/5516/2
f 5606/5517/2 5586/5493/2 5585/5492/2
f 5585/5492/2 5605/5516/2 5606/5517/2
f 5607/5518/2 5587/5494/2 5586/5493/2
f 5586/5493/2 5606/5517/2 5607/5518/2
f 5608/5519/2 5588/5495/2 5587/5494/2
f 5587/5494/2 5607/5518/2 5608/5519/2
f 5609/5520/1 5589/5496/1 5588/5497/1
f 5588/5497/1 5608/5521/1 5609/5520/1
f 5591/5499/1 5571/5475/1 5589/5496/1
f 5589/5496/1 5609/5520/1 5591/5499/1
f 5610/5522/1 5590/5498/1 5591/5499/1
f 5591/5499/1 5611/5523/1 5610/5522/1
f 5612/5524/1 5592/5500/1 5590/5498/1
f 5590/5498/1 5610/5522/1 5612/5524/1
f 5613/5525/1 5593/5501/1 5592/5500/1
f 5592/5500/1 5612/5524/1 5613/5525/1
f 5614/5526/3 5594/5502/3 5593/5503/3
f 5593/5503/3 5613/5527/3 5614/5526/3
f 5615/5528/3 5595/5504/3 5594/5502/3
f 5594/5502/3 5614/5526/3 5615/5528/3
f 5616/5529/3 5596/5505/3 5595/5504/3
f 5595/5504/3 5615/5528/3 5616/5529/3
f 5617/5530/3 5597/5506/3 5596/5505/3
f 5596/5505/3 5616/5529/3 5617/5530/3
f 5618/5531/3 5598/5507/3 5597/5506/3
f 5597/5506/3 5617/5530/3 5618/5531/3
f 5619/5532/4 5599/5508/4 5598/5509/4
f 5598/5509/4 5618/5533/4 5619/5532/4
f 5620/5534/4 5600/5510/4 5599/5508/4
f 5599/5508/4 5619/5532/4 5620/5534/4
f 5621/5535/4 5601/5511/4 5600/5510/4
f 5600/5510/4 5620/5534/4 5621/5535/4
f 5622/5536/4 5602/5512/4 5601/5511/4
f 5601/5511/4 5621/5535/4 5622/5536/4
f 5623/5537/4 5603/5513/4 5602/5512/4
f 5602/5512/4 5622/5536/4 5623/5537/4
f 5624/5538/2 5604/5514/2 5603/5515/2
f 5603/5515/2 5623/5539/2 5624/5538/2
f 5625/5540/2 5605/5516/2 5604/5514/2
f 5604/5514/2 5624/5538/2 5625/5540/2
f 5626/5541/2 5606/5517/2 5605/5516/2
f 5605/5516/2 5625/5540/2 5626/5541/2
f 5627/5542/2 5607/5518/2 5606/5517/2
f 5606/5517/2 5626/5541/2 5627/5542/2
f 5628/5543/2 5608/5519/2 5607/5518/2
f 5607/5518/2 5627/5542/2 5628/5543/2
f 5629/5544/1 5609/5520/1 5608/5521/1
f 5608/5521/1 5628/5545/1 5629/5544/1
f 5611/5523/1 5591/5499/1 5609/5520/1
f 5609/5520/1 5629/5544/1 5611/5523/1
f 5630/5546/1 5610/5522/1 5611/5523/1
f 5611/5523/1 5631/5547/1 5630/5546/1
f 5632/5548/1 5612/5524/1 5610/5522/1
f 5610/5522/1 5630/5546/1 5632/5548/1
f 5633/5549/1 5613/5525/1 5612/5524/1
f 5612/5524/1 5632/5548/1 5633/5549/1
f 5634/5550/3 5614/5526/3 5613/5527/3
f 5613/5527/3 5633/5551/3 5634/5550/3
f 5635/5552/3 5615/5528/3 5614/5526/3
f 5614/5526/3 5634/5550/3 5635/5552/3
f 5636/5553/3 5616/5529/3 5615/5528/3
f 5615/5528/3 5635/5552/3 5636/5553/3
f 5637/5554/3 5617/5530/3 5616/5529/3
f 5616/5529/3 5636/5553/3 5637/5554/3
f 5638/5555/3 5618/5531/3 5617/5530/3
f 5617/5530/3 5637/5554/3 5638/5555/3
f 5639/5556/4 5619/5532/4 5618/5533/4
f 5618/5533/4 5638/5557/4 5639/5556/4
f 5640/5558/4 5620/5534/4 5619/5532/4
f 5619/5532/4 5639/5556/4 5640/5558/4
f 5641/5559/4 5621/5535/4 5620/5534/4
f 5620/5534/4 5640/5558/4 5641/5559/4
f 5642/5560/4 5622/5536/4 5621/5535/4
f 5621/5535/4 5641/5559/4 5642/5560/4
f 5643/5561/4 5623/5537/4 5622/5536/4
f 5622/5536/4 5642/5560/4 5643/5561/4
f 5644/5562/2 5624/5538/2 5623/5539/2
f 5623/5539/2 5643/5563/2 5644/5562/2
f 5645/5564/2 5625/5540/2 5624/5538/2
f 5624/5538/2 5644/5562/2 5645/5564/2
f 5646/5565/2 5626/5541/2 5625/5540/2
f 5625/5540/2 5645/5564/2 5646/5565/2
f 5647/5566/2 5627/5542/2 5626/5541/2
f 5626/5541/2 5646/5565/2 5647/5566/2
f 5648/5567/2 5628/5543/2 5627/5542/2
f 5627/5542/2 5647/5566/2 5648/5567/2
f 5649/5568/1 5629/5544/1 5628/5545/1
f 5628/5545/1 5648/5569/1 5649/5568/1
f 5631/5547/1 5611/5523/1 5629/5544/1
f 5629/5544/1 5649/5568/1 5631/5547/1
f 5650/5570/1 5630/5546/1 5631/5547/1
f 5631/5547/1 5651/5571/1 5650/5570/1
f 5652/5572/1 5632/5548/1 5630/5546/1
f 5630/5546/1 5650/5570/1 5652/5572/1
f 5653/5573/1 5633/5549/1 5632/5548/1
f 5632/5548/1 5652/5572/1 5653/5573/1
f 5654/5574/3 5634/5550/3 5633/5551/3
f 5633/5551/3 5653/5575/3 5654/5574/3
f 5655/5576/3 5635/5552/3 5634/5550/3
f 5634/5550/3 5654/5574/3 5655/5576/3
f 5656/5577/3 5636/5553/3 5635/5552/3
f 5635/5552/3 5655/5576/3 5656/5577/3
f 5657/5578/3 5637/5554/3 5636/5553/3
f 5636/5553/3 5656/5577/3 5657/5578/3
f 5658/5579/3 5638/5555/3 5637/5554/3
f 5637/5554/3 5657/5578/3 5658/5579/3
f 5659/5580/4 5639/5556/4 5638/5557/4
f 5638/5557/4 5658/5581/4 5659/5580/4
f 5660/5582/4 5640/5558/4 5639/5556/4
f 5639/5556/4 5659/5580/4 5660/5582/4
f 5661/5583/4 5641/5559/4 5640/5558/4
f 5640/5558/4 5660/5582/4 5661/5583/4
f 5662/5584/4 5642/5560/4 5641/5559/4
f 5641/5559/4 5661/5583/4 5662/5584/4
f 5663/5585/4 5643/5561/4 5642/5560/4
f 5642/5560/4 5662/5584/4 5663/5585/4
f 5664/5586/2 5644/5562/2 5643/5563/2
f 5643/5563/2 5663/5587/2 5664/5586/2
f 5665/5588/2 5645/5564/2 5644/5562/2
f 5644/5562/2 5664/5586/2 5665/5588/2
f 5666/5589/2 5646/5565/2 5645/5564/2
f 5645/5564/2 5665/5588/2 5666/5589/2
f 5667/5590/2 5647/5566/2 5646/5565/2
f 5646/5565/2 5666/5589/2 5667/5590/2
f 5668/5591/2 5648/5567/2 5647/5566/2
f 5647/5566/2 5667/5590/2 5668/5591/2
f 5669/5592/1 5649/5568/1 5648/5569/1
f 5648/5569/1 5668/5593/1 5669/5592/1
f 5651/5571/1 5631/5547/1 5649/5568/1
f 5649/5568/1 5669/5592/1 5651/5571/1
f 5670/5594/1 5650/5570/1 5651/5571/1
f 5651/5571/1 5671/5595/1 5670/5594/1
f 5672/5596/1 5652/5572/1 5650/5570/1
f 5650/5570/1 5670/5594/1 5672/5596/1
f 5673/5597/1 5653/5573/1 5652/5572/1
f 5652/5572/1 5672/5596/1 5673/5597/1
f 5674/5598/3 5654/5574/3 5653/5575/3
f 5653/5575/3 5673/5599/3 5674/5598/3
f 5675/5600/3 5655/5576/3 5654/5574/3
f 5654/5574/3 5674/5598/3 5675/5600/3
f 5676/5601/3 5656/5577/3 5655/5576/3
f 5655/5576/3 5675/5600/3 5676/5601/3
f 5677/5602/3 5657/5578/3 5656/5577/3
f 5656/5577/3 5676/5601/3 5677/5602/3
f 5678/5603/3 5658/5579/3 5657/5578/3
f 5657/5578/3 5677/5602/3 5678/5603/3
f 5679/5604/4 5659/5580/4 5658/5581/4
f 5658/5581/4 5678/5605/4 5679/5604/4
f 5680/5606/4 5660/5582/4 5659/5580/4
f 5659/5580/4 5679/5604/4 5680/5606/4
f 5681/5607/4 5661/5583/4 5660/5582/4
f 5660/5582/4 5680/5606/4 5681/5607/4
f 5682/5608/4 5662/5584/4 5661/5583/4
f 5661/5583/4 5681/5607/4 5682/5608/4
f 5683/5609/4 5663/5585/4 5662/5584/4
f 5662/5584/4 5682/5608/4 5683/5609/4
f 5684/5610/2 5664/5586/2 5663/5587/2
f 5663/5587/2 5683/5611/2 5684/5610/2
f 5685/5612/2 5665/5588/2 5664/5586/2
f 5664/5586/2 5684/5610/2 5685/5612/2
f 5686/5613/2 5666/5589/2 5665/5588/2
f 5665/5588/2 5685/5612/2 5686/5613/2
f 5687/5614/2 5667/5590/2 5666/5589/2
f 5666/5589/2 5686/5613/2 5687/5614/2
f 5688/5615/2 5668/5591/2 5667/5590/2
f 5667/5590/2 5687/5614/2 5688/5615/2
f 5689/5616/1 5669/5592/1 5668/5593/1
f 5668/5593/1 5688/5617/1 5689/5616/1
f 5671/5595/1 5651/5571/1 5669/5592/1
f 5669/5592/1 5689/5616/1 5671/5595/1
f 5690/5618/1 5670/5594/1 5671/5595/1
f 5671/5595/1 5691/5619/1 5690/5618/1
f 5692/5620/1 5672/5596/1 5670/5594/1
f 5670/5594/1 5690/5618/1 5692/5620/1
f 5693/5621/1 5673/5597/1 5672/5596/1
f 5672/5596/1 5692/5620/1 5693/5621/1
f 5694/5622/3 5674/5598/3 5673/5599/3
f 5673/5599/3 5693/5623/3 5694/5622/3
f 5695/5624/3 5675/5600/3 5674/5598/3
f 5674/5598/3 5694/5622/3 5695/5624/3
f 5696/5625/3 5676/5601/3 5675/5600/3
f 5675/5600/3 5695/5624/3 5696/5625/3
f 5697/5626/3 5677/5602/3 5676/5601/3
f 5676/5601/3 5696/5625/3 5697/5626/3
f 5698/5627/3 5678/5603/3 5677/5602/3
f 5677/5602/3 5697/5626/3 5698/5627/3
f 5699/5628/4 5679/5604/4 5678/5605/4
f 5678/5605/4 5698/5629/4 5699/5628/4
f 5700/5630/4 5680/5606/4 5679/5604/4
f 5679/5604/4 5699/5628/4 5700/5630/4
f 5701/5631/4 5681/5607/4 5680/5606/4
f 5680/5606/4 5700/5630/4 5701/5631/4
f 5702/5632/4 5682/5608/4 5681/5607/4
f 5681/5607/4 5701/5631/4 5702/5632/4
f 5703/5633/4 5683/5609/4 5682/5608/4
f 5682/5608/4 5702/5632/4 5703/5633/4
f 5704/5634/2 5684/5610/2 5683/5611/2
f 5683/5611/2 5703/5635/2 5704/5634/2
f 5705/5636/2 5685/5612/2 5684/5610/2
f 5684/5610/2 5704/5634/2 5705/5636/2
f 5706/5637/2 5686/5613/2 5685/5612/2
f 5685/5612/2 5705/5636/2 5706/5637/2
f 5707/5638/2 5687/5614/2 5686/5613/2
f 5686/5613/2 5706/5637/2 5707/5638/2
f 5708/5639/2 5688/5615/2 5687/5614/2
f 5687/5614/2 5707/5638/2 5708/5639/2
f 5709/5640/1 5689/5616/1 5688/5617/1
f 5688/5617/1 5708/5641/1 5709/5640/1
f 5691/5619/1 5671/5595/1 5689/5616/1
f 5689/5616/1 5709/5640/1 5691/5619/1
f 1/5642/1 5690/5618/1 5691/5619/1
f 5691/5619/1 2/5643/1 1/5642/1
f 5/5644/1 5692/5620/1 5690/5618/1
f 5690/5618/1 1/5642/1 5/5644/1
f 7/5645/1 5693/5621/1 5692/5620/1
f 5692/5620/1 5/5644/1 7/5645/1
f 9/5646/2 5704/5634/2 5703/5635/2
f 5703/5635/2 10/5647/2 9/5646/2
f 13/5648/2 5705/5636/2 5704/5634/2
f 5704/5634/2 9/5646/2 13/5648/2
f 15/5649/2 5706/5637/2 5705/5636/2
f 5705/5636/2 13/5648/2 15/5649/2
f 17/5650/2 5707/5638/2 5706/5637/2
f 5706/5637/2 15/5649/2 17/5650/2
f 19/5651/2 5708/5639/2 5707/5638/2
f 5707/5638/2 17/5650/2 19/5651/2
f 21/5652/1 5709/5640/1 5708/5641/1
f 5708/5641/1 19/5653/1 21/5652/1
f 2/5643/1 5691/5619/1 5709/5640/1
f 5709/5640/1 21/5652/1 2/5643/1
f 610/5654/3 5694/5622/3 5693/5623/3
f 5693/5623/3 7/5655/3 610/5654/3
f 612/5656/3 5695/5624/3 5694/5622/3
f 5694/5622/3 610/5654/3 612/5656/3
f 614/5657/3 5696/5625/3 5695/5624/3
f 5695/5624/3 612/5656/3 614/5657/3
f 616/5658/3 5697/5626/3 5696/5625/3
f 5696/5625/3 614/5657/3 616/5658/3
f 618/5659/3 5698/5627/3 5697/5626/3
f 5697/5626/3 616/5658/3 618/5659/3
f 429/5660/4 5699/5628/4 5698/5629/4
f 5698/5629/4 618/5661/4 429/5660/4
f 427/5662/4 5700/5630/4 5699/5628/4
f 5699/5628/4 429/5660/4 427/5662/4
f 425/5663/4 5701/5631/4 5700/5630/4
f 5700/5630/4 427/5662/4 425/5663/4
f 423/5664/4 5702/5632/4 5701/5631/4
f 5701/5631/4 425/5663/4 423/5664/4
f 10/5665/4 5703/5633/4 5702/5632/4
f 5702/5632/4 423/5664/4 10/5665/4
f 5710/2954/1 3192/2703/1 3193/2704/1
f 3193/2704/1 5711/2955/1 5710/2954/1
f 5712/2956/1 3194/2705/1 3192/2703/1
f 3192/2703/1 5710/2954/1 5712/2956/1
f 5713/2957/1 3195/2706/1 3194/2705/1
f 3194/2705/1 5712/2956/1 5713/2957/1
f 5714/2958/3 3196/2707/3 3195/2708/3
f 3195/2708/3 5713/2959/3 5714/2958/3
f 5715/2960/3 3197/2709/3 3196/2707/3
f 3196/2707/3 5714/2958/3 5715/2960/3
f 5716/2961/3 3198/2710/3 3197/2709/3
f 3197/2709/3 5715/2960/3 5716/2961/3
f 5717/2962/3 3199/2711/3 3198/2710/3
f 3198/2710/3 5716/2961/3 5717/2962/3
f 5718/2963/3 3200/2712/3 3199/2711/3
f 3199/2711/3 5717/2962/3 5718/2963/3
f 5719/2964/4 3201/2713/4 3200/2714/4
f 3200/2714/4 5718/2965/4 5719/2964/4
f 5720/2966/4 3403/2940/4 3201/2713/4
f 3201/2713/4 5719/2964/4 5720/2966/4
f 5721/2967/4 3401/2936/4 3403/2940/4
f 3403/2940/4 5720/2966/4 5721/2967/4
f 5722/2968/4 3399/2932/4 3401/2936/4
f 3401/2936/4 5721/2967/4 5722/2968/4
f 5723/2969/4 3203/2931/4 3399/2932/4
f 3399/2932/4 5722/2968/4 5723/2969/4
f 5724/2970/2 3202/2715/2 3203/2716/2
f 3203/2716/2 5723/2971/2 5724/2970/2
f 5725/2972/2 3204/2717/2 3202/2715/2
f 3202/2715/2 5724/2970/2 5725/2972/2
f 5726/2973/2 3205/2718/2 3204/2717/2
f 3204/2717/2 5725/2972/2 5726/2973/2
f 5727/2974/2 3206/2719/2 3205/2718/2
f 3205/2718/2 5726/2973/2 5727/2974/2
f 5728/2975/2 3207/2720/2 3206/2719/2
f 3206/2719/2 5727/2974/2 5728/2975/2
f 5729/2976/1 3208/2721/1 3207/2722/1
f 3207/2722/1 5728/2977/1 5729/2976/1
f 5711/2955/1 3193/2704/1 3208/2721/1
f 3208/2721/1 5729/2976/1 5711/2955/1
f 5730/2978/1 5710/2954/1 5711/2955/1
f 5711/2955/1 5731/2979/1 5730/2978/1
f 5732/2980/1 5712/2956/1 5710/2954/1
f 5710/2954/1 5730/2978/1 5732/2980/1
f 5733/2981/1 5713/2957/1 5712/2956/1
f 5712/2956/1 5732/2980/1 5733/2981/1
f 5734/2982/3 5714/2958/3 5713/2959/3
f 5713/2959/3 5733/2983/3 5734/2982/3
f 5735/2984/3 5715/2960/3 5714/2958/3
f 5714/2958/3 5734/2982/3 5735/2984/3
f 5736/2985/3 5716/2961/3 5715/2960/3
f 5715/2960/3 5735/2984/3 5736/2985/3
f 5737/2986/3 5717/2962/3 5716/2961/3
f 5716/2961/3 5736/2985/3 5737/2986/3
f 5738/2987/3 5718/2963/3 5717/2962/3
f 5717/2962/3 5737/2986/3 5738/2987/3
f 5739/2988/4 5719/2964/4 5718/2965/4
f 5718/2965/4 5738/2989/4 5739/2988/4
f 5740/2990/4 5720/2966/4 5719/2964/4
f 5719/2964/4 5739/2988/4 5740/2990/4
f 5741/2991/4 5721/2967/4 5720/2966/4
f 5720/2966/4 5740/2990/4 5741/2991/4
f 5742/2992/4 5722/2968/4 5721/2967/4
f 5721/2967/4 5741/2991/4 5742/2992/4
f 5743/2993/4 5723/2969/4 5722/2968/4
f 5722/2968/4 5742/2992/4 5743/2993/4
f 5744/2994/2 5724/2970/2 5723/2971/2
f 5723/2971/2 5743/2995/2 5744/2994/2
f 5745/2996/2 5725/2972/2 5724/2970/2
f 5724/2970/2 5744/2994/2 5745/2996/2
f 5746/2997/2 5726/2973/2 5725/2972/2
f 5725/2972/2 5745/2996/2 5746/2997/2
f 5747/2998/2 5727/2974/2 5726/2973/2
f 5726/2973/2 5746/2997/2 5747/2998/2
f 5748/2999/2 5728/2975/2 5727/2974/2
f 5727/2974/2 5747/2998/2 5748/2999/2
f 5749/3000/1 5729/2976/1 5728/2977/1
f 5728/2977/1 5748/3001/1 5749/3000/1
f 5731/2979/1 5711/2955/1 5729/2976/1
f 5729/2976/1 5749/3000/1 5731/2979/1
f 5750/3002/1 5730/2978/1 5731/2979/1
f 5731/2979/1 5751/3003/1 5750/3002/1
f 5752/3004/1 5732/2980/1 5730/2978/1
f 5730/2978/1 5750/3002/1 5752/3004/1
f 5753/3005/1 5733/2981/1 5732/2980/1
f 5732/2980/1 5752/3004/1 5753/3005/1
f 5754/3006/3 5734/2982/3 5733/2983/3
f 5733/2983/3 5753/3007/3 5754/3006/3
f 5755/3008/3 5735/2984/3 5734/2982/3
f 5734/2982/3 5754/3006/3 5755/3008/3
f 5756/3009/3 5736/2985/3 5735/2984/3
f 5735/2984/3 5755/3008/3 5756/3009/3
f 5757/3010/3 5737/2986/3 5736/2985/3
f 5736/2985/3 5756/3009/3 5757/3010/3
f 5758/3011/3 5738/2987/3 5737/2986/3
f 5737/2986/3 5757/3010/3 5758/3011/3
f 5759/3012/4 5739/2988/4 5738/2989/4
f 5738/2989/4 5758/3013/4 5759/3012/4
f 5760/3014/4 5740/2990/4 5739/2988/4
f 5739/2988/4 5759/3012/4 5760/3014/4
f 5761/3015/4 5741/2991/4 5740/2990/4
f 5740/2990/4 5760/3014/4 5761/3015/4
f 5762/3016/4 5742/2992/4 5741/2991/4
f 5741/2991/4 5761/3015/4 5762/3016/4
f 5763/3017/4 5743/2993/4 5742/2992/4
f 5742/2992/4 5762/3016/4 5763/3017/4
f 5764/3018/2 5744/2994/2 5743/2995/2
f 5743/2995/2 5763/3019/2 5764/3018/2
f 5765/3020/2 5745/2996/2 5744/2994/2
f 5744/2994/2 5764/3018/2 5765/3020/2
f 5766/3021/2 5746/2997/2 5745/2996/2
f 5745/2996/2 5765/3020/2 5766/3021/2
f 5767/3022/2 5747/2998/2 5746/2997/2
f 5746/2997/2 5766/3021/2 5767/3022/2
f 5768/3023/2 5748/2999/2 5747/2998/2
f 5747/2998/2 5767/3022/2 5768/3023/2
f 5769/3024/1 5749/3000/1 5748/3001/1
f 5748/3001/1 5768/3025/1 5769/3024/1
f 5751/3003/1 5731/2979/1 5749/3000/1
f 5749/3000/1 5769/3024/1 5751/3003/1
f 5770/3026/1 5750/3002/1 5751/3003/1
f 5751/3003/1 5771/3027/1 5770/3026/1
f 5772/3028/1 5752/3004/1 5750/3002/1
f 5750/3002/1 5770/3026/1 5772/3028/1
f 5773/3029/1 5753/3005/1 5752/3004/1
f 5752/3004/1 5772/3028/1 5773/3029/1
f 5774/3030/3 5754/3006/3 5753/3007/3
f 5753/3007/3 5773/3031/3 5774/3030/3
f 5775/3032/3 5755/3008/3 5754/3006/3
f 5754/3006/3 5774/3030/3 5775/3032/3
f 5776/3033/3 5756/3009/3 5755/3008/3
f 5755/3008/3 5775/3032/3 5776/3033/3
f 5777/3034/3 5757/3010/3 5756/3009/3
f 5756/3009/3 5776/3033/3 5777/3034/3
f 5778/3035/3 5758/3011/3 5757/3010/3
f 5757/3010/3 5777/3034/3 5778/3035/3
f 5779/3036/4 5759/3012/4 5758/3013/4
f 5758/3013/4 5778/3037/4 5779/3036/4
f 5780/3038/4 5760/3014/4 5759/3012/4
f 5759/3012/4 5779/3036/4 5780/3038/4
f 5781/3039/4 5761/3015/4 5760/3014/4
f 5760/3014/4 5780/3038/4 5781/3039/4
f 5782/3040/4 5762/3016/4 5761/3015/4
f 5761/3015/4 5781/3039/4 5782/3040/4
f 5783/3041/4 5763/3017/4 5762/3016/4
f 5762/3016/4 5782/3040/4 5783/3041/4
f 5784/3042/2 5764/3018/2 5763/3019/2
f 5763/3019/2 5783/3043/2 5784/3042/2
f 5785/3044/2 5765/3020/2 5764/3018/2
f 5764/3018/2 5784/3042/2 5785/3044/2
f 5786/3045/2 5766/3021/2 5765/3020/2
f 5765/3020/2 5785/3044/2 5786/3045/2
f 5787/3046/2 5767/3022/2 5766/3021/2
f 5766/3021/2 5786/3045/2 5787/3046/2
f 5788/3047/2 5768/3023/2 5767/3022/2
f 5767/3022/2 5787/3046/2 5788/3047/2
f 5789/3048/1 5769/3024/1 5768/3025/1
f 5768/3025/1 5788/3049/1 5789/3048/1
f 5771/3027/1 5751/3003/1 5769/3024/1
f 5769/3024/1 5789/3048/1 5771/3027/1
f 5790/3050/1 5770/3026/1 5771/3027/1
f 5771/3027/1 5791/3051/1 5790/3050/1
f 5792/3052/1 5772/3028/1 5770/3026/1
f 5770/3026/1 5790/3050/1 5792/3052/1
f 5793/3053/1 5773/3029/1 5772/3028/1
f 5772/3028/1 5792/3052/1 5793/3053/1
f 5794/3054/3 5774/3030/3 5773/3031/3
f 5773/3031/3 5793/3055/3 5794/3054/3
f 5795/3056/3 5775/3032/3 5774/3030/3
f 5774/3030/3 5794/3054/3 5795/3056/3
f 5796/3057/3 5776/3033/3 5775/3032/3
f 5775/3032/3 5795/3056/3 5796/3057/3
f 5797/3058/3 5777/3034/3 5776/3033/3
f 5776/3033/3 5796/3057/3 5797/3058/3
f 5798/3059/3 5778/3035/3 5777/3034/3
f 5777/3034/3 5797/3058/3 5798/3059/3
f 5799/3060/4 5779/3036/4 5778/3037/4
f 5778/3037/4 5798/3061/4 5799/3060/4
f 5800/3062/4 5780/3038/4 5779/3036/4
f 5779/3036/4 5799/3060/4 5800/3062/4
f 5801/3063/4 5781/3039/4 5780/3038/4
f 5780/3038/4 5800/3062/4 5801/3063/4
f 5802/3064/4 5782/3040/4 5781/3039/4
f 5781/3039/4 5801/3063/4 5802/3064/4
f 5803/3065/4 5783/3041/4 5782/3040/4
f 5782/3040/4 5802/3064/4 5803/3065/4
f 5804/3066/2 5784/3042/2 5783/3043/2
f 5783/3043/2 5803/3067/2 5804/3066/2
f 5805/3068/2 5785/3044/2 5784/3042/2
f 5784/3042/2 5804/3066/2 5805/3068/2
f 5806/3069/2 5786/3045/2 5785/3044/2
f 5785/3044/2 5805/3068/2 5806/3069/2
f 5807/3070/2 5787/3046/2 5786/3045/2
f 5786/3045/2 5806/3069/2 5807/3070/2
f 5808/3071/2 5788/3047/2 5787/3046/2
f 5787/3046/2 5807/3070/2 5808/3071/2
f 5809/3072/1 5789/3048/1 5788/3049/1
f 5788/3049/1 5808/3073/1 5809/3072/1
f 5791/3051/1 5771/3027/1 5789/3048/1
f 5789/3048/1 5809/3072/1 5791/3051/1
f 5810/3074/1 5790/3050/1 5791/3051/1
f 5791/3051/1 5811/3075/1 5810/3074/1
f 5812/3076/1 5792/3052/1 5790/3050/1
f 5790/3050/1 5810/3074/1 5812/3076/1
f 5813/3077/1 5793/3053/1 5792/3052/1
f 5792/3052/1 5812/3076/1 5813/3077/1
f 5814/3078/3 5794/3054/3 5793/3055/3
f 5793/3055/3 5813/3079/3 5814/3078/3
f 5815/3080/3 5795/3056/3 5794/3054/3
f 5794/3054/3 5814/3078/3 5815/3080/3
f 5816/3081/3 5796/3057/3 5795/3056/3
f 5795/3056/3 5815/3080/3 5816/3081/3
f 5817/3082/3 5797/3058/3 5796/3057/3
f 5796/3057/3 5816/3081/3 5817/3082/3
f 5818/3083/3 5798/3059/3 5797/3058/3
f 5797/3058/3 5817/3082/3 5818/3083/3
f 5819/3084/4 5799/3060/4 5798/3061/4
f 5798/3061/4 5818/3085/4 5819/3084/4
f 5820/3086/4 5800/3062/4 5799/3060/4
f 5799/3060/4 5819/3084/4 5820/3086/4
f 5821/3087/4 5801/3063/4 5800/3062/4
f 5800/3062/4 5820/3086/4 5821/3087/4
f 5822/3088/4 5802/3064/4 5801/3063/4
f 5801/3063/4 5821/3087/4 5822/3088/4
f 5823/3089/4 5803/3065/4 5802/3064/4
f 5802/3064/4 5822/3088/4 5823/3089/4
f 5824/3090/2 5804/3066/2 5803/3067/2
f 5803/3067/2 5823/3091/2 5824/3090/2
f 5825/3092/2 5805/3068/2 5804/3066/2
f 5804/3066/2 5824/3090/2 5825/3092/2
f 5826/3093/2 5806/3069/2 5805/3068/2
f 5805/3068/2 5825/3092/2 5826/3093/2
f 5827/3094/2 5807/3070/2 5806/3069/2
f 5806/3069/2 5826/3093/2 5827/3094/2
f 5828/3095/2 5808/3071/2 5807/3070/2
f 5807/3070/2 5827/3094/2 5828/3095/2
f 5829/3096/1 5809/3072/1 5808/3073/1
f 5808/3073/1 5828/3097/1 5829/3096/1
f 5811/3075/1 5791/3051/1 5809/3072/1
f 5809/3072/1 5829/3096/1 5811/3075/1
f 5830/3098/1 5810/3074/1 5811/3075/1
f 5811/3075/1 5831/3099/1 5830/3098/1
f 5832/3100/1 5812/3076/1 5810/3074/1
f 5810/3074/1 5830/3098/1 5832/3100/1
f 5833/3101/1 5813/3077/1 5812/3076/1
f 5812/3076/1 5832/3100/1 5833/3101/1
f 5834/3102/3 5814/3078/3 5813/3079/3
f 5813/3079/3 5833/3103/3 5834/3102/3
f 5835/3104/3 5815/3080/3 5814/3078/3
f 5814/3078/3 5834/3102/3 5835/3104/3
f 5836/3105/3 5816/3081/3 5815/3080/3
f 5815/3080/3 5835/3104/3 5836/3105/3
f 5837/3106/3 5817/3082/3 5816/3081/3
f 5816/3081/3 5836/3105/3 5837/3106/3
f 5838/3107/3 5818/3083/3 5817/3082/3
f 5817/3082/3 5837/3106/3 5838/3107/3
f 5839/3108/4 5819/3084/4 5818/3085/4
f 5818/3085/4 5838/3109/4 5839/3108/4
f 5840/3110/4 5820/3086/4 5819/3084/4
f 5819/3084/4 5839/3108/4 5840/3110/4
f 5841/3111/4 5821/3087/4 5820/3086/4
f 5820/3086/4 5840/3110/4 5841/3111/4
f 5842/3112/4 5822/3088/4 5821/3087/4
f 5821/3087/4 5841/3111/4 5842/3112/4
f 5843/3113/4 5823/3089/4 5822/3088/4
f 5822/3088/4 5842/3112/4 5843/3113/4
f 5844/3114/2 5824/3090/2 5823/3091/2
f 5823/3091/2 5843/3115/2 5844/3114/2
f 5845/3116/2 5825/3092/2 5824/3090/2
f 5824/3090/2 5844/3114/2 5845/3116/2
f 5846/3117/2 5826/3093/2 5825/3092/2
f 5825/3092/2 5845/3116/2 5846/3117/2
f 5847/3118/2 5827/3094/2 5826/3093/2
f 5826/3093/2 5846/3117/2 5847/3118/2
f 5848/3119/2 5828/3095/2 5827/3094/2
f 5827/3094/2 5847/3118/2 5848/3119/2
f 5849/3120/1 5829/3096/1 5828/3097/1
f 5828/3097/1 5848/3121/1 5849/3120/1
f 5831/3099/1 5811/3075/1 5829/3096/1
f 5829/3096/1 5849/3120/1 5831/3099/1
f 5850/3122/1 5830/3098/1 5831/3099/1
f 5831/3099/1 5851/3123/1 5850/3122/1
f 5852/3124/1 5832/3100/1 5830/3098/1
f 5830/3098/1 5850/3122/1 5852/3124/1
f 5853/3125/1 5833/3101/1 5832/3100/1
f 5832/3100/1 5852/3124/1 5853/3125/1
f 5854/3126/3 5834/3102/3 5833/3103/3
f 5833/3103/3 5853/3127/3 5854/3126/3
f 5855/3128/3 5835/3104/3 5834/3102/3
f 5834/3102/3 5854/3126/3 5855/3128/3
f 5856/3129/3 5836/3105/3 5835/3104/3
f 5835/3104/3 5855/3128/3 5856/3129/3
f 5857/3130/3 5837/3106/3 5836/3105/3
f 5836/3105/3 5856/3129/3 5857/3130/3
f 5858/3131/3 5838/3107/3 5837/3106/3
f 5837/3106/3 5857/3130/3 5858/3131/3
f 5859/3132/4 5839/3108/4 5838/3109/4
f 5838/3109/4 5858/3133/4 5859/3132/4
f 5860/3134/4 5840/3110/4 5839/3108/4
f 5839/3108/4 5859/3132/4 5860/3134/4
f 5861/3135/4 5841/3111/4 5840/3110/4
f 5840/3110/4 5860/3134/4 5861/3135/4
f 5862/3136/4 5842/3112/4 5841/3111/4
f 5841/3111/4 5861/3135/4 5862/3136/4
f 5863/3137/4 5843/3113/4 5842/3112/4
f 5842/3112/4 5862/3136/4 5863/3137/4
f 5864/3138/2 5844/3114/2 5843/3115/2
f 5843/3115/2 5863/3139/2 5864/3138/2
f 5865/3140/2 5845/3116/2 5844/3114/2
f 5844/3114/2 5864/3138/2 5865/3140/2
f 5866/3141/2 5846/3117/2 5845/3116/2
f 5845/3116/2 5865/3140/2 5866/3141/2
f 5867/3142/2 5847/3118/2 5846/3117/2
f 5846/3117/2 5866/3141/2 5867/3142/2
f 5868/3143/2 5848/3119/2 5847/3118/2
f 5847/3118/2 5867/3142/2 5868/3143/2
f 5869/3144/1 5849/3120/1 5848/3121/1
f 5848/3121/1 5868/3145/1 5869/3144/1
f 5851/3123/1 5831/3099/1 5849/3120/1
f 5849/3120/1 5869/3144/1 5851/3123/1
f 5870/3146/1 5850/3122/1 5851/3123/1
f 5851/3123/1 5871/3147/1 5870/3146/1
f 5872/3148/1 5852/3124/1 5850/3122/1
f 5850/3122/1 5870/3146/1 5872/3148/1
f 5873/3149/1 5853/3125/1 5852/3124/1
f 5852/3124/1 5872/3148/1 5873/3149/1
f 5874/3150/3 5854/3126/3 5853/3127/3
f 5853/3127/3 5873/3151/3 5874/3150/3
f 5875/3152/3 5855/3128/3 5854/3126/3
f 5854/3126/3 5874/3150/3 5875/3152/3
f 5876/3153/3 5856/3129/3 5855/3128/3
f 5855/3128/3 5875/3152/3 5876/3153/3
f 5877/3154/3 5857/3130/3 5856/3129/3
f 5856/3129/3 5876/3153/3 5877/3154/3
f 5878/3155/3 5858/3131/3 5857/3130/3
f 5857/3130/3 5877/3154/3 5878/3155/3
f 5879/3156/4 5859/3132/4 5858/3133/4
f 5858/3133/4 5878/3157/4 5879/3156/4
f 5880/3158/4 5860/3134/4 5859/3132/4
f 5859/3132/4 5879/3156/4 5880/3158/4
f 5881/3159/4 5861/3135/4 5860/3134/4
f 5860/3134/4 5880/3158/4 5881/3159/4
f 5882/3160/4 5862/3136/4 5861/3135/4
f 5861/3135/4 5881/3159/4 5882/3160/4
f 5883/3161/4 5863/3137/4 5862/3136/4
f 5862/3136/4 5882/3160/4 5883/3161/4
f 5884/3162/2 5864/3138/2 5863/3139/2
f 5863/3139/2 5883/3163/2 5884/3162/2
f 5885/3164/2 5865/3140/2 5864/3138/2
f 5864/3138/2 5884/3162/2 5885/3164/2
f 5886/3165/2 5866/3141/2 5865/3140/2
f 5865/3140/2 5885/3164/2 5886/3165/2
f 5887/3166/2 5867/3142/2 5866/3141/2
f 5866/3141/2 5886/3165/2 5887/3166/2
f 5888/3167/2 5868/3143/2 5867/3142/2
f 5867/3142/2 5887/3166/2 5888/3167/2
f 5889/3168/1 5869/3144/1 5868/3145/1
f 5868/3145/1 5888/3169/1 5889/3168/1
f 5871/3147/1 5851/3123/1 5869/3144/1
f 5869/3144/1 5889/3168/1 5871/3147/1
f 5890/3170/1 5870/3146/1 5871/3147/1
f 5871/3147/1 5891/3171/1 5890/3170/1
f 5892/3172/1 5872/3148/1 5870/3146/1
f 5870/3146/1 5890/3170/1 5892/3172/1
f 5893/3173/1 5873/3149/1 5872/3148/1
f 5872/3148/1 5892/3172/1 5893/3173/1
f 5894/3174/3 5874/3150/3 5873/3151/3
f 5873/3151/3 5893/3175/3 5894/3174/3
f 5895/3176/3 5875/3152/3 5874/3150/3
f 5874/3150/3 5894/3174/3 5895/3176/3
f 5896/3177/3 5876/3153/3 5875/3152/3
f 5875/3152/3 5895/3176/3 5896/3177/3
f 5897/3178/3 5877/3154/3 5876/3153/3
f 5876/3153/3 5896/3177/3 5897/3178/3
f 5898/3179/3 5878/3155/3 5877/3154/3
f 5877/3154/3 5897/3178/3 5898/3179/3
f 5899/3180/4 5879/3156/4 5878/3157/4
f 5878/3157/4 5898/3181/4 5899/3180/4
f 5900/3182/4 5880/3158/4 5879/3156/4
f 5879/3156/4 5899/3180/4 5900/3182/4
f 5901/3183/4 5881/3159/4 5880/3158/4
f 5880/3158/4 5900/3182/4 5901/3183/4
f 5902/3184/4 5882/3160/4 5881/3159/4
f 5881/3159/4 5901/3183/4 5902/3184/4
f 5903/3185/4 5883/3161/4 5882/3160/4
f 5882/3160/4 5902/3184/4 5903/3185/4
f 5904/3186/2 5884/3162/2 5883/3163/2
f 5883/3163/2 5903/3187/2 5904/3186/2
f 5905/3188/2 5885/3164/2 5884/3162/2
f 5884/3162/2 5904/3186/2 5905/3188/2
f 5906/3189/2 5886/3165/2 5885/3164/2
f 5885/3164/2 5905/3188/2 5906/3189/2
f 5907/3190/2 5887/3166/2 5886/3165/2
f 5886/3165/2 5906/3189/2 5907/3190/2
f 5908/3191/2 5888/3167/2 5887/3166/2
f 5887/3166/2 5907/3190/2 5908/3191/2
f 5909/3192/1 5889/3168/1 5888/3169/1
f 5888/3169/1 5908/3193/1 5909/3192/1
f 5891/3171/1 5871/3147/1 5889/3168/1
f 5889/3168/1 5909/3192/1 5891/3171/1
f 5910/3194/1 5890/3170/1 5891/3171/1
f 5891/3171/1 5911/3195/1 5910/3194/1
f 5912/3196/1 5892/3172/1 5890/3170/1
f 5890/3170/1 5910/3194/1 5912/3196/1
f 5913/3197/1 5893/3173/1 5892/3172/1
f 5892/3172/1 5912/3196/1 5913/3197/1
f 5914/3198/3 5894/3174/3 5893/3175/3
f 5893/3175/3 5913/3199/3 5914/3198/3
f 5915/3200/3 5895/3176/3 5894/3174/3
f 5894/3174/3 5914/3198/3 5915/3200/3
f 5916/3201/3 5896/3177/3 5895/3176/3
f 5895/3176/3 5915/3200/3 5916/3201/3
f 5917/3202/3 5897/3178/3 5896/3177/3
f 5896/3177/3 5916/3201/3 5917/3202/3
f 5918/3203/3 5898/3179/3 5897/3178/3
f 5897/3178/3 5917/3202/3 5918/3203/3
f 5919/3204/4 5899/3180/4 5898/3181/4
f 5898/3181/4 5918/3205/4 5919/3204/4
f 5920/3206/4 5900/3182/4 5899/3180/4
f 5899/3180/4 5919/3204/4 5920/3206/4
f 5921/3207/4 5901/3183/4 5900/3182/4
f 5900/3182/4 5920/3206/4 5921/3207/4
f 5922/3208/4 5902/3184/4 5901/3183/4
f 5901/3183/4 5921/3207/4 5922/3208/4
f 5923/3209/4 5903/3185/4 5902/3184/4
f 5902/3184/4 5922/3208/4 5923/3209/4
f 5924/3210/2 5904/3186/2 5903/3187/2
f 5903/3187/2 5923/3211/2 5924/3210/2
f 5925/3212/2 5905/3188/2 5904/3186/2
f 5904/3186/2 5924/3210/2 5925/3212/2
f 5926/3213/2 5906/3189/2 5905/3188/2
f 5905/3188/2 5925/3212/2 5926/3213/2
f 5927/3214/2 5907/3190/2 5906/3189/2
f 5906/3189/2 5926/3213/2 5927/3214/2
f 5928/3215/2 5908/3191/2 5907/3190/2
f 5907/3190/2 5927/3214/2 5928/3215/2
f 5929/3216/1 5909/3192/1 5908/3193/1
f 5908/3193/1 5928/3217/1 5929/3216/1
f 5911/3195/1 5891/3171/1 5909/3192/1
f 5909/3192/1 5929/3216/1 5911/3195/1
f 5930/3218/1 5910/3194/1 5911/3195/1
f 5911/3195/1 5931/3219/1 5930/3218/1
f 5932/3220/1 5912/3196/1 5910/3194/1
f 5910/3194/1 5930/3218/1 5932/3220/1
f 5933/3221/1 5913/3197/1 5912/3196/1
f 5912/3196/1 5932/3220/1 5933/3221/1
f 5934/3222/3 5914/3198/3 5913/3199/3
f 5913/3199/3 5933/3223/3 5934/3222/3
f 5935/3224/3 5915/3200/3 5914/3198/3
f 5914/3198/3 5934/3222/3 5935/3224/3
f 5936/3225/3 5916/3201/3 5915/3200/3
f 5915/3200/3 5935/3224/3 5936/3225/3
f 5937/3226/3 5917/3202/3 5916/3201/3
f 5916/3201/3 5936/3225/3 5937/3226/3
f 5938/3227/3 5918/3203/3 5917/3202/3
f 5917/3202/3 5937/3226/3 5938/3227/3
f 5939/3228/4 5919/3204/4 5918/3205/4
f 5918/3205/4 5938/3229/4 5939/3228/4
f 5940/3230/4 5920/3206/4 5919/3204/4
f 5919/3204/4 5939/3228/4 5940/3230/4
f 5941/3231/4 5921/3207/4 5920/3206/4
f 5920/3206/4 5940/3230/4 5941/3231/4
f 5942/3232/4 5922/3208/4 5921/3207/4
f 5921/3207/4 5941/3231/4 5942/3232/4
f 5943/3233/4 5923/3209/4 5922/3208/4
f 5922/3208/4 5942/3232/4 5943/3233/4
f 5944/3234/2 5924/3210/2 5923/3211/2
f 5923/3211/2 5943/3235/2 5944/3234/2
f 5945/3236/2 5925/3212/2 5924/3210/2
f 5924/3210/2 5944/3234/2 5945/3236/2
f 5946/3237/2 5926/3213/2 5925/3212/2
f 5925/3212/2 5945/3236/2 5946/3237/2
f 5947/3238/2 5927/3214/2 5926/3213/2
f 5926/3213/2 5946/3237/2 5947/3238/2
f 5948/3239/2 5928/3215/2 5927/3214/2
f 5927/3214/2 5947/3238/2 5948/3239/2
f 5949/3240/1 5929/3216/1 5928/3217/1
f 5928/3217/1 5948/3241/1 5949/3240/1
f 5931/3219/1 5911/3195/1 5929/3216/1
f 5929/3216/1 5949/3240/1 5931/3219/1
f 5950/3242/1 5930/3218/1 5931/3219/1
f 5931/3219/1 5951/3243/1 5950/3242/1
f 5952/3244/1 5932/3220/1 5930/3218/1
f 5930/3218/1 5950/3242/1 5952/3244/1
f 5953/3245/1 5933/3221/1 5932/3220/1
f 5932/3220/1 5952/3244/1 5953/3245/1
f 5954/3246/3 5934/3222/3 5933/3223/3
f 5933/3223/3 5953/3247/3 5954/3246/3
f 5955/3248/3 5935/3224/3 5934/3222/3
f 5934/3222/3 5954/3246/3 5955/3248/3
f 5956/3249/3 5936/3225/3 5935/3224/3
f 5935/3224/3 5955/3248/3 5956/3249/3
f 5957/3250/3 5937/3226/3 5936/3225/3
f 5936/3225/3 5956/3249/3 5957/3250/3
f 5958/3251/3 5938/3227/3 5937/3226/3
f 5937/3226/3 5957/3250/3 5958/3251/3
f 5959/3252/4 5939/3228/4 5938/3229/4
f 5938/3229/4 5958/3253/4 5959/3252/4
f 5960/3254/4 5940/3230/4 5939/3228/4
f 5939/3228/4 5959/3252/4 5960/3254/4
f 5961/3255/4 5941/3231/4 5940/3230/4
f 5940/3230/4 5960/3254/4 5961/3255/4
f 5962/3256/4 5942/3232/4 5941/3231/4
f 5941/3231/4 5961/3255/4 5962/3256/4
f 5963/3257/4 5943/3233/4 5942/3232/4
f 5942/3232/4 5962/3256/4 5963/3257/4
f 5964/3258/2 5944/3234/2 5943/3235/2
f 5943/3235/2 5963/3259/2 5964/3258/2
f 5965/3260/2 5945/3236/2 5944/3234/2
f 5944/3234/2 5964/3258/2 5965/3260/2
f 5966/3261/2 5946/3237/2 5945/3236/2
f 5945/3236/2 5965/3260/2 5966/3261/2
f 5967/3262/2 5947/3238/2 5946/3237/2
f 5946/3237/2 5966/3261/2 5967/3262/2
f 5968/3263/2 5948/3239/2 5947/3238/2
f 5947/3238/2 5967/3262/2 5968/3263/2
f 5969/3264/1 5949/3240/1 5948/3241/1
f 5948/3241/1 5968/3265/1 5969/3264/1
f 5951/3243/1 5931/3219/1 5949/3240/1
f 5949/3240/1 5969/3264/1 5951/3243/1
f 5970/3266/1 5950/3242/1 5951/3243/1
f 5951/3243/1 5971/3267/1 5970/3266/1
f 5972/3268/1 5952/3244/1 5950/3242/1
f 5950/3242/1 5970/3266/1 5972/3268/1
f 5973/3269/1 5953/3245/1 5952/3244/1
f 5952/3244/1 5972/3268/1 5973/3269/1
f 5974/3270/3 5954/3246/3 5953/3247/3
f 5953/3247/3 5973/3271/3 5974/3270/3
f 5975/3272/3 5955/3248/3 5954/3246/3
f 5954/3246/3 5974/3270/3 5975/3272/3
f 5976/3273/3 5956/3249/3 5955/3248/3
f 5955/3248/3 5975/3272/3 5976/3273/3
f 5977/3274/3 5957/3250/3 5956/3249/3
f 5956/3249/3 5976/3273/3 5977/3274/3
f 5978/3275/3 5958/3251/3 5957/3250/3
f 5957/3250/3 5977/3274/3 5978/3275/3
f 5979/3276/4 5959/3252/4 5958/3253/4
f 5958/3253/4 5978/3277/4 5979/3276/4
f 5980/3278/4 5960/3254/4 5959/3252/4
f 5959/3252/4 5979/3276/4 5980/3278/4
f 5981/3279/4 5961/3255/4 5960/3254/4
f 5960/3254/4 5980/3278/4 5981/3279/4
f 5982/3280/4 5962/3256/4 5961/3255/4
f 5961/3255/4 5981/3279/4 5982/3280/4
f 5983/3281/4 5963/3257/4 5962/3256/4
f 5962/3256/4 5982/3280/4 5983/3281/4
f 5984/3282/2 5964/3258/2 5963/3259/2
f 5963/3259/2 5983/3283/2 5984/3282/2
f 5985/3284/2 5965/3260/2 5964/3258/2
f 5964/3258/2 5984/3282/2 5985/3284/2
f 5986/3285/2 5966/3261/2 5965/3260/2
f 5965/3260/2 5985/3284/2 5986/3285/2
f 5987/3286/2 5967/3262/2 5966/3261/2
f 5966/3261/2 5986/3285/2 5987/3286/2
f 5988/3287/2 5968/3263/2 5967/3262/2
f 5967/3262/2 5987/3286/2 5988/3287/2
f 5989/3288/1 5969/3264/1 5968/3265/1
f 5968/3265/1 5988/3289/1 5989/3288/1
f 5971/3267/1 5951/3243/1 5969/3264/1
f 5969/3264/1 5989/3288/1 5971/3267/1
f 5990/3290/1 5970/3266/1 5971/3267/1
f 5971/3267/1 5991/3291/1 5990/3290/1
f 5992/3292/1 5972/3268/1 5970/3266/1
f 5970/3266/1 5990/3290/1 5992/3292/1
f 5993/3293/1 5973/3269/1 5972/3268/1
f 5972/3268/1 5992/3292/1 5993/3293/1
f 5994/3294/3 5974/3270/3 5973/3271/3
f 5973/3271/3 5993/3295/3 5994/3294/3
f 5995/3296/3 5975/3272/3 5974/3270/3
f 5974/3270/3 5994/3294/3 5995/3296/3
f 5996/3297/3 5976/3273/3 5975/3272/3
f 5975/3272/3 5995/3296/3 5996/3297/3
f 5997/3298/3 5977/3274/3 5976/3273/3
f 5976/3273/3 5996/3297/3 5997/3298/3
f 5998/3299/3 5978/3275/3 5977/3274/3
f 5977/3274/3 5997/3298/3 5998/3299/3
f 5999/3300/4 5979/3276/4 5978/3277/4
f 5978/3277/4 5998/3301/4 5999/3300/4
f 6000/3302/4 5980/3278/4 5979/3276/4
f 5979/3276/4 5999/3300/4 6000/3302/4
f 6001/3303/4 5981/3279/4 5980/3278/4
f 5980/3278/4 6000/3302/4 6001/3303/4
f 6002/3304/4 5982/3280/4 5981/3279/4
f 5981/3279/4 6001/3303/4 6002/3304/4
f 6003/3305/4 5983/3281/4 5982/3280/4
f 5982/3280/4 6002/3304/4 6003/3305/4
f 6004/3306/2 5984/3282/2 5983/3283/2
f 5983/3283/2 6003/3307/2 6004/3306/2
f 6005/3308/2 5985/3284/2 5984/3282/2
f 5984/3282/2 6004/3306/2 6005/3308/2
f 6006/3309/2 5986/3285/2 5985/3284/2
f 5985/3284/2 6005/3308/2 6006/3309/2
f 6007/3310/2 5987/3286/2 5986/3285/2
f 5986/3285/2 6006/3309/2 6007/3310/2
f 6008/3311/2 5988/3287/2 5987/3286/2
f 5987/3286/2 6007/3310/2 6008/3311/2
f 6009/3312/1 5989/3288/1 5988/3289/1
f 5988/3289/1 6008/3313/1 6009/3312/1
f 5991/3291/1 5971/3267/1 5989/3288/1
f 5989/3288/1 6009/3312/1 5991/3291/1
f 6010/3314/1 5990/3290/1 5991/3291/1
f 5991/3291/1 6011/3315/1 6010/3314/1
f 6012/3316/1 5992/3292/1 5990/3290/1
f 5990/3290/1 6010/3314/1 6012/3316/1
f 6013/3317/1 5993/3293/1 5992/3292/1
f 5992/3292/1 6012/3316/1 6013/3317/1
f 6014/3318/3 5994/3294/3 5993/3295/3
f 5993/3295/3 6013/3319/3 6014/3318/3
f 6015/3320/3 5995/3296/3 5994/3294/3
f 5994/3294/3 6014/3318/3 6015/3320/3
f 6016/3321/3 5996/3297/3 5995/3296/3
f 5995/3296/3 6015/3320/3 6016/3321/3
f 6017/3322/3 5997/3298/3 5996/3297/3
f 5996/3297/3 6016/3321/3 6017/3322/3
f 6018/3323/3 5998/3299/3 5997/3298/3
f 5997/3298/3 6017/3322/3 6018/3323/3
f 6019/3324/4 5999/3300/4 5998/3301/4
f 5998/3301/4 6018/3325/4 6019/3324/4
f 6020/3326/4 6000/3302/4 5999/3300/4
f 5999/3300/4 6019/3324/4 6020/3326/4
f 6021/3327/4 6001/3303/4 6000/3302/4
f 6000/3302/4 6020/3326/4 6021/3327/4
f 6022/3328/4 6002/3304/4 6001/3303/4
f 6001/3303/4 6021/3327/4 6022/3328/4
f 6023/3329/4 6003/3305/4 6002/3304/4
f 6002/3304/4 6022/3328/4 6023/3329/4
f 6024/3330/2 6004/3306/2 6003/3307/2
f 6003/3307/2 6023/3331/2 6024/3330/2
f 6025/3332/2 6005/3308/2 6004/3306/2
f 6004/3306/2 6024/3330/2 6025/3332/2
f 6026/3333/2 6006/3309/2 6005/3308/2
f 6005/3308/2 6025/3332/2 6026/3333/2
f 6027/3334/2 6007/3310/2 6006/3309/2
f 6006/3309/2 6026/3333/2 6027/3334/2
f 6028/3335/2 6008/3311/2 6007/3310/2
f 6007/3310/2 6027/3334/2 6028/3335/2
f 6029/3336/1 6009/3312/1 6008/3313/1
f 6008/3313/1 6028/3337/1 6029/3336/1
f 6011/3315/1 5991/3291/1 6009/3312/1
f 6009/3312/1 6029/3336/1 6011/3315/1
f 6030/3338/1 6010/3314/1 6011/3315/1
f 6011/3315/1 6031/3339/1 6030/3338/1
f 6032/3340/1 6012/3316/1 6010/3314/1
f 6010/3314/1 6030/3338/1 6032/3340/1
f 6033/3341/1 6013/3317/1 6012/3316/1
f 6012/3316/1 6032/3340/1 6033/3341/1
f 6034/3342/3 6014/3318/3 6013/3319/3
f 6013/3319/3 6033/3343/3 6034/3342/3
f 6035/3344/3 6015/3320/3 6014/3318/3
f 6014/3318/3 6034/3342/3 6035/3344/3
f 6036/3345/3 6016/3321/3 6015/3320/3
f 6015/3320/3 6035/3344/3 6036/3345/3
f 6037/3346/3 6017/3322/3 6016/3321/3
f 6016/3321/3 6036/3345/3 6037/3346/3
f 6038/3347/3 6018/3323/3 6017/3322/3
f 6017/3322/3 6037/3346/3 6038/3347/3
f 6039/3348/4 6019/3324/4 6018/3325/4
f 6018/3325/4 6038/3349/4 6039/3348/4
f 6040/3350/4 6020/3326/4 6019/3324/4
f 6019/3324/4 6039/3348/4 6040/3350/4
f 6041/3351/4 6021/3327/4 6020/3326/4
f 6020/3326/4 6040/3350/4 6041/3351/4
f 6042/3352/4 6022/3328/4 6021/3327/4
f 6021/3327/4 6041/3351/4 6042/3352/4
f 6043/3353/4 6023/3329/4 6022/3328/4
f 6022/3328/4 6042/3352/4 6043/3353/4
f 6044/3354/2 6024/3330/2 6023/3331/2
f 6023/3331/2 6043/3355/2 6044/3354/2
f 6045/3356/2 6025/3332/2 6024/3330/2
f 6024/3330/2 6044/3354/2 6045/3356/2
f 6046/3357/2 6026/3333/2 6025/3332/2
f 6025/3332/2 6045/3356/2 6046/3357/2
f 6047/3358/2 6027/3334/2 6026/3333/2
f 6026/3333/2 6046/3357/2 6047/3358/2
f 6048/3359/2 6028/3335/2 6027/3334/2
f 6027/3334/2 6047/3358/2 6048/3359/2
f 6049/3360/1 6029/3336/1 6028/3337/1
f 6028/3337/1 6048/3361/1 6049/3360/1
f 6031/3339/1 6011/3315/1 6029/3336/1
f 6029/3336/1 6049/3360/1 6031/3339/1
f 6050/3362/1 6030/3338/1 6031/3339/1
f 6031/3339/1 6051/3363/1 6050/3362/1
f 6052/3364/1 6032/3340/1 6030/3338/1
f 6030/3338/1 6050/3362/1 6052/3364/1
f 6053/3365/1 6033/3341/1 6032/3340/1
f 6032/3340/1 6052/3364/1 6053/3365/1
f 6054/3366/3 6034/3342/3 6033/3343/3
f 6033/3343/3 6053/3367/3 6054/3366/3
f 6055/3368/3 6035/3344/3 6034/3342/3
f 6034/3342/3 6054/3366/3 6055/3368/3
f 6056/3369/3 6036/3345/3 6035/3344/3
f 6035/3344/3 6055/3368/3 6056/3369/3
f 6057/3370/3 6037/3346/3 6036/3345/3
f 6036/3345/3 6056/3369/3 6057/3370/3
f 6058/3371/3 6038/3347/3 6037/3346/3
f 6037/3346/3 6057/3370/3 6058/3371/3
f 6059/3372/4 6039/3348/4 6038/3349/4
f 6038/3349/4 6058/3373/4 6059/3372/4
f 6060/3374/4 6040/3350/4 6039/3348/4
f 6039/3348/4 6059/3372/4 6060/3374/4
f 6061/3375/4 6041/3351/4 6040/3350/4
f 6040/3350/4 6060/3374/4 6061/3375/4
f 6062/3376/4 6042/3352/4 6041/3351/4
f 6041/3351/4 6061/3375/4 6062/3376/4
f 6063/3377/4 6043/3353/4 6042/3352/4
f 6042/3352/4 6062/3376/4 6063/3377/4
f 6064/3378/2 6044/3354/2 6043/3355/2
f 6043/3355/2 6063/3379/2 6064/3378/2
f 6065/3380/2 6045/3356/2 6044/3354/2
f 6044/3354/2 6064/3378/2 6065/3380/2
f 6066/3381/2 6046/3357/2 6045/3356/2
f 6045/3356/2 6065/3380/2 6066/3381/2
f 6067/3382/2 6047/3358/2 6046/3357/2
f 6046/3357/2 6066/3381/2 6067/3382/2
f 6068/3383/2 6048/3359/2 6047/3358/2
f 6047/3358/2 6067/3382/2 6068/3383/2
f 6069/3384/1 6049/3360/1 6048/3361/1
f 6048/3361/1 6068/3385/1 6069/3384/1
f 6051/3363/1 6031/3339/1 6049/3360/1
f 6049/3360/1 6069/3384/1 6051/3363/1
f 6070/3386/1 6050/3362/1 6051/3363/1
f 6051/3363/1 6071/3387/1 6070/3386/1
f 6072/3388/1 6052/3364/1 6050/3362/1
f 6050/3362/1 6070/3386/1 6072/3388/1
f 6073/3389/1 6053/3365/1 6052/3364/1
f 6052/3364/1 6072/3388/1 6073/3389/1
f 6074/3390/3 6054/3366/3 6053/3367/3
f 6053/3367/3 6073/3391/3 6074/3390/3
f 6075/3392/3 6055/3368/3 6054/3366/3
f 6054/3366/3 6074/3390/3 6075/3392/3
f 6076/3393/3 6056/3369/3 6055/3368/3
f 6055/3368/3 6075/3392/3 6076/3393/3
f 6077/3394/3 6057/3370/3 6056/3369/3
f 6056/3369/3 6076/3393/3 6077/3394/3
f 6078/3395/3 6058/3371/3 6057/3370/3
f 6057/3370/3 6077/3394/3 6078/3395/3
f 6079/3396/4 6059/3372/4 6058/3373/4
f 6058/3373/4 6078/3397/4 6079/3396/4
f 6080/3398/4 6060/3374/4 6059/3372/4
f 6059/3372/4 6079/3396/4 6080/3398/4
f 6081/3399/4 6061/3375/4 6060/3374/4
f 6060/3374/4 6080/3398/4 6081/3399/4
f 6082/3400/4 6062/3376/4 6061/3375/4
f 6061/3375/4 6081/3399/4 6082/3400/4
f 6083/3401/4 6063/3377/4 6062/3376/4
f 6062/3376/4 6082/3400/4 6083/3401/4
f 6084/3402/2 6064/3378/2 6063/3379/2
f 6063/3379/2 6083/3403/2 6084/3402/2
f 6085/3404/2 6065/3380/2 6064/3378/2
f 6064/3378/2 6084/3402/2 6085/3404/2
f 6086/3405/2 6066/3381/2 6065/3380/2
f 6065/3380/2 6085/3404/2 6086/3405/2
f 6087/3406/2 6067/3382/2 6066/3381/2
f 6066/3381/2 6086/3405/2 6087/3406/2
f 6088/3407/2 6068/3383/2 6067/3382/2
f 6067/3382/2 6087/3406/2 6088/3407/2
f 6089/3408/1 6069/3384/1 6068/3385/1
f 6068/3385/1 6088/3409/1 6089/3408/1
f 6071/3387/1 6051/3363/1 6069/3384/1
f 6069/3384/1 6089/3408/1 6071/3387/1
f 6090/3410/1 6070/3386/1 6071/3387/1
f 6071/3387/1 6091/3411/1 6090/3410/1
f 6092/3412/1 6072/3388/1 6070/3386/1
f 6070/3386/1 6090/3410/1 6092/3412/1
f 6093/3413/1 6073/3389/1 6072/3388/1
f 6072/3388/1 6092/3412/1 6093/3413/1
f 6094/3414/3 6074/3390/3 6073/3391/3
f 6073/3391/3 6093/3415/3 6094/3414/3
f 6095/3416/3 6075/3392/3 6074/3390/3
f 6074/3390/3 6094/3414/3 6095/3416/3
f 6096/3417/3 6076/3393/3 6075/3392/3
f 6075/3392/3 6095/3416/3 6096/3417/3
f 6097/3418/3 6077/3394/3 6076/3393/3
f 6076/3393/3 6096/3417/3 6097/3418/3
f 6098/3419/3 6078/3395/3 6077/3394/3
f 6077/3394/3 6097/3418/3 6098/3419/3
f 6099/3420/4 6079/3396/4 6078/3397/4
f 6078/3397/4 6098/3421/4 6099/3420/4
f 6100/3422/4 6080/3398/4 6079/3396/4
f 6079/3396/4 6099/3420/4 6100/3422/4
f 6101/3423/4 6081/3399/4 6080/3398/4
f 6080/3398/4 6100/3422/4 6101/3423/4
f 6102/3424/4 6082/3400/4 6081/3399/4
f 6081/3399/4 6101/3423/4 6102/3424/4
f 6103/3425/4 6083/3401/4 6082/3400/4
f 6082/3400/4 6102/3424/4 6103/3425/4
f 6104/3426/2 6084/3402/2 6083/3403/2
f 6083/3403/2 6103/3427/2 6104/3426/2
f 6105/3428/2 6085/3404/2 6084/3402/2
f 6084/3402/2 6104/3426/2 6105/3428/2
f 6106/3429/2 6086/3405/2 6085/3404/2
f 6085/3404/2 6105/3428/2 6106/3429/2
f 6107/3430/2 6087/3406/2 6086/3405/2
f 6086/3405/2 6106/3429/2 6107/3430/2
f 6108/3431/2 6088/3407/2 6087/3406/2
f 6087/3406/2 6107/3430/2 6108/3431/2
f 6109/3432/1 6089/3408/1 6088/3409/1
f 6088/3409/1 6108/3433/1 6109/3432/1
f 6091/3411/1 6071/3387/1 6089/3408/1
f 6089/3408/1 6109/3432/1 6091/3411/1
f 6110/3434/1 6090/3410/1 6091/3411/1
f 6091/3411/1 6111/3435/1 6110/3434/1
f 6112/3436/1 6092/3412/1 6090/3410/1
f 6090/3410/1 6110/3434/1 6112/3436/1
f 6113/3437/1 6093/3413/1 6092/3412/1
f 6092/3412/1 6112/3436/1 6113/3437/1
f 6114/3438/3 6094/3414/3 6093/3415/3
f 6093/3415/3 6113/3439/3 6114/3438/3
f 6115/3440/3 6095/3416/3 6094/3414/3
f 6094/3414/3 6114/3438/3 6115/3440/3
f 6116/3441/3 6096/3417/3 6095/3416/3
f 6095/3416/3 6115/3440/3 6116/3441/3
f 6117/3442/3 6097/3418/3 6096/3417/3
f 6096/3417/3 6116/3441/3 6117/3442/3
f 6118/3443/3 6098/3419/3 6097/3418/3
f 6097/3418/3 6117/3442/3 6118/3443/3
f 6119/3444/4 6099/3420/4 6098/3421/4
f 6098/3421/4 6118/3445/4 6119/3444/4
f 6120/3446/4 6100/3422/4 6099/3420/4
f 6099/3420/4 6119/3444/4 6120/3446/4
f 6121/3447/4 6101/3423/4 6100/3422/4
f 6100/3422/4 6120/3446/4 6121/3447/4
f 6122/3448/4 6102/3424/4 6101/3423/4
f 6101/3423/4 6121/3447/4 6122/3448/4
f 6123/3449/4 6103/3425/4 6102/3424/4
f 6102/3424/4 6122/3448/4 6123/3449/4
f 6124/3450/2 6104/3426/2 6103/3427/2
f 6103/3427/2 6123/3451/2 6124/3450/2
f 6125/3452/2 6105/3428/2 6104/3426/2
f 6104/3426/2 6124/3450/2 6125/3452/2
f 6126/3453/2 6106/3429/2 6105/3428/2
f 6105/3428/2 6125/3452/2 6126/3453/2
f 6127/3454/2 6107/3430/2 6106/3429/2
f 6106/3429/2 6126/3453/2 6127/3454/2
f 6128/3455/2 6108/3431/2 6107/3430/2
f 6107/3430/2 6127/3454/2 6128/3455/2
f 6129/3456/1 6109/3432/1 6108/3433/1
f 6108/3433/1 6128/3457/1 6129/3456/1
f 6111/3435/1 6091/3411/1 6109/3432/1
f 6109/3432/1 6129/3456/1 6111/3435/1
f 6130/3458/1 6110/3434/1 6111/3435/1
f 6111/3435/1 6131/3459/1 6130/3458/1
f 6132/3460/1 6112/3436/1 6110/3434/1
f 6110/3434/1 6130/3458/1 6132/3460/1
f 6133/3461/1 6113/3437/1 6112/3436/1
f 6112/3436/1 6132/3460/1 6133/3461/1
f 6134/3462/3 6114/3438/3 6113/3439/3
f 6113/3439/3 6133/3463/3 6134/3462/3
f 6135/3464/3 6115/3440/3 6114/3438/3
f 6114/3438/3 6134/3462/3 6135/3464/3
f 6136/3465/3 6116/3441/3 6115/3440/3
f 6115/3440/3 6135/3464/3 6136/3465/3
f 6137/3466/3 6117/3442/3 6116/3441/3
f 6116/3441/3 6136/3465/3 6137/3466/3
f 6138/3467/3 6118/3443/3 6117/3442/3
f 6117/3442/3 6137/3466/3 6138/3467/3
f 6139/3468/4 6119/3444/4 6118/3445/4
f 6118/3445/4 6138/3469/4 6139/3468/4
f 6140/3470/4 6120/3446/4 6119/3444/4
f 6119/3444/4 6139/3468/4 6140/3470/4
f 6141/3471/4 6121/3447/4 6120/3446/4
f 6120/3446/4 6140/3470/4 6141/3471/4
f 6142/3472/4 6122/3448/4 6121/3447/4
f 6121/3447/4 6141/3471/4 6142/3472/4
f 6143/3473/4 6123/3449/4 6122/3448/4
f 6122/3448/4 6142/3472/4 6143/3473/4
f 6144/3474/2 6124/3450/2 6123/3451/2
f 6123/3451/2 6143/3475/2 6144/3474/2
f 6145/3476/2 6125/3452/2 6124/3450/2
f 6124/3450/2 6144/3474/2 6145/3476/2
f 6146/3477/2 6126/3453/2 6125/3452/2
f 6125/3452/2 6145/3476/2 6146/3477/2
f 6147/3478/2 6127/3454/2 6126/3453/2
f 6126/3453/2 6146/3477/2 6147/3478/2
f 6148/3479/2 6128/3455/2 6127/3454/2
f 6127/3454/2 6147/3478/2 6148/3479/2
f 6149/3480/1 6129/3456/1 6128/3457/1
f 6128/3457/1 6148/3481/1 6149/3480/1
f 6131/3459/1 6111/3435/1 6129/3456/1
f 6129/3456/1 6149/3480/1 6131/3459/1
f 6150/3482/1 6130/3458/1 6131/3459/1
f 6131/3459/1 6151/3483/1 6150/3482/1
f 6152/3484/1 6132/3460/1 6130/3458/1
f 6130/3458/1 6150/3482/1 6152/3484/1
f 6153/3485/1 6133/3461/1 6132/3460/1
f 6132/3460/1 6152/3484/1 6153/3485/1
f 6154/3486/3 6134/3462/3 6133/3463/3
f 6133/3463/3 6153/3487/3 6154/3486/3
f 6155/3488/3 6135/3464/3 6134/3462/3
f 6134/3462/3 6154/3486/3 6155/3488/3
f 6156/3489/3 6136/3465/3 6135/3464/3
f 6135/3464/3 6155/3488/3 6156/3489/3
f 6157/3490/3 6137/3466/3 6136/3465/3
f 6136/3465/3 6156/3489/3 6157/3490/3
f 6158/3491/3 6138/3467/3 6137/3466/3
f 6137/3466/3 6157/3490/3 6158/3491/3
f 6159/3492/4 6139/3468/4 6138/3469/4
f 6138/3469/4 6158/3493/4 6159/3492/4
f 6160/3494/4 6140/3470/4 6139/3468/4
f 6139/3468/4 6159/3492/4 6160/3494/4
f 6161/3495/4 6141/3471/4 6140/3470/4
f 6140/3470/4 6160/3494/4 6161/3495/4
f 6162/3496/4 6142/3472/4 6141/3471/4
f 6141/3471/4 6161/3495/4 6162/3496/4
f 6163/3497/4 6143/3473/4 6142/3472/4
f 6142/3472/4 6162/3496/4 6163/3497/4
f 6164/3498/2 6144/3474/2 6143/3475/2
f 6143/3475/2 6163/3499/2 6164/3498/2
f 6165/3500/2 6145/3476/2 6144/3474/2
f 6144/3474/2 6164/3498/2 6165/3500/2
f 6166/3501/2 6146/3477/2 6145/3476/2
f 6145/3476/2 6165/3500/2 6166/3501/2
f 6167/3502/2 6147/3478/2 6146/3477/2
f 6146/3477/2 6166/3501/2 6167/3502/2
f 6168/3503/2 6148/3479/2 6147/3478/2
f 6147/3478/2 6167/3502/2 6168/3503/2
f 6169/3504/1 6149/3480/1 6148/3481/1
f 6148/3481/1 6168/3505/1 6169/3504/1
f 6151/3483/1 6131/3459/1 6149/3480/1
f 6149/3480/1 6169/3504/1 6151/3483/1
f 6170/3506/1 6150/3482/1 6151/3483/1
f 6151/3483/1 6171/3507/1 6170/3506/1
f 6172/3508/1 6152/3484/1 6150/3482/1
f 6150/3482/1 6170/3506/1 6172/3508/1
f 6173/3509/1 6153/3485/1 6152/3484/1
f 6152/3484/1 6172/3508/1 6173/3509/1
f 6174/3510/3 6154/3486/3 6153/3487/3
f 6153/3487/3 6173/3511/3 6174/3510/3
f 6175/3512/3 6155/3488/3 6154/3486/3
f 6154/3486/3 6174/3510/3 6175/3512/3
f 6176/3513/3 6156/3489/3 6155/3488/3
f 6155/3488/3 6175/3512/3 6176/3513/3
f 6177/3514/3 6157/3490/3 6156/3489/3
f 6156/3489/3 6176/3513/3 6177/3514/3
f 6178/3515/3 6158/3491/3 6157/3490/3
f 6157/3490/3 6177/3514/3 6178/3515/3
f 6179/3516/4 6159/3492/4 6158/3493/4
f 6158/3493/4 6178/3517/4 6179/3516/4
f 6180/3518/4 6160/3494/4 6159/3492/4
f 6159/3492/4 6179/3516/4 6180/3518/4
f 6181/3519/4 6161/3495/4 6160/3494/4
f 6160/3494/4 6180/3518/4 6181/3519/4
f 6182/3520/4 6162/3496/4 6161/3495/4
f 6161/3495/4 6181/3519/4 6182/3520/4
f 6183/3521/4 6163/3497/4 6162/3496/4
f 6162/3496/4 6182/3520/4 6183/3521/4
f 6184/3522/2 6164/3498/2 6163/3499/2
f 6163/3499/2 6183/3523/2 6184/3522/2
f 6185/3524/2 6165/3500/2 6164/3498/2
f 6164/3498/2 6184/3522/2 6185/3524/2
f 6186/3525/2 6166/3501/2 6165/3500/2
f 6165/3500/2 6185/3524/2 6186/3525/2
f 6187/3526/2 6167/3502/2 6166/3501/2
f 6166/3501/2 6186/3525/2 6187/3526/2
f 6188/3527/2 6168/3503/2 6167/3502/2
f 6167/3502/2 6187/3526/2 6188/3527/2
f 6189/3528/1 6169/3504/1 6168/3505/1
f 6168/3505/1 6188/3529/1 6189/3528/1
f 6171/3507/1 6151/3483/1 6169/3504/1
f 6169/3504/1 6189/3528/1 6171/3507/1
f 6190/3530/1 6170/3506/1 6171/3507/1
f 6171/3507/1 6191/3531/1 6190/3530/1
f 6192/3532/1 6172/3508/1 6170/3506/1
f 6170/3506/1 6190/3530/1 6192/3532/1
f 6193/3533/1 6173/3509/1 6172/3508/1
f 6172/3508/1 6192/3532/1 6193/3533/1
f 6194/3534/3 6174/3510/3 6173/3511/3
f 6173/3511/3 6193/3535/3 6194/3534/3
f 6195/3536/3 6175/3512/3 6174/3510/3
f 6174/3510/3 6194/3534/3 6195/3536/3
f 6196/3537/3 6176/3513/3 6175/3512/3
f 6175/3512/3 6195/3536/3 6196/3537/3
f 6197/3538/3 6177/3514/3 6176/3513/3
f 6176/3513/3 6196/3537/3 6197/3538/3
f 6198/3539/3 6178/3515/3 6177/3514/3
f 6177/3514/3 6197/3538/3 6198/3539/3
f 6199/3540/4 6179/3516/4 6178/3517/4
f 6178/3517/4 6198/3541/4 6199/3540/4
f 6200/3542/4 6180/3518/4 6179/3516/4
f 6179/3516/4 6199/3540/4 6200/3542/4
f 6201/3543/4 6181/3519/4 6180/3518/4
f 6180/3518/4 6200/3542/4 6201/3543/4
f 6202/3544/4 6182/3520/4 6181/3519/4
f 6181/3519/4 6201/3543/4 6202/3544/4
f 6203/3545/4 6183/3521/4 6182/3520/4
f 6182/3520/4 6202/3544/4 6203/3545/4
f 6204/3546/2 6184/3522/2 6183/3523/2
f 6183/3523/2 6203/3547/2 6204/3546/2
f 6205/3548/2 6185/3524/2 6184/3522/2
f 6184/3522/2 6204/3546/2 6205/3548/2
f 6206/3549/2 6186/3525/2 6185/3524/2
f 6185/3524/2 6205/3548/2 6206/3549/2
f 6207/3550/2 6187/3526/2 6186/3525/2
f 6186/3525/2 6206/3549/2 6207/3550/2
f 6208/3551/2 6188/3527/2 6187/3526/2
f 6187/3526/2 6207/3550/2 6208/3551/2
f 6209/3552/1 6189/3528/1 6188/3529/1
f 6188/3529/1 6208/3553/1 6209/3552/1
f 6191/3531/1 6171/3507/1 6189/3528/1
f 6189/3528/1 6209/3552/1 6191/3531/1
f 6210/3554/1 6190/3530/1 6191/3531/1
f 6191/3531/1 6211/3555/1 6210/3554/1
f 6212/3556/1 6192/3532/1 6190/3530/1
f 6190/3530/1 6210/3554/1 6212/3556/1
f 6213/3557/1 6193/3533/1 6192/3532/1
f 6192/3532/1 6212/3556/1 6213/3557/1
f 6214/3558/3 6194/3534/3 6193/3535/3
f 6193/3535/3 6213/3559/3 6214/3558/3
f 6215/3560/3 6195/3536/3 6194/3534/3
f 6194/3534/3 6214/3558/3 6215/3560/3
f 6216/3561/3 6196/3537/3 6195/3536/3
f 6195/3536/3 6215/3560/3 6216/3561/3
f 6217/3562/3 6197/3538/3 6196/3537/3
f 6196/3537/3 6216/3561/3 6217/3562/3
f 6218/3563/3 6198/3539/3 6197/3538/3
f 6197/3538/3 6217/3562/3 6218/3563/3
f 6219/3564/4 6199/3540/4 6198/3541/4
f 6198/3541/4 6218/3565/4 6219/3564/4
f 6220/3566/4 6200/3542/4 6199/3540/4
f 6199/3540/4 6219/3564/4 6220/3566/4
f 6221/3567/4 6201/3543/4 6200/3542/4
f 6200/3542/4 6220/3566/4 6221/3567/4
f 6222/3568/4 6202/3544/4 6201/3543/4
f 6201/3543/4 6221/3567/4 6222/3568/4
f 6223/3569/4 6203/3545/4 6202/3544/4
f 6202/3544/4 6222/3568/4 6223/3569/4
f 6224/3570/2 6204/3546/2 6203/3547/2
f 6203/3547/2 6223/3571/2 6224/3570/2
f 6225/3572/2 6205/3548/2 6204/3546/2
f 6204/3546/2 6224/3570/2 6225/3572/2
f 6226/3573/2 6206/3549/2 6205/3548/2
f 6205/3548/2 6225/3572/2 6226/3573/2
f 6227/3574/2 6207/3550/2 6206/3549/2
f 6206/3549/2 6226/3573/2 6227/3574/2
f 6228/3575/2 6208/3551/2 6207/3550/2
f 6207/3550/2 6227/3574/2 6228/3575/2
f 6229/3576/1 6209/3552/1 6208/3553/1
f 6208/3553/1 6228/3577/1 6229/3576/1
f 6211/3555/1 6191/3531/1 6209/3552/1
f 6209/3552/1 6229/3576/1 6211/3555/1
f 6230/3578/1 6210/3554/1 6211/3555/1
f 6211/3555/1 6231/3579/1 6230/3578/1
f 6232/3580/1 6212/3556/1 6210/3554/1
f 6210/3554/1 6230/3578/1 6232/3580/1
f 6233/3581/1 6213/3557/1 6212/3556/1
f 6212/3556/1 6232/3580/1 6233/3581/1
f 6234/3582/3 6214/3558/3 6213/3559/3
f 6213/3559/3 6233/3583/3 6234/3582/3
f 6235/3584/3 6215/3560/3 6214/3558/3
f 6214/3558/3 6234/3582/3 6235/3584/3
f 6236/3585/3 6216/3561/3 6215/3560/3
f 6215/3560/3 6235/3584/3 6236/3585/3
f 6237/3586/3 6217/3562/3 6216/3561/3
f 6216/3561/3 6236/3585/3 6237/3586/3
f 6238/3587/3 6218/3563/3 6217/3562/3
f 6217/3562/3 6237/3586/3 6238/3587/3
f 6239/3588/4 6219/3564/4 6218/3565/4
f 6218/3565/4 6238/3589/4 6239/3588/4
f 6240/3590/4 6220/3566/4 6219/3564/4
f 6219/3564/4 6239/3588/4 6240/3590/4
f 6241/3591/4 6221/3567/4 6220/3566/4
f 6220/3566/4 6240/3590/4 6241/3591/4
f 6242/3592/4 6222/3568/4 6221/3567/4
f 6221/3567/4 6241/3591/4 6242/3592/4
f 6243/3593/4 6223/3569/4 6222/3568/4
f 6222/3568/4 6242/3592/4 6243/3593/4
f 6244/3594/2 6224/3570/2 6223/3571/2
f 6223/3571/2 6243/3595/2 6244/3594/2
f 6245/3596/2 6225/3572/2 6224/3570/2
f 6224/3570/2 6244/3594/2 6245/3596/2
f 6246/3597/2 6226/3573/2 6225/3572/2
f 6225/3572/2 6245/3596/2 6246/3597/2
f 6247/3598/2 6227/3574/2 6226/3573/2
f 6226/3573/2 6246/3597/2 6247/3598/2
f 6248/3599/2 6228/3575/2 6227/3574/2
f 6227/3574/2 6247/3598/2 6248/3599/2
f 6249/3600/1 6229/3576/1 6228/3577/1
f 6228/3577/1 6248/3601/1 6249/3600/1
f 6231/3579/1 6211/3555/1 6229/3576/1
f 6229/3576/1 6249/3600/1 6231/3579/1
f 6250/3602/1 6230/3578/1 6231/3579/1
f 6231/3579/1 6251/3603/1 6250/3602/1
f 6252/3604/1 6232/3580/1 6230/3578/1
f 6230/3578/1 6250/3602/1 6252/3604/1
f 6253/3605/1 6233/3581/1 6232/3580/1
f 6232/3580/1 6252/3604/1 6253/3605/1
f 6254/3606/3 6234/3582/3 6233/3583/3
f 6233/3583/3 6253/3607/3 6254/3606/3
f 6255/3608/3 6235/3584/3 6234/3582/3
f 6234/3582/3 6254/3606/3 6255/3608/3
f 6256/3609/3 6236/3585/3 6235/3584/3
f 6235/3584/3 6255/3608/3 6256/3609/3
f 6257/3610/3 6237/3586/3 6236/3585/3
f 6236/3585/3 6256/3609/3 6257/3610/3
f 6258/3611/3 6238/3587/3 6237/3586/3
f 6237/3586/3 6257/3610/3 6258/3611/3
f 6259/3612/4 6239/3588/4 6238/3589/4
f 6238/3589/4 6258/3613/4 6259/3612/4
f 6260/3614/4 6240/3590/4 6239/3588/4
f 6239/3588/4 6259/3612/4 6260/3614/4
f 6261/3615/4 6241/3591/4 6240/3590/4
f 6240/3590/4 6260/3614/4 6261/3615/4
f 6262/3616/4 6242/3592/4 6241/3591/4
f 6241/3591/4 6261/3615/4 6262/3616/4
f 6263/3617/4 6243/3593/4 6242/3592/4
f 6242/3592/4 6262/3616/4 6263/3617/4
f 6264/3618/2 6244/3594/2 6243/3595/2
f 6243/3595/2 6263/3619/2 6264/3618/2
f 6265/3620/2 6245/3596/2 6244/3594/2
f 6244/3594/2 6264/3618/2 6265/3620/2
f 6266/3621/2 6246/3597/2 6245/3596/2
f 6245/3596/2 6265/3620/2 6266/3621/2
f 6267/3622/2 6247/3598/2 6246/3597/2
f 6246/3597/2 6266/3621/2 6267/3622/2
f 6268/3623/2 6248/3599/2 6247/3598/2
f 6247/3598/2 6267/3622/2 6268/3623/2
f 6269/3624/1 6249/3600/1 6248/3601/1
f 6248/3601/1 6268/3625/1 6269/3624/1
f 6251/3603/1 6231/3579/1 6249/3600/1
f 6249/3600/1 6269/3624/1 6251/3603/1
f 6270/3626/1 6250/3602/1 6251/3603/1
f 6251/3603/1 6271/3627/1 6270/3626/1
f 6272/3628/1 6252/3604/1 6250/3602/1
f 6250/3602/1 6270/3626/1 6272/3628/1
f 6273/3629/1 6253/3605/1 6252/3604/1
f 6252/3604/1 6272/3628/1 6273/3629/1
f 6274/3630/3 6254/3606/3 6253/3607/3
f 6253/3607/3 6273/3631/3 6274/3630/3
f 6275/3632/3 6255/3608/3 6254/3606/3
f 6254/3606/3 6274/3630/3 6275/3632/3
f 6276/3633/3 6256/3609/3 6255/3608/3
f 6255/3608/3 6275/3632/3 6276/3633/3
f 6277/3634/3 6257/3610/3 6256/3609/3
f 6256/3609/3 6276/3633/3 6277/3634/3
f 6278/3635/3 6258/3611/3 6257/3610/3
f 6257/3610/3 6277/3634/3 6278/3635/3
f 6279/3636/4 6259/3612/4 6258/3613/4
f 6258/3613/4 6278/3637/4 6279/3636/4
f 6280/3638/4 6260/3614/4 6259/3612/4
f 6259/3612/4 6279/3636/4 6280/3638/4
f 6281/3639/4 6261/3615/4 6260/3614/4
f 6260/3614/4 6280/3638/4 6281/3639/4
f 6282/3640/4 6262/3616/4 6261/3615/4
f 6261/3615/4 6281/3639/4 6282/3640/4
f 6283/3641/4 6263/3617/4 6262/3616/4
f 6262/3616/4 6282/3640/4 6283/3641/4
f 6284/3642/2 6264/3618/2 6263/3619/2
f 6263/3619/2 6283/3643/2 6284/3642/2
f 6285/3644/2 6265/3620/2 6264/3618/2
f 6264/3618/2 6284/3642/2 6285/3644/2
f 6286/3645/2 6266/3621/2 6265/3620/2
f 6265/3620/2 6285/3644/2 6286/3645/2
f 6287/3646/2 6267/3622/2 6266/3621/2
f 6266/3621/2 6286/3645/2 6287/3646/2
f 6288/3647/2 6268/3623/2 6267/3622/2
f 6267/3622/2 6287/3646/2 6288/3647/2
f 6289/3648/1 6269/3624/1 6268/3625/1
f 6268/3625/1 6288/3649/1 6289/3648/1
f 6271/3627/1 6251/3603/1 6269/3624/1
f 6269/3624/1 6289/3648/1 6271/3627/1
f 6290/3650/1 6270/3626/1 6271/3627/1
f 6271/3627/1 6291/3651/1 6290/3650/1
f 6292/3652/1 6272/3628/1 6270/3626/1
f 6270/3626/1 6290/3650/1 6292/3652/1
f 6293/3653/1 6273/3629/1 6272/3628/1
f 6272/3628/1 6292/3652/1 6293/3653/1
f 6294/3654/3 6274/3630/3 6273/3631/3
f 6273/3631/3 6293/3655/3 6294/3654/3
f 6295/3656/3 6275/3632/3 6274/3630/3
f 6274/3630/3 6294/3654/3 6295/3656/3
f 6296/3657/3 6276/3633/3 6275/3632/3
f 6275/3632/3 6295/3656/3 6296/3657/3
f 6297/3658/3 6277/3634/3 6276/3633/3
f 6276/3633/3 6296/3657/3 6297/3658/3
f 6298/3659/3 6278/3635/3 6277/3634/3
f 6277/3634/3 6297/3658/3 6298/3659/3
f 6299/3660/4 6279/3636/4 6278/3637/4
f 6278/3637/4 6298/3661/4 6299/3660/4
f 6300/3662/4 6280/3638/4 6279/3636/4
f 6279/3636/4 6299/3660/4 6300/3662/4
f 6301/3663/4 6281/3639/4 6280/3638/4
f 6280/3638/4 6300/3662/4 6301/3663/4
f 6302/3664/4 6282/3640/4 6281/3639/4
f 6281/3639/4 6301/3663/4 6302/3664/4
f 6303/3665/4 6283/3641/4 6282/3640/4
f 6282/3640/4 6302/3664/4 6303/3665/4
f 6304/3666/2 6284/3642/2 6283/3643/2
f 6283/3643/2 6303/3667/2 6304/3666/2
f 6305/3668/2 6285/3644/2 6284/3642/2
f 6284/3642/2 6304/3666/2 6305/3668/2
f 6306/3669/2 6286/3645/2 6285/3644/2
f 6285/3644/2 6305/3668/2 6306/3669/2
f 6307/3670/2 6287/3646/2 6286/3645/2
f 6286/3645/2 6306/3669/2 6307/3670/2
f 6308/3671/2 6288/3647/2 6287/3646/2
f 6287/3646/2 6307/3670/2 6308/3671/2
f 6309/3672/1 6289/3648/1 6288/3649/1
f 6288/3649/1 6308/3673/1 6309/3672/1
f 6291/3651/1 6271/3627/1 6289/3648/1
f 6289/3648/1 6309/3672/1 6291/3651/1
f 6310/3674/1 6290/3650/1 6291/3651/1
f 6291/3651/1 6311/3675/1 6310/3674/1
f 6312/3676/1 6292/3652/1 6290/3650/1
f 6290/3650/1 6310/3674/1 6312/3676/1
f 6313/3677/1 6293/3653/1 6292/3652/1
f 6292/3652/1 6312/3676/1 6313/3677/1
f 6314/3678/3 6294/3654/3 6293/3655/3
f 6293/3655/3 6313/3679/3 6314/3678/3
f 6315/3680/3 6295/3656/3 6294/3654/3
f 6294/3654/3 6314/3678/3 6315/3680/3
f 6316/3681/3 6296/3657/3 6295/3656/3
f 6295/3656/3 6315/3680/3 6316/3681/3
f 6317/3682/3 6297/3658/3 6296/3657/3
f 6296/3657/3 6316/3681/3 6317/3682/3
f 6318/3683/3 6298/3659/3 6297/3658/3
f 6297/3658/3 6317/3682/3 6318/3683/3
f 6319/3684/4 6299/3660/4 6298/3661/4
f 6298/3661/4 6318/3685/4 6319/3684/4
f 6320/3686/4 6300/3662/4 6299/3660/4
f 6299/3660/4 6319/3684/4 6320/3686/4
f 6321/3687/4 6301/3663/4 6300/3662/4
f 6300/3662/4 6320/3686/4 6321/3687/4
f 6322/3688/4 6302/3664/4 6301/3663/4
f 6301/3663/4 6321/3687/4 6322/3688/4
f 6323/3689/4 6303/3665/4 6302/3664/4
f 6302/3664/4 6322/3688/4 6323/3689/4
f 6324/3690/2 6304/3666/2 6303/3667/2
f 6303/3667/2 6323/3691/2 6324/3690/2
f 6325/3692/2 6305/3668/2 6304/3666/2
f 6304/3666/2 6324/3690/2 6325/3692/2
f 6326/3693/2 6306/3669/2 6305/3668/2
f 6305/3668/2 6325/3692/2 6326/3693/2
f 6327/3694/2 6307/3670/2 6306/3669/2
f 6306/3669/2 6326/3693/2 6327/3694/2
f 6328/3695/2 6308/3671/2 6307/3670/2
f 6307/3670/2 6327/3694/2 6328/3695/2
f 6329/3696/1 6309/3672/1 6308/3673/1
f 6308/3673/1 6328/3697/1 6329/3696/1
f 6311/3675/1 6291/3651/1 6309/3672/1
f 6309/3672/1 6329/3696/1 6311/3675/1
f 6330/3698/1 6310/3674/1 6311/3675/1
f 6311/3675/1 6331/3699/1 6330/3698/1
f 6332/3700/1 6312/3676/1 6310/3674/1
f 6310/3674/1 6330/3698/1 6332/3700/1
f 6333/3701/1 6313/3677/1 6312/3676/1
f 6312/3676/1 6332/3700/1 6333/3701/1
f 6334/3702/3 6314/3678/3 6313/3679/3
f 6313/3679/3 6333/3703/3 6334/3702/3
f 6335/3704/3 6315/3680/3 6314/3678/3
f 6314/3678/3 6334/3702/3 6335/3704/3
f 6336/3705/3 6316/3681/3 6315/3680/3
f 6315/3680/3 6335/3704/3 6336/3705/3
f 6337/3706/3 6317/3682/3 6316/3681/3
f 6316/3681/3 6336/3705/3 6337/3706/3
f 6338/3707/3 6318/3683/3 6317/3682/3
f 6317/3682/3 6337/3706/3 6338/3707/3
f 6339/3708/4 6319/3684/4 6318/3685/4
f 6318/3685/4 6338/3709/4 6339/3708/4
f 6340/3710/4 6320/3686/4 6319/3684/4
f 6319/3684/4 6339/3708/4 6340/3710/4
f 6341/3711/4 6321/3687/4 6320/3686/4
f 6320/3686/4 6340/3710/4 6341/3711/4
f 6342/3712/4 6322/3688/4 6321/3687/4
f 6321/3687/4 6341/3711/4 6342/3712/4
f 6343/3713/4 6323/3689/4 6322/3688/4
f 6322/3688/4 6342/3712/4 6343/3713/4
f 6344/3714/2 6324/3690/2 6323/3691/2
f 6323/3691/2 6343/3715/2 6344/3714/2
f 6345/3716/2 6325/3692/2 6324/3690/2
f 6324/3690/2 6344/3714/2 6345/3716/2
f 6346/3717/2 6326/3693/2 6325/3692/2
f 6325/3692/2 6345/3716/2 6346/3717/2
f 6347/3718/2 6327/3694/2 6326/3693/2
f 6326/3693/2 6346/3717/2 6347/3718/2
f 6348/3719/2 6328/3695/2 6327/3694/2
f 6327/3694/2 6347/3718/2 6348/3719/2
f 6349/3720/1 6329/3696/1 6328/3697/1
f 6328/3697/1 6348/3721/1 6349/3720/1
f 6331/3699/1 6311/3675/1 6329/3696/1
f 6329/3696/1 6349/3720/1 6331/3699/1
f 6350/3722/1 6330/3698/1 6331/3699/1
f 6331/3699/1 6351/3723/1 6350/3722/1
f 6352/3724/1 6332/3700/1 6330/3698/1
f 6330/3698/1 6350/3722/1 6352/3724/1
f 6353/3725/1 6333/3701/1 6332/3700/1
f 6332/3700/1 6352/3724/1 6353/3725/1
f 6354/3726/3 6334/3702/3 6333/3703/3
f 6333/3703/3 6353/3727/3 6354/3726/3
f 6355/3728/3 6335/3704/3 6334/3702/3
f 6334/3702/3 6354/3726/3 6355/3728/3
f 6356/3729/3 6336/3705/3 6335/3704/3
f 6335/3704/3 6355/3728/3 6356/3729/3
f 6357/3730/3 6337/3706/3 6336/3705/3
f 6336/3705/3 6356/3729/3 6357/3730/3
f 6358/3731/3 6338/3707/3 6337/3706/3
f 6337/3706/3 6357/3730/3 6358/3731/3
f 6359/3732/4 6339/3708/4 6338/3709/4
f 6338/3709/4 6358/3733/4 6359/3732/4
f 6360/3734/4 6340/3710/4 6339/3708/4
f 6339/3708/4 6359/3732/4 6360/3734/4
f 6361/3735/4 6341/3711/4 6340/3710/4
f 6340/3710/4 6360/3734/4 6361/3735/4
f 6362/3736/4 6342/3712/4 6341/3711/4
f 6341/3711/4 6361/3735/4 6362/3736/4
f 6363/3737/4 6343/3713/4 6342/3712/4
f 6342/3712/4 6362/3736/4 6363/3737/4
f 6364/3738/2 6344/3714/2 6343/3715/2
f 6343/3715/2 6363/3739/2 6364/3738/2
f 6365/3740/2 6345/3716/2 6344/3714/2
f 6344/3714/2 6364/3738/2 6365/3740/2
f 6366/3741/2 6346/3717/2 6345/3716/2
f 6345/3716/2 6365/3740/2 6366/3741/2
f 6367/3742/2 6347/3718/2 6346/3717/2
f 6346/3717/2 6366/3741/2 6367/3742/2
f 6368/3743/2 6348/3719/2 6347/3718/2
f 6347/3718/2 6367/3742/2 6368/3743/2
f 6369/3744/1 6349/3720/1 6348/3721/1
f 6348/3721/1 6368/3745/1 6369/3744/1
f 6351/3723/1 6331/3699/1 6349/3720/1
f 6349/3720/1 6369/3744/1 6351/3723/1
f 6370/3746/1 6350/3722/1 6351/3723/1
f 6351/3723/1 6371/3747/1 6370/3746/1
f 6372/3748/1 6352/3724/1 6350/3722/1
f 6350/3722/1 6370/3746/1 6372/3748/1
f 6373/3749/1 6353/3725/1 6352/3724/1
f 6352/3724/1 6372/3748/1 6373/3749/1
f 6374/3750/3 6354/3726/3 6353/3727/3
f 6353/3727/3 6373/3751/3 6374/3750/3
f 6375/3752/3 6355/3728/3 6354/3726/3
f 6354/3726/3 6374/3750/3 6375/3752/3
f 6376/3753/3 6356/3729/3 6355/3728/3
f 6355/3728/3 6375/3752/3 6376/3753/3
f 6377/3754/3 6357/3730/3 6356/3729/3
f 6356/3729/3 6376/3753/3 6377/3754/3
f 6378/3755/3 6358/3731/3 6357/3730/3
f 6357/3730/3 6377/3754/3 6378/3755/3
f 6379/3756/4 6359/3732/4 6358/3733/4
f 6358/3733/4 6378/3757/4 6379/3756/4
f 6380/3758/4 6360/3734/4 6359/3732/4
f 6359/3732/4 6379/3756/4 6380/3758/4
f 6381/3759/4 6361/3735/4 6360/3734/4
f 6360/3734/4 6380/3758/4 6381/3759/4
f 6382/3760/4 6362/3736/4 6361/3735/4
f 6361/3735/4 6381/3759/4 6382/3760/4
f 6383/3761/4 6363/3737/4 6362/3736/4
f 6362/3736/4 6382/3760/4 6383/3761/4
f 6384/3762/2 6364/3738/2 6363/3739/2
f 6363/3739/2 6383/3763/2 6384/3762/2
f 6385/3764/2 6365/3740/2 6364/3738/2
f 6364/3738/2 6384/3762/2 6385/3764/2
f 6386/3765/2 6366/3741/2 6365/3740/2
f 6365/3740/2 6385/3764/2 6386/3765/2
f 6387/3766/2 6367/3742/2 6366/3741/2
f 6366/3741/2 6386/3765/2 6387/3766/2
f 6388/3767/2 6368/3743/2 6367/3742/2
f 6367/3742/2 6387/3766/2 6388/3767/2
f 6389/3768/1 6369/3744/1 6368/3745/1
f 6368/3745/1 6388/3769/1 6389/3768/1
f 6371/3747/1 6351/3723/1 6369/3744/1
f 6369/3744/1 6389/3768/1 6371/3747/1
f 6390/3770/1 6370/3746/1 6371/3747/1
f 6371/3747/1 6391/3771/1 6390/3770/1
f 6392/3772/1 6372/3748/1 6370/3746/1
f 6370/3746/1 6390/3770/1 6392/3772/1
f 6393/3773/1 6373/3749/1 6372/3748/1
f 6372/3748/1 6392/3772/1 6393/3773/1
f 6394/3774/3 6374/3750/3 6373/3751/3
f 6373/3751/3 6393/3775/3 6394/3774/3
f 6395/3776/3 6375/3752/3 6374/3750/3
f 6374/3750/3 6394/3774/3 6395/3776/3
f 6396/3777/3 6376/3753/3 6375/3752/3
f 6375/3752/3 6395/3776/3 6396/3777/3
f 6397/3778/3 6377/3754/3 6376/3753/3
f 6376/3753/3 6396/3777/3 6397/3778/3
f 6398/3779/3 6378/3755/3 6377/3754/3
f 6377/3754/3 6397/3778/3 6398/3779/3
f 6399/3780/4 6379/3756/4 6378/3757/4
f 6378/3757/4 6398/3781/4 6399/3780/4
f 6400/3782/4 6380/3758/4 6379/3756/4
f 6379/3756/4 6399/3780/4 6400/3782/4
f 6401/3783/4 6381/3759/4 6380/3758/4
f 6380/3758/4 6400/3782/4 6401/3783/4
f 6402/3784/4 6382/3760/4 6381/3759/4
f 6381/3759/4 6401/3783/4 6402/3784/4
f 6403/3785/4 6383/3761/4 6382/3760/4
f 6382/3760/4 6402/3784/4 6403/3785/4
f 6404/3786/2 6384/3762/2 6383/3763/2
f 6383/3763/2 6403/3787/2 6404/3786/2
f 6405/3788/2 6385/3764/2 6384/3762/2
f 6384/3762/2 6404/3786/2 6405/3788/2
f 6406/3789/2 6386/3765/2 6385/3764/2
f 6385/3764/2 6405/3788/2 6406/3789/2
f 6407/3790/2 6387/3766/2 6386/3765/2
f 6386/3765/2 6406/3789/2 6407/3790/2
f 6408/3791/2 6388/3767/2 6387/3766/2
f 6387/3766/2 6407/3790/2 6408/3791/2
f 6409/3792/1 6389/3768/1 6388/3769/1
f 6388/3769/1 6408/3793/1 6409/3792/1
f 6391/3771/1 6371/3747/1 6389/3768/1
f 6389/3768/1 6409/3792/1 6391/3771/1
f 6410/3794/1 6390/3770/1 6391/3771/1
f 6391/3771/1 6411/3795/1 6410/3794/1
f 6412/3796/1 6392/3772/1 6390/3770/1
f 6390/3770/1 6410/3794/1 6412/3796/1
f 6413/3797/1 6393/3773/1 6392/3772/1
f 6392/3772/1 6412/3796/1 6413/3797/1
f 6414/3798/3 6394/3774/3 6393/3775/3
f 6393/3775/3 6413/3799/3 6414/3798/3
f 6415/3800/3 6395/3776/3 6394/3774/3
f 6394/3774/3 6414/3798/3 6415/3800/3
f 6416/3801/3 6396/3777/3 6395/3776/3
f 6395/3776/3 6415/3800/3 6416/3801/3
f 6417/3802/3 6397/3778/3 6396/3777/3
f 6396/3777/3 6416/3801/3 6417/3802/3
f 6418/3803/3 6398/3779/3 6397/3778/3
f 6397/3778/3 6417/3802/3 6418/3803/3
f 6419/3804/4 6399/3780/4 6398/3781/4
f 6398/3781/4 6418/3805/4 6419/3804/4
f 6420/3806/4 6400/3782/4 6399/3780/4
f 6399/3780/4 6419/3804/4 6420/3806/4
f 6421/3807/4 6401/3783/4 6400/3782/4
f 6400/3782/4 6420/3806/4 6421/3807/4
f 6422/3808/4 6402/3784/4 6401/3783/4
f 6401/3783/4 6421/3807/4 6422/3808/4
f 6423/3809/4 6403/3785/4 6402/3784/4
f 6402/3784/4 6422/3808/4 6423/3809/4
f 6424/3810/2 6404/3786/2 6403/3787/2
f 6403/3787/2 6423/3811/2 6424/3810/2
f 6425/3812/2 6405/3788/2 6404/3786/2
f 6404/3786/2 6424/3810/2 6425/3812/2
f 6426/3813/2 6406/3789/2 6405/3788/2
f 6405/3788/2 6425/3812/2 6426/3813/2
f 6427/3814/2 6407/3790/2 6406/3789/2
f 6406/3789/2 6426/3813/2 6427/3814/2
f 6428/3815/2 6408/3791/2 6407/3790/2
f 6407/3790/2 6427/3814/2 6428/3815/2
f 6429/3816/1 6409/3792/1 6408/3793/1
f 6408/3793/1 6428/3817/1 6429/3816/1
f 6411/3795/1 6391/3771/1 6409/3792/1
f 6409/3792/1 6429/3816/1 6411/3795/1
f 6430/3818/1 6410/3794/1 6411/3795/1
f 6411/3795/1 6431/3819/1 6430/3818/1
f 6432/3820/1 6412/3796/1 6410/3794/1
f 6410/3794/1 6430/3818/1 6432/3820/1
f 6433/3821/1 6413/3797/1 6412/3796/1
f 6412/3796/1 6432/3820/1 6433/3821/1
f 6434/3822/3 6414/3798/3 6413/3799/3
f 6413/3799/3 6433/3823/3 6434/3822/3
f 6435/3824/3 6415/3800/3 6414/3798/3
f 6414/3798/3 6434/3822/3 6435/3824/3
f 6436/3825/3 6416/3801/3 6415/3800/3
f 6415/3800/3 6435/3824/3 6436/3825/3
f 6437/3826/3 6417/3802/3 6416/3801/3
f 6416/3801/3 6436/3825/3 6437/3826/3
f 6438/3827/3 6418/3803/3 6417/3802/3
f 6417/3802/3 6437/3826/3 6438/3827/3
f 6439/3828/4 6419/3804/4 6418/3805/4
f 6418/3805/4 6438/3829/4 6439/3828/4
f 6440/3830/4 6420/3806/4 6419/3804/4
f 6419/3804/4 6439/3828/4 6440/3830/4
f 6441/3831/4 6421/3807/4 6420/3806/4
f 6420/3806/4 6440/3830/4 6441/3831/4
f 6442/3832/4 6422/3808/4 6421/3807/4
f 6421/3807/4 6441/3831/4 6442/3832/4
f 6443/3833/4 6423/3809/4 6422/3808/4
f 6422/3808/4 6442/3832/4 6443/3833/4
f 6444/3834/2 6424/3810/2 6423/3811/2
f 6423/3811/2 6443/3835/2 6444/3834/2
f 6445/3836/2 6425/3812/2 6424/3810/2
f 6424/3810/2 6444/3834/2 6445/3836/2
f 6446/3837/2 6426/3813/2 6425/3812/2
f 6425/3812/2 6445/3836/2 6446/3837/2
f 6447/3838/2 6427/3814/2 6426/3813/2
f 6426/3813/2 6446/3837/2 6447/3838/2
f 6448/3839/2 6428/3815/2 6427/3814/2
f 6427/3814/2 6447/3838/2 6448/3839/2
f 6449/3840/1 6429/3816/1 6428/3817/1
f 6428/3817/1 6448/3841/1 6449/3840/1
f 6431/3819/1 6411/3795/1 6429/3816/1
f 6429/3816/1 6449/3840/1 6431/3819/1
f 6450/3842/1 6430/3818/1 6431/3819/1
f 6431/3819/1 6451/3843/1 6450/3842/1
f 6452/3844/1 6432/3820/1 6430/3818/1
f 6430/3818/1 6450/3842/1 6452/3844/1
f 6453/3845/1 6433/3821/1 6432/3820/1
f 6432/3820/1 6452/3844/1 6453/3845/1
f 6454/3846/3 6434/3822/3 6433/3823/3
f 6433/3823/3 6453/3847/3 6454/3846/3
f 6455/3848/3 6435/3824/3 6434/3822/3
f 6434/3822/3 6454/3846/3 6455/3848/3
f 6456/3849/3 6436/3825/3 6435/3824/3
f 6435/3824/3 6455/3848/3 6456/3849/3
f 6457/3850/3 6437/3826/3 6436/3825/3
f 6436/3825/3 6456/3849/3 6457/3850/3
f 6458/3851/3 6438/3827/3 6437/3826/3
f 6437/3826/3 6457/3850/3 6458/3851/3
f 6459/3852/4 6439/3828/4 6438/3829/4
f 6438/3829/4 6458/3853/4 6459/3852/4
f 6460/3854/4 6440/3830/4 6439/3828/4
f 6439/3828/4 6459/3852/4 6460/3854/4
f 6461/3855/4 6441/3831/4 6440/3830/4
f 6440/3830/4 6460/3854/4 6461/3855/4
f 6462/3856/4 6442/3832/4 6441/3831/4
f 6441/3831/4 6461/3855/4 6462/3856/4
f 6463/3857/4 6443/3833/4 6442/3832/4
f 6442/3832/4 6462/3856/4 6463/3857/4
f 6464/3858/2 6444/3834/2 6443/3835/2
f 6443/3835/2 6463/3859/2 6464/3858/2
f 6465/3860/2 6445/3836/2 6444/3834/2
f 6444/3834/2 6464/3858/2 6465/3860/2
f 6466/3861/2 6446/3837/2 6445/3836/2
f 6445/3836/2 6465/3860/2 6466/3861/2
f 6467/3862/2 6447/3838/2 6446/3837/2
f 6446/3837/2 6466/3861/2 6467/3862/2
f 6468/3863/2 6448/3839/2 6447/3838/2
f 6447/3838/2 6467/3862/2 6468/3863/2
f 6469/3864/1 6449/3840/1 6448/3841/1
f 6448/3841/1 6468/3865/1 6469/3864/1
f 6451/3843/1 6431/3819/1 6449/3840/1
f 6449/3840/1 6469/3864/1 6451/3843/1
f 6470/3866/1 6450/3842/1 6451/3843/1
f 6451/3843/1 6471/3867/1 6470/3866/1
f 6472/3868/1 6452/3844/1 6450/3842/1
f 6450/3842/1 6470/3866/1 6472/3868/1
f 6473/3869/1 6453/3845/1 6452/3844/1
f 6452/3844/1 6472/3868/1 6473/3869/1
f 6474/3870/3 6454/3846/3 6453/3847/3
f 6453/3847/3 6473/3871/3 6474/3870/3
f 6475/3872/3 6455/3848/3 6454/3846/3
f 6454/3846/3 6474/3870/3 6475/3872/3
f 6476/3873/3 6456/3849/3 6455/3848/3
f 6455/3848/3 6475/3872/3 6476/3873/3
f 6477/3874/3 6457/3850/3 6456/3849/3
f 6456/3849/3 6476/3873/3 6477/3874/3
f 6478/3875/3 6458/3851/3 6457/3850/3
f 6457/3850/3 6477/3874/3 6478/3875/3
f 6479/3876/4 6459/3852/4 6458/3853/4
f 6458/3853/4 6478/3877/4 6479/3876/4
f 6480/3878/4 6460/3854/4 6459/3852/4
f 6459/3852/4 6479/3876/4 6480/3878/4
f 6481/3879/4 6461/3855/4 6460/3854/4
f 6460/3854/4 6480/3878/4 6481/3879/4
f 6482/3880/4 6462/3856/4 6461/3855/4
f 6461/3855/4 6481/3879/4 6482/3880/4
f 6483/3881/4 6463/3857/4 6462/3856/4
f 6462/3856/4 6482/3880/4 6483/3881/4
f 6484/3882/2 6464/3858/2 6463/3859/2
f 6463/3859/2 6483/3883/2 6484/3882/2
f 6485/3884/2 6465/3860/2 6464/3858/2
f 6464/3858/2 6484/3882/2 6485/3884/2
f 6486/3885/2 6466/3861/2 6465/3860/2
f 6465/3860/2 6485/3884/2 6486/3885/2
f 6487/3886/2 6467/3862/2 6466/3861/2
f 6466/3861/2 6486/3885/2 6487/3886/2
f 6488/3887/2 6468/3863/2 6467/3862/2
f 6467/3862/2 6487/3886/2 6488/3887/2
f 6489/3888/1 6469/3864/1 6468/3865/1
f 6468/3865/1 6488/3889/1 6489/3888/1
f 6471/3867/1 6451/3843/1 6469/3864/1
f 6469/3864/1 6489/3888/1 6471/3867/1
f 6490/3890/1 6470/3866/1 6471/3867/1
f 6471/3867/1 6491/3891/1 6490/3890/1
f 6492/3892/1 6472/3868/1 6470/3866/1
f 6470/3866/1 6490/3890/1 6492/3892/1
f 6493/3893/1 6473/3869/1 6472/3868/1
f 6472/3868/1 6492/3892/1 6493/3893/1
f 6494/3894/3 6474/3870/3 6473/3871/3
f 6473/3871/3 6493/3895/3 6494/3894/3
f 6495/3896/3 6475/3872/3 6474/3870/3
f 6474/3870/3 6494/3894/3 6495/3896/3
f 6496/3897/3 6476/3873/3 6475/3872/3
f 6475/3872/3 6495/3896/3 6496/3897/3
f 6497/3898/3 6477/3874/3 6476/3873/3
f 6476/3873/3 6496/3897/3 6497/3898/3
f 6498/3899/3 6478/3875/3 6477/3874/3
f 6477/3874/3 6497/3898/3 6498/3899/3
f 6499/3900/4 6479/3876/4 6478/3877/4
f 6478/3877/4 6498/3901/4 6499/3900/4
f 6500/3902/4 6480/3878/4 6479/3876/4
f 6479/3876/4 6499/3900/4 6500/3902/4
f 6501/3903/4 6481/3879/4 6480/3878/4
f 6480/3878/4 6500/3902/4 6501/3903/4
f 6502/3904/4 6482/3880/4 6481/3879/4
f 6481/3879/4 6501/3903/4 6502/3904/4
f 6503/3905/4 6483/3881/4 6482/3880/4
f 6482/3880/4 6502/3904/4 6503/3905/4
f 6504/3906/2 6484/3882/2 6483/3883/2
f 6483/3883/2 6503/3907/2 6504/3906/2
f 6505/3908/2 6485/3884/2 6484/3882/2
f 6484/3882/2 6504/3906/2 6505/3908/2
f 6506/3909/2 6486/3885/2 6485/3884/2
f 6485/3884/2 6505/3908/2 6506/3909/2
f 6507/3910/2 6487/3886/2 6486/3885/2
f 6486/3885/2 6506/3909/2 6507/3910/2
f 6508/3911/2 6488/3887/2 6487/3886/2
f 6487/3886/2 6507/3910/2 6508/3911/2
f 6509/3912/1 6489/3888/1 6488/3889/1
f 6488/3889/1 6508/3913/1 6509/3912/1
f 6491/3891/1 6471/3867/1 6489/3888/1
f 6489/3888/1 6509/3912/1 6491/3891/1
f 6510/3914/1 6490/3890/1 6491/3891/1
f 6491/3891/1 6511/3915/1 6510/3914/1
f 6512/3916/1 6492/3892/1 6490/3890/1
f 6490/3890/1 6510/3914/1 6512/3916/1
f 6513/3917/1 6493/3893/1 6492/3892/1
f 6492/3892/1 6512/3916/1 6513/3917/1
f 6514/3918/3 6494/3894/3 6493/3895/3
f 6493/3895/3 6513/3919/3 6514/3918/3
f 6515/3920/3 6495/3896/3 6494/3894/3
f 6494/3894/3 6514/3918/3 6515/3920/3
f 6516/3921/3 6496/3897/3 6495/3896/3
f 6495/3896/3 6515/3920/3 6516/3921/3
f 6517/3922/3 6497/3898/3 6496/3897/3
f 6496/3897/3 6516/3921/3 6517/3922/3
f 6518/3923/3 6498/3899/3 6497/3898/3
f 6497/3898/3 6517/3922/3 6518/3923/3
f 6519/3924/4 6499/3900/4 6498/3901/4
f 6498/3901/4 6518/3925/4 6519/3924/4
f 6520/3926/4 6500/3902/4 6499/3900/4
f 6499/3900/4 6519/3924/4 6520/3926/4
f 6521/3927/4 6501/3903/4 6500/3902/4
f 6500/3902/4 6520/3926/4 6521/3927/4
f 6522/3928/4 6502/3904/4 6501/3903/4
f 6501/3903/4 6521/3927/4 6522/3928/4
f 6523/3929/4 6503/3905/4 6502/3904/4
f 6502/3904/4 6522/3928/4 6523/3929/4
f 6524/3930/2 6504/3906/2 6503/3907/2
f 6503/3907/2 6523/3931/2 6524/3930/2
f 6525/3932/2 6505/3908/2 6504/3906/2
f 6504/3906/2 6524/3930/2 6525/3932/2
f 6526/3933/2 6506/3909/2 6505/3908/2
f 6505/3908/2 6525/3932/2 6526/3933/2
f 6527/3934/2 6507/3910/2 6506/3909/2
f 6506/3909/2 6526/3933/2 6527/3934/2
f 6528/3935/2 6508/3911/2 6507/3910/2
f 6507/3910/2 6527/3934/2 6528/3935/2
f 6529/3936/1 6509/3912/1 6508/3913/1
f 6508/3913/1 6528/3937/1 6529/3936/1
f 6511/3915/1 6491/3891/1 6509/3912/1
f 6509/3912/1 6529/3936/1 6511/3915/1
f 6530/3938/1 6510/3914/1 6511/3915/1
f 6511/3915/1 6531/3939/1 6530/3938/1
f 6532/3940/1 6512/3916/1 6510/3914/1
f 6510/3914/1 6530/3938/1 6532/3940/1
f 6533/3941/1 6513/3917/1 6512/3916/1
f 6512/3916/1 6532/3940/1 6533/3941/1
f 6534/3942/3 6514/3918/3 6513/3919/3
f 6513/3919/3 6533/3943/3 6534/3942/3
f 6535/3944/3 6515/3920/3 6514/3918/3
f 6514/3918/3 6534/3942/3 6535/3944/3
f 6536/3945/3 6516/3921/3 6515/3920/3
f 6515/3920/3 6535/3944/3 6536/3945/3
f 6537/3946/3 6517/3922/3 6516/3921/3
f 6516/3921/3 6536/3945/3 6537/3946/3
f 6538/3947/3 6518/3923/3 6517/3922/3
f 6517/3922/3 6537/3946/3 6538/3947/3
f 6539/3948/4 6519/3924/4 6518/3925/4
f 6518/3925/4 6538/3949/4 6539/3948/4
f 6540/3950/4 6520/3926/4 6519/3924/4
f 6519/3924/4 6539/3948/4 6540/3950/4
f 6541/3951/4 6521/3927/4 6520/3926/4
f 6520/3926/4 6540/3950/4 6541/3951/4
f 6542/3952/4 6522/3928/4 6521/3927/4
f 6521/3927/4 6541/3951/4 6542/3952/4
f 6543/3953/4 6523/3929/4 6522/3928/4
f 6522/3928/4 6542/3952/4 6543/3953/4
f 6544/3954/2 6524/3930/2 6523/3931/2
f 6523/3931/2 6543/3955/2 6544/3954/2
f 6545/3956/2 6525/3932/2 6524/3930/2
f 6524/3930/2 6544/3954/2 6545/3956/2
f 6546/3957/2 6526/3933/2 6525/3932/2
f 6525/3932/2 6545/3956/2 6546/3957/2
f 6547/3958/2 6527/3934/2 6526/3933/2
f 6526/3933/2 6546/3957/2 6547/3958/2
f 6548/3959/2 6528/3935/2 6527/3934/2
f 6527/3934/2 6547/3958/2 6548/3959/2
f 6549/3960/1 6529/3936/1 6528/3937/1
f 6528/3937/1 6548/3961/1 6549/3960/1
f 6531/3939/1 6511/3915/1 6529/3936/1
f 6529/3936/1 6549/3960/1 6531/3939/1
f 6550/3962/1 6530/3938/1 6531/3939/1
f 6531/3939/1 6551/3963/1 6550/3962/1
f 6552/3964/1 6532/3940/1 6530/3938/1
f 6530/3938/1 6550/3962/1 6552/3964/1
f 6553/3965/1 6533/3941/1 6532/3940/1
f 6532/3940/1 6552/3964/1 6553/3965/1
f 6554/3966/3 6534/3942/3 6533/3943/3
f 6533/3943/3 6553/3967/3 6554/3966/3
f 6555/3968/3 6535/3944/3 6534/3942/3
f 6534/3942/3 6554/3966/3 6555/3968/3
f 6556/3969/3 6536/3945/3 6535/3944/3
f 6535/3944/3 6555/3968/3 6556/3969/3
f 6557/3970/3 6537/3946/3 6536/3945/3
f 6536/3945/3 6556/3969/3 6557/3970/3
f 6558/3971/3 6538/3947/3 6537/3946/3
f 6537/3946/3 6557/3970/3 6558/3971/3
f 6559/3972/4 6539/3948/4 6538/3949/4
f 6538/3949/4 6558/3973/4 6559/3972/4
f 6560/3974/4 6540/3950/4 6539/3948/4
f 6539/3948/4 6559/3972/4 6560/3974/4
f 6561/3975/4 6541/3951/4 6540/3950/4
f 6540/3950/4 6560/3974/4 6561/3975/4
f 6562/3976/4 6542/3952/4 6541/3951/4
f 6541/3951/4 6561/3975/4 6562/3976/4
f 6563/3977/4 6543/3953/4 6542/3952/4
f 6542/3952/4 6562/3976/4 6563/3977/4
f 6564/3978/2 6544/3954/2 6543/3955/2
f 6543/3955/2 6563/3979/2 6564/3978/2
f 6565/3980/2 6545/3956/2 6544/3954/2
f 6544/3954/2 6564/3978/2 6565/3980/2
f 6566/3981/2 6546/3957/2 6545/3956/2
f 6545/3956/2 6565/3980/2 6566/3981/2
f 6567/3982/2 6547/3958/2 6546/3957/2
f 6546/3957/2 6566/3981/2 6567/3982/2
f 6568/3983/2 6548/3959/2 6547/3958/2
f 6547/3958/2 6567/3982/2 6568/3983/2
f 6569/3984/1 6549/3960/1 6548/3961/1
f 6548/3961/1 6568/3985/1 6569/3984/1
f 6551/3963/1 6531/3939/1 6549/3960/1
f 6549/3960/1 6569/3984/1 6551/3963/1
f 6570/3986/1 6550/3962/1 6551/3963/1
f 6551/3963/1 6571/3987/1 6570/3986/1
f 6572/3988/1 6552/3964/1 6550/3962/1
f 6550/3962/1 6570/3986/1 6572/3988/1
f 6573/3989/1 6553/3965/1 6552/3964/1
f 6552/3964/1 6572/3988/1 6573/3989/1
f 6574/3990/3 6554/3966/3 6553/3967/3
f 6553/3967/3 6573/3991/3 6574/3990/3
f 6575/3992/3 6555/3968/3 6554/3966/3
f 6554/3966/3 6574/3990/3 6575/3992/3
f 6576/3993/3 6556/3969/3 6555/3968/3
f 6555/3968/3 6575/3992/3 6576/3993/3
f 6577/3994/3 6557/3970/3 6556/3969/3
f 6556/3969/3 6576/3993/3 6577/3994/3
f 6578/3995/3 6558/3971/3 6557/3970/3
f 6557/3970/3 6577/3994/3 6578/3995/3
f 6579/3996/4 6559/3972/4 6558/3973/4
f 6558/3973/4 6578/3997/4 6579/3996/4
f 6580/3998/4 6560/3974/4 6559/3972/4
f 6559/3972/4 6579/3996/4 6580/3998/4
f 6581/3999/4 6561/3975/4 6560/3974/4
f 6560/3974/4 6580/3998/4 6581/3999/4
f 6582/4000/4 6562/3976/4 6561/3975/4
f 6561/3975/4 6581/3999/4 6582/4000/4
f 6583/4001/4 6563/3977/4 6562/3976/4
f 6562/3976/4 6582/4000/4 6583/4001/4
f 6584/4002/2 6564/3978/2 6563/3979/2
f 6563/3979/2 6583/4003/2 6584/4002/2
f 6585/4004/2 6565/3980/2 6564/3978/2
f 6564/3978/2 6584/4002/2 6585/4004/2
f 6586/4005/2 6566/3981/2 6565/3980/2
f 6565/3980/2 6585/4004/2 6586/4005/2
f 6587/4006/2 6567/3982/2 6566/3981/2
f 6566/3981/2 6586/4005/2 6587/4006/2
f 6588/4007/2 6568/3983/2 6567/3982/2
f 6567/3982/2 6587/4006/2 6588/4007/2
f 6589/4008/1 6569/3984/1 6568/3985/1
f 6568/3985/1 6588/4009/1 6589/4008/1
f 6571/3987/1 6551/3963/1 6569/3984/1
f 6569/3984/1 6589/4008/1 6571/3987/1
f 6590/4010/1 6570/3986/1 6571/3987/1
f 6571/3987/1 6591/4011/1 6590/4010/1
f 6592/4012/1 6572/3988/1 6570/3986/1
f 6570/3986/1 6590/4010/1 6592/4012/1
f 6593/4013/1 6573/3989/1 6572/3988/1
f 6572/3988/1 6592/4012/1 6593/4013/1
f 6594/4014/3 6574/3990/3 6573/3991/3
f 6573/3991/3 6593/4015/3 6594/4014/3
f 6595/4016/3 6575/3992/3 6574/3990/3
f 6574/3990/3 6594/4014/3 6595/4016/3
f 6596/4017/3 6576/3993/3 6575/3992/3
f 6575/3992/3 6595/4016/3 6596/4017/3
f 6597/4018/3 6577/3994/3 6576/3993/3
f 6576/3993/3 6596/4017/3 6597/4018/3
f 6598/4019/3 6578/3995/3 6577/3994/3
f 6577/3994/3 6597/4018/3 6598/4019/3
f 6599/4020/4 6579/3996/4 6578/3997/4
f 6578/3997/4 6598/4021/4 6599/4020/4
f 6600/4022/4 6580/3998/4 6579/3996/4
f 6579/3996/4 6599/4020/4 6600/4022/4
f 6601/4023/4 6581/3999/4 6580/3998/4
f 6580/3998/4 6600/4022/4 6601/4023/4
f 6602/4024/4 6582/4000/4 6581/3999/4
f 6581/3999/4 6601/4023/4 6602/4024/4
f 6603/4025/4 6583/4001/4 6582/4000/4
f 6582/4000/4 6602/4024/4 6603/4025/4
f 6604/4026/2 6584/4002/2 6583/4003/2
f 6583/4003/2 6603/4027/2 6604/4026/2
f 6605/4028/2 6585/4004/2 6584/4002/2
f 6584/4002/2 6604/4026/2 6605/4028/2
f 6606/4029/2 6586/4005/2 6585/4004/2
f 6585/4004/2 6605/4028/2 6606/4029/2
f 6607/4030/2 6587/4006/2 6586/4005/2
f 6586/4005/2 6606/4029/2 6607/4030/2
f 6608/4031/2 6588/4007/2 6587/4006/2
f 6587/4006/2 6607/4030/2 6608/4031/2
f 6609/4032/1 6589/4008/1 6588/4009/1
f 6588/4009/1 6608/4033/1 6609/4032/1
f 6591/4011/1 6571/3987/1 6589/4008/1
f 6589/4008/1 6609/4032/1 6591/4011/1
f 6610/4034/1 6590/4010/1 6591/4011/1
f 6591/4011/1 6611/4035/1 6610/4034/1
f 6612/4036/1 6592/4012/1 6590/4010/1
f 6590/4010/1 6610/4034/1 6612/4036/1
f 6613/4037/1 6593/4013/1 6592/4012/1
f 6592/4012/1 6612/4036/1 6613/4037/1
f 6614/4038/3 6594/4014/3 6593/4015/3
f 6593/4015/3 6613/4039/3 6614/4038/3
f 6615/4040/3 6595/4016/3 6594/4014/3
f 6594/4014/3 6614/4038/3 6615/4040/3
f 6616/4041/3 6596/4017/3 6595/4016/3
f 6595/4016/3 6615/4040/3 6616/4041/3
f 6617/4042/3 6597/4018/3 6596/4017/3
f 6596/4017/3 6616/4041/3 6617/4042/3
f 6618/4043/3 6598/4019/3 6597/4018/3
f 6597/4018/3 6617/4042/3 6618/4043/3
f 6619/4044/4 6599/4020/4 6598/4021/4
f 6598/4021/4 6618/4045/4 6619/4044/4
f 6620/4046/4 6600/4022/4 6599/4020/4
f 6599/4020/4 6619/4044/4 6620/4046/4
f 6621/4047/4 6601/4023/4 6600/4022/4
f 6600/4022/4 6620/4046/4 6621/4047/4
f 6622/4048/4 6602/4024/4 6601/4023/4
f 6601/4023/4 6621/4047/4 6622/4048/4
f 6623/4049/4 6603/4025/4 6602/4024/4
f 6602/4024/4 6622/4048/4 6623/4049/4
f 6624/4050/2 6604/4026/2 6603/4027/2
f 6603/4027/2 6623/4051/2 6624/4050/2
f 6625/4052/2 6605/4028/2 6604/4026/2
f 6604/4026/2 6624/4050/2 6625/4052/2
f 6626/4053/2 6606/4029/2 6605/4028/2
f 6605/4028/2 6625/4052/2 6626/4053/2
f 6627/4054/2 6607/4030/2 6606/4029/2
f 6606/4029/2 6626/4053/2 6627/4054/2
f 6628/4055/2 6608/4031/2 6607/4030/2
f 6607/4030/2 6627/4054/2 6628/4055/2
f 6629/4056/1 6609/4032/1 6608/4033/1
f 6608/4033/1 6628/4057/1 6629/4056/1
f 6611/4035/1 6591/4011/1 6609/4032/1
f 6609/4032/1 6629/4056/1 6611/4035/1
f 6630/4058/1 6610/4034/1 6611/4035/1
f 6611/4035/1 6631/4059/1 6630/4058/1
f 6632/4060/1 6612/4036/1 6610/4034/1
f 6610/4034/1 6630/4058/1 6632/4060/1
f 6633/4061/1 6613/4037/1 6612/4036/1
f 6612/4036/1 6632/4060/1 6633/4061/1
f 6634/4062/3 6614/4038/3 6613/4039/3
f 6613/4039/3 6633/4063/3 6634/4062/3
f 6635/4064/3 6615/4040/3 6614/4038/3
f 6614/4038/3 6634/4062/3 6635/4064/3
f 6636/4065/3 6616/4041/3 6615/4040/3
f 6615/4040/3 6635/4064/3 6636/4065/3
f 6637/4066/3 6617/4042/3 6616/4041/3
f 6616/4041/3 6636/4065/3 6637/4066/3
f 6638/4067/3 6618/4043/3 6617/4042/3
f 6617/4042/3 6637/4066/3 6638/4067/3
f 6639/4068/4 6619/4044/4 6618/4045/4
f 6618/4045/4 6638/4069/4 6639/4068/4
f 6640/4070/4 6620/4046/4 6619/4044/4
f 6619/4044/4 6639/4068/4 6640/4070/4
f 6641/4071/4 6621/4047/4 6620/4046/4
f 6620/4046/4 6640/4070/4 6641/4071/4
f 6642/4072/4 6622/4048/4 6621/4047/4
f 6621/4047/4 6641/4071/4 6642/4072/4
f 6643/4073/4 6623/4049/4 6622/4048/4
f 6622/4048/4 6642/4072/4 6643/4073/4
f 6644/4074/2 6624/4050/2 6623/4051/2
f 6623/4051/2 6643/4075/2 6644/4074/2
f 6645/4076/2 6625/4052/2 6624/4050/2
f 6624/4050/2 6644/4074/2 6645/4076/2
f 6646/4077/2 6626/4053/2 6625/4052/2
f 6625/4052/2 6645/4076/2 6646/4077/2
f 6647/4078/2 6627/4054/2 6626/4053/2
f 6626/4053/2 6646/4077/2 6647/4078/2
f 6648/4079/2 6628/4055/2 6627/4054/2
f 6627/4054/2 6647/4078/2 6648/4079/2
f 6649/4080/1 6629/4056/1 6628/4057/1
f 6628/4057/1 6648/4081/1 6649/4080/1
f 6631/4059/1 6611/4035/1 6629/4056/1
f 6629/4056/1 6649/4080/1 6631/4059/1
f 6650/4082/1 6630/4058/1 6631/4059/1
f 6631/4059/1 6651/4083/1 6650/4082/1
f 6652/4084/1 6632/4060/1 6630/4058/1
f 6630/4058/1 6650/4082/1 6652/4084/1
f 6653/4085/1 6633/4061/1 6632/4060/1
f 6632/4060/1 6652/4084/1 6653/4085/1
f 6654/4086/3 6634/4062/3 6633/4063/3
f 6633/4063/3 6653/4087/3 6654/4086/3
f 6655/4088/3 6635/4064/3 6634/4062/3
f 6634/4062/3 6654/4086/3 6655/4088/3
f 6656/4089/3 6636/4065/3 6635/4064/3
f 6635/4064/3 6655/4088/3 6656/4089/3
f 6657/4090/3 6637/4066/3 6636/4065/3
f 6636/4065/3 6656/4089/3 6657/4090/3
f 6658/4091/3 6638/4067/3 6637/4066/3
f 6637/4066/3 6657/4090/3 6658/4091/3
f 6659/4092/4 6639/4068/4 6638/4069/4
f 6638/4069/4 6658/4093/4 6659/4092/4
f 6660/4094/4 6640/4070/4 6639/4068/4
f 6639/4068/4 6659/4092/4 6660/4094/4
f 6661/4095/4 6641/4071/4 6640/4070/4
f 6640/4070/4 6660/4094/4 6661/4095/4
f 6662/4096/4 6642/4072/4 6641/4071/4
f 6641/4071/4 6661/4095/4 6662/4096/4
f 6663/4097/4 6643/4073/4 6642/4072/4
f 6642/4072/4 6662/4096/4 6663/4097/4
f 6664/4098/2 6644/4074/2 6643/4075/2
f 6643/4075/2 6663/4099/2 6664/4098/2
f 6665/4100/2 6645/4076/2 6644/4074/2
f 6644/4074/2 6664/4098/2 6665/4100/2
f 6666/4101/2 6646/4077/2 6645/4076/2
f 6645/4076/2 6665/4100/2 6666/4101/2
f 6667/4102/2 6647/4078/2 6646/4077/2
f 6646/4077/2 6666/4101/2 6667/4102/2
f 6668/4103/2 6648/4079/2 6647/4078/2
f 6647/4078/2 6667/4102/2 6668/4103/2
f 6669/4104/1 6649/4080/1 6648/4081/1
f 6648/4081/1 6668/4105/1 6669/4104/1
f 6651/4083/1 6631/4059/1 6649/4080/1
f 6649/4080/1 6669/4104/1 6651/4083/1
f 6670/4106/1 6650/4082/1 6651/4083/1
f 6651/4083/1 6671/4107/1 6670/4106/1
f 6672/4108/1 6652/4084/1 6650/4082/1
f 6650/4082/1 6670/4106/1 6672/4108/1
f 6673/4109/1 6653/4085/1 6652/4084/1
f 6652/4084/1 6672/4108/1 6673/4109/1
f 6674/4110/3 6654/4086/3 6653/4087/3
f 6653/4087/3 6673/4111/3 6674/4110/3
f 6675/4112/3 6655/4088/3 6654/4086/3
f 6654/4086/3 6674/4110/3 6675/4112/3
f 6676/4113/3 6656/4089/3 6655/4088/3
f 6655/4088/3 6675/4112/3 6676/4113/3
f 6677/4114/3 6657/4090/3 6656/4089/3
f 6656/4089/3 6676/4113/3 6677/4114/3
f 6678/4115/3 6658/4091/3 6657/4090/3
f 6657/4090/3 6677/4114/3 6678/4115/3
f 6679/4116/4 6659/4092/4 6658/4093/4
f 6658/4093/4 6678/4117/4 6679/4116/4
f 6680/4118/4 6660/4094/4 6659/4092/4
f 6659/4092/4 6679/4116/4 6680/4118/4
f 6681/4119/4 6661/4095/4 6660/4094/4
f 6660/4094/4 6680/4118/4 6681/4119/4
f 6682/4120/4 6662/4096/4 6661/4095/4
f 6661/4095/4 6681/4119/4 6682/4120/4
f 6683/4121/4 6663/4097/4 6662/4096/4
f 6662/4096/4 6682/4120/4 6683/4121/4
f 6684/4122/2 6664/4098/2 6663/4099/2
f 6663/4099/2 6683/4123/2 6684/4122/2
f 6685/4124/2 6665/4100/2 6664/4098/2
f 6664/4098/2 6684/4122/2 6685/4124/2
f 6686/4125/2 6666/4101/2 6665/4100/2
f 6665/4100/2 6685/4124/2 6686/4125/2
f 6687/4126/2 6667/4102/2 6666/4101/2
f 6666/4101/2 6686/4125/2 6687/4126/2
f 6688/4127/2 6668/4103/2 6667/4102/2
f 6667/4102/2 6687/4126/2 6688/4127/2
f 6689/4128/1 6669/4104/1 6668/4105/1
f 6668/4105/1 6688/4129/1 6689/4128/1
f 6671/4107/1 6651/4083/1 6669/4104/1
f 6669/4104/1 6689/4128/1 6671/4107/1
f 6690/4130/1 6670/4106/1 6671/4107/1
f 6671/4107/1 6691/4131/1 6690/4130/1
f 6692/4132/1 6672/4108/1 6670/4106/1
f 6670/4106/1 6690/4130/1 6692/4132/1
f 6693/4133/1 6673/4109/1 6672/4108/1
f 6672/4108/1 6692/4132/1 6693/4133/1
f 6694/4134/3 6674/4110/3 6673/4111/3
f 6673/4111/3 6693/4135/3 6694/4134/3
f 6695/4136/3 6675/4112/3 6674/4110/3
f 6674/4110/3 6694/4134/3 6695/4136/3
f 6696/4137/3 6676/4113/3 6675/4112/3
f 6675/4112/3 6695/4136/3 6696/4137/3
f 6697/4138/3 6677/4114/3 6676/4113/3
f 6676/4113/3 6696/4137/3 6697/4138/3
f 6698/4139/3 6678/4115/3 6677/4114/3
f 6677/4114/3 6697/4138/3 6698/4139/3
f 6699/4140/4 6679/4116/4 6678/4117/4
f 6678/4117/4 6698/4141/4 6699/4140/4
f 6700/4142/4 6680/4118/4 6679/4116/4
f 6679/4116/4 6699/4140/4 6700/4142/4
f 6701/4143/4 6681/4119/4 6680/4118/4
f 6680/4118/4 6700/4142/4 6701/4143/4
f 6702/4144/4 6682/4120/4 6681/4119/4
f 6681/4119/4 6701/4143/4 6702/4144/4
f 6703/4145/4 6683/4121/4 6682/4120/4
f 6682/4120/4 6702/4144/4 6703/4145/4
f 6704/4146/2 6684/4122/2 6683/4123/2
f 6683/4123/2 6703/4147/2 6704/4146/2
f 6705/4148/2 6685/4124/2 6684/4122/2
f 6684/4122/2 6704/4146/2 6705/4148/2
f 6706/4149/2 6686/4125/2 6685/4124/2
f 6685/4124/2 6705/4148/2 6706/4149/2
f 6707/4150/2 6687/4126/2 6686/4125/2
f 6686/4125/2 6706/4149/2 6707/4150/2
f 6708/4151/2 6688/4127/2 6687/4126/2
f 6687/4126/2 6707/4150/2 6708/4151/2
f 6709/4152/1 6689/4128/1 6688/4129/1
f 6688/4129/1 6708/4153/1 6709/4152/1
f 6691/4131/1 6671/4107/1 6689/4128/1
f 6689/4128/1 6709/4152/1 6691/4131/1
f 6710/4154/1 6690/4130/1 6691/4131/1
f 6691/4131/1 6711/4155/1 6710/4154/1
f 6712/4156/1 6692/4132/1 6690/4130/1
f 6690/4130/1 6710/4154/1 6712/4156/1
f 6713/4157/1 6693/4133/1 6692/4132/1
f 6692/4132/1 6712/4156/1 6713/4157/1
f 6714/4158/3 6694/4134/3 6693/4135/3
f 6693/4135/3 6713/4159/3 6714/4158/3
f 6715/4160/3 6695/4136/3 6694/4134/3
f 6694/4134/3 6714/4158/3 6715/4160/3
f 6716/4161/3 6696/4137/3 6695/4136/3
f 6695/4136/3 6715/4160/3 6716/4161/3
f 6717/4162/3 6697/4138/3 6696/4137/3
f 6696/4137/3 6716/4161/3 6717/4162/3
f 6718/4163/3 6698/4139/3 6697/4138/3
f 6697/4138/3 6717/4162/3 6718/4163/3
f 6719/4164/4 6699/4140/4 6698/4141/4
f 6698/4141/4 6718/4165/4 6719/4164/4
f 6720/4166/4 6700/4142/4 6699/4140/4
f 6699/4140/4 6719/4164/4 6720/4166/4
f 6721/4167/4 6701/4143/4 6700/4142/4
f 6700/4142/4 6720/4166/4 6721/4167/4
f 6722/4168/4 6702/4144/4 6701/4143/4
f 6701/4143/4 6721/4167/4 6722/4168/4
f 6723/4169/4 6703/4145/4 6702/4144/4
f 6702/4144/4 6722/4168/4 6723/4169/4
f 6724/4170/2 6704/4146/2 6703/4147/2
f 6703/4147/2 6723/4171/2 6724/4170/2
f 6725/4172/2 6705/4148/2 6704/4146/2
f 6704/4146/2 6724/4170/2 6725/4172/2
f 6726/4173/2 6706/4149/2 6705/4148/2
f 6705/4148/2 6725/4172/2 6726/4173/2
f 6727/4174/2 6707/4150/2 6706/4149/2
f 6706/4149/2 6726/4173/2 6727/4174/2
f 6728/4175/2 6708/4151/2 6707/4150/2
f 6707/4150/2 6727/4174/2 6728/4175/2
f 6729/4176/1 6709/4152/1 6708/4153/1
f 6708/4153/1 6728/4177/1 6729/4176/1
f 6711/4155/1 6691/4131/1 6709/4152/1
f 6709/4152/1 6729/4176/1 6711/4155/1
f 6730/4178/1 6710/4154/1 6711/4155/1
f 6711/4155/1 6731/4179/1 6730/4178/1
f 6732/4180/1 6712/4156/1 6710/4154/1
f 6710/4154/1 6730/4178/1 6732/4180/1
f 6733/4181/1 6713/4157/1 6712/4156/1
f 6712/4156/1 6732/4180/1 6733/4181/1
f 6734/4182/3 6714/4158/3 6713/4159/3
f 6713/4159/3 6733/4183/3 6734/4182/3
f 6735/4184/3 6715/4160/3 6714/4158/3
f 6714/4158/3 6734/4182/3 6735/4184/3
f 6736/4185/3 6716/4161/3 6715/4160/3
f 6715/4160/3 6735/4184/3 6736/4185/3
f 6737/4186/3 6717/4162/3 6716/4161/3
f 6716/4161/3 6736/4185/3 6737/4186/3
f 6738/4187/3 6718/4163/3 6717/4162/3
f 6717/4162/3 6737/4186/3 6738/4187/3
f 6739/4188/4 6719/4164/4 6718/4165/4
f 6718/4165/4 6738/4189/4 6739/4188/4
f 6740/4190/4 6720/4166/4 6719/4164/4
f 6719/4164/4 6739/4188/4 6740/4190/4
f 6741/4191/4 6721/4167/4 6720/4166/4
f 6720/4166/4 6740/4190/4 6741/4191/4
f 6742/4192/4 6722/4168/4 6721/4167/4
f 6721/4167/4 6741/4191/4 6742/4192/4
f 6743/4193/4 6723/4169/4 6722/4168/4
f 6722/4168/4 6742/4192/4 6743/4193/4
f 6744/4194/2 6724/4170/2 6723/4171/2
f 6723/4171/2 6743/4195/2 6744/4194/2
f 6745/4196/2 6725/4172/2 6724/4170/2
f 6724/4170/2 6744/4194/2 6745/4196/2
f 6746/4197/2 6726/4173/2 6725/4172/2
f 6725/4172/2 6745/4196/2 6746/4197/2
f 6747/4198/2 6727/4174/2 6726/4173/2
f 6726/4173/2 6746/4197/2 6747/4198/2
f 6748/4199/2 6728/4175/2 6727/4174/2
f 6727/4174/2 6747/4198/2 6748/4199/2
f 6749/4200/1 6729/4176/1 6728/4177/1
f 6728/4177/1 6748/4201/1 6749/4200/1
f 6731/4179/1 6711/4155/1 6729/4176/1
f 6729/4176/1 6749/4200/1 6731/4179/1
f 6750/4202/1 6730/4178/1 6731/4179/1
f 6731/4179/1 6751/4203/1 6750/4202/1
f 6752/4204/1 6732/4180/1 6730/4178/1
f 6730/4178/1 6750/4202/1 6752/4204/1
f 6753/4205/1 6733/4181/1 6732/4180/1
f 6732/4180/1 6752/4204/1 6753/4205/1
f 6754/4206/3 6734/4182/3 6733/4183/3
f 6733/4183/3 6753/4207/3 6754/4206/3
f 6755/4208/3 6735/4184/3 6734/4182/3
f 6734/4182/3 6754/4206/3 6755/4208/3
f 6756/4209/3 6736/4185/3 6735/4184/3
f 6735/4184/3 6755/4208/3 6756/4209/3
f 6757/4210/3 6737/4186/3 6736/4185/3
f 6736/4185/3 6756/4209/3 6757/4210/3
f 6758/4211/3 6738/4187/3 6737/4186/3
f 6737/4186/3 6757/4210/3 6758/4211/3
f 6759/4212/4 6739/4188/4 6738/4189/4
f 6738/4189/4 6758/4213/4 6759/4212/4
f 6760/4214/4 6740/4190/4 6739/4188/4
f 6739/4188/4 6759/4212/4 6760/4214/4
f 6761/4215/4 6741/4191/4 6740/4190/4
f 6740/4190/4 6760/4214/4 6761/4215/4
f 6762/4216/4 6742/4192/4 6741/4191/4
f 6741/4191/4 6761/4215/4 6762/4216/4
f 6763/4217/4 6743/4193/4 6742/4192/4
f 6742/4192/4 6762/4216/4 6763/4217/4
f 6764/4218/2 6744/4194/2 6743/4195/2
f 6743/4195/2 6763/4219/2 6764/4218/2
f 6765/4220/2 6745/4196/2 6744/4194/2
f 6744/4194/2 6764/4218/2 6765/4220/2
f 6766/4221/2 6746/4197/2 6745/4196/2
f 6745/4196/2 6765/4220/2 6766/4221/2
f 6767/4222/2 6747/4198/2 6746/4197/2
f 6746/4197/2 6766/4221/2 6767/4222/2
f 6768/4223/2 6748/4199/2 6747/4198/2
f 6747/4198/2 6767/4222/2 6768/4223/2
f 6769/4224/1 6749/4200/1 6748/4201/1
f 6748/4201/1 6768/4225/1 6769/4224/1
f 6751/4203/1 6731/4179/1 6749/4200/1
f 6749/4200/1 6769/4224/1 6751/4203/1
f 6770/4226/1 6750/4202/1 6751/4203/1
f 6751/4203/1 6771/4227/1 6770/4226/1
f 6772/4228/1 6752/4204/1 6750/4202/1
f 6750/4202/1 6770/4226/1 6772/4228/1
f 6773/4229/1 6753/4205/1 6752/4204/1
f 6752/4204/1 6772/4228/1 6773/4229/1
f 6774/4230/3 6754/4206/3 6753/4207/3
f 6753/4207/3 6773/4231/3 6774/4230/3
f 6775/4232/3 6755/4208/3 6754/4206/3
f 6754/4206/3 6774/4230/3 6775/4232/3
f 6776/4233/3 6756/4209/3 6755/4208/3
f 6755/4208/3 6775/4232/3 6776/4233/3
f 6777/4234/3 6757/4210/3 6756/4209/3
f 6756/4209/3 6776/4233/3 6777/4234/3
f 6778/4235/3 6758/4211/3 6757/4210/3
f 6757/4210/3 6777/4234/3 6778/4235/3
f 6779/4236/4 6759/4212/4 6758/4213/4
f 6758/4213/4 6778/4237/4 6779/4236/4
f 6780/4238/4 6760/4214/4 6759/4212/4
f 6759/4212/4 6779/4236/4 6780/4238/4
f 6781/4239/4 6761/4215/4 6760/4214/4
f 6760/4214/4 6780/4238/4 6781/4239/4
f 6782/4240/4 6762/4216/4 6761/4215/4
f 6761/4215/4 6781/4239/4 6782/4240/4
f 6783/4241/4 6763/4217/4 6762/4216/4
f 6762/4216/4 6782/4240/4 6783/4241/4
f 6784/4242/2 6764/4218/2 6763/4219/2
f 6763/4219/2 6783/4243/2 6784/4242/2
f 6785/4244/2 6765/4220/2 6764/4218/2
f 6764/4218/2 6784/4242/2 6785/4244/2
f 6786/4245/2 6766/4221/2 6765/4220/2
f 6765/4220/2 6785/4244/2 6786/4245/2
f 6787/4246/2 6767/4222/2 6766/4221/2
f 6766/4221/2 6786/4245/2 6787/4246/2
f 6788/4247/2 6768/4223/2 6767/4222/2
f 6767/4222/2 6787/4246/2 6788/4247/2
f 6789/4248/1 6769/4224/1 6768/4225/1
f 6768/4225/1 6788/4249/1 6789/4248/1
f 6771/4227/1 6751/4203/1 6769/4224/1
f 6769/4224/1 6789/4248/1 6771/4227/1
f 6790/4250/1 6770/4226/1 6771/4227/1
f 6771/4227/1 6791/4251/1 6790/4250/1
f 6792/4252/1 6772/4228/1 6770/4226/1
f 6770/4226/1 6790/4250/1 6792/4252/1
f 6793/4253/1 6773/4229/1 6772/4228/1
f 6772/4228/1 6792/4252/1 6793/4253/1
f 6794/4254/3 6774/4230/3 6773/4231/3
f 6773/4231/3 6793/4255/3 6794/4254/3
f 6795/4256/3 6775/4232/3 6774/4230/3
f 6774/4230/3 6794/4254/3 6795/4256/3
f 6796/4257/3 6776/4233/3 6775/4232/3
f 6775/4232/3 6795/4256/3 6796/4257/3
f 6797/4258/3 6777/4234/3 6776/4233/3
f 6776/4233/3 6796/4257/3 6797/4258/3
f 6798/4259/3 6778/4235/3 6777/4234/3
f 6777/4234/3 6797/4258/3 6798/4259/3
f 6799/4260/4 6779/4236/4 6778/4237/4
f 6778/4237/4 6798/4261/4 6799/4260/4
f 6800/4262/4 6780/4238/4 6779/4236/4
f 6779/4236/4 6799/4260/4 6800/4262/4
f 6801/4263/4 6781/4239/4 6780/4238/4
f 6780/4238/4 6800/4262/4 6801/4263/4
f 6802/4264/4 6782/4240/4 6781/4239/4
f 6781/4239/4 6801/4263/4 6802/4264/4
f 6803/4265/4 6783/4241/4 6782/4240/4
f 6782/4240/4 6802/4264/4 6803/4265/4
f 6804/4266/2 6784/4242/2 6783/4243/2
f 6783/4243/2 6803/4267/2 6804/4266/2
f 6805/4268/2 6785/4244/2 6784/4242/2
f 6784/4242/2 6804/4266/2 6805/4268/2
f 6806/4269/2 6786/4245/2 6785/4244/2
f 6785/4244/2 6805/4268/2 6806/4269/2
f 6807/4270/2 6787/4246/2 6786/4245/2
f 6786/4245/2 6806/4269/2 6807/4270/2
f 6808/4271/2 6788/4247/2 6787/4246/2
f 6787/4246/2 6807/4270/2 6808/4271/2
f 6809/4272/1 6789/4248/1 6788/4249/1
f 6788/4249/1 6808/4273/1 6809/4272/1
f 6791/4251/1 6771/4227/1 6789/4248/1
f 6789/4248/1 6809/4272/1 6791/4251/1
f 6810/4274/1 6790/4250/1 6791/4251/1
f 6791/4251/1 6811/4275/1 6810/4274/1
f 6812/4276/1 6792/4252/1 6790/4250/1
f 6790/4250/1 6810/4274/1 6812/4276/1
f 6813/4277/1 6793/4253/1 6792/4252/1
f 6792/4252/1 6812/4276/1 6813/4277/1
f 6814/4278/3 6794/4254/3 6793/4255/3
f 6793/4255/3 6813/4279/3 6814/4278/3
f 6815/4280/3 6795/4256/3 6794/4254/3
f 6794/4254/3 6814/4278/3 6815/4280/3
f 6816/4281/3 6796/4257/3 6795/4256/3
f 6795/4256/3 6815/4280/3 6816/4281/3
f 6817/4282/3 6797/4258/3 6796/4257/3
f 6796/4257/3 6816/4281/3 6817/4282/3
f 6818/4283/3 6798/4259/3 6797/4258/3
f 6797/4258/3 6817/4282/3 6818/4283/3
f 6819/4284/4 6799/4260/4 6798/4261/4
f 6798/4261/4 6818/4285/4 6819/4284/4
f 6820/4286/4 6800/4262/4 6799/4260/4
f 6799/4260/4 6819/4284/4 6820/4286/4
f 6821/4287/4 6801/4263/4 6800/4262/4
f 6800/4262/4 6820/4286/4 6821/4287/4
f 6822/4288/4 6802/4264/4 6801/4263/4
f 6801/4263/4 6821/4287/4 6822/4288/4
f 6823/4289/4 6803/4265/4 6802/4264/4
f 6802/4264/4 6822/4288/4 6823/4289/4
f 6824/4290/2 6804/4266/2 6803/4267/2
f 6803/4267/2 6823/4291/2 6824/4290/2
f 6825/4292/2 6805/4268/2 6804/4266/2
f 6804/4266/2 6824/4290/2 6825/4292/2
f 6826/4293/2 6806/4269/2 6805/4268/2
f 6805/4268/2 6825/4292/2 6826/4293/2
f 6827/4294/2 6807/4270/2 6806/4269/2
f 6806/4269/2 6826/4293/2 6827/4294/2
f 6828/4295/2 6808/4271/2 6807/4270/2
f 6807/4270/2 6827/4294/2 6828/4295/2
f 6829/4296/1 6809/4272/1 6808/4273/1
f 6808/4273/1 6828/4297/1 6829/4296/1
f 6811/4275/1 6791/4251/1 6809/4272/1
f 6809/4272/1 6829/4296/1 6811/4275/1
f 6830/4298/1 6810/4274/1 6811/4275/1
f 6811/4275/1 6831/4299/1 6830/4298/1
f 6832/4300/1 6812/4276/1 6810/4274/1
f 6810/4274/1 6830/4298/1 6832/4300/1
f 6833/4301/1 6813/4277/1 6812/4276/1
f 6812/4276/1 6832/4300/1 6833/4301/1
f 6834/4302/3 6814/4278/3 6813/4279/3
f 6813/4279/3 6833/4303/3 6834/4302/3
f 6835/4304/3 6815/4280/3 6814/4278/3
f 6814/4278/3 6834/4302/3 6835/4304/3
f 6836/4305/3 6816/4281/3 6815/4280/3
f 6815/4280/3 6835/4304/3 6836/4305/3
f 6837/4306/3 6817/4282/3 6816/4281/3
f 6816/4281/3 6836/4305/3 6837/4306/3
f 6838/4307/3 6818/4283/3 6817/4282/3
f 6817/4282/3 6837/4306/3 6838/4307/3
f 6839/4308/4 6819/4284/4 6818/4285/4
f 6818/4285/4 6838/4309/4 6839/4308/4
f 6840/4310/4 6820/4286/4 6819/4284/4
f 6819/4284/4 6839/4308/4 6840/4310/4
f 6841/4311/4 6821/4287/4 6820/4286/4
f 6820/4286/4 6840/4310/4 6841/4311/4
f 6842/4312/4 6822/4288/4 6821/4287/4
f 6821/4287/4 6841/4311/4 6842/4312/4
f 6843/4313/4 6823/4289/4 6822/4288/4
f 6822/4288/4 6842/4312/4 6843/4313/4
f 6844/4314/2 6824/4290/2 6823/4291/2
f 6823/4291/2 6843/4315/2 6844/4314/2
f 6845/4316/2 6825/4292/2 6824/4290/2
f 6824/4290/2 6844/4314/2 6845/4316/2
f 6846/4317/2 6826/4293/2 6825/4292/2
f 6825/4292/2 6845/4316/2 6846/4317/2
f 6847/4318/2 6827/4294/2 6826/4293/2
f 6826/4293/2 6846/4317/2 6847/4318/2
f 6848/4319/2 6828/4295/2 6827/4294/2
f 6827/4294/2 6847/4318/2 6848/4319/2
f 6849/4320/1 6829/4296/1 6828/4297/1
f 6828/4297/1 6848/4321/1 6849/4320/1
f 6831/4299/1 6811/4275/1 6829/4296/1
f 6829/4296/1 6849/4320/1 6831/4299/1
f 6850/4322/1 6830/4298/1 6831/4299/1
f 6831/4299/1 6851/4323/1 6850/4322/1
f 6852/4324/1 6832/4300/1 6830/4298/1
f 6830/4298/1 6850/4322/1 6852/4324/1
f 6853/4325/1 6833/4301/1 6832/4300/1
f 6832/4300/1 6852/4324/1 6853/4325/1
f 6854/4326/3 6834/4302/3 6833/4303/3
f 6833/4303/3 6853/4327/3 6854/4326/3
f 6855/4328/3 6835/4304/3 6834/4302/3
f 6834/4302/3 6854/4326/3 6855/4328/3
f 6856/4329/3 6836/4305/3 6835/4304/3
f 6835/4304/3 6855/4328/3 6856/4329/3
f 6857/4330/3 6837/4306/3 6836/4305/3
f 6836/4305/3 6856/4329/3 6857/4330/3
f 6858/4331/3 6838/4307/3 6837/4306/3
f 6837/4306/3 6857/4330/3 6858/4331/3
f 6859/4332/4 6839/4308/4 6838/4309/4
f 6838/4309/4 6858/4333/4 6859/4332/4
f 6860/4334/4 6840/4310/4 6839/4308/4
f 6839/4308/4 6859/4332/4 6860/4334/4
f 6861/4335/4 6841/4311/4 6840/4310/4
f 6840/4310/4 6860/4334/4 6861/4335/4
f 6862/4336/4 6842/4312/4 6841/4311/4
f 6841/4311/4 6861/4335/4 6862/4336/4
f 6863/4337/4 6843/4313/4 6842/4312/4
f 6842/4312/4 6862/4336/4 6863/4337/4
f 6864/4338/2 6844/4314/2 6843/4315/2
f 6843/4315/2 6863/4339/2 6864/4338/2
f 6865/4340/2 6845/4316/2 6844/4314/2
f 6844/4314/2 6864/4338/2 6865/4340/2
f 6866/4341/2 6846/4317/2 6845/4316/2
f 6845/4316/2 6865/4340/2 6866/4341/2
f 6867/4342/2 6847/4318/2 6846/4317/2
f 6846/4317/2 6866/4341/2 6867/4342/2
f 6868/4343/2 6848/4319/2 6847/4318/2
f 6847/4318/2 6867/4342/2 6868/4343/2
f 6869/4344/1 6849/4320/1 6848/4321/1
f 6848/4321/1 6868/4345/1 6869/4344/1
f 6851/4323/1 6831/4299/1 6849/4320/1
f 6849/4320/1 6869/4344/1 6851/4323/1
f 6870/4346/1 6850/4322/1 6851/4323/1
f 6851/4323/1 6871/4347/1 6870/4346/1
f 6872/4348/1 6852/4324/1 6850/4322/1
f 6850/4322/1 6870/4346/1 6872/4348/1
f 6873/4349/1 6853/4325/1 6852/4324/1
f 6852/4324/1 6872/4348/1 6873/4349/1
f 6874/4350/3 6854/4326/3 6853/4327/3
f 6853/4327/3 6873/4351/3 6874/4350/3
f 6875/4352/3 6855/4328/3 6854/4326/3
f 6854/4326/3 6874/4350/3 6875/4352/3
f 6876/4353/3 6856/4329/3 6855/4328/3
f 6855/4328/3 6875/4352/3 6876/4353/3
f 6877/4354/3 6857/4330/3 6856/4329/3
f 6856/4329/3 6876/4353/3 6877/4354/3
f 6878/4355/3 6858/4331/3 6857/4330/3
f 6857/4330/3 6877/4354/3 6878/4355/3
f 6879/4356/4 6859/4332/4 6858/4333/4
f 6858/4333/4 6878/4357/4 6879/4356/4
f 6880/4358/4 6860/4334/4 6859/4332/4
f 6859/4332/4 6879/4356/4 6880/4358/4
f 6881/4359/4 6861/4335/4 6860/4334/4
f 6860/4334/4 6880/4358/4 6881/4359/4
f 6882/4360/4 6862/4336/4 6861/4335/4
f 6861/4335/4 6881/4359/4 6882/4360/4
f 6883/4361/4 6863/4337/4 6862/4336/4
f 6862/4336/4 6882/4360/4 6883/4361/4
f 6884/4362/2 6864/4338/2 6863/4339/2
f 6863/4339/2 6883/4363/2 6884/4362/2
f 6885/4364/2 6865/4340/2 6864/4338/2
f 6864/4338/2 6884/4362/2 6885/4364/2
f 6886/4365/2 6866/4341/2 6865/4340/2
f 6865/4340/2 6885/4364/2 6886/4365/2
f 6887/4366/2 6867/4342/2 6866/4341/2
f 6866/4341/2 6886/4365/2 6887/4366/2
f 6888/4367/2 6868/4343/2 6867/4342/2
f 6867/4342/2 6887/4366/2 6888/4367/2
f 6889/4368/1 6869/4344/1 6868/4345/1
f 6868/4345/1 6888/4369/1 6889/4368/1
f 6871/4347/1 6851/4323/1 6869/4344/1
f 6869/4344/1 6889/4368/1 6871/4347/1
f 6890/4370/1 6870/4346/1 6871/4347/1
f 6871/4347/1 6891/4371/1 6890/4370/1
f 6892/4372/1 6872/4348/1 6870/4346/1
f 6870/4346/1 6890/4370/1 6892/4372/1
f 6893/4373/1 6873/4349/1 6872/4348/1
f 6872/4348/1 6892/4372/1 6893/4373/1
f 6894/4374/3 6874/4350/3 6873/4351/3
f 6873/4351/3 6893/4375/3 6894/4374/3
f 6895/4376/3 6875/4352/3 6874/4350/3
f 6874/4350/3 6894/4374/3 6895/4376/3
f 6896/4377/3 6876/4353/3 6875/4352/3
f 6875/4352/3 6895/4376/3 6896/4377/3
f 6897/4378/3 6877/4354/3 6876/4353/3
f 6876/4353/3 6896/4377/3 6897/4378/3
f 6898/4379/3 6878/4355/3 6877/4354/3
f 6877/4354/3 6897/4378/3 6898/4379/3
f 6899/4380/4 6879/4356/4 6878/4357/4
f 6878/4357/4 6898/4381/4 6899/4380/4
f 6900/4382/4 6880/4358/4 6879/4356/4
f 6879/4356/4 6899/4380/4 6900/4382/4
f 6901/4383/4 6881/4359/4 6880/4358/4
f 6880/4358/4 6900/4382/4 6901/4383/4
f 6902/4384/4 6882/4360/4 6881/4359/4
f 6881/4359/4 6901/4383/4 6902/4384/4
f 6903/4385/4 6883/4361/4 6882/4360/4
f 6882/4360/4 6902/4384/4 6903/4385/4
f 6904/4386/2 6884/4362/2 6883/4363/2
f 6883/4363/2 6903/4387/2 6904/4386/2
f 6905/4388/2 6885/4364/2 6884/4362/2
f 6884/4362/2 6904/4386/2 6905/4388/2
f 6906/4389/2 6886/4365/2 6885/4364/2
f 6885/4364/2 6905/4388/2 6906/4389/2
f 6907/4390/2 6887/4366/2 6886/4365/2
f 6886/4365/2 6906/4389/2 6907/4390/2
f 6908/4391/2 6888/4367/2 6887/4366/2
f 6887/4366/2 6907/4390/2 6908/4391/2
f 6909/4392/1 6889/4368/1 6888/4369/1
f 6888/4369/1 6908/4393/1 6909/4392/1
f 6891/4371/1 6871/4347/1 6889/4368/1
f 6889/4368/1 6909/4392/1 6891/4371/1
f 6910/4394/1 6890/4370/1 6891/4371/1
f 6891/4371/1 6911/4395/1 6910/4394/1
f 6912/4396/1 6892/4372/1 6890/4370/1
f 6890/4370/1 6910/4394/1 6912/4396/1
f 6913/4397/1 6893/4373/1 6892/4372/1
f 6892/4372/1 6912/4396/1 6913/4397/1
f 6914/4398/3 6894/4374/3 6893/4375/3
f 6893/4375/3 6913/4399/3 6914/4398/3
f 6915/4400/3 6895/4376/3 6894/4374/3
f 6894/4374/3 6914/4398/3 6915/4400/3
f 6916/4401/3 6896/4377/3 6895/4376/3
f 6895/4376/3 6915/4400/3 6916/4401/3
f 6917/4402/3 6897/4378/3 6896/4377/3
f 6896/4377/3 6916/4401/3 6917/4402/3
f 6918/4403/3 6898/4379/3 6897/4378/3
f 6897/4378/3 6917/4402/3 6918/4403/3
f 6919/4404/4 6899/4380/4 6898/4381/4
f 6898/4381/4 6918/4405/4 6919/4404/4
f 6920/4406/4 6900/4382/4 6899/4380/4
f 6899/4380/4 6919/4404/4 6920/4406/4
f 6921/4407/4 6901/4383/4 6900/4382/4
f 6900/4382/4 6920/4406/4 6921/4407/4
f 6922/4408/4 6902/4384/4 6901/4383/4
f 6901/4383/4 6921/4407/4 6922/4408/4
f 6923/4409/4 6903/4385/4 6902/4384/4
f 6902/4384/4 6922/4408/4 6923/4409/4
f 6924/4410/2 6904/4386/2 6903/4387/2
f 6903/4387/2 6923/4411/2 6924/4410/2
f 6925/4412/2 6905/4388/2 6904/4386/2
f 6904/4386/2 6924/4410/2 6925/4412/2
f 6926/4413/2 6906/4389/2 6905/4388/2
f 6905/4388/2 6925/4412/2 6926/4413/2
f 6927/4414/2 6907/4390/2 6906/4389/2
f 6906/4389/2 6926/4413/2 6927/4414/2
f 6928/4415/2 6908/4391/2 6907/4390/2
f 6907/4390/2 6927/4414/2 6928/4415/2
f 6929/4416/1 6909/4392/1 6908/4393/1
f 6908/4393/1 6928/4417/1 6929/4416/1
f 6911/4395/1 6891/4371/1 6909/4392/1
f 6909/4392/1 6929/4416/1 6911/4395/1
f 6930/4418/1 6910/4394/1 6911/4395/1
f 6911/4395/1 6931/4419/1 6930/4418/1
f 6932/4420/1 6912/4396/1 6910/4394/1
f 6910/4394/1 6930/4418/1 6932/4420/1
f 6933/4421/1 6913/4397/1 6912/4396/1
f 6912/4396/1 6932/4420/1 6933/4421/1
f 6934/4422/3 6914/4398/3 6913/4399/3
f 6913/4399/3 6933/4423/3 6934/4422/3
f 6935/4424/3 6915/4400/3 6914/4398/3
f 6914/4398/3 6934/4422/3 6935/4424/3
f 6936/4425/3 6916/4401/3 6915/4400/3
f 6915/4400/3 6935/4424/3 6936/4425/3
f 6937/4426/3 6917/4402/3 6916/4401/3
f 6916/4401/3 6936/4425/3 6937/4426/3
f 6938/4427/3 6918/4403/3 6917/4402/3
f 6917/4402/3 6937/4426/3 6938/4427/3
f 6939/4428/4 6919/4404/4 6918/4405/4
f 6918/4405/4 6938/4429/4 6939/4428/4
f 6940/4430/4 6920/4406/4 6919/4404/4
f 6919/4404/4 6939/4428/4 6940/4430/4
f 6941/4431/4 6921/4407/4 6920/4406/4
f 6920/4406/4 6940/4430/4 6941/4431/4
f 6942/4432/4 6922/4408/4 6921/4407/4
f 6921/4407/4 6941/4431/4 6942/4432/4
f 6943/4433/4 6923/4409/4 6922/4408/4
f 6922/4408/4 6942/4432/4 6943/4433/4
f 6944/4434/2 6924/4410/2 6923/4411/2
f 6923/4411/2 6943/4435/2 6944/4434/2
f 6945/4436/2 6925/4412/2 6924/4410/2
f 6924/4410/2 6944/4434/2 6945/4436/2
f 6946/4437/2 6926/4413/2 6925/4412/2
f 6925/4412/2 6945/4436/2 6946/4437/2
f 6947/4438/2 6927/4414/2 6926/4413/2
f 6926/4413/2 6946/4437/2 6947/4438/2
f 6948/4439/2 6928/4415/2 6927/4414/2
f 6927/4414/2 6947/4438/2 6948/4439/2
f 6949/4440/1 6929/4416/1 6928/4417/1
f 6928/4417/1 6948/4441/1 6949/4440/1
f 6931/4419/1 6911/4395/1 6929/4416/1
f 6929/4416/1 6949/4440/1 6931/4419/1
f 6950/4442/1 6930/4418/1 6931/4419/1
f 6931/4419/1 6951/4443/1 6950/4442/1
f 6952/4444/1 6932/4420/1 6930/4418/1
f 6930/4418/1 6950/4442/1 6952/4444/1
f 6953/4445/1 6933/4421/1 6932/4420/1
f 6932/4420/1 6952/4444/1 6953/4445/1
f 6954/4446/3 6934/4422/3 6933/4423/3
f 6933/4423/3 6953/4447/3 6954/4446/3
f 6955/4448/3 6935/4424/3 6934/4422/3
f 6934/4422/3 6954/4446/3 6955/4448/3
f 6956/4449/3 6936/4425/3 6935/4424/3
f 6935/4424/3 6955/4448/3 6956/4449/3
f 6957/4450/3 6937/4426/3 6936/4425/3
f 6936/4425/3 6956/4449/3 6957/4450/3
f 6958/4451/3 6938/4427/3 6937/4426/3
f 6937/4426/3 6957/4450/3 6958/4451/3
f 6959/4452/4 6939/4428/4 6938/4429/4
f 6938/4429/4 6958/4453/4 6959/4452/4
f 6960/4454/4 6940/4430/4 6939/4428/4
f 6939/4428/4 6959/4452/4 6960/4454/4
f 6961/4455/4 6941/4431/4 6940/4430/4
f 6940/4430/4 6960/4454/4 6961/4455/4
f 6962/4456/4 6942/4432/4 6941/4431/4
f 6941/4431/4 6961/4455/4 6962/4456/4
f 6963/4457/4 6943/4433/4 6942/4432/4
f 6942/4432/4 6962/4456/4 6963/4457/4
f 6964/4458/2 6944/4434/2 6943/4435/2
f 6943/4435/2 6963/4459/2 6964/4458/2
f 6965/4460/2 6945/4436/2 6944/4434/2
f 6944/4434/2 6964/4458/2 6965/4460/2
f 6966/4461/2 6946/4437/2 6945/4436/2
f 6945/4436/2 6965/4460/2 6966/4461/2
f 6967/4462/2 6947/4438/2 6946/4437/2
f 6946/4437/2 6966/4461/2 6967/4462/2
f 6968/4463/2 6948/4439/2 6947/4438/2
f 6947/4438/2 6967/4462/2 6968/4463/2
f 6969/4464/1 6949/4440/1 6948/4441/1
f 6948/4441/1 6968/4465/1 6969/4464/1
f 6951/4443/1 6931/4419/1 6949/4440/1
f 6949/4440/1 6969/4464/1 6951/4443/1
f 6970/4466/1 6950/4442/1 6951/4443/1
f 6951/4443/1 6971/4467/1 6970/4466/1
f 6972/4468/1 6952/4444/1 6950/4442/1
f 6950/4442/1 6970/4466/1 6972/4468/1
f 6973/4469/1 6953/4445/1 6952/4444/1
f 6952/4444/1 6972/4468/1 6973/4469/1
f 6974/4470/3 6954/4446/3 6953/4447/3
f 6953/4447/3 6973/4471/3 6974/4470/3
f 6975/4472/3 6955/4448/3 6954/4446/3
f 6954/4446/3 6974/4470/3 6975/4472/3
f 6976/4473/3 6956/4449/3 6955/4448/3
f 6955/4448/3 6975/4472/3 6976/4473/3
f 6977/4474/3 6957/4450/3 6956/4449/3
f 6956/4449/3 6976/4473/3 6977/4474/3
f 6978/4475/3 6958/4451/3 6957/4450/3
f 6957/4450/3 6977/4474/3 6978/4475/3
f 6979/4476/4 6959/4452/4 6958/4453/4
f 6958/4453/4 6978/4477/4 6979/4476/4
f 6980/4478/4 6960/4454/4 6959/4452/4
f 6959/4452/4 6979/4476/4 6980/4478/4
f 6981/4479/4 6961/4455/4 6960/4454/4
f 6960/4454/4 6980/4478/4 6981/4479/4
f 6982/4480/4 6962/4456/4 6961/4455/4
f 6961/4455/4 6981/4479/4 6982/4480/4
f 6983/4481/4 6963/4457/4 6962/4456/4
f 6962/4456/4 6982/4480/4 6983/4481/4
f 6984/4482/2 6964/4458/2 6963/4459/2
f 6963/4459/2 6983/4483/2 6984/4482/2
f 6985/4484/2 6965/4460/2 6964/4458/2
f 6964/4458/2 6984/4482/2 6985/4484/2
f 6986/4485/2 6966/4461/2 6965/4460/2
f 6965/4460/2 6985/4484/2 6986/4485/2
f 6987/4486/2 6967/4462/2 6966/4461/2
f 6966/4461/2 6986/4485/2 6987/4486/2
f 6988/4487/2 6968/4463/2 6967/4462/2
f 6967/4462/2 6987/4486/2 6988/4487/2
f 6989/4488/1 6969/4464/1 6968/4465/1
f 6968/4465/1 6988/4489/1 6989/4488/1
f 6971/4467/1 6951/4443/1 6969/4464/1
f 6969/4464/1 6989/4488/1 6971/4467/1
f 6990/4490/1 6970/4466/1 6971/4467/1
f 6971/4467/1 6991/4491/1 6990/4490/1
f 6992/4492/1 6972/4468/1 6970/4466/1
f 6970/4466/1 6990/4490/1 6992/4492/1
f 6993/4493/1 6973/4469/1 6972/4468/1
f 6972/4468/1 6992/4492/1 6993/4493/1
f 6994/4494/3 6974/4470/3 6973/4471/3
f 6973/4471/3 6993/4495/3 6994/4494/3
f 6995/4496/3 6975/4472/3 6974/4470/3
f 6974/4470/3 6994/4494/3 6995/4496/3
f 6996/4497/3 6976/4473/3 6975/4472/3
f 6975/4472/3 6995/4496/3 6996/4497/3
f 6997/4498/3 6977/4474/3 6976/4473/3
f 6976/4473/3 6996/4497/3 6997/4498/3
f 6998/4499/3 6978/4475/3 6977/4474/3
f 6977/4474/3 6997/4498/3 6998/4499/3
f 6999/4500/4 6979/4476/4 6978/4477/4
f 6978/4477/4 6998/4501/4 6999/4500/4
f 7000/4502/4 6980/4478/4 6979/4476/4
f 6979/4476/4 6999/4500/4 7000/4502/4
f 7001/4503/4 6981/4479/4 6980/4478/4
f 6980/4478/4 7000/4502/4 7001/4503/4
f 7002/4504/4 6982/4480/4 6981/4479/4
f 6981/4479/4 7001/4503/4 7002/4504/4
f 7003/4505/4 6983/4481/4 6982/4480/4
f 6982/4480/4 7002/4504/4 7003/4505/4
f 7004/4506/2 6984/4482/2 6983/4483/2
f 6983/4483/2 7003/4507/2 7004/4506/2
f 7005/4508/2 6985/4484/2 6984/4482/2
f 6984/4482/2 7004/4506/2 7005/4508/2
f 7006/4509/2 6986/4485/2 6985/4484/2
f 6985/4484/2 7005/4508/2 7006/4509/2
f 7007/4510/2 6987/4486/2 6986/4485/2
f 6986/4485/2 7006/4509/2 7007/4510/2
f 7008/4511/2 6988/4487/2 6987/4486/2
f 6987/4486/2 7007/4510/2 7008/4511/2
f 7009/4512/1 6989/4488/1 6988/4489/1
f 6988/4489/1 7008/4513/1 7009/4512/1
f 6991/4491/1 6971/4467/1 6989/4488/1
f 6989/4488/1 7009/4512/1 6991/4491/1
f 7010/4514/1 6990/4490/1 6991/4491/1
f 6991/4491/1 7011/4515/1 7010/4514/1
f 7012/4516/1 6992/4492/1 6990/4490/1
f 6990/4490/1 7010/4514/1 7012/4516/1
f 7013/4517/1 6993/4493/1 6992/4492/1
f 6992/4492/1 7012/4516/1 7013/4517/1
f 7014/4518/3 6994/4494/3 6993/4495/3
f 6993/4495/3 7013/4519/3 7014/4518/3
f 7015/4520/3 6995/4496/3 6994/4494/3
f 6994/4494/3 7014/4518/3 7015/4520/3
f 7016/4521/3 6996/4497/3 6995/4496/3
f 6995/4496/3 7015/4520/3 7016/4521/3
f 7017/4522/3 6997/4498/3 6996/4497/3
f 6996/4497/3 7016/4521/3 7017/4522/3
f 7018/4523/3 6998/4499/3 6997/4498/3
f 6997/4498/3 7017/4522/3 7018/4523/3
f 7019/4524/4 6999/4500/4 6998/4501/4
f 6998/4501/4 7018/4525/4 7019/4524/4
f 7020/4526/4 7000/4502/4 6999/4500/4
f 6999/4500/4 7019/4524/4 7020/4526/4
f 7021/4527/4 7001/4503/4 7000/4502/4
f 7000/4502/4 7020/4526/4 7021/4527/4
f 7022/4528/4 7002/4504/4 7001/4503/4
f 7001/4503/4 7021/4527/4 7022/4528/4
f 7023/4529/4 7003/4505/4 7002/4504/4
f 7002/4504/4 7022/4528/4 7023/4529/4
f 7024/4530/2 7004/4506/2 7003/4507/2
f 7003/4507/2 7023/4531/2 7024/4530/2
f 7025/4532/2 7005/4508/2 7004/4506/2
f 7004/4506/2 7024/4530/2 7025/4532/2
f 7026/4533/2 7006/4509/2 7005/4508/2
f 7005/4508/2 7025/4532/2 7026/4533/2
f 7027/4534/2 7007/4510/2 7006/4509/2
f 7006/4509/2 7026/4533/2 7027/4534/2
f 7028/4535/2 7008/4511/2 7007/4510/2
f 7007/4510/2 7027/4534/2 7028/4535/2
f 7029/4536/1 7009/4512/1 7008/4513/1
f 7008/4513/1 7028/4537/1 7029/4536/1
f 7011/4515/1 6991/4491/1 7009/4512/1
f 7009/4512/1 7029/4536/1 7011/4515/1
f 7030/4538/1 7010/4514/1 7011/4515/1
f 7011/4515/1 7031/4539/1 7030/4538/1
f 7032/4540/1 7012/4516/1 7010/4514/1
f 7010/4514/1 7030/4538/1 7032/4540/1
f 7033/4541/1 7013/4517/1 7012/4516/1
f 7012/4516/1 7032/4540/1 7033/4541/1
f 7034/4542/3 7014/4518/3 7013/4519/3
f 7013/4519/3 7033/4543/3 7034/4542/3
f 7035/4544/3 7015/4520/3 7014/4518/3
f 7014/4518/3 7034/4542/3 7035/4544/3
f 7036/4545/3 7016/4521/3 7015/4520/3
f 7015/4520/3 7035/4544/3 7036/4545/3
f 7037/4546/3 7017/4522/3 7016/4521/3
f 7016/4521/3 7036/4545/3 7037/4546/3
f 7038/4547/3 7018/4523/3 7017/4522/3
f 7017/4522/3 7037/4546/3 7038/4547/3
f 7039/4548/4 7019/4524/4 7018/4525/4
f 7018/4525/4 7038/4549/4 7039/4548/4
f 7040/4550/4 7020/4526/4 7019/4524/4
f 7019/4524/4 7039/4548/4 7040/4550/4
f 7041/4551/4 7021/4527/4 7020/4526/4
f 7020/4526/4 7040/4550/4 7041/4551/4
f 7042/4552/4 7022/4528/4 7021/4527/4
f 7021/4527/4 7041/4551/4 7042/4552/4
f 7043/4553/4 7023/4529/4 7022/4528/4
f 7022/4528/4 7042/4552/4 7043/4553/4
f 7044/4554/2 7024/4530/2 7023/4531/2
f 7023/4531/2 7043/4555/2 7044/4554/2
f 7045/4556/2 7025/4532/2 7024/4530/2
f 7024/4530/2 7044/4554/2 7045/4556/2
f 7046/4557/2 7026/4533/2 7025/4532/2
f 7025/4532/2 7045/4556/2 7046/4557/2
f 7047/4558/2 7027/4534/2 7026/4533/2
f 7026/4533/2 7046/4557/2 7047/4558/2
f 7048/4559/2 7028/4535/2 7027/4534/2
f 7027/4534/2 7047/4558/2 7048/4559/2
f 7049/4560/1 7029/4536/1 7028/4537/1
f 7028/4537/1 7048/4561/1 7049/4560/1
f 7031/4539/1 7011/4515/1 7029/4536/1
f 7029/4536/1 7049/4560/1 7031/4539/1
f 7050/4562/1 7030/4538/1 7031/4539/1
f 7031/4539/1 7051/4563/1 7050/4562/1
f 7052/4564/1 7032/4540/1 7030/4538/1
f 7030/4538/1 7050/4562/1 7052/4564/1
f 7053/4565/1 7033/4541/1 7032/4540/1
f 7032/4540/1 7052/4564/1 7053/4565/1
f 7054/4566/3 7034/4542/3 7033/4543/3
f 7033/4543/3 7053/4567/3 7054/4566/3
f 7055/4568/3 7035/4544/3 7034/4542/3
f 7034/4542/3 7054/4566/3 7055/4568/3
f 7056/4569/3 7036/4545/3 7035/4544/3
f 7035/4544/3 7055/4568/3 7056/4569/3
f 7057/4570/3 7037/4546/3 7036/4545/3
f 7036/4545/3 7056/4569/3 7057/4570/3
f 7058/4571/3 7038/4547/3 7037/4546/3
f 7037/4546/3 7057/4570/3 7058/4571/3
f 7059/4572/4 7039/4548/4 7038/4549/4
f 7038/4549/4 7058/4573/4 7059/4572/4
f 7060/4574/4 7040/4550/4 7039/4548/4
f 7039/4548/4 7059/4572/4 7060/4574/4
f 7061/4575/4 7041/4551/4 7040/4550/4
f 7040/4550/4 7060/4574/4 7061/4575/4
f 7062/4576/4 7042/4552/4 7041/4551/4
f 7041/4551/4 7061/4575/4 7062/4576/4
f 7063/4577/4 7043/4553/4 7042/4552/4
f 7042/4552/4 7062/4576/4 7063/4577/4
f 7064/4578/2 7044/4554/2 7043/4555/2
f 7043/4555/2 7063/4579/2 7064/4578/2
f 7065/4580/2 7045/4556/2 7044/4554/2
f 7044/4554/2 7064/4578/2 7065/4580/2
f 7066/4581/2 7046/4557/2 7045/4556/2
f 7045/4556/2 7065/4580/2 7066/4581/2
f 7067/4582/2 7047/4558/2 7046/4557/2
f 7046/4557/2 7066/4581/2 7067/4582/2
f 7068/4583/2 7048/4559/2 7047/4558/2
f 7047/4558/2 7067/4582/2 7068/4583/2
f 7069/4584/1 7049/4560/1 7048/4561/1
f 7048/4561/1 7068/4585/1 7069/4584/1
f 7051/4563/1 7031/4539/1 7049/4560/1
f 7049/4560/1 7069/4584/1 7051/4563/1
f 7070/4586/1 7050/4562/1 7051/4563/1
f 7051/4563/1 7071/4587/1 7070/4586/1
f 7072/4588/1 7052/4564/1 7050/4562/1
f 7050/4562/1 7070/4586/1 7072/4588/1
f 7073/4589/1 7053/4565/1 7052/4564/1
f 7052/4564/1 7072/4588/1 7073/4589/1
f 7074/4590/3 7054/4566/3 7053/4567/3
f 7053/4567/3 7073/4591/3 7074/4590/3
f 7075/4592/3 7055/4568/3 7054/4566/3
f 7054/4566/3 7074/4590/3 7075/4592/3
f 7076/4593/3 7056/4569/3 7055/4568/3
f 7055/4568/3 7075/4592/3 7076/4593/3
f 7077/4594/3 7057/4570/3 7056/4569/3
f 7056/4569/3 7076/4593/3 7077/4594/3
f 7078/4595/3 7058/4571/3 7057/4570/3
f 7057/4570/3 7077/4594/3 7078/4595/3
f 7079/4596/4 7059/4572/4 7058/4573/4
f 7058/4573/4 7078/4597/4 7079/4596/4
f 7080/4598/4 7060/4574/4 7059/4572/4
f 7059/4572/4 7079/4596/4 7080/4598/4
f 7081/4599/4 7061/4575/4 7060/4574/4
f 7060/4574/4 7080/4598/4 7081/4599/4
f 7082/4600/4 7062/4576/4 7061/4575/4
f 7061/4575/4 7081/4599/4 7082/4600/4
f 7083/4601/4 7063/4577/4 7062/4576/4
f 7062/4576/4 7082/4600/4 7083/4601/4
f 7084/4602/2 7064/4578/2 7063/4579/2
f 7063/4579/2 7083/4603/2 7084/4602/2
f 7085/4604/2 7065/4580/2 7064/4578/2
f 7064/4578/2 7084/4602/2 7085/4604/2
f 7086/4605/2 7066/4581/2 7065/4580/2
f 7065/4580/2 7085/4604/2 7086/4605/2
f 7087/4606/2 7067/4582/2 7066/4581/2
f 7066/4581/2 7086/4605/2 7087/4606/2
f 7088/4607/2 7068/4583/2 7067/4582/2
f 7067/4582/2 7087/4606/2 7088/4607/2
f 7089/4608/1 7069/4584/1 7068/4585/1
f 7068/4585/1 7088/4609/1 7089/4608/1
f 7071/4587/1 7051/4563/1 7069/4584/1
f 7069/4584/1 7089/4608/1 7071/4587/1
f 7090/4610/1 7070/4586/1 7071/4587/1
f 7071/4587/1 7091/4611/1 7090/4610/1
f 7092/4612/1 7072/4588/1 7070/4586/1
f 7070/4586/1 7090/4610/1 7092/4612/1
f 7093/4613/1 7073/4589/1 7072/4588/1
f 7072/4588/1 7092/4612/1 7093/4613/1
f 7094/4614/3 7074/4590/3 7073/4591/3
f 7073/4591/3 7093/4615/3 7094/4614/3
f 7095/4616/3 7075/4592/3 7074/4590/3
f 7074/4590/3 7094/4614/3 7095/4616/3
f 7096/4617/3 7076/4593/3 7075/4592/3
f 7075/4592/3 7095/4616/3 7096/4617/3
f 7097/4618/3 7077/4594/3 7076/4593/3
f 7076/4593/3 7096/4617/3 7097/4618/3
f 7098/4619/3 7078/4595/3 7077/4594/3
f 7077/4594/3 7097/4618/3 7098/4619/3
f 7099/4620/4 7079/4596/4 7078/4597/4
f 7078/4597/4 7098/4621/4 7099/4620/4
f 7100/4622/4 7080/4598/4 7079/4596/4
f 7079/4596/4 7099/4620/4 7100/4622/4
f 7101/4623/4 7081/4599/4 7080/4598/4
f 7080/4598/4 7100/4622/4 7101/4623/4
f 7102/4624/4 7082/4600/4 7081/4599/4
f 7081/4599/4 7101/4623/4 7102/4624/4
f 7103/4625/4 7083/4601/4 7082/4600/4
f 7082/4600/4 7102/4624/4 7103/4625/4
f 7104/4626/2 7084/4602/2 7083/4603/2
f 7083/4603/2 7103/4627/2 7104/4626/2
f 7105/4628/2 7085/4604/2 7084/4602/2
f 7084/4602/2 7104/4626/2 7105/4628/2
f 7106/4629/2 7086/4605/2 7085/4604/2
f 7085/4604/2 7105/4628/2 7106/4629/2
f 7107/4630/2 7087/4606/2 7086/4605/2
f 7086/4605/2 7106/4629/2 7107/4630/2
f 7108/4631/2 7088/4607/2 7087/4606/2
f 7087/4606/2 7107/4630/2 7108/4631/2
f 7109/4632/1 7089/4608/1 7088/4609/1
f 7088/4609/1 7108/4633/1 7109/4632/1
f 7091/4611/1 7071/4587/1 7089/4608/1
f 7089/4608/1 7109/4632/1 7091/4611/1
f 7110/4634/1 7090/4610/1 7091/4611/1
f 7091/4611/1 7111/4635/1 7110/4634/1
f 7112/4636/1 7092/4612/1 7090/4610/1
f 7090/4610/1 7110/4634/1 7112/4636/1
f 7113/4637/1 7093/4613/1 7092/4612/1
f 7092/4612/1 7112/4636/1 7113/4637/1
f 7114/4638/3 7094/4614/3 7093/4615/3
f 7093/4615/3 7113/4639/3 7114/4638/3
f 7115/4640/3 7095/4616/3 7094/4614/3
f 7094/4614/3 7114/4638/3 7115/4640/3
f 7116/4641/3 7096/4617/3 7095/4616/3
f 7095/4616/3 7115/4640/3 7116/4641/3
f 7117/4642/3 7097/4618/3 7096/4617/3
f 7096/4617/3 7116/4641/3 7117/4642/3
f 7118/4643/3 7098/4619/3 7097/4618/3
f 7097/4618/3 7117/4642/3 7118/4643/3
f 7119/4644/4 7099/4620/4 7098/4621/4
f 7098/4621/4 7118/4645/4 7119/4644/4
f 7120/4646/4 7100/4622/4 7099/4620/4
f 7099/4620/4 7119/4644/4 7120/4646/4
f 7121/4647/4 7101/4623/4 7100/4622/4
f 7100/4622/4 7120/4646/4 7121/4647/4
f 7122/4648/4 7102/4624/4 7101/4623/4
f 7101/4623/4 7121/4647/4 7122/4648/4
f 7123/4649/4 7103/4625/4 7102/4624/4
f 7102/4624/4 7122/4648/4 7123/4649/4
f 7124/4650/2 7104/4626/2 7103/4627/2
f 7103/4627/2 7123/4651/2 7124/4650/2
f 7125/4652/2 7105/4628/2 7104/4626/2
f 7104/4626/2 7124/4650/2 7125/4652/2
f 7126/4653/2 7106/4629/2 7105/4628/2
f 7105/4628/2 7125/4652/2 7126/4653/2
f 7127/4654/2 7107/4630/2 7106/4629/2
f 7106/4629/2 7126/4653/2 7127/4654/2
f 7128/4655/2 7108/4631/2 7107/4630/2
f 7107/4630/2 7127/4654/2 7128/4655/2
f 7129/4656/1 7109/4632/1 7108/4633/1
f 7108/4633/1 7128/4657/1 7129/4656/1
f 7111/4635/1 7091/4611/1 7109/4632/1
f 7109/4632/1 7129/4656/1 7111/4635/1
f 7130/4658/1 7110/4634/1 7111/4635/1
f 7111/4635/1 7131/4659/1 7130/4658/1
f 7132/4660/1 7112/4636/1 7110/4634/1
f 7110/4634/1 7130/4658/1 7132/4660/1
f 7133/4661/1 7113/4637/1 7112/4636/1
f 7112/4636/1 7132/4660/1 7133/4661/1
f 7134/4662/3 7114/4638/3 7113/4639/3
f 7113/4639/3 7133/4663/3 7134/4662/3
f 7135/4664/3 7115/4640/3 7114/4638/3
f 7114/4638/3 7134/4662/3 7135/4664/3
f 7136/4665/3 7116/4641/3 7115/4640/3
f 7115/4640/3 7135/4664/3 7136/4665/3
f 7137/4666/3 7117/4642/3 7116/4641/3
f 7116/4641/3 7136/4665/3 7137/4666/3
f 7138/4667/3 7118/4643/3 7117/4642/3
f 7117/4642/3 7137/4666/3 7138/4667/3
f 7139/4668/4 7119/4644/4 7118/4645/4
f 7118/4645/4 7138/4669/4 7139/4668/4
f 7140/4670/4 7120/4646/4 7119/4644/4
f 7119/4644/4 7139/4668/4 7140/4670/4
f 7141/4671/4 7121/4647/4 7120/4646/4
f 7120/4646/4 7140/4670/4 7141/4671/4
f 7142/4672/4 7122/4648/4 7121/4647/4
f 7121/4647/4 7141/4671/4 7142/4672/4
f 7143/4673/4 7123/4649/4 7122/4648/4
f 7122/4648/4 7142/4672/4 7143/4673/4
f 7144/4674/2 7124/4650/2 7123/4651/2
f 7123/4651/2 7143/4675/2 7144/4674/2
f 7145/4676/2 7125/4652/2 7124/4650/2
f 7124/4650/2 7144/4674/2 7145/4676/2
f 7146/4677/2 7126/4653/2 7125/4652/2
f 7125/4652/2 7145/4676/2 7146/4677/2
f 7147/4678/2 7127/4654/2 7126/4653/2
f 7126/4653/2 7146/4677/2 7147/4678/2
f 7148/4679/2 7128/4655/2 7127/4654/2
f 7127/4654/2 7147/4678/2 7148/4679/2
f 7149/4680/1 7129/4656/1 7128/4657/1
f 7128/4657/1 7148/4681/1 7149/4680/1
f 7131/4659/1 7111/4635/1 7129/4656/1
f 7129/4656/1 7149/4680/1 7131/4659/1
f 7150/4682/1 7130/4658/1 7131/4659/1
f 7131/4659/1 7151/4683/1 7150/4682/1
f 7152/4684/1 7132/4660/1 7130/4658/1
f 7130/4658/1 7150/4682/1 7152/4684/1
f 7153/4685/1 7133/4661/1 7132/4660/1
f 7132/4660/1 7152/4684/1 7153/4685/1
f 7154/4686/3 7134/4662/3 7133/4663/3
f 7133/4663/3 7153/4687/3 7154/4686/3
f 7155/4688/3 7135/4664/3 7134/4662/3
f 7134/4662/3 7154/4686/3 7155/4688/3
f 7156/4689/3 7136/4665/3 7135/4664/3
f 7135/4664/3 7155/4688/3 7156/4689/3
f 7157/4690/3 7137/4666/3 7136/4665/3
f 7136/4665/3 7156/4689/3 7157/4690/3
f 7158/4691/3 7138/4667/3 7137/4666/3
f 7137/4666/3 7157/4690/3 7158/4691/3
f 7159/4692/4 7139/4668/4 7138/4669/4
f 7138/4669/4 7158/4693/4 7159/4692/4
f 7160/4694/4 7140/4670/4 7139/4668/4
f 7139/4668/4 7159/4692/4 7160/4694/4
f 7161/4695/4 7141/4671/4 7140/4670/4
f 7140/4670/4 7160/4694/4 7161/4695/4
f 7162/4696/4 7142/4672/4 7141/4671/4
f 7141/4671/4 7161/4695/4 7162/4696/4
f 7163/4697/4 7143/4673/4 7142/4672/4
f 7142/4672/4 7162/4696/4 7163/4697/4
f 7164/4698/2 7144/4674/2 7143/4675/2
f 7143/4675/2 7163/4699/2 7164/4698/2
f 7165/4700/2 7145/4676/2 7144/4674/2
f 7144/4674/2 7164/4698/2 7165/4700/2
f 7166/4701/2 7146/4677/2 7145/4676/2
f 7145/4676/2 7165/4700/2 7166/4701/2
f 7167/4702/2 7147/4678/2 7146/4677/2
f 7146/4677/2 7166/4701/2 7167/4702/2
f 7168/4703/2 7148/4679/2 7147/4678/2
f 7147/4678/2 7167/4702/2 7168/4703/2
f 7169/4704/1 7149/4680/1 7148/4681/1
f 7148/4681/1 7168/4705/1 7169/4704/1
f 7151/4683/1 7131/4659/1 7149/4680/1
f 7149/4680/1 7169/4704/1 7151/4683/1
f 7170/4706/1 7150/4682/1 7151/4683/1
f 7151/4683/1 7171/4707/1 7170/4706/1
f 7172/4708/1 7152/4684/1 7150/4682/1
f 7150/4682/1 7170/4706/1 7172/4708/1
f 7173/4709/1 7153/4685/1 7152/4684/1
f 7152/4684/1 7172/4708/1 7173/4709/1
f 7174/4710/3 7154/4686/3 7153/4687/3
f 7153/4687/3 7173/4711/3 7174/4710/3
f 7175/4712/3 7155/4688/3 7154/4686/3
f 7154/4686/3 7174/4710/3 7175/4712/3
f 7176/4713/3 7156/4689/3 7155/4688/3
f 7155/4688/3 7175/4712/3 7176/4713/3
f 7177/4714/3 7157/4690/3 7156/4689/3
f 7156/4689/3 7176/4713/3 7177/4714/3
f 7178/4715/3 7158/4691/3 7157/4690/3
f 7157/4690/3 7177/4714/3 7178/4715/3
f 7179/4716/4 7159/4692/4 7158/4693/4
f 7158/4693/4 7178/4717/4 7179/4716/4
f 7180/4718/4 7160/4694/4 7159/4692/4
f 7159/4692/4 7179/4716/4 7180/4718/4
f 7181/4719/4 7161/4695/4 7160/4694/4
f 7160/4694/4 7180/4718/4 7181/4719/4
f 7182/4720/4 7162/4696/4 7161/4695/4
f 7161/4695/4 7181/4719/4 7182/4720/4
f 7183/4721/4 7163/4697/4 7162/4696/4
f 7162/4696/4 7182/4720/4 7183/4721/4
f 7184/4722/2 7164/4698/2 7163/4699/2
f 7163/4699/2 7183/4723/2 7184/4722/2
f 7185/4724/2 7165/4700/2 7164/4698/2
f 7164/4698/2 7184/4722/2 7185/4724/2
f 7186/4725/2 7166/4701/2 7165/4700/2
f 7165/4700/2 7185/4724/2 7186/4725/2
f 7187/4726/2 7167/4702/2 7166/4701/2
f 7166/4701/2 7186/4725/2 7187/4726/2
f 7188/4727/2 7168/4703/2 7167/4702/2
f 7167/4702/2 7187/4726/2 7188/4727/2
f 7189/4728/1 7169/4704/1 7168/4705/1
f 7168/4705/1 7188/4729/1 7189/4728/1
f 7171/4707/1 7151/4683/1 7169/4704/1
f 7169/4704/1 7189/4728/1 7171/4707/1
f 7190/4730/1 7170/4706/1 7171/4707/1
f 7171/4707/1 7191/4731/1 7190/4730/1
f 7192/4732/1 7172/4708/1 7170/4706/1
f 7170/4706/1 7190/4730/1 7192/4732/1
f 7193/4733/1 7173/4709/1 7172/4708/1
f 7172/4708/1 7192/4732/1 7193/4733/1
f 7194/4734/3 7174/4710/3 7173/4711/3
f 7173/4711/3 7193/4735/3 7194/4734/3
f 7195/4736/3 7175/4712/3 7174/4710/3
f 7174/4710/3 7194/4734/3 7195/4736/3
f 7196/4737/3 7176/4713/3 7175/4712/3
f 7175/4712/3 7195/4736/3 7196/4737/3
f 7197/4738/3 7177/4714/3 7176/4713/3
f 7176/4713/3 7196/4737/3 7197/4738/3
f 7198/4739/3 7178/4715/3 7177/4714/3
f 7177/4714/3 7197/4738/3 7198/4739/3
f 7199/4740/4 7179/4716/4 7178/4717/4
f 7178/4717/4 7198/4741/4 7199/4740/4
f 7200/4742/4 7180/4718/4 7179/4716/4
f 7179/4716/4 7199/4740/4 7200/4742/4
f 7201/4743/4 7181/4719/4 7180/4718/4
f 7180/4718/4 7200/4742/4 7201/4743/4
f 7202/4744/4 7182/4720/4 7181/4719/4
f 7181/4719/4 7201/4743/4 7202/4744/4
f 7203/4745/4 7183/4721/4 7182/4720/4
f 7182/4720/4 7202/4744/4 7203/4745/4
f 7204/4746/2 7184/4722/2 7183/4723/2
f 7183/4723/2 7203/4747/2 7204/4746/2
f 7205/4748/2 7185/4724/2 7184/4722/2
f 7184/4722/2 7204/4746/2 7205/4748/2
f 7206/4749/2 7186/4725/2 7185/4724/2
f 7185/4724/2 7205/4748/2 7206/4749/2
f 7207/4750/2 7187/4726/2 7186/4725/2
f 7186/4725/2 7206/4749/2 7207/4750/2
f 7208/4751/2 7188/4727/2 7187/4726/2
f 7187/4726/2 7207/4750/2 7208/4751/2
f 7209/4752/1 7189/4728/1 7188/4729/1
f 7188/4729/1 7208/4753/1 7209/4752/1
f 7191/4731/1 7171/4707/1 7189/4728/1
f 7189/4728/1 7209/4752/1 7191/4731/1
f 7210/4754/1 7190/4730/1 7191/4731/1
f 7191/4731/1 7211/4755/1 7210/4754/1
f 7212/4756/1 7192/4732/1 7190/4730/1
f 7190/4730/1 7210/4754/1 7212/4756/1
f 7213/4757/1 7193/4733/1 7192/4732/1
f 7192/4732/1 7212/4756/1 7213/4757/1
f 7214/4758/3 7194/4734/3 7193/4735/3
f 7193/4735/3 7213/4759/3 7214/4758/3
f 7215/4760/3 7195/4736/3 7194/4734/3
f 7194/4734/3 7214/4758/3 7215/4760/3
f 7216/4761/3 7196/4737/3 7195/4736/3
f 7195/4736/3 7215/4760/3 7216/4761/3
f 7217/4762/3 7197/4738/3 7196/4737/3
f 7196/4737/3 7216/4761/3 7217/4762/3
f 7218/4763/3 7198/4739/3 7197/4738/3
f 7197/4738/3 7217/4762/3 7218/4763/3
f 7219/4764/4 7199/4740/4 7198/4741/4
f 7198/4741/4 7218/4765/4 7219/4764/4
f 7220/4766/4 7200/4742/4 7199/4740/4
f 7199/4740/4 7219/4764/4 7220/4766/4
f 7221/4767/4 7201/4743/4 7200/4742/4
f 7200/4742/4 7220/4766/4 7221/4767/4
f 7222/4768/4 7202/4744/4 7201/4743/4
f 7201/4743/4 7221/4767/4 7222/4768/4
f 7223/4769/4 7203/4745/4 7202/4744/4
f 7202/4744/4 7222/4768/4 7223/4769/4
f 7224/4770/2 7204/4746/2 7203/4747/2
f 7203/4747/2 7223/4771/2 7224/4770/2
f 7225/4772/2 7205/4748/2 7204/4746/2
f 7204/4746/2 7224/4770/2 7225/4772/2
f 7226/4773/2 7206/4749/2 7205/4748/2
f 7205/4748/2 7225/4772/2 7226/4773/2
f 7227/4774/2 7207/4750/2 7206/4749/2
f 7206/4749/2 7226/4773/2 7227/4774/2
f 7228/4775/2 7208/4751/2 7207/4750/2
f 7207/4750/2 7227/4774/2 7228/4775/2
f 7229/4776/1 7209/4752/1 7208/4753/1
f 7208/4753/1 7228/4777/1 7229/4776/1
f 7211/4755/1 7191/4731/1 7209/4752/1
f 7209/4752/1 7229/4776/1 7211/4755/1
f 7230/4778/1 7210/4754/1 7211/4755/1
f 7211/4755/1 7231/4779/1 7230/4778/1
f 7232/4780/1 7212/4756/1 7210/4754/1
f 7210/4754/1 7230/4778/1 7232/4780/1
f 7233/4781/1 7213/4757/1 7212/4756/1
f 7212/4756/1 7232/4780/1 7233/4781/1
f 7234/4782/3 7214/4758/3 7213/4759/3
f 7213/4759/3 7233/4783/3 7234/4782/3
f 7235/4784/3 7215/4760/3 7214/4758/3
f 7214/4758/3 7234/4782/3 7235/4784/3
f 7236/4785/3 7216/4761/3 7215/4760/3
f 7215/4760/3 7235/4784/3 7236/4785/3
f 7237/4786/3 7217/4762/3 7216/4761/3
f 7216/4761/3 7236/4785/3 7237/4786/3
f 7238/4787/3 7218/4763/3 7217/4762/3
f 7217/4762/3 7237/4786/3 7238/4787/3
f 7239/4788/4 7219/4764/4 7218/4765/4
f 7218/4765/4 7238/4789/4 7239/4788/4
f 7240/4790/4 7220/4766/4 7219/4764/4
f 7219/4764/4 7239/4788/4 7240/4790/4
f 7241/4791/4 7221/4767/4 7220/4766/4
f 7220/4766/4 7240/4790/4 7241/4791/4
f 7242/4792/4 7222/4768/4 7221/4767/4
f 7221/4767/4 7241/4791/4 7242/4792/4
f 7243/4793/4 7223/4769/4 7222/4768/4
f 7222/4768/4 7242/4792/4 7243/4793/4
f 7244/4794/2 7224/4770/2 7223/4771/2
f 7223/4771/2 7243/4795/2 7244/4794/2
f 7245/4796/2 7225/4772/2 7224/4770/2
f 7224/4770/2 7244/4794/2 7245/4796/2
f 7246/4797/2 7226/4773/2 7225/4772/2
f 7225/4772/2 7245/4796/2 7246/4797/2
f 7247/4798/2 7227/4774/2 7226/4773/2
f 7226/4773/2 7246/4797/2 7247/4798/2
f 7248/4799/2 7228/4775/2 7227/4774/2
f 7227/4774/2 7247/4798/2 7248/4799/2
f 7249/4800/1 7229/4776/1 7228/4777/1
f 7228/4777/1 7248/4801/1 7249/4800/1
f 7231/4779/1 7211/4755/1 7229/4776/1
f 7229/4776/1 7249/4800/1 7231/4779/1
f 7250/4802/1 7230/4778/1 7231/4779/1
f 7231/4779/1 7251/4803/1 7250/4802/1
f 7252/4804/1 7232/4780/1 7230/4778/1
f 7230/4778/1 7250/4802/1 7252/4804/1
f 7253/4805/1 7233/4781/1 7232/4780/1
f 7232/4780/1 7252/4804/1 7253/4805/1
f 7254/4806/3 7234/4782/3 7233/4783/3
f 7233/4783/3 7253/4807/3 7254/4806/3
f 7255/4808/3 7235/4784/3 7234/4782/3
f 7234/4782/3 7254/4806/3 7255/4808/3
f 7256/4809/3 7236/4785/3 7235/4784/3
f 7235/4784/3 7255/4808/3 7256/4809/3
f 7257/4810/3 7237/4786/3 7236/4785/3
f 7236/4785/3 7256/4809/3 7257/4810/3
f 7258/4811/3 7238/4787/3 7237/4786/3
f 7237/4786/3 7257/4810/3 7258/4811/3
f 7259/4812/4 7239/4788/4 7238/4789/4
f 7238/4789/4 7258/4813/4 7259/4812/4
f 7260/4814/4 7240/4790/4 7239/4788/4
f 7239/4788/4 7259/4812/4 7260/4814/4
f 7261/4815/4 7241/4791/4 7240/4790/4
f 7240/4790/4 7260/4814/4 7261/4815/4
f 7262/4816/4 7242/4792/4 7241/4791/4
f 7241/4791/4 7261/4815/4 7262/4816/4
f 7263/4817/4 7243/4793/4 7242/4792/4
f 7242/4792/4 7262/4816/4 7263/4817/4
f 7264/4818/2 7244/4794/2 7243/4795/2
f 7243/4795/2 7263/4819/2 7264/4818/2
f 7265/4820/2 7245/4796/2 7244/4794/2
f 7244/4794/2 7264/4818/2 7265/4820/2
f 7266/4821/2 7246/4797/2 7245/4796/2
f 7245/4796/2 7265/4820/2 7266/4821/2
f 7267/4822/2 7247/4798/2 7246/4797/2
f 7246/4797/2 7266/4821/2 7267/4822/2
f 7268/4823/2 7248/4799/2 7247/4798/2
f 7247/4798/2 7267/4822/2 7268/4823/2
f 7269/4824/1 7249/4800/1 7248/4801/1
f 7248/4801/1 7268/4825/1 7269/4824/1
f 7251/4803/1 7231/4779/1 7249/4800/1
f 7249/4800/1 7269/4824/1 7251/4803/1
f 7270/4826/1 7250/4802/1 7251/4803/1
f 7251/4803/1 7271/4827/1 7270/4826/1
f 7272/4828/1 7252/4804/1 7250/4802/1
f 7250/4802/1 7270/4826/1 7272/4828/1
f 7273/4829/1 7253/4805/1 7252/4804/1
f 7252/4804/1 7272/4828/1 7273/4829/1
f 7274/4830/3 7254/4806/3 7253/4807/3
f 7253/4807/3 7273/4831/3 7274/4830/3
f 7275/4832/3 7255/4808/3 7254/4806/3
f 7254/4806/3 7274/4830/3 7275/4832/3
f 7276/4833/3 7256/4809/3 7255/4808/3
f 7255/4808/3 7275/4832/3 7276/4833/3
f 7277/4834/3 7257/4810/3 7256/4809/3
f 7256/4809/3 7276/4833/3 7277/4834/3
f 7278/4835/3 7258/4811/3 7257/4810/3
f 7257/4810/3 7277/4834/3 7278/4835/3
f 7279/4836/4 7259/4812/4 7258/4813/4
f 7258/4813/4 7278/4837/4 7279/4836/4
f 7280/4838/4 7260/4814/4 7259/4812/4
f 7259/4812/4 7279/4836/4 7280/4838/4
f 7281/4839/4 7261/4815/4 7260/4814/4
f 7260/4814/4 7280/4838/4 7281/4839/4
f 7282/4840/4 7262/4816/4 7261/4815/4
f 7261/4815/4 7281/4839/4 7282/4840/4
f 7283/4841/4 7263/4817/4 7262/4816/4
f 7262/4816/4 7282/4840/4 7283/4841/4
f 7284/4842/2 7264/4818/2 7263/4819/2
f 7263/4819/2 7283/4843/2 7284/4842/2
f 7285/4844/2 7265/4820/2 7264/4818/2
f 7264/4818/2 7284/4842/2 7285/4844/2
f 7286/4845/2 7266/4821/2 7265/4820/2
f 7265/4820/2 7285/4844/2 7286/4845/2
f 7287/4846/2 7267/4822/2 7266/4821/2
f 7266/4821/2 7286/4845/2 7287/4846/2
f 7288/4847/2 7268/4823/2 7267/4822/2
f 7267/4822/2 7287/4846/2 7288/4847/2
f 7289/4848/1 7269/4824/1 7268/4825/1
f 7268/4825/1 7288/4849/1 7289/4848/1
f 7271/4827/1 7251/4803/1 7269/4824/1
f 7269/4824/1 7289/4848/1 7271/4827/1
f 7290/4850/1 7270/4826/1 7271/4827/1
f 7271/4827/1 7291/4851/1 7290/4850/1
f 7292/4852/1 7272/4828/1 7270/4826/1
f 7270/4826/1 7290/4850/1 7292/4852/1
f 7293/4853/1 7273/4829/1 7272/4828/1
f 7272/4828/1 7292/4852/1 7293/4853/1
f 7294/4854/3 7274/4830/3 7273/4831/3
f 7273/4831/3 7293/4855/3 7294/4854/3
f 7295/4856/3 7275/4832/3 7274/4830/3
f 7274/4830/3 7294/4854/3 7295/4856/3
f 7296/4857/3 7276/4833/3 7275/4832/3
f 7275/4832/3 7295/4856/3 7296/4857/3
f 7297/4858/3 7277/4834/3 7276/4833/3
f 7276/4833/3 7296/4857/3 7297/4858/3
f 7298/4859/3 7278/4835/3 7277/4834/3
f 7277/4834/3 7297/4858/3 7298/4859/3
f 7299/4860/4 7279/4836/4 7278/4837/4
f 7278/4837/4 7298/4861/4 7299/4860/4
f 7300/4862/4 7280/4838/4 7279/4836/4
f 7279/4836/4 7299/4860/4 7300/4862/4
f 7301/4863/4 7281/4839/4 7280/4838/4
f 7280/4838/4 7300/4862/4 7301/4863/4
f 7302/4864/4 7282/4840/4 7281/4839/4
f 7281/4839/4 7301/4863/4 7302/4864/4
f 7303/4865/4 7283/4841/4 7282/4840/4
f 7282/4840/4 7302/4864/4 7303/4865/4
f 7304/4866/2 7284/4842/2 7283/4843/2
f 7283/4843/2 7303/4867/2 7304/4866/2
f 7305/4868/2 7285/4844/2 7284/4842/2
f 7284/4842/2 7304/4866/2 7305/4868/2
f 7306/4869/2 7286/4845/2 7285/4844/2
f 7285/4844/2 7305/4868/2 7306/4869/2
f 7307/4870/2 7287/4846/2 7286/4845/2
f 7286/4845/2 7306/4869/2 7307/4870/2
f 7308/4871/2 7288/4847/2 7287/4846/2
f 7287/4846/2 7307/4870/2 7308/4871/2
f 7309/4872/1 7289/4848/1 7288/4849/1
f 7288/4849/1 7308/4873/1 7309/4872/1
f 7291/4851/1 7271/4827/1 7289/4848/1
f 7289/4848/1 7309/4872/1 7291/4851/1
f 7310/4874/1 7290/4850/1 7291/4851/1
f 7291/4851/1 7311/4875/1 7310/4874/1
f 7312/4876/1 7292/4852/1 7290/4850/1
f 7290/4850/1 7310/4874/1 7312/4876/1
f 7313/4877/1 7293/4853/1 7292/4852/1
f 7292/4852/1 7312/4876/1 7313/4877/1
f 7314/4878/3 7294/4854/3 7293/4855/3
f 7293/4855/3 7313/4879/3 7314/4878/3
f 7315/4880/3 7295/4856/3 7294/4854/3
f 7294/4854/3 7314/4878/3 7315/4880/3
f 7316/4881/3 7296/4857/3 7295/4856/3
f 7295/4856/3 7315/4880/3 7316/4881/3
f 7317/4882/3 7297/4858/3 7296/4857/3
f 7296/4857/3 7316/4881/3 7317/4882/3
f 7318/4883/3 7298/4859/3 7297/4858/3
f 7297/4858/3 7317/4882/3 7318/4883/3
f 7319/4884/4 7299/4860/4 7298/4861/4
f 7298/4861/4 7318/4885/4 7319/4884/4
f 7320/4886/4 7300/4862/4 7299/4860/4
f 7299/4860/4 7319/4884/4 7320/4886/4
f 7321/4887/4 7301/4863/4 7300/4862/4
f 7300/4862/4 7320/4886/4 7321/4887/4
f 7322/4888/4 7302/4864/4 7301/4863/4
f 7301/4863/4 7321/4887/4 7322/4888/4
f 7323/4889/4 7303/4865/4 7302/4864/4
f 7302/4864/4 7322/4888/4 7323/4889/4
f 7324/4890/2 7304/4866/2 7303/4867/2
f 7303/4867/2 7323/4891/2 7324/4890/2
f 7325/4892/2 7305/4868/2 7304/4866/2
f 7304/4866/2 7324/4890/2 7325/4892/2
f 7326/4893/2 7306/4869/2 7305/4868/2
f 7305/4868/2 7325/4892/2 7326/4893/2
f 7327/4894/2 7307/4870/2 7306/4869/2
f 7306/4869/2 7326/4893/2 7327/4894/2
f 7328/4895/2 7308/4871/2 7307/4870/2
f 7307/4870/2 7327/4894/2 7328/4895/2
f 7329/4896/1 7309/4872/1 7308/4873/1
f 7308/4873/1 7328/4897/1 7329/4896/1
f 7311/4875/1 7291/4851/1 7309/4872/1
f 7309/4872/1 7329/4896/1 7311/4875/1
f 7330/4898/1 7310/4874/1 7311/4875/1
f 7311/4875/1 7331/4899/1 7330/4898/1
f 7332/4900/1 7312/4876/1 7310/4874/1
f 7310/4874/1 7330/4898/1 7332/4900/1
f 7333/4901/1 7313/4877/1 7312/4876/1
f 7312/4876/1 7332/4900/1 7333/4901/1
f 7334/4902/3 7314/4878/3 7313/4879/3
f 7313/4879/3 7333/4903/3 7334/4902/3
f 7335/4904/3 7315/4880/3 7314/4878/3
f 7314/4878/3 7334/4902/3 7335/4904/3
f 7336/4905/3 7316/4881/3 7315/4880/3
f 7315/4880/3 7335/4904/3 7336/4905/3
f 7337/4906/3 7317/4882/3 7316/4881/3
f 7316/4881/3 7336/4905/3 7337/4906/3
f 7338/4907/3 7318/4883/3 7317/4882/3
f 7317/4882/3 7337/4906/3 7338/4907/3
f 7339/4908/4 7319/4884/4 7318/4885/4
f 7318/4885/4 7338/4909/4 7339/4908/4
f 7340/4910/4 7320/4886/4 7319/4884/4
f 7319/4884/4 7339/4908/4 7340/4910/4
f 7341/4911/4 7321/4887/4 7320/4886/4
f 7320/4886/4 7340/4910/4 7341/4911/4
f 7342/4912/4 7322/4888/4 7321/4887/4
f 7321/4887/4 7341/4911/4 7342/4912/4
f 7343/4913/4 7323/4889/4 7322/4888/4
f 7322/4888/4 7342/4912/4 7343/4913/4
f 7344/4914/2 7324/4890/2 7323/4891/2
f 7323/4891/2 7343/4915/2 7344/4914/2
f 7345/4916/2 7325/4892/2 7324/4890/2
f 7324/4890/2 7344/4914/2 7345/4916/2
f 7346/4917/2 7326/4893/2 7325/4892/2
f 7325/4892/2 7345/4916/2 7346/4917/2
f 7347/4918/2 7327/4894/2 7326/4893/2
f 7326/4893/2 7346/4917/2 7347/4918/2
f 7348/4919/2 7328/4895/2 7327/4894/2
f 7327/4894/2 7347/4918/2 7348/4919/2
f 7349/4920/1 7329/4896/1 7328/4897/1
f 7328/4897/1 7348/4921/1 7349/4920/1
f 7331/4899/1 7311/4875/1 7329/4896/1
f 7329/4896/1 7349/4920/1 7331/4899/1
f 7350/4922/1 7330/4898/1 7331/4899/1
f 7331/4899/1 7351/4923/1 7350/4922/1
f 7352/4924/1 7332/4900/1 7330/4898/1
f 7330/4898/1 7350/4922/1 7352/4924/1
f 7353/4925/1 7333/4901/1 7332/4900/1
f 7332/4900/1 7352/4924/1 7353/4925/1
f 7354/4926/3 7334/4902/3 7333/4903/3
f 7333/4903/3 7353/4927/3 7354/4926/3
f 7355/4928/3 7335/4904/3 7334/4902/3
f 7334/4902/3 7354/4926/3 7355/4928/3
f 7356/4929/3 7336/4905/3 7335/4904/3
f 7335/4904/3 7355/4928/3 7356/4929/3
f 7357/4930/3 7337/4906/3 7336/4905/3
f 7336/4905/3 7356/4929/3 7357/4930/3
f 7358/4931/3 7338/4907/3 7337/4906/3
f 7337/4906/3 7357/4930/3 7358/4931/3
f 7359/4932/4 7339/4908/4 7338/4909/4
f 7338/4909/4 7358/4933/4 7359/4932/4
f 7360/4934/4 7340/4910/4 7339/4908/4
f 7339/4908/4 7359/4932/4 7360/4934/4
f 7361/4935/4 7341/4911/4 7340/4910/4
f 7340/4910/4 7360/4934/4 7361/4935/4
f 7362/4936/4 7342/4912/4 7341/4911/4
f 7341/4911/4 7361/4935/4 7362/4936/4
f 7363/4937/4 7343/4913/4 7342/4912/4
f 7342/4912/4 7362/4936/4 7363/4937/4
f 7364/4938/2 7344/4914/2 7343/4915/2
f 7343/4915/2 7363/4939/2 7364/4938/2
f 7365/4940/2 7345/4916/2 7344/4914/2
f 7344/4914/2 7364/4938/2 7365/4940/2
f 7366/4941/2 7346/4917/2 7345/4916/2
f 7345/4916/2 7365/4940/2 7366/4941/2
f 7367/4942/2 7347/4918/2 7346/4917/2
f 7346/4917/2 7366/4941/2 7367/4942/2
f 7368/4943/2 7348/4919/2 7347/4918/2
f 7347/4918/2 7367/4942/2 7368/4943/2
f 7369/4944/1 7349/4920/1 7348/4921/1
f 7348/4921/1 7368/4945/1 7369/4944/1
f 7351/4923/1 7331/4899/1 7349/4920/1
f 7349/4920/1 7369/4944/1 7351/4923/1
f 7370/4946/1 7350/4922/1 7351/4923/1
f 7351/4923/1 7371/4947/1 7370/4946/1
f 7372/4948/1 7352/4924/1 7350/4922/1
f 7350/4922/1 7370/4946/1 7372/4948/1
f 7373/4949/1 7353/4925/1 7352/4924/1
f 7352/4924/1 7372/4948/1 7373/4949/1
f 7374/4950/3 7354/4926/3 7353/4927/3
f 7353/4927/3 7373/4951/3 7374/4950/3
f 7375/4952/3 7355/4928/3 7354/4926/3
f 7354/4926/3 7374/4950/3 7375/4952/3
f 7376/4953/3 7356/4929/3 7355/4928/3
f 7355/4928/3 7375/4952/3 7376/4953/3
f 7377/4954/3 7357/4930/3 7356/4929/3
f 7356/4929/3 7376/4953/3 7377/4954/3
f 7378/4955/3 7358/4931/3 7357/4930/3
f 7357/4930/3 7377/4954/3 7378/4955/3
f 7379/4956/4 7359/4932/4 7358/4933/4
f 7358/4933/4 7378/4957/4 7379/4956/4
f 7380/4958/4 7360/4934/4 7359/4932/4
f 7359/4932/4 7379/4956/4 7380/4958/4
f 7381/4959/4 7361/4935/4 7360/4934/4
f 7360/4934/4 7380/4958/4 7381/4959/4
f 7382/4960/4 7362/4936/4 7361/4935/4
f 7361/4935/4 7381/4959/4 7382/4960/4
f 7383/4961/4 7363/4937/4 7362/4936/4
f 7362/4936/4 7382/4960/4 7383/4961/4
f 7384/4962/2 7364/4938/2 7363/4939/2
f 7363/4939/2 7383/4963/2 7384/4962/2
f 7385/4964/2 7365/4940/2 7364/4938/2
f 7364/4938/2 7384/4962/2 7385/4964/2
f 7386/4965/2 7366/4941/2 7365/4940/2
f 7365/4940/2 7385/4964/2 7386/4965/2
f 7387/4966/2 7367/4942/2 7366/4941/2
f 7366/4941/2 7386/4965/2 7387/4966/2
f 7388/4967/2 7368/4943/2 7367/4942/2
f 7367/4942/2 7387/4966/2 7388/4967/2
f 7389/4968/1 7369/4944/1 7368/4945/1
f 7368/4945/1 7388/4969/1 7389/4968/1
f 7371/4947/1 7351/4923/1 7369/4944/1
f 7369/4944/1 7389/4968/1 7371/4947/1
f 7390/4970/1 7370/4946/1 7371/4947/1
f 7371/4947/1 7391/4971/1 7390/4970/1
f 7392/4972/1 7372/4948/1 7370/4946/1
f 7370/4946/1 7390/4970/1 7392/4972/1
f 7393/4973/1 7373/4949/1 7372/4948/1
f 7372/4948/1 7392/4972/1 7393/4973/1
f 7394/4974/3 7374/4950/3 7373/4951/3
f 7373/4951/3 7393/4975/3 7394/4974/3
f 7395/4976/3 7375/4952/3 7374/4950/3
f 7374/4950/3 7394/4974/3 7395/4976/3
f 7396/4977/3 7376/4953/3 7375/4952/3
f 7375/4952/3 7395/4976/3 7396/4977/3
f 7397/4978/3 7377/4954/3 7376/4953/3
f 7376/4953/3 7396/4977/3 7397/4978/3
f 7398/4979/3 7378/4955/3 7377/4954/3
f 7377/4954/3 7397/4978/3 7398/4979/3
f 7399/4980/4 7379/4956/4 7378/4957/4
f 7378/4957/4 7398/4981/4 7399/4980/4
f 7400/4982/4 7380/4958/4 7379/4956/4
f 7379/4956/4 7399/4980/4 7400/4982/4
f 7401/4983/4 7381/4959/4 7380/4958/4
f 7380/4958/4 7400/4982/4 7401/4983/4
f 7402/4984/4 7382/4960/4 7381/4959/4
f 7381/4959/4 7401/4983/4 7402/4984/4
f 7403/4985/4 7383/4961/4 7382/4960/4
f 7382/4960/4 7402/4984/4 7403/4985/4
f 7404/4986/2 7384/4962/2 7383/4963/2
f 7383/4963/2 7403/4987/2 7404/4986/2
f 7405/4988/2 7385/4964/2 7384/4962/2
f 7384/4962/2 7404/4986/2 7405/4988/2
f 7406/4989/2 7386/4965/2 7385/4964/2
f 7385/4964/2 7405/4988/2 7406/4989/2
f 7407/4990/2 7387/4966/2 7386/4965/2
f 7386/4965/2 7406/4989/2 7407/4990/2
f 7408/4991/2 7388/4967/2 7387/4966/2
f 7387/4966/2 7407/4990/2 7408/4991/2
f 7409/4992/1 7389/4968/1 7388/4969/1
f 7388/4969/1 7408/4993/1 7409/4992/1
f 7391/4971/1 7371/4947/1 7389/4968/1
f 7389/4968/1 7409/4992/1 7391/4971/1
f 7410/4994/1 7390/4970/1 7391/4971/1
f 7391/4971/1 7411/4995/1 7410/4994/1
f 7412/4996/1 7392/4972/1 7390/4970/1
f 7390/4970/1 7410/4994/1 7412/4996/1
f 7413/4997/1 7393/4973/1 7392/4972/1
f 7392/4972/1 7412/4996/1 7413/4997/1
f 7414/4998/3 7394/4974/3 7393/4975/3
f 7393/4975/3 7413/4999/3 7414/4998/3
f 7415/5000/3 7395/4976/3 7394/4974/3
f 7394/4974/3 7414/4998/3 7415/5000/3
f 7416/5001/3 7396/4977/3 7395/4976/3
f 7395/4976/3 7415/5000/3 7416/5001/3
f 7417/5002/3 7397/4978/3 7396/4977/3
f 7396/4977/3 7416/5001/3 7417/5002/3
f 7418/5003/3 7398/4979/3 7397/4978/3
f 7397/4978/3 7417/5002/3 7418/5003/3
f 7419/5004/4 7399/4980/4 7398/4981/4
f 7398/4981/4 7418/5005/4 7419/5004/4
f 7420/5006/4 7400/4982/4 7399/4980/4
f 7399/4980/4 7419/5004/4 7420/5006/4
f 7421/5007/4 7401/4983/4 7400/4982/4
f 7400/4982/4 7420/5006/4 7421/5007/4
f 7422/5008/4 7402/4984/4 7401/4983/4
f 7401/4983/4 7421/5007/4 7422/5008/4
f 7423/5009/4 7403/4985/4 7402/4984/4
f 7402/4984/4 7422/5008/4 7423/5009/4
f 7424/5010/2 7404/4986/2 7403/4987/2
f 7403/4987/2 7423/5011/2 7424/5010/2
f 7425/5012/2 7405/4988/2 7404/4986/2
f 7404/4986/2 7424/5010/2 7425/5012/2
f 7426/5013/2 7406/4989/2 7405/4988/2
f 7405/4988/2 7425/5012/2 7426/5013/2
f 7427/5014/2 7407/4990/2 7406/4989/2
f 7406/4989/2 7426/5013/2 7427/5014/2
f 7428/5015/2 7408/4991/2 7407/4990/2
f 7407/4990/2 7427/5014/2 7428/5015/2
f 7429/5016/1 7409/4992/1 7408/4993/1
f 7408/4993/1 7428/5017/1 7429/5016/1
f 7411/4995/1 7391/4971/1 7409/4992/1
f 7409/4992/1 7429/5016/1 7411/4995/1
f 7430/5018/1 7410/4994/1 7411/4995/1
f 7411/4995/1 7431/5019/1 7430/5018/1
f 7432/5020/1 7412/4996/1 7410/4994/1
f 7410/4994/1 7430/5018/1 7432/5020/1
f 7433/5021/1 7413/4997/1 7412/4996/1
f 7412/4996/1 7432/5020/1 7433/5021/1
f 7434/5022/3 7414/4998/3 7413/4999/3
f 7413/4999/3 7433/5023/3 7434/5022/3
f 7435/5024/3 7415/5000/3 7414/4998/3
f 7414/4998/3 7434/5022/3 7435/5024/3
f 7436/5025/3 7416/5001/3 7415/5000/3
f 7415/5000/3 7435/5024/3 7436/5025/3
f 7437/5026/3 7417/5002/3 7416/5001/3
f 7416/5001/3 7436/5025/3 7437/5026/3
f 7438/5027/3 7418/5003/3 7417/5002/3
f 7417/5002/3 7437/5026/3 7438/5027/3
f 7439/5028/4 7419/5004/4 7418/5005/4
f 7418/5005/4 7438/5029/4 7439/5028/4
f 7440/5030/4 7420/5006/4 7419/5004/4
f 7419/5004/4 7439/5028/4 7440/5030/4
f 7441/5031/4 7421/5007/4 7420/5006/4
f 7420/5006/4 7440/5030/4 7441/5031/4
f 7442/5032/4 7422/5008/4 7421/5007/4
f 7421/5007/4 7441/5031/4 7442/5032/4
f 7443/5033/4 7423/5009/4 7422/5008/4
f 7422/5008/4 7442/5032/4 7443/5033/4
f 7444/5034/2 7424/5010/2 7423/5011/2
f 7423/5011/2 7443/5035/2 7444/5034/2
f 7445/5036/2 7425/5012/2 7424/5010/2
f 7424/5010/2 7444/5034/2 7445/5036/2
f 7446/5037/2 7426/5013/2 7425/5012/2
f 7425/5012/2 7445/5036/2 7446/5037/2
f 7447/5038/2 7427/5014/2 7426/5013/2
f 7426/5013/2 7446/5037/2 7447/5038/2
f 7448/5039/2 7428/5015/2 7427/5014/2
f 7427/5014/2 7447/5038/2 7448/5039/2
f 7449/5040/1 7429/5016/1 7428/5017/1
f 7428/5017/1 7448/5041/1 7449/5040/1
f 7431/5019/1 7411/4995/1 7429/5016/1
f 7429/5016/1 7449/5040/1 7431/5019/1
f 7450/5042/1 7430/5018/1 7431/5019/1
f 7431/5019/1 7451/5043/1 7450/5042/1
f 7452/5044/1 7432/5020/1 7430/5018/1
f 7430/5018/1 7450/5042/1 7452/5044/1
f 7453/5045/1 7433/5021/1 7432/5020/1
f 7432/5020/1 7452/5044/1 7453/5045/1
f 7454/5046/3 7434/5022/3 7433/5023/3
f 7433/5023/3 7453/5047/3 7454/5046/3
f 7455/5048/3 7435/5024/3 7434/5022/3
f 7434/5022/3 7454/5046/3 7455/5048/3
f 7456/5049/3 7436/5025/3 7435/5024/3
f 7435/5024/3 7455/5048/3 7456/5049/3
f 7457/5050/3 7437/5026/3 7436/5025/3
f 7436/5025/3 7456/5049/3 7457/5050/3
f 7458/5051/3 7438/5027/3 7437/5026/3
f 7437/5026/3 7457/5050/3 7458/5051/3
f 7459/5052/4 7439/5028/4 7438/5029/4
f 7438/5029/4 7458/5053/4 7459/5052/4
f 7460/5054/4 7440/5030/4 7439/5028/4
f 7439/5028/4 7459/5052/4 7460/5054/4
f 7461/5055/4 7441/5031/4 7440/5030/4
f 7440/5030/4 7460/5054/4 7461/5055/4
f 7462/5056/4 7442/5032/4 7441/5031/4
f 7441/5031/4 7461/5055/4 7462/5056/4
f 7463/5057/4 7443/5033/4 7442/5032/4
f 7442/5032/4 7462/5056/4 7463/5057/4
f 7464/5058/2 7444/5034/2 7443/5035/2
f 7443/5035/2 7463/5059/2 7464/5058/2
f 7465/5060/2 7445/5036/2 7444/5034/2
f 7444/5034/2 7464/5058/2 7465/5060/2
f 7466/5061/2 7446/5037/2 7445/5036/2
f 7445/5036/2 7465/5060/2 7466/5061/2
f 7467/5062/2 7447/5038/2 7446/5037/2
f 7446/5037/2 7466/5061/2 7467/5062/2
f 7468/5063/2 7448/5039/2 7447/5038/2
f 7447/5038/2 7467/5062/2 7468/5063/2
f 7469/5064/1 7449/5040/1 7448/5041/1
f 7448/5041/1 7468/5065/1 7469/5064/1
f 7451/5043/1 7431/5019/1 7449/5040/1
f 7449/5040/1 7469/5064/1 7451/5043/1
f 7470/5066/1 7450/5042/1 7451/5043/1
f 7451/5043/1 7471/5067/1 7470/5066/1
f 7472/5068/1 7452/5044/1 7450/5042/1
f 7450/5042/1 7470/5066/1 7472/5068/1
f 7473/5069/1 7453/5045/1 7452/5044/1
f 7452/5044/1 7472/5068/1 7473/5069/1
f 7474/5070/3 7454/5046/3 7453/5047/3
f 7453/5047/3 7473/5071/3 7474/5070/3
f 7475/5072/3 7455/5048/3 7454/5046/3
f 7454/5046/3 7474/5070/3 7475/5072/3
f 7476/5073/3 7456/5049/3 7455/5048/3
f 7455/5048/3 7475/5072/3 7476/5073/3
f 7477/5074/3 7457/5050/3 7456/5049/3
f 7456/5049/3 7476/5073/3 7477/5074/3
f 7478/5075/3 7458/5051/3 7457/5050/3
f 7457/5050/3 7477/5074/3 7478/5075/3
f 7479/5076/4 7459/5052/4 7458/5053/4
f 7458/5053/4 7478/5077/4 7479/5076/4
f 7480/5078/4 7460/5054/4 7459/5052/4
f 7459/5052/4 7479/5076/4 7480/5078/4
f 7481/5079/4 7461/5055/4 7460/5054/4
f 7460/5054/4 7480/5078/4 7481/5079/4
f 7482/5080/4 7462/5056/4 7461/5055/4
f 7461/5055/4 7481/5079/4 7482/5080/4
f 7483/5081/4 7463/5057/4 7462/5056/4
f 7462/5056/4 7482/5080/4 7483/5081/4
f 7484/5082/2 7464/5058/2 7463/5059/2
f 7463/5059/2 7483/5083/2 7484/5082/2
f 7485/5084/2 7465/5060/2 7464/5058/2
f 7464/5058/2 7484/5082/2 7485/5084/2
f 7486/5085/2 7466/5061/2 7465/5060/2
f 7465/5060/2 7485/5084/2 7486/5085/2
f 7487/5086/2 7467/5062/2 7466/5061/2
f 7466/5061/2 7486/5085/2 7487/5086/2
f 7488/5087/2 7468/5063/2 7467/5062/2
f 7467/5062/2 7487/5086/2 7488/5087/2
f 7489/5088/1 7469/5064/1 7468/5065/1
f 7468/5065/1 7488/5089/1 7489/5088/1
f 7471/5067/1 7451/5043/1 7469/5064/1
f 7469/5064/1 7489/5088/1 7471/5067/1
f 7490/5090/1 7470/5066/1 7471/5067/1
f 7471/5067/1 7491/5091/1 7490/5090/1
f 7492/5092/1 7472/5068/1 7470/5066/1
f 7470/5066/1 7490/5090/1 7492/5092/1
f 7493/5093/1 7473/5069/1 7472/5068/1
f 7472/5068/1 7492/5092/1 7493/5093/1
f 7494/5094/3 7474/5070/3 7473/5071/3
f 7473/5071/3 7493/5095/3 7494/5094/3
f 7495/5096/3 7475/5072/3 7474/5070/3
f 7474/5070/3 7494/5094/3 7495/5096/3
f 7496/5097/3 7476/5073/3 7475/5072/3
f 7475/5072/3 7495/5096/3 7496/5097/3
f 7497/5098/3 7477/5074/3 7476/5073/3
f 7476/5073/3 7496/5097/3 7497/5098/3
f 7498/5099/3 7478/5075/3 7477/5074/3
f 7477/5074/3 7497/5098/3 7498/5099/3
f 7499/5100/4 7479/5076/4 7478/5077/4
f 7478/5077/4 7498/5101/4 7499/5100/4
f 7500/5102/4 7480/5078/4 7479/5076/4
f 7479/5076/4 7499/5100/4 7500/5102/4
f 7501/5103/4 7481/5079/4 7480/5078/4
f 7480/5078/4 7500/5102/4 7501/5103/4
f 7502/5104/4 7482/5080/4 7481/5079/4
f 7481/5079/4 7501/5103/4 7502/5104/4
f 7503/5105/4 7483/5081/4 7482/5080/4
f 7482/5080/4 7502/5104/4 7503/5105/4
f 7504/5106/2 7484/5082/2 7483/5083/2
f 7483/5083/2 7503/5107/2 7504/5106/2
f 7505/5108/2 7485/5084/2 7484/5082/2
f 7484/5082/2 7504/5106/2 7505/5108/2
f 7506/5109/2 7486/5085/2 7485/5084/2
f 7485/5084/2 7505/5108/2 7506/5109/2
f 7507/5110/2 7487/5086/2 7486/5085/2
f 7486/5085/2 7506/5109/2 7507/5110/2
f 7508/5111/2 7488/5087/2 7487/5086/2
f 7487/5086/2 7507/5110/2 7508/5111/2
f 7509/5112/1 7489/5088/1 7488/5089/1
f 7488/5089/1 7508/5113/1 7509/5112/1
f 7491/5091/1 7471/5067/1 7489/5088/1
f 7489/5088/1 7509/5112/1 7491/5091/1
f 7510/5114/1 7490/5090/1 7491/5091/1
f 7491/5091/1 7511/5115/1 7510/5114/1
f 7512/5116/1 7492/5092/1 7490/5090/1
f 7490/5090/1 7510/5114/1 7512/5116/1
f 7513/5117/1 7493/5093/1 7492/5092/1
f 7492/5092/1 7512/5116/1 7513/5117/1
f 7514/5118/3 7494/5094/3 7493/5095/3
f 7493/5095/3 7513/5119/3 7514/5118/3
f 7515/5120/3 7495/5096/3 7494/5094/3
f 7494/5094/3 7514/5118/3 7515/5120/3
f 7516/5121/3 7496/5097/3 7495/5096/3
f 7495/5096/3 7515/5120/3 7516/5121/3
f 7517/5122/3 7497/5098/3 7496/5097/3
f 7496/5097/3 7516/5121/3 7517/5122/3
f 7518/5123/3 7498/5099/3 7497/5098/3
f 7497/5098/3 7517/5122/3 7518/5123/3
f 7519/5124/4 7499/5100/4 7498/5101/4
f 7498/5101/4 7518/5125/4 7519/5124/4
f 7520/5126/4 7500/5102/4 7499/5100/4
f 7499/5100/4 7519/5124/4 7520/5126/4
f 7521/5127/4 7501/5103/4 7500/5102/4
f 7500/5102/4 7520/5126/4 7521/5127/4
f 7522/5128/4 7502/5104/4 7501/5103/4
f 7501/5103/4 7521/5127/4 7522/5128/4
f 7523/5129/4 7503/5105/4 7502/5104/4
f 7502/5104/4 7522/5128/4 7523/5129/4
f 7524/5130/2 7504/5106/2 7503/5107/2
f 7503/5107/2 7523/5131/2 7524/5130/2
f 7525/5132/2 7505/5108/2 7504/5106/2
f 7504/5106/2 7524/5130/2 7525/5132/2
f 7526/5133/2 7506/5109/2 7505/5108/2
f 7505/5108/2 7525/5132/2 7526/5133/2
f 7527/5134/2 7507/5110/2 7506/5109/2
f 7506/5109/2 7526/5133/2 7527/5134/2
f 7528/5135/2 7508/5111/2 7507/5110/2
f 7507/5110/2 7527/5134/2 7528/5135/2
f 7529/5136/1 7509/5112/1 7508/5113/1
f 7508/5113/1 7528/5137/1 7529/5136/1
f 7511/5115/1 7491/5091/1 7509/5112/1
f 7509/5112/1 7529/5136/1 7511/5115/1
f 7530/5138/1 7510/5114/1 7511/5115/1
f 7511/5115/1 7531/5139/1 7530/5138/1
f 7532/5140/1 7512/5116/1 7510/5114/1
f 7510/5114/1 7530/5138/1 7532/5140/1
f 7533/5141/1 7513/5117/1 7512/5116/1
f 7512/5116/1 7532/5140/1 7533/5141/1
f 7534/5142/3 7514/5118/3 7513/5119/3
f 7513/5119/3 7533/5143/3 7534/5142/3
f 7535/5144/3 7515/5120/3 7514/5118/3
f 7514/5118/3 7534/5142/3 7535/5144/3
f 7536/5145/3 7516/5121/3 7515/5120/3
f 7515/5120/3 7535/5144/3 7536/5145/3
f 7537/5146/3 7517/5122/3 7516/5121/3
f 7516/5121/3 7536/5145/3 7537/5146/3
f 7538/5147/3 7518/5123/3 7517/5122/3
f 7517/5122/3 7537/5146/3 7538/5147/3
f 7539/5148/4 7519/5124/4 7518/5125/4
f 7518/5125/4 7538/5149/4 7539/5148/4
f 7540/5150/4 7520/5126/4 7519/5124/4
f 7519/5124/4 7539/5148/4 7540/5150/4
f 7541/5151/4 7521/5127/4 7520/5126/4
f 7520/5126/4 7540/5150/4 7541/5151/4
f 7542/5152/4 7522/5128/4 7521/5127/4
f 7521/5127/4 7541/5151/4 7542/5152/4
f 7543/5153/4 7523/5129/4 7522/5128/4
f 7522/5128/4 7542/5152/4 7543/5153/4
f 7544/5154/2 7524/5130/2 7523/5131/2
f 7523/5131/2 7543/5155/2 7544/5154/2
f 7545/5156/2 7525/5132/2 7524/5130/2
f 7524/5130/2 7544/5154/2 7545/5156/2
f 7546/5157/2 7526/5133/2 7525/5132/2
f 7525/5132/2 7545/5156/2 7546/5157/2
f 7547/5158/2 7527/5134/2 7526/5133/2
f 7526/5133/2 7546/5157/2 7547/5158/2
f 7548/5159/2 7528/5135/2 7527/5134/2
f 7527/5134/2 7547/5158/2 7548/5159/2
f 7549/5160/1 7529/5136/1 7528/5137/1
f 7528/5137/1 7548/5161/1 7549/5160/1
f 7531/5139/1 7511/5115/1 7529/5136/1
f 7529/5136/1 7549/5160/1 7531/5139/1
f 7550/5162/1 7530/5138/1 7531/5139/1
f 7531/5139/1 7551/5163/1 7550/5162/1
f 7552/5164/1 7532/5140/1 7530/5138/1
f 7530/5138/1 7550/5162/1 7552/5164/1
f 7553/5165/1 7533/5141/1 7532/5140/1
f 7532/5140/1 7552/5164/1 7553/5165/1
f 7554/5166/3 7534/5142/3 7533/5143/3
f 7533/5143/3 7553/5167/3 7554/5166/3
f 7555/5168/3 7535/5144/3 7534/5142/3
f 7534/5142/3 7554/5166/3 7555/5168/3
f 7556/5169/3 7536/5145/3 7535/5144/3
f 7535/5144/3 7555/5168/3 7556/5169/3
f 7557/5170/3 7537/5146/3 7536/5145/3
f 7536/5145/3 7556/5169/3 7557/5170/3
f 7558/5171/3 7538/5147/3 7537/5146/3
f 7537/5146/3 7557/5170/3 7558/5171/3
f 7559/5172/4 7539/5148/4 7538/5149/4
f 7538/5149/4 7558/5173/4 7559/5172/4
f 7560/5174/4 7540/5150/4 7539/5148/4
f 7539/5148/4 7559/5172/4 7560/5174/4
f 7561/5175/4 7541/5151/4 7540/5150/4
f 7540/5150/4 7560/5174/4 7561/5175/4
f 7562/5176/4 7542/5152/4 7541/5151/4
f 7541/5151/4 7561/5175/4 7562/5176/4
f 7563/5177/4 7543/5153/4 7542/5152/4
f 7542/5152/4 7562/5176/4 7563/5177/4
f 7564/5178/2 7544/5154/2 7543/5155/2
f 7543/5155/2 7563/5179/2 7564/5178/2
f 7565/5180/2 7545/5156/2 7544/5154/2
f 7544/5154/2 7564/5178/2 7565/5180/2
f 7566/5181/2 7546/5157/2 7545/5156/2
f 7545/5156/2 7565/5180/2 7566/5181/2
f 7567/5182/2 7547/5158/2 7546/5157/2
f 7546/5157/2 7566/5181/2 7567/5182/2
f 7568/5183/2 7548/5159/2 7547/5158/2
f 7547/5158/2 7567/5182/2 7568/5183/2
f 7569/5184/1 7549/5160/1 7548/5161/1
f 7548/5161/1 7568/5185/1 7569/5184/1
f 7551/5163/1 7531/5139/1 7549/5160/1
f 7549/5160/1 7569/5184/1 7551/5163/1
f 7570/5186/1 7550/5162/1 7551/5163/1
f 7551/5163/1 7571/5187/1 7570/5186/1
f 7572/5188/1 7552/5164/1 7550/5162/1
f 7550/5162/1 7570/5186/1 7572/5188/1
f 7573/5189/1 7553/5165/1 7552/5164/1
f 7552/5164/1 7572/5188/1 7573/5189/1
f 7574/5190/3 7554/5166/3 7553/5167/3
f 7553/5167/3 7573/5191/3 7574/5190/3
f 7575/5192/3 7555/5168/3 7554/5166/3
f 7554/5166/3 7574/5190/3 7575/5192/3
f 7576/5193/3 7556/5169/3 7555/5168/3
f 7555/5168/3 7575/5192/3 7576/5193/3
f 7577/5194/3 7557/5170/3 7556/5169/3
f 7556/5169/3 7576/5193/3 7577/5194/3
f 7578/5195/3 7558/5171/3 7557/5170/3
f 7557/5170/3 7577/5194/3 7578/5195/3
f 7579/5196/4 7559/5172/4 7558/5173/4
f 7558/5173/4 7578/5197/4 7579/5196/4
f 7580/5198/4 7560/5174/4 7559/5172/4
f 7559/5172/4 7579/5196/4 7580/5198/4
f 7581/5199/4 7561/5175/4 7560/5174/4
f 7560/5174/4 7580/5198/4 7581/5199/4
f 7582/5200/4 7562/5176/4 7561/5175/4
f 7561/5175/4 7581/5199/4 7582/5200/4
f 7583/5201/4 7563/5177/4 7562/5176/4
f 7562/5176/4 7582/5200/4 7583/5201/4
f 7584/5202/2 7564/5178/2 7563/5179/2
f 7563/5179/2 7583/5203/2 7584/5202/2
f 7585/5204/2 7565/5180/2 7564/5178/2
f 7564/5178/2 7584/5202/2 7585/5204/2
f 7586/5205/2 7566/5181/2 7565/5180/2
f 7565/5180/2 7585/5204/2 7586/5205/2
f 7587/5206/2 7567/5182/2 7566/5181/2
f 7566/5181/2 7586/5205/2 7587/5206/2
f 7588/5207/2 7568/5183/2 7567/5182/2
f 7567/5182/2 7587/5206/2 7588/5207/2
f 7589/5208/1 7569/5184/1 7568/5185/1
f 7568/5185/1 7588/5209/1 7589/5208/1
f 7571/5187/1 7551/5163/1 7569/5184/1
f 7569/5184/1 7589/5208/1 7571/5187/1
f 7590/5210/1 7570/5186/1 7571/5187/1
f 7571/5187/1 7591/5211/1 7590/5210/1
f 7592/5212/1 7572/5188/1 7570/5186/1
f 7570/5186/1 7590/5210/1 7592/5212/1
f 7593/5213/1 7573/5189/1 7572/5188/1
f 7572/5188/1 7592/5212/1 7593/5213/1
f 7594/5214/3 7574/5190/3 7573/5191/3
f 7573/5191/3 7593/5215/3 7594/5214/3
f 7595/5216/3 7575/5192/3 7574/5190/3
f 7574/5190/3 7594/5214/3 7595/5216/3
f 7596/5217/3 7576/5193/3 7575/5192/3
f 7575/5192/3 7595/5216/3 7596/5217/3
f 7597/5218/3 7577/5194/3 7576/5193/3
f 7576/5193/3 7596/5217/3 7597/5218/3
f 7598/5219/3 7578/5195/3 7577/5194/3
f 7577/5194/3 7597/5218/3 7598/5219/3
f 7599/5220/4 7579/5196/4 7578/5197/4
f 7578/5197/4 7598/5221/4 7599/5220/4
f 7600/5222/4 7580/5198/4 7579/5196/4
f 7579/5196/4 7599/5220/4 7600/5222/4
f 7601/5223/4 7581/5199/4 7580/5198/4
f 7580/5198/4 7600/5222/4 7601/5223/4
f 7602/5224/4 7582/5200/4 7581/5199/4
f 7581/5199/4 7601/5223/4 7602/5224/4
f 7603/5225/4 7583/5201/4 7582/5200/4
f 7582/5200/4 7602/5224/4 7603/5225/4
f 7604/5226/2 7584/5202/2 7583/5203/2
f 7583/5203/2 7603/5227/2 7604/5226/2
f 7605/5228/2 7585/5204/2 7584/5202/2
f 7584/5202/2 7604/5226/2 7605/5228/2
f 7606/5229/2 7586/5205/2 7585/5204/2
f 7585/5204/2 7605/5228/2 7606/5229/2
f 7607/5230/2 7587/5206/2 7586/5205/2
f 7586/5205/2 7606/5229/2 7607/5230/2
f 7608/5231/2 7588/5207/2 7587/5206/2
f 7587/5206/2 7607/5230/2 7608/5231/2
f 7609/5232/1 7589/5208/1 7588/5209/1
f 7588/5209/1 7608/5233/1 7609/5232/1
f 7591/5211/1 7571/5187/1 7589/5208/1
f 7589/5208/1 7609/5232/1 7591/5211/1
f 7610/5234/1 7590/5210/1 7591/5211/1
f 7591/5211/1 7611/5235/1 7610/5234/1
f 7612/5236/1 7592/5212/1 7590/5210/1
f 7590/5210/1 7610/5234/1 7612/5236/1
f 7613/5237/1 7593/5213/1 7592/5212/1
f 7592/5212/1 7612/5236/1 7613/5237/1
f 7614/5238/3 7594/5214/3 7593/5215/3
f 7593/5215/3 7613/5239/3 7614/5238/3
f 7615/5240/3 7595/5216/3 7594/5214/3
f 7594/5214/3 7614/5238/3 7615/5240/3
f 7616/5241/3 7596/5217/3 7595/5216/3
f 7595/5216/3 7615/5240/3 7616/5241/3
f 7617/5242/3 7597/5218/3 7596/5217/3
f 7596/5217/3 7616/5241/3 7617/5242/3
f 7618/5243/3 7598/5219/3 7597/5218/3
f 7597/5218/3 7617/5242/3 7618/5243/3
f 7619/5244/4 7599/5220/4 7598/5221/4
f 7598/5221/4 7618/5245/4 7619/5244/4
f 7620/5246/4 7600/5222/4 7599/5220/4
f 7599/5220/4 7619/5244/4 7620/5246/4
f 7621/5247/4 7601/5223/4 7600/5222/4
f 7600/5222/4 7620/5246/4 7621/5247/4
f 7622/5248/4 7602/5224/4 7601/5223/4
f 7601/5223/4 7621/5247/4 7622/5248/4
f 7623/5249/4 7603/5225/4 7602/5224/4
f 7602/5224/4 7622/5248/4 7623/5249/4
f 7624/5250/2 7604/5226/2 7603/5227/2
f 7603/5227/2 7623/5251/2 7624/5250/2
f 7625/5252/2 7605/5228/2 7604/5226/2
f 7604/5226/2 7624/5250/2 7625/5252/2
f 7626/5253/2 7606/5229/2 7605/5228/2
f 7605/5228/2 7625/5252/2 7626/5253/2
f 7627/5254/2 7607/5230/2 7606/5229/2
f 7606/5229/2 7626/5253/2 7627/5254/2
f 7628/5255/2 7608/5231/2 7607/5230/2
f 7607/5230/2 7627/5254/2 7628/5255/2
f 7629/5256/1 7609/5232/1 7608/5233/1
f 7608/5233/1 7628/5257/1 7629/5256/1
f 7611/5235/1 7591/5211/1 7609/5232/1
f 7609/5232/1 7629/5256/1 7611/5235/1
f 7630/5258/1 7610/5234/1 7611/5235/1
f 7611/5235/1 7631/5259/1 7630/5258/1
f 7632/5260/1 7612/5236/1 7610/5234/1
f 7610/5234/1 7630/5258/1 7632/5260/1
f 7633/5261/1 7613/5237/1 7612/5236/1
f 7612/5236/1 7632/5260/1 7633/5261/1
f 7634/5262/3 7614/5238/3 7613/5239/3
f 7613/5239/3 7633/5263/3 7634/5262/3
f 7635/5264/3 7615/5240/3 7614/5238/3
f 7614/5238/3 7634/5262/3 7635/5264/3
f 7636/5265/3 7616/5241/3 7615/5240/3
f 7615/5240/3 7635/5264/3 7636/5265/3
f 7637/5266/3 7617/5242/3 7616/5241/3
f 7616/5241/3 7636/5265/3 7637/5266/3
f 7638/5267/3 7618/5243/3 7617/5242/3
f 7617/5242/3 7637/5266/3 7638/5267/3
f 7639/5268/4 7619/5244/4 7618/5245/4
f 7618/5245/4 7638/5269/4 7639/5268/4
f 7640/5270/4 7620/5246/4 7619/5244/4
f 7619/5244/4 7639/5268/4 7640/5270/4
f 7641/5271/4 7621/5247/4 7620/5246/4
f 7620/5246/4 7640/5270/4 7641/5271/4
f 7642/5272/4 7622/5248/4 7621/5247/4
f 7621/5247/4 7641/5271/4 7642/5272/4
f 7643/5273/4 7623/5249/4 7622/5248/4
f 7622/5248/4 7642/5272/4 7643/5273/4
f 7644/5274/2 7624/5250/2 7623/5251/2
f 7623/5251/2 7643/5275/2 7644/5274/2
f 7645/5276/2 7625/5252/2 7624/5250/2
f 7624/5250/2 7644/5274/2 7645/5276/2
f 7646/5277/2 7626/5253/2 7625/5252/2
f 7625/5252/2 7645/5276/2 7646/5277/2
f 7647/5278/2 7627/5254/2 7626/5253/2
f 7626/5253/2 7646/5277/2 7647/5278/2
f 7648/5279/2 7628/5255/2 7627/5254/2
f 7627/5254/2 7647/5278/2 7648/5279/2
f 7649/5280/1 7629/5256/1 7628/5257/1
f 7628/5257/1 7648/5281/1 7649/5280/1
f 7631/5259/1 7611/5235/1 7629/5256/1
f 7629/5256/1 7649/5280/1 7631/5259/1
f 7650/5282/1 7630/5258/1 7631/5259/1
f 7631/5259/1 7651/5283/1 7650/5282/1
f 7652/5284/1 7632/5260/1 7630/5258/1
f 7630/5258/1 7650/5282/1 7652/5284/1
f 7653/5285/1 7633/5261/1 7632/5260/1
f 7632/5260/1 7652/5284/1 7653/5285/1
f 7654/5286/3 7634/5262/3 7633/5263/3
f 7633/5263/3 7653/5287/3 7654/5286/3
f 7655/5288/3 7635/5264/3 7634/5262/3
f 7634/5262/3 7654/5286/3 7655/5288/3
f 7656/5289/3 7636/5265/3 7635/5264/3
f 7635/5264/3 7655/5288/3 7656/5289/3
f 7657/5290/3 7637/5266/3 7636/5265/3
f 7636/5265/3 7656/5289/3 7657/5290/3
f 7658/5291/3 7638/5267/3 7637/5266/3
f 7637/5266/3 7657/5290/3 7658/5291/3
f 7659/5292/4 7639/5268/4 7638/5269/4
f 7638/5269/4 7658/5293/4 7659/5292/4
f 7660/5294/4 7640/5270/4 7639/5268/4
f 7639/5268/4 7659/5292/4 7660/5294/4
f 7661/5295/4 7641/5271/4 7640/5270/4
f 7640/5270/4 7660/5294/4 7661/5295/4
f 7662/5296/4 7642/5272/4 7641/5271/4
f 7641/5271/4 7661/5295/4 7662/5296/4
f 7663/5297/4 7643/5273/4 7642/5272/4
f 7642/5272/4 7662/5296/4 7663/5297/4
f 7664/5298/2 7644/5274/2 7643/5275/2
f 7643/5275/2 7663/5299/2 7664/5298/2
f 7665/5300/2 7645/5276/2 7644/5274/2
f 7644/5274/2 7664/5298/2 7665/5300/2
f 7666/5301/2 7646/5277/2 7645/5276/2
f 7645/5276/2 7665/5300/2 7666/5301/2
f 7667/5302/2 7647/5278/2 7646/5277/2
f 7646/5277/2 7666/5301/2 7667/5302/2
f 7668/5303/2 7648/5279/2 7647/5278/2
f 7647/5278/2 7667/5302/2 7668/5303/2
f 7669/5304/1 7649/5280/1 7648/5281/1
f 7648/5281/1 7668/5305/1 7669/5304/1
f 7651/5283/1 7631/5259/1 7649/5280/1
f 7649/5280/1 7669/5304/1 7651/5283/1
f 7670/5306/1 7650/5282/1 7651/5283/1
f 7651/5283/1 7671/5307/1 7670/5306/1
f 7672/5308/1 7652/5284/1 7650/5282/1
f 7650/5282/1 7670/5306/1 7672/5308/1
f 7673/5309/1 7653/5285/1 7652/5284/1
f 7652/5284/1 7672/5308/1 7673/5309/1
f 7674/5310/3 7654/5286/3 7653/5287/3
f 7653/5287/3 7673/5311/3 7674/5310/3
f 7675/5312/3 7655/5288/3 7654/5286/3
f 7654/5286/3 7674/5310/3 7675/5312/3
f 7676/5313/3 7656/5289/3 7655/5288/3
f 7655/5288/3 7675/5312/3 7676/5313/3
f 7677/5314/3 7657/5290/3 7656/5289/3
f 7656/5289/3 7676/5313/3 7677/5314/3
f 7678/5315/3 7658/5291/3 7657/5290/3
f 7657/5290/3 7677/5314/3 7678/5315/3
f 7679/5316/4 7659/5292/4 7658/5293/4
f 7658/5293/4 7678/5317/4 7679/5316/4
f 7680/5318/4 7660/5294/4 7659/5292/4
f 7659/5292/4 7679/5316/4 7680/5318/4
f 7681/5319/4 7661/5295/4 7660/5294/4
f 7660/5294/4 7680/5318/4 7681/5319/4
f 7682/5320/4 7662/5296/4 7661/5295/4
f 7661/5295/4 7681/5319/4 7682/5320/4
f 7683/5321/4 7663/5297/4 7662/5296/4
f 7662/5296/4 7682/5320/4 7683/5321/4
f 7684/5322/2 7664/5298/2 7663/5299/2
f 7663/5299/2 7683/5323/2 7684/5322/2
f 7685/5324/2 7665/5300/2 7664/5298/2
f 7664/5298/2 7684/5322/2 7685/5324/2
f 7686/5325/2 7666/5301/2 7665/5300/2
f 7665/5300/2 7685/5324/2 7686/5325/2
f 7687/5326/2 7667/5302/2 7666/5301/2
f 7666/5301/2 7686/5325/2 7687/5326/2
f 7688/5327/2 7668/5303/2 7667/5302/2
f 7667/5302/2 7687/5326/2 7688/5327/2
f 7689/5328/1 7669/5304/1 7668/5305/1
f 7668/5305/1 7688/5329/1 7689/5328/1
f 7671/5307/1 7651/5283/1 7669/5304/1
f 7669/5304/1 7689/5328/1 7671/5307/1
f 7690/5330/1 7670/5306/1 7671/5307/1
f 7671/5307/1 7691/5331/1 7690/5330/1
f 7692/5332/1 7672/5308/1 7670/5306/1
f 7670/5306/1 7690/5330/1 7692/5332/1
f 7693/5333/1 7673/5309/1 7672/5308/1
f 7672/5308/1 7692/5332/1 7693/5333/1
f 7694/5334/3 7674/5310/3 7673/5311/3
f 7673/5311/3 7693/5335/3 7694/5334/3
f 7695/5336/3 7675/5312/3 7674/5310/3
f 7674/5310/3 7694/5334/3 7695/5336/3
f 7696/5337/3 7676/5313/3 7675/5312/3
f 7675/5312/3 7695/5336/3 7696/5337/3
f 7697/5338/3 7677/5314/3 7676/5313/3
f 7676/5313/3 7696/5337/3 7697/5338/3
f 7698/5339/3 7678/5315/3 7677/5314/3
f 7677/5314/3 7697/5338/3 7698/5339/3
f 7699/5340/4 7679/5316/4 7678/5317/4
f 7678/5317/4 7698/5341/4 7699/5340/4
f 7700/5342/4 7680/5318/4 7679/5316/4
f 7679/5316/4 7699/5340/4 7700/5342/4
f 7701/5343/4 7681/5319/4 7680/5318/4
f 7680/5318/4 7700/5342/4 7701/5343/4
f 7702/5344/4 7682/5320/4 7681/5319/4
f 7681/5319/4 7701/5343/4 7702/5344/4
f 7703/5345/4 7683/5321/4 7682/5320/4
f 7682/5320/4 7702/5344/4 7703/5345/4
f 7704/5346/2 7684/5322/2 7683/5323/2
f 7683/5323/2 7703/5347/2 7704/5346/2
f 7705/5348/2 7685/5324/2 7684/5322/2
f 7684/5322/2 7704/5346/2 7705/5348/2
f 7706/5349/2 7686/5325/2 7685/5324/2
f 7685/5324/2 7705/5348/2 7706/5349/2
f 7707/5350/2 7687/5326/2 7686/5325/2
f 7686/5325/2 7706/5349/2 7707/5350/2
f 7708/5351/2 7688/5327/2 7687/5326/2
f 7687/5326/2 7707/5350/2 7708/5351/2
f 7709/5352/1 7689/5328/1 7688/5329/1
f 7688/5329/1 7708/5353/1 7709/5352/1
f 7691/5331/1 7671/5307/1 7689/5328/1
f 7689/5328/1 7709/5352/1 7691/5331/1
f 7710/5354/1 7690/5330/1 7691/5331/1
f 7691/5331/1 7711/5355/1 7710/5354/1
f 7712/5356/1 7692/5332/1 7690/5330/1
f 7690/5330/1 7710/5354/1 7712/5356/1
f 7713/5357/1 7693/5333/1 7692/5332/1
f 7692/5332/1 7712/5356/1 7713/5357/1
f 7714/5358/3 7694/5334/3 7693/5335/3
f 7693/5335/3 7713/5359/3 7714/5358/3
f 7715/5360/3 7695/5336/3 7694/5334/3
f 7694/5334/3 7714/5358/3 7715/5360/3
f 7716/5361/3 7696/5337/3 7695/5336/3
f 7695/5336/3 7715/5360/3 7716/5361/3
f 7717/5362/3 7697/5338/3 7696/5337/3
f 7696/5337/3 7716/5361/3 7717/5362/3
f 7718/5363/3 7698/5339/3 7697/5338/3
f 7697/5338/3 7717/5362/3 7718/5363/3
f 7719/5364/4 7699/5340/4 7698/5341/4
f 7698/5341/4 7718/5365/4 7719/5364/4
f 7720/5366/4 7700/5342/4 7699/5340/4
f 7699/5340/4 7719/5364/4 7720/5366/4
f 7721/5367/4 7701/5343/4 7700/5342/4
f 7700/5342/4 7720/5366/4 7721/5367/4
f 7722/5368/4 7702/5344/4 7701/5343/4
f 7701/5343/4 7721/5367/4 7722/5368/4
f 7723/5369/4 7703/5345/4 7702/5344/4
f 7702/5344/4 7722/5368/4 7723/5369/4
f 7724/5370/2 7704/5346/2 7703/5347/2
f 7703/5347/2 7723/5371/2 7724/5370/2
f 7725/5372/2 7705/5348/2 7704/5346/2
f 7704/5346/2 7724/5370/2 7725/5372/2
f 7726/5373/2 7706/5349/2 7705/5348/2
f 7705/5348/2 7725/5372/2 7726/5373/2
f 7727/5374/2 7707/5350/2 7706/5349/2
f 7706/5349/2 7726/5373/2 7727/5374/2
f 7728/5375/2 7708/5351/2 7707/5350/2
f 7707/5350/2 7727/5374/2 7728/5375/2
f 7729/5376/1 7709/5352/1 7708/5353/1
f 7708/5353/1 7728/5377/1 7729/5376/1
f 7711/5355/1 7691/5331/1 7709/5352/1
f 7709/5352/1 7729/5376/1 7711/5355/1
f 7730/5378/1 7710/5354/1 7711/5355/1
f 7711/5355/1 7731/5379/1 7730/5378/1
f 7732/5380/1 7712/5356/1 7710/5354/1
f 7710/5354/1 7730/5378/1 7732/5380/1
f 7733/5381/1 7713/5357/1 7712/5356/1
f 7712/5356/1 7732/5380/1 7733/5381/1
f 7734/5382/3 7714/5358/3 7713/5359/3
f 7713/5359/3 7733/5383/3 7734/5382/3
f 7735/5384/3 7715/5360/3 7714/5358/3
f 7714/5358/3 7734/5382/3 7735/5384/3
f 7736/5385/3 7716/5361/3 7715/5360/3
f 7715/5360/3 7735/5384/3 7736/5385/3
f 7737/5386/3 7717/5362/3 7716/5361/3
f 7716/5361/3 7736/5385/3 7737/5386/3
f 7738/5387/3 7718/5363/3 7717/5362/3
f 7717/5362/3 7737/5386/3 7738/5387/3
f 7739/5388/4 7719/5364/4 7718/5365/4
f 7718/5365/4 7738/5389/4 7739/5388/4
f 7740/5390/4 7720/5366/4 7719/5364/4
f 7719/5364/4 7739/5388/4 7740/5390/4
f 7741/5391/4 7721/5367/4 7720/5366/4
f 7720/5366/4 7740/5390/4 7741/5391/4
f 7742/5392/4 7722/5368/4 7721/5367/4
f 7721/5367/4 7741/5391/4 7742/5392/4
f 7743/5393/4 7723/5369/4 7722/5368/4
f 7722/5368/4 7742/5392/4 7743/5393/4
f 7744/5394/2 7724/5370/2 7723/5371/2
f 7723/5371/2 7743/5395/2 7744/5394/2
f 7745/5396/2 7725/5372/2 7724/5370/2
f 7724/5370/2 7744/5394/2 7745/5396/2
f 7746/5397/2 7726/5373/2 7725/5372/2
f 7725/5372/2 7745/5396/2 7746/5397/2
f 7747/5398/2 7727/5374/2 7726/5373/2
f 7726/5373/2 7746/5397/2 7747/5398/2
f 7748/5399/2 7728/5375/2 7727/5374/2
f 7727/5374/2 7747/5398/2 7748/5399/2
f 7749/5400/1 7729/5376/1 7728/5377/1
f 7728/5377/1 7748/5401/1 7749/5400/1
f 7731/5379/1 7711/5355/1 7729/5376/1
f 7729/5376/1 7749/5400/1 7731/5379/1
f 7750/5402/1 7730/5378/1 7731/5379/1
f 7731/5379/1 7751/5403/1 7750/5402/1
f 7752/5404/1 7732/5380/1 7730/5378/1
f 7730/5378/1 7750/5402/1 7752/5404/1
f 7753/5405/1 7733/5381/1 7732/5380/1
f 7732/5380/1 7752/5404/1 7753/5405/1
f 7754/5406/3 7734/5382/3 7733/5383/3
f 7733/5383/3 7753/5407/3 7754/5406/3
f 7755/5408/3 7735/5384/3 7734/5382/3
f 7734/5382/3 7754/5406/3 7755/5408/3
f 7756/5409/3 7736/5385/3 7735/5384/3
f 7735/5384/3 7755/5408/3 7756/5409/3
f 7757/5410/3 7737/5386/3 7736/5385/3
f 7736/5385/3 7756/5409/3 7757/5410/3
f 7758/5411/3 7738/5387/3 7737/5386/3
f 7737/5386/3 7757/5410/3 7758/5411/3
f 7759/5412/4 7739/5388/4 7738/5389/4
f 7738/5389/4 7758/5413/4 7759/5412/4
f 7760/5414/4 7740/5390/4 7739/5388/4
f 7739/5388/4 7759/5412/4 7760/5414/4
f 7761/5415/4 7741/5391/4 7740/5390/4
f 7740/5390/4 7760/5414/4 7761/5415/4
f 7762/5416/4 7742/5392/4 7741/5391/4
f 7741/5391/4 7761/5415/4 7762/5416/4
f 7763/5417/4 7743/5393/4 7742/5392/4
f 7742/5392/4 7762/5416/4 7763/5417/4
f 7764/5418/2 7744/5394/2 7743/5395/2
f 7743/5395/2 7763/5419/2 7764/5418/2
f 7765/5420/2 7745/5396/2 7744/5394/2
f 7744/5394/2 7764/5418/2 7765/5420/2
f 7766/5421/2 7746/5397/2 7745/5396/2
f 7745/5396/2 7765/5420/2 7766/5421/2
f 7767/5422/2 7747/5398/2 7746/5397/2
f 7746/5397/2 7766/5421/2 7767/5422/2
f 7768/5423/2 7748/5399/2 7747/5398/2
f 7747/5398/2 7767/5422/2 7768/5423/2
f 7769/5424/1 7749/5400/1 7748/5401/1
f 7748/5401/1 7768/5425/1 7769/5424/1
f 7751/5403/1 7731/5379/1 7749/5400/1
f 7749/5400/1 7769/5424/1 7751/5403/1
f 7770/5426/1 7750/5402/1 7751/5403/1
f 7751/5403/1 7771/5427/1 7770/5426/1
f 7772/5428/1 7752/5404/1 7750/5402/1
f 7750/5402/1 7770/5426/1 7772/5428/1
f 7773/5429/1 7753/5405/1 7752/5404/1
f 7752/5404/1 7772/5428/1 7773/5429/1
f 7774/5430/3 7754/5406/3 7753/5407/3
f 7753/5407/3 7773/5431/3 7774/5430/3
f 7775/5432/3 7755/5408/3 7754/5406/3
f 7754/5406/3 7774/5430/3 7775/5432/3
f 7776/5433/3 7756/5409/3 7755/5408/3
f 7755/5408/3 7775/5432/3 7776/5433/3
f 7777/5434/3 7757/5410/3 7756/5409/3
f 7756/5409/3 7776/5433/3 7777/5434/3
f 7778/5435/3 7758/5411/3 7757/5410/3
f 7757/5410/3 7777/5434/3 7778/5435/3
f 7779/5436/4 7759/5412/4 7758/5413/4
f 7758/5413/4 7778/5437/4 7779/5436/4
f 7780/5438/4 7760/5414/4 7759/5412/4
f 7759/5412/4 7779/5436/4 7780/5438/4
f 7781/5439/4 7761/5415/4 7760/5414/4
f 7760/5414/4 7780/5438/4 7781/5439/4
f 7782/5440/4 7762/5416/4 7761/5415/4
f 7761/5415/4 7781/5439/4 7782/5440/4
f 7783/5441/4 7763/5417/4 7762/5416/4
f 7762/5416/4 7782/5440/4 7783/5441/4
f 7784/5442/2 7764/5418/2 7763/5419/2
f 7763/5419/2 7783/5443/2 7784/5442/2
f 7785/5444/2 7765/5420/2 7764/5418/2
f 7764/5418/2 7784/5442/2 7785/5444/2
f 7786/5445/2 7766/5421/2 7765/5420/2
f 7765/5420/2 7785/5444/2 7786/5445/2
f 7787/5446/2 7767/5422/2 7766/5421/2
f 7766/5421/2 7786/5445/2 7787/5446/2
f 7788/5447/2 7768/5423/2 7767/5422/2
f 7767/5422/2 7787/5446/2 7788/5447/2
f 7789/5448/1 7769/5424/1 7768/5425/1
f 7768/5425/1 7788/5449/1 7789/5448/1
f 7771/5427/1 7751/5403/1 7769/5424/1
f 7769/5424/1 7789/5448/1 7771/5427/1
f 7790/5450/1 7770/5426/1 7771/5427/1
f 7771/5427/1 7791/5451/1 7790/5450/1
f 7792/5452/1 7772/5428/1 7770/5426/1
f 7770/5426/1 7790/5450/1 7792/5452/1
f 7793/5453/1 7773/5429/1 7772/5428/1
f 7772/5428/1 7792/5452/1 7793/5453/1
f 7794/5454/3 7774/5430/3 7773/5431/3
f 7773/5431/3 7793/5455/3 7794/5454/3
f 7795/5456/3 7775/5432/3 7774/5430/3
f 7774/5430/3 7794/5454/3 7795/5456/3
f 7796/5457/3 7776/5433/3 7775/5432/3
f 7775/5432/3 7795/5456/3 7796/5457/3
f 7797/5458/3 7777/5434/3 7776/5433/3
f 7776/5433/3 7796/5457/3 7797/5458/3
f 7798/5459/3 7778/5435/3 7777/5434/3
f 7777/5434/3 7797/5458/3 7798/5459/3
f 7799/5460/4 7779/5436/4 7778/5437/4
f 7778/5437/4 7798/5461/4 7799/5460/4
f 7800/5462/4 7780/5438/4 7779/5436/4
f 7779/5436/4 7799/5460/4 7800/5462/4
f 7801/5463/4 7781/5439/4 7780/5438/4
f 7780/5438/4 7800/5462/4 7801/5463/4
f 7802/5464/4 7782/5440/4 7781/5439/4
f 7781/5439/4 7801/5463/4 7802/5464/4
f 7803/5465/4 7783/5441/4 7782/5440/4
f 7782/5440/4 7802/5464/4 7803/5465/4
f 7804/5466/2 7784/5442/2 7783/5443/2
f 7783/5443/2 7803/5467/2 7804/5466/2
f 7805/5468/2 7785/5444/2 7784/5442/2
f 7784/5442/2 7804/5466/2 7805/5468/2
f 7806/5469/2 7786/5445/2 7785/5444/2
f 7785/5444/2 7805/5468/2 7806/5469/2
f 7807/5470/2 7787/5446/2 7786/5445/2
f 7786/5445/2 7806/5469/2 7807/5470/2
f 7808/5471/2 7788/5447/2 7787/5446/2
f 7787/5446/2 7807/5470/2 7808/5471/2
f 7809/5472/1 7789/5448/1 7788/5449/1
f 7788/5449/1 7808/5473/1 7809/5472/1
f 7791/5451/1 7771/5427/1 7789/5448/1
f 7789/5448/1 7809/5472/1 7791/5451/1
f 7810/5474/1 7790/5450/1 7791/5451/1
f 7791/5451/1 7811/5475/1 7810/5474/1
f 7812/5476/1 7792/5452/1 7790/5450/1
f 7790/5450/1 7810/5474/1 7812/5476/1
f 7813/5477/1 7793/5453/1 7792/5452/1
f 7792/5452/1 7812/5476/1 7813/5477/1
f 7814/5478/3 7794/5454/3 7793/5455/3
f 7793/5455/3 7813/5479/3 7814/5478/3
f 7815/5480/3 7795/5456/3 7794/5454/3
f 7794/5454/3 7814/5478/3 7815/5480/3
f 7816/5481/3 7796/5457/3 7795/5456/3
f 7795/5456/3 7815/5480/3 7816/5481/3
f 7817/5482/3 7797/5458/3 7796/5457/3
f 7796/5457/3 7816/5481/3 7817/5482/3
f 7818/5483/3 7798/5459/3 7797/5458/3
f 7797/5458/3 7817/5482/3 7818/5483/3
f 7819/5484/4 7799/5460/4 7798/5461/4
f 7798/5461/4 7818/5485/4 7819/5484/4
f 7820/5486/4 7800/5462/4 7799/5460/4
f 7799/5460/4 7819/5484/4 7820/5486/4
f 7821/5487/4 7801/5463/4 7800/5462/4
f 7800/5462/4 7820/5486/4 7821/5487/4
f 7822/5488/4 7802/5464/4 7801/5463/4
f 7801/5463/4 7821/5487/4 7822/5488/4
f 7823/5489/4 7803/5465/4 7802/5464/4
f 7802/5464/4 7822/5488/4 7823/5489/4
f 7824/5490/2 7804/5466/2 7803/5467/2
f 7803/5467/2 7823/5491/2 7824/5490/2
f 7825/5492/2 7805/5468/2 7804/5466/2
f 7804/5466/2 7824/5490/2 7825/5492/2
f 7826/5493/2 7806/5469/2 7805/5468/2
f 7805/5468/2 7825/5492/2 7826/5493/2
f 7827/5494/2 7807/5470/2 7806/5469/2
f 7806/5469/2 7826/5493/2 7827/5494/2
f 7828/5495/2 7808/5471/2 7807/5470/2
f 7807/5470/2 7827/5494/2 7828/5495/2
f 7829/5496/1 7809/5472/1 7808/5473/1
f 7808/5473/1 7828/5497/1 7829/5496/1
f 7811/5475/1 7791/5451/1 7809/5472/1
f 7809/5472/1 7829/5496/1 7811/5475/1
f 7830/5498/1 7810/5474/1 7811/5475/1
f 7811/5475/1 7831/5499/1 7830/5498/1
f 7832/5500/1 7812/5476/1 7810/5474/1
f 7810/5474/1 7830/5498/1 7832/5500/1
f 7833/5501/1 7813/5477/1 7812/5476/1
f 7812/5476/1 7832/5500/1 7833/5501/1
f 7834/5502/3 7814/5478/3 7813/5479/3
f 7813/5479/3 7833/5503/3 7834/5502/3
f 7835/5504/3 7815/5480/3 7814/5478/3
f 7814/5478/3 7834/5502/3 7835/5504/3
f 7836/5505/3 7816/5481/3 7815/5480/3
f 7815/5480/3 7835/5504/3 7836/5505/3
f 7837/5506/3 7817/5482/3 7816/5481/3
f 7816/5481/3 7836/5505/3 7837/5506/3
f 7838/5507/3 7818/5483/3 7817/5482/3
f 7817/5482/3 7837/5506/3 7838/5507/3
f 7839/5508/4 7819/5484/4 7818/5485/4
f 7818/5485/4 7838/5509/4 7839/5508/4
f 7840/5510/4 7820/5486/4 7819/5484/4
f 7819/5484/4 7839/5508/4 7840/5510/4
f 7841/5511/4 7821/5487/4 7820/5486/4
f 7820/5486/4 7840/5510/4 7841/5511/4
f 7842/5512/4 7822/5488/4 7821/5487/4
f 7821/5487/4 7841/5511/4 7842/5512/4
f 7843/5513/4 7823/5489/4 7822/5488/4
f 7822/5488/4 7842/5512/4 7843/5513/4
f 7844/5514/2 7824/5490/2 7823/5491/2
f 7823/5491/2 7843/5515/2 7844/5514/2
f 7845/5516/2 7825/5492/2 7824/5490/2
f 7824/5490/2 7844/5514/2 7845/5516/2
f 7846/5517/2 7826/5493/2 7825/5492/2
f 7825/5492/2 7845/5516/2 7846/5517/2
f 7847/5518/2 7827/5494/2 7826/5493/2
f 7826/5493/2 7846/5517/2 7847/5518/2
f 7848/5519/2 7828/5495/2 7827/5494/2
f 7827/5494/2 7847/5518/2 7848/5519/2
f 7849/5520/1 7829/5496/1 7828/5497/1
f 7828/5497/1 7848/5521/1 7849/5520/1
f 7831/5499/1 7811/5475/1 7829/5496/1
f 7829/5496/1 7849/5520/1 7831/5499/1
f 7850/5522/1 7830/5498/1 7831/5499/1
f 7831/5499/1 7851/5523/1 7850/5522/1
f 7852/5524/1 7832/5500/1 7830/5498/1
f 7830/5498/1 7850/5522/1 7852/5524/1
f 7853/5525/1 7833/5501/1 7832/5500/1
f 7832/5500/1 7852/5524/1 7853/5525/1
f 7854/5526/3 7834/5502/3 7833/5503/3
f 7833/5503/3 7853/5527/3 7854/5526/3
f 7855/5528/3 7835/5504/3 7834/5502/3
f 7834/5502/3 7854/5526/3 7855/5528/3
f 7856/5529/3 7836/5505/3 7835/5504/3
f 7835/5504/3 7855/5528/3 7856/5529/3
f 7857/5530/3 7837/5506/3 7836/5505/3
f 7836/5505/3 7856/5529/3 7857/5530/3
f 7858/5531/3 7838/5507/3 7837/5506/3
f 7837/5506/3 7857/5530/3 7858/5531/3
f 7859/5532/4 7839/5508/4 7838/5509/4
f 7838/5509/4 7858/5533/4 7859/5532/4
f 7860/5534/4 7840/5510/4 7839/5508/4
f 7839/5508/4 7859/5532/4 7860/5534/4
f 7861/5535/4 7841/5511/4 7840/5510/4
f 7840/5510/4 7860/5534/4 7861/5535/4
f 7862/5536/4 7842/5512/4 7841/5511/4
f 7841/5511/4 7861/5535/4 7862/5536/4
f 7863/5537/4 7843/5513/4 7842/5512/4
f 7842/5512/4 7862/5536/4 7863/5537/4
f 7864/5538/2 7844/5514/2 7843/5515/2
f 7843/5515/2 7863/5539/2 7864/5538/2
f 7865/5540/2 7845/5516/2 7844/5514/2
f 7844/5514/2 7864/5538/2 7865/5540/2
f 7866/5541/2 7846/5517/2 7845/5516/2
f 7845/5516/2 7865/5540/2 7866/5541/2
f 7867/5542/2 7847/5518/2 7846/5517/2
f 7846/5517/2 7866/5541/2 7867/5542/2
f 7868/5543/2 7848/5519/2 7847/5518/2
f 7847/5518/2 7867/5542/2 7868/5543/2
f 7869/5544/1 7849/5520/1 7848/5521/1
f 7848/5521/1 7868/5545/1 7869/5544/1
f 7851/5523/1 7831/5499/1 7849/5520/1
f 7849/5520/1 7869/5544/1 7851/5523/1
f 7870/5546/1 7850/5522/1 7851/5523/1
f 7851/5523/1 7871/5547/1 7870/5546/1
f 7872/5548/1 7852/5524/1 7850/5522/1
f 7850/5522/1 7870/5546/1 7872/5548/1
f 7873/5549/1 7853/5525/1 7852/5524/1
f 7852/5524/1 7872/5548/1 7873/5549/1
f 7874/5550/3 7854/5526/3 7853/5527/3
f 7853/5527/3 7873/5551/3 7874/5550/3
f 7875/5552/3 7855/5528/3 7854/5526/3
f 7854/5526/3 7874/5550/3 7875/5552/3
f 7876/5553/3 7856/5529/3 7855/5528/3
f 7855/5528/3 7875/5552/3 7876/5553/3
f 7877/5554/3 7857/5530/3 7856/5529/3
f 7856/5529/3 7876/5553/3 7877/5554/3
f 7878/5555/3 7858/5531/3 7857/5530/3
f 7857/5530/3 7877/5554/3 7878/5555/3
f 7879/5556/4 7859/5532/4 7858/5533/4
f 7858/5533/4 7878/5557/4 7879/5556/4
f 7880/5558/4 7860/5534/4 7859/5532/4
f 7859/5532/4 7879/5556/4 7880/5558/4
f 7881/5559/4 7861/5535/4 7860/5534/4
f 7860/5534/4 7880/5558/4 7881/5559/4
f 7882/5560/4 7862/5536/4 7861/5535/4
f 7861/5535/4 7881/5559/4 7882/5560/4
f 7883/5561/4 7863/5537/4 7862/5536/4
f 7862/5536/4 7882/5560/4 7883/5561/4
f 7884/5562/2 7864/5538/2 7863/5539/2
f 7863/5539/2 7883/5563/2 7884/5562/2
f 7885/5564/2 7865/5540/2 7864/5538/2
f 7864/5538/2 7884/5562/2 7885/5564/2
f 7886/5565/2 7866/5541/2 7865/5540/2
f 7865/5540/2 7885/5564/2 7886/5565/2
f 7887/5566/2 7867/5542/2 7866/5541/2
f 7866/5541/2 7886/5565/2 7887/5566/2
f 7888/5567/2 7868/5543/2 7867/5542/2
f 7867/5542/2 7887/5566/2 7888/5567/2
f 7889/5568/1 7869/5544/1 7868/5545/1
f 7868/5545/1 7888/5569/1 7889/5568/1
f 7871/5547/1 7851/5523/1 7869/5544/1
f 7869/5544/1 7889/5568/1 7871/5547/1
f 7890/5570/1 7870/5546/1 7871/5547/1
f 7871/5547/1 7891/5571/1 7890/5570/1
f 7892/5572/1 7872/5548/1 7870/5546/1
f 7870/5546/1 7890/5570/1 7892/5572/1
f 7893/5573/1 7873/5549/1 7872/5548/1
f 7872/5548/1 7892/5572/1 7893/5573/1
f 7894/5574/3 7874/5550/3 7873/5551/3
f 7873/5551/3 7893/5575/3 7894/5574/3
f 7895/5576/3 7875/5552/3 7874/5550/3
f 7874/5550/3 7894/5574/3 7895/5576/3
f 7896/5577/3 7876/5553/3 7875/5552/3
f 7875/5552/3 7895/5576/3 7896/5577/3
f 7897/5578/3 7877/5554/3 7876/5553/3
f 7876/5553/3 7896/5577/3 7897/5578/3
f 7898/5579/3 7878/5555/3 7877/5554/3
f 7877/5554/3 7897/5578/3 7898/5579/3
f 7899/5580/4 7879/5556/4 7878/5557/4
f 7878/5557/4 7898/5581/4 7899/5580/4
f 7900/5582/4 7880/5558/4 7879/5556/4
f 7879/5556/4 7899/5580/4 7900/5582/4
f 7901/5583/4 7881/5559/4 7880/5558/4
f 7880/5558/4 7900/5582/4 7901/5583/4
f 7902/5584/4 7882/5560/4 7881/5559/4
f 7881/5559/4 7901/5583/4 7902/5584/4
f 7903/5585/4 7883/5561/4 7882/5560/4
f 7882/5560/4 7902/5584/4 7903/5585/4
f 7904/5586/2 7884/5562/2 7883/5563/2
f 7883/5563/2 7903/5587/2 7904/5586/2
f 7905/5588/2 7885/5564/2 7884/5562/2
f 7884/5562/2 7904/5586/2 7905/5588/2
f 7906/5589/2 7886/5565/2 7885/5564/2
f 7885/5564/2 7905/5588/2 7906/5589/2
f 7907/5590/2 7887/5566/2 7886/5565/2
f 7886/5565/2 7906/5589/2 7907/5590/2
f 7908/5591/2 7888/5567/2 7887/5566/2
f 7887/5566/2 7907/5590/2 7908/5591/2
f 7909/5592/1 7889/5568/1 7888/5569/1
f 7888/5569/1 7908/5593/1 7909/5592/1
f 7891/5571/1 7871/5547/1 7889/5568/1
f 7889/5568/1 7909/5592/1 7891/5571/1
f 7910/5594/1 7890/5570/1 7891/5571/1
f 7891/5571/1 7911/5595/1 7910/5594/1
f 7912/5596/1 7892/5572/1 7890/5570/1
f 7890/5570/1 7910/5594/1 7912/5596/1
f 7913/5597/1 7893/5573/1 7892/5572/1
f 7892/5572/1 7912/5596/1 7913/5597/1
f 7914/5598/3 7894/5574/3 7893/5575/3
f 7893/5575/3 7913/5599/3 7914/5598/3
f 7915/5600/3 7895/5576/3 7894/5574/3
f 7894/5574/3 7914/5598/3 7915/5600/3
f 7916/5601/3 7896/5577/3 7895/5576/3
f 7895/5576/3 7915/5600/3 7916/5601/3
f 7917/5602/3 7897/5578/3 7896/5577/3
f 7896/5577/3 7916/5601/3 7917/5602/3
f 7918/5603/3 7898/5579/3 7897/5578/3
f 7897/5578/3 7917/5602/3 7918/5603/3
f 7919/5604/4 7899/5580/4 7898/5581/4
f 7898/5581/4 7918/5605/4 7919/5604/4
f 7920/5606/4 7900/5582/4 7899/5580/4
f 7899/5580/4 7919/5604/4 7920/5606/4
f 7921/5607/4 7901/5583/4 7900/5582/4
f 7900/5582/4 7920/5606/4 7921/5607/4
f 7922/5608/4 7902/5584/4 7901/5583/4
f 7901/5583/4 7921/5607/4 7922/5608/4
f 7923/5609/4 7903/5585/4 7902/5584/4
f 7902/5584/4 7922/5608/4 7923/5609/4
f 7924/5610/2 7904/5586/2 7903/5587/2
f 7903/5587/2 7923/5611/2 7924/5610/2
f 7925/5612/2 7905/5588/2 7904/5586/2
f 7904/5586/2 7924/5610/2 7925/5612/2
f 7926/5613/2 7906/5589/2 7905/5588/2
f 7905/5588/2 7925/5612/2 7926/5613/2
f 7927/5614/2 7907/5590/2 7906/5589/2
f 7906/5589/2 7926/5613/2 7927/5614/2
f 7928/5615/2 7908/5591/2 7907/5590/2
f 7907/5590/2 7927/5614/2 7928/5615/2
f 7929/5616/1 7909/5592/1 7908/5593/1
f 7908/5593/1 7928/5617/1 7929/5616/1
f 7911/5595/1 7891/5571/1 7909/5592/1
f 7909/5592/1 7929/5616/1 7911/5595/1
f 7930/5618/1 7910/5594/1 7911/5595/1
f 7911/5595/1 7931/5619/1 7930/5618/1
f 7932/5620/1 7912/5596/1 7910/5594/1
f 7910/5594/1 7930/5618/1 7932/5620/1
f 7933/5621/1 7913/5597/1 7912/5596/1
f 7912/5596/1 7932/5620/1 7933/5621/1
f 7934/5622/3 7914/5598/3 7913/5599/3
f 7913/5599/3 7933/5623/3 7934/5622/3
f 7935/5624/3 7915/5600/3 7914/5598/3
f 7914/5598/3 7934/5622/3 7935/5624/3
f 7936/5625/3 7916/5601/3 7915/5600/3
f 7915/5600/3 7935/5624/3 7936/5625/3
f 7937/5626/3 7917/5602/3 7916/5601/3
f 7916/5601/3 7936/5625/3 7937/5626/3
f 7938/5627/3 7918/5603/3 7917/5602/3
f 7917/5602/3 7937/5626/3 7938/5627/3
f 7939/5628/4 7919/5604/4 7918/5605/4
f 7918/5605/4 7938/5629/4 7939/5628/4
f 7940/5630/4 7920/5606/4 7919/5604/4
f 7919/5604/4 7939/5628/4 7940/5630/4
f 7941/5631/4 7921/5607/4 7920/5606/4
f 7920/5606/4 7940/5630/4 7941/5631/4
f 7942/5632/4 7922/5608/4 7921/5607/4
f 7921/5607/4 7941/5631/4 7942/5632/4
f 7943/5633/4 7923/5609/4 7922/5608/4
f 7922/5608/4 7942/5632/4 7943/5633/4
f 7944/5634/2 7924/5610/2 7923/5611/2
f 7923/5611/2 7943/5635/2 7944/5634/2
f 7945/5636/2 7925/5612/2 7924/5610/2
f 7924/5610/2 7944/5634/2 7945/5636/2
f 7946/5637/2 7926/5613/2 7925/5612/2
f 7925/5612/2 7945/5636/2 7946/5637/2
f 7947/5638/2 7927/5614/2 7926/5613/2
f 7926/5613/2 7946/5637/2 7947/5638/2
f 7948/5639/2 7928/5615/2 7927/5614/2
f 7927/5614/2 7947/5638/2 7948/5639/2
f 7949/5640/1 7929/5616/1 7928/5617/1
f 7928/5617/1 7948/5641/1 7949/5640/1
f 7931/5619/1 7911/5595/1 7929/5616/1
f 7929/5616/1 7949/5640/1 7931/5619/1
f 3450/5642/1 7930/5618/1 7931/5619/1
f 7931/5619/1 3451/5643/1 3450/5642/1
f 3454/5644/1 7932/5620/1 7930/5618/1
f 7930/5618/1 3450/5642/1 3454/5644/1
f 3456/5645/1 7933/5621/1 7932/5620/1
f 7932/5620/1 3454/5644/1 3456/5645/1
f 3478/5646/2 7944/5634/2 7943/5635/2
f 7943/5635/2 3476/5647/2 3478/5646/2
f 3480/5648/2 7945/5636/2 7944/5634/2
f 7944/5634/2 3478/5646/2 3480/5648/2
f 3482/5649/2 7946/5637/2 7945/5636/2
f 7945/5636/2 3480/5648/2 3482/5649/2
f 3484/5650/2 7947/5638/2 7946/5637/2
f 7946/5637/2 3482/5649/2 3484/5650/2
f 3486/5651/2 7948/5639/2 7947/5638/2
f 7947/5638/2 3484/5650/2 3486/5651/2
f 3488/5652/1 7949/5640/1 7948/5641/1
f 7948/5641/1 3486/5653/1 3488/5652/1
f 3451/5643/1 7931/5619/1 7949/5640/1
f 7949/5640/1 3488/5652/1 3451/5643/1
f 3458/5654/3 7934/5622/3 7933/5623/3
f 7933/5623/3 3456/5655/3 3458/5654/3
f 3460/5656/3 7935/5624/3 7934/5622/3
f 7934/5622/3 3458/5654/3 3460/5656/3
f 3462/5657/3 7936/5625/3 7935/5624/3
f 7935/5624/3 3460/5656/3 3462/5657/3
f 3464/5658/3 7937/5626/3 7936/5625/3
f 7936/5625/3 3462/5657/3 3464/5658/3
f 3466/5659/3 7938/5627/3 7937/5626/3
f 7937/5626/3 3464/5658/3 3466/5659/3
f 3468/5660/4 7939/5628/4 7938/5629/4
f 7938/5629/4 3466/5661/4 3468/5660/4
f 3470/5662/4 7940/5630/4 7939/5628/4
f 7939/5628/4 3468/5660/4 3470/5662/4
f 3472/5663/4 7941/5631/4 7940/5630/4
f 7940/5630/4 3470/5662/4 3472/5663/4
f 3474/5664/4 7942/5632/4 7941/5631/4
f 7941/5631/4 3472/5663/4 3474/5664/4
f 3476/5665/4 7943/5633/4 7942/5632/4
f 7942/5632/4 3474/5664/4 3476/5665/4

