# Blender 4.5.3 LTS
# www.blender.org
o Phonebooth
v 0.142766 1.119970 -0.300052
v 0.360717 1.119970 -0.300052
v 0.142766 1.209970 -0.300052
v 0.360717 1.209970 -0.300052
v 0.142766 1.209970 -0.315052
v 0.360717 1.209970 -0.315052
v 0.142766 1.119970 -0.315052
v 0.360717 1.119970 -0.315052
v 0.156763 1.209970 -0.315052
v 0.346720 1.209970 -0.315052
v 0.346720 1.119970 -0.315052
v 0.156763 1.119970 -0.315052
v 0.360717 1.209970 -0.360218
v 0.360717 1.119970 -0.360218
v 0.346720 1.119970 -0.360218
v 0.346720 1.209970 -0.360218
v 0.142766 1.209970 -0.360218
v 0.142766 1.119970 -0.360218
v 0.156763 1.209970 -0.360218
v 0.156763 1.119970 -0.360218
v 0.327905 1.199778 -0.397239
v 0.327905 1.130162 -0.397239
v 0.318123 1.130162 -0.397239
v 0.318123 1.199778 -0.397239
v 0.175578 1.199778 -0.397239
v 0.175578 1.130162 -0.397239
v 0.185360 1.199778 -0.397239
v 0.185360 1.130162 -0.397239
v -0.112658 1.078001 -0.194083
v -0.117524 1.074864 -0.194936
v -0.120775 1.070169 -0.196214
v -0.121917 1.064631 -0.197721
v -0.106919 1.079103 -0.193783
v -0.063059 1.070169 -0.196214
v -0.066310 1.074864 -0.194936
v -0.071176 1.078001 -0.194083
v -0.076916 1.079103 -0.193783
v -0.061917 1.064631 -0.197721
v -0.120775 1.030142 -0.207105
v -0.117524 1.025447 -0.208383
v -0.112658 1.022309 -0.209236
v -0.106919 1.021208 -0.209536
v -0.121917 1.035680 -0.205598
v -0.071176 1.022309 -0.209236
v -0.066310 1.025447 -0.208383
v -0.063059 1.030142 -0.207105
v -0.061917 1.035680 -0.205598
v -0.076916 1.021208 -0.209536
v -0.115918 1.067211 -0.209455
v -0.118917 1.067285 -0.208602
v -0.121113 1.066918 -0.206426
v -0.121917 1.066206 -0.203511
v -0.121917 1.037256 -0.211388
v -0.121113 1.038120 -0.214262
v -0.118917 1.038905 -0.216324
v -0.115918 1.039401 -0.217022
v -0.106919 1.080678 -0.199573
v -0.106839 1.080690 -0.202679
v -0.106623 1.079148 -0.205374
v -0.106328 1.076465 -0.206937
v -0.077506 1.076465 -0.206937
v -0.077211 1.079148 -0.205374
v -0.076995 1.080690 -0.202679
v -0.076916 1.080678 -0.199573
v -0.061917 1.066206 -0.203511
v -0.062721 1.066918 -0.206426
v -0.064917 1.067285 -0.208602
v -0.067916 1.067211 -0.209455
v -0.067916 1.039401 -0.217022
v -0.064917 1.038905 -0.216324
v -0.062721 1.038120 -0.214262
v -0.061917 1.037256 -0.211388
v -0.106328 1.030148 -0.219540
v -0.106623 1.027042 -0.219552
v -0.106839 1.024346 -0.218010
v -0.106919 1.022783 -0.215326
v -0.076916 1.022783 -0.215326
v -0.076995 1.024346 -0.218010
v -0.077211 1.027042 -0.219552
v -0.077506 1.030148 -0.219540
v -0.115124 1.071061 -0.208408
v -0.117950 1.071979 -0.207325
v -0.120018 1.072229 -0.204981
v -0.120775 1.071745 -0.202004
v -0.113199 1.073841 -0.207651
v -0.115361 1.075717 -0.206308
v -0.116945 1.076668 -0.203773
v -0.117524 1.076439 -0.200727
v -0.110317 1.075699 -0.207146
v -0.111488 1.078214 -0.205628
v -0.112345 1.079634 -0.202966
v -0.112658 1.079577 -0.199873
v -0.073517 1.075699 -0.207146
v -0.072346 1.078214 -0.205628
v -0.071489 1.079634 -0.202966
v -0.071176 1.079577 -0.199873
v -0.070635 1.073841 -0.207651
v -0.068473 1.075717 -0.206308
v -0.066890 1.076668 -0.203773
v -0.066310 1.076439 -0.200727
v -0.068710 1.071061 -0.208408
v -0.065884 1.071979 -0.207325
v -0.063816 1.072229 -0.204981
v -0.063059 1.071745 -0.202004
v -0.110317 1.030913 -0.219332
v -0.111488 1.027976 -0.219298
v -0.112345 1.025403 -0.217722
v -0.112658 1.023885 -0.215026
v -0.113199 1.032771 -0.218826
v -0.115361 1.030473 -0.218618
v -0.116945 1.028369 -0.216915
v -0.117524 1.027022 -0.214173
v -0.115124 1.035551 -0.218070
v -0.117950 1.034211 -0.217601
v -0.120018 1.032807 -0.215707
v -0.120775 1.031717 -0.212895
v -0.068710 1.035551 -0.218070
v -0.065884 1.034211 -0.217601
v -0.063816 1.032807 -0.215707
v -0.063059 1.031717 -0.212895
v -0.070635 1.032771 -0.218826
v -0.068473 1.030473 -0.218618
v -0.066890 1.028369 -0.216915
v -0.066310 1.027022 -0.214173
v -0.073517 1.030913 -0.219332
v -0.072346 1.027976 -0.219298
v -0.071489 1.025403 -0.217722
v -0.071176 1.023885 -0.215026
v -0.112658 0.861343 -0.253034
v -0.117524 0.858206 -0.253888
v -0.120775 0.853511 -0.255165
v -0.121917 0.847973 -0.256672
v -0.106919 0.862445 -0.252735
v -0.063059 0.853511 -0.255165
v -0.066310 0.858206 -0.253888
v -0.071176 0.861343 -0.253034
v -0.076916 0.862445 -0.252735
v -0.061917 0.847973 -0.256672
v -0.120775 0.813484 -0.266057
v -0.117524 0.808789 -0.267334
v -0.112658 0.805651 -0.268188
v -0.106919 0.804550 -0.268487
v -0.121917 0.819022 -0.264550
v -0.071176 0.805651 -0.268188
v -0.066310 0.808789 -0.267334
v -0.063059 0.813484 -0.266057
v -0.061917 0.819022 -0.264550
v -0.076916 0.804550 -0.268487
v -0.115918 0.850553 -0.268407
v -0.118917 0.850627 -0.267553
v -0.121113 0.850259 -0.265378
v -0.121917 0.849548 -0.262462
v -0.121917 0.820598 -0.270340
v -0.121113 0.821461 -0.273213
v -0.118917 0.822247 -0.275276
v -0.115918 0.822743 -0.275974
v -0.106919 0.864020 -0.258525
v -0.106839 0.864032 -0.261630
v -0.106623 0.862490 -0.264326
v -0.106328 0.859806 -0.265889
v -0.077506 0.859806 -0.265889
v -0.077211 0.862490 -0.264326
v -0.076995 0.864032 -0.261630
v -0.076916 0.864020 -0.258525
v -0.061917 0.849548 -0.262462
v -0.062721 0.850259 -0.265378
v -0.064917 0.850627 -0.267553
v -0.067916 0.850553 -0.268407
v -0.067916 0.822743 -0.275974
v -0.064917 0.822247 -0.275276
v -0.062721 0.821461 -0.273213
v -0.061917 0.820598 -0.270340
v -0.106328 0.813489 -0.278491
v -0.106623 0.810384 -0.278503
v -0.106839 0.807688 -0.276961
v -0.106919 0.806125 -0.274278
v -0.076916 0.806125 -0.274278
v -0.076995 0.807688 -0.276961
v -0.077211 0.810384 -0.278503
v -0.077506 0.813489 -0.278491
v -0.115124 0.854403 -0.267359
v -0.117950 0.855321 -0.266276
v -0.120018 0.855571 -0.263932
v -0.120775 0.855087 -0.260956
v -0.113199 0.857183 -0.266603
v -0.115361 0.859059 -0.265259
v -0.116945 0.860010 -0.262725
v -0.117524 0.859781 -0.259678
v -0.110317 0.859041 -0.266097
v -0.111488 0.861556 -0.264580
v -0.112345 0.862976 -0.261918
v -0.112658 0.862919 -0.258824
v -0.073517 0.859041 -0.266097
v -0.072346 0.861556 -0.264580
v -0.071489 0.862976 -0.261918
v -0.071176 0.862919 -0.258824
v -0.070635 0.857183 -0.266603
v -0.068473 0.859059 -0.265259
v -0.066890 0.860010 -0.262725
v -0.066310 0.859781 -0.259678
v -0.068710 0.854403 -0.267359
v -0.065884 0.855321 -0.266276
v -0.063816 0.855571 -0.263932
v -0.063059 0.855087 -0.260956
v -0.110317 0.814255 -0.278283
v -0.111488 0.811317 -0.278249
v -0.112345 0.808745 -0.276673
v -0.112658 0.807227 -0.273978
v -0.113199 0.816113 -0.277778
v -0.115361 0.813815 -0.277570
v -0.116945 0.811711 -0.275867
v -0.117524 0.810364 -0.273124
v -0.115124 0.818893 -0.277021
v -0.117950 0.817553 -0.276553
v -0.120018 0.816149 -0.274659
v -0.120775 0.815059 -0.271847
v -0.068710 0.818893 -0.277021
v -0.065884 0.817553 -0.276553
v -0.063816 0.816149 -0.274659
v -0.063059 0.815059 -0.271847
v -0.070635 0.816113 -0.277778
v -0.068473 0.813815 -0.277570
v -0.066890 0.811711 -0.275867
v -0.066310 0.810364 -0.273124
v -0.073517 0.814255 -0.278283
v -0.072346 0.811317 -0.278249
v -0.071489 0.808745 -0.276673
v -0.071176 0.807227 -0.273978
v -0.187435 1.005782 -0.213733
v -0.192300 1.002645 -0.214587
v -0.195552 0.997949 -0.215865
v -0.196693 0.992411 -0.217371
v -0.181695 1.006884 -0.213434
v -0.137835 0.997949 -0.215865
v -0.141086 1.002645 -0.214587
v -0.145952 1.005782 -0.213733
v -0.151692 1.006884 -0.213434
v -0.136693 0.992411 -0.217371
v -0.195552 0.957922 -0.226756
v -0.192300 0.953227 -0.228033
v -0.187435 0.950090 -0.228887
v -0.181695 0.948988 -0.229187
v -0.196693 0.963461 -0.225249
v -0.145952 0.950090 -0.228887
v -0.141086 0.953227 -0.228033
v -0.137835 0.957922 -0.226756
v -0.136693 0.963461 -0.225249
v -0.151692 0.948988 -0.229187
v -0.190694 0.994991 -0.229106
v -0.193694 0.995066 -0.228253
v -0.195890 0.994698 -0.226077
v -0.196693 0.993987 -0.223162
v -0.196693 0.965036 -0.231039
v -0.195890 0.965900 -0.233913
v -0.193694 0.966685 -0.235975
v -0.190694 0.967181 -0.236673
v -0.181695 1.008459 -0.219224
v -0.181616 1.008471 -0.222329
v -0.181399 1.006929 -0.225025
v -0.181104 1.004245 -0.226588
v -0.152283 1.004245 -0.226588
v -0.151987 1.006929 -0.225025
v -0.151771 1.008471 -0.222329
v -0.151692 1.008459 -0.219224
v -0.136693 0.993987 -0.223162
v -0.137497 0.994698 -0.226077
v -0.139693 0.995066 -0.228253
v -0.142693 0.994991 -0.229106
v -0.142693 0.967181 -0.236673
v -0.139693 0.966685 -0.235975
v -0.137497 0.965900 -0.233913
v -0.136693 0.965036 -0.231039
v -0.181104 0.957928 -0.239190
v -0.181399 0.954823 -0.239202
v -0.181616 0.952127 -0.237660
v -0.181695 0.950564 -0.234977
v -0.151692 0.950564 -0.234977
v -0.151771 0.952127 -0.237660
v -0.151987 0.954823 -0.239202
v -0.152283 0.957928 -0.239190
v -0.189900 0.998841 -0.228058
v -0.192726 0.999759 -0.226975
v -0.194795 1.000010 -0.224631
v -0.195552 0.999525 -0.221655
v -0.187975 1.001622 -0.227302
v -0.190138 1.003498 -0.225958
v -0.191721 1.004448 -0.223424
v -0.192300 1.004220 -0.220377
v -0.185094 1.003479 -0.226796
v -0.186264 1.005995 -0.225279
v -0.187121 1.007414 -0.222617
v -0.187435 1.007357 -0.219523
v -0.148293 1.003479 -0.226796
v -0.147123 1.005995 -0.225279
v -0.146266 1.007414 -0.222617
v -0.145952 1.007357 -0.219523
v -0.145412 1.001622 -0.227302
v -0.143249 1.003498 -0.225958
v -0.141666 1.004448 -0.223424
v -0.141086 1.004220 -0.220377
v -0.143486 0.998841 -0.228058
v -0.140661 0.999759 -0.226975
v -0.138592 1.000010 -0.224631
v -0.137835 0.999525 -0.221655
v -0.185094 0.958694 -0.238982
v -0.186264 0.955756 -0.238948
v -0.187121 0.953183 -0.237373
v -0.187435 0.951665 -0.234677
v -0.187975 0.960552 -0.238477
v -0.190138 0.958254 -0.238269
v -0.191721 0.956149 -0.236566
v -0.192300 0.954803 -0.233823
v -0.189900 0.963332 -0.237720
v -0.192726 0.961991 -0.237252
v -0.194795 0.960588 -0.235358
v -0.195552 0.959498 -0.232546
v -0.143486 0.963332 -0.237720
v -0.140661 0.961991 -0.237252
v -0.138592 0.960588 -0.235358
v -0.137835 0.959498 -0.232546
v -0.145412 0.960552 -0.238477
v -0.143249 0.958254 -0.238269
v -0.141666 0.956149 -0.236566
v -0.141086 0.954803 -0.233823
v -0.148293 0.958694 -0.238982
v -0.147123 0.955756 -0.238948
v -0.146266 0.953183 -0.237373
v -0.145952 0.951665 -0.234677
v -0.187435 1.078001 -0.194083
v -0.192300 1.074864 -0.194936
v -0.195552 1.070169 -0.196214
v -0.196693 1.064631 -0.197721
v -0.181695 1.079103 -0.193783
v -0.137835 1.070169 -0.196214
v -0.141086 1.074864 -0.194936
v -0.145952 1.078001 -0.194083
v -0.151692 1.079103 -0.193783
v -0.136693 1.064631 -0.197721
v -0.195552 1.030142 -0.207105
v -0.192300 1.025447 -0.208383
v -0.187435 1.022309 -0.209236
v -0.181695 1.021208 -0.209536
v -0.196693 1.035680 -0.205598
v -0.145952 1.022309 -0.209236
v -0.141086 1.025447 -0.208383
v -0.137835 1.030142 -0.207105
v -0.136693 1.035680 -0.205598
v -0.151692 1.021208 -0.209536
v -0.190694 1.067211 -0.209455
v -0.193694 1.067285 -0.208602
v -0.195890 1.066918 -0.206426
v -0.196693 1.066206 -0.203511
v -0.196693 1.037256 -0.211388
v -0.195890 1.038120 -0.214262
v -0.193694 1.038905 -0.216324
v -0.190694 1.039401 -0.217022
v -0.181695 1.080678 -0.199573
v -0.181616 1.080690 -0.202679
v -0.181399 1.079148 -0.205374
v -0.181104 1.076465 -0.206937
v -0.152283 1.076465 -0.206937
v -0.151987 1.079148 -0.205374
v -0.151771 1.080690 -0.202679
v -0.151692 1.080678 -0.199573
v -0.136693 1.066206 -0.203511
v -0.137497 1.066918 -0.206426
v -0.139693 1.067285 -0.208602
v -0.142693 1.067211 -0.209455
v -0.142693 1.039401 -0.217022
v -0.139693 1.038905 -0.216324
v -0.137497 1.038120 -0.214262
v -0.136693 1.037256 -0.211388
v -0.181104 1.030148 -0.219540
v -0.181399 1.027042 -0.219552
v -0.181616 1.024346 -0.218010
v -0.181695 1.022783 -0.215326
v -0.151692 1.022783 -0.215326
v -0.151771 1.024346 -0.218010
v -0.151987 1.027042 -0.219552
v -0.152283 1.030148 -0.219540
v -0.189900 1.071061 -0.208408
v -0.192726 1.071979 -0.207325
v -0.194795 1.072229 -0.204981
v -0.195552 1.071745 -0.202004
v -0.187975 1.073841 -0.207651
v -0.190138 1.075717 -0.206308
v -0.191721 1.076668 -0.203773
v -0.192300 1.076439 -0.200727
v -0.185094 1.075699 -0.207146
v -0.186264 1.078214 -0.205628
v -0.187121 1.079634 -0.202966
v -0.187435 1.079577 -0.199873
v -0.148293 1.075699 -0.207146
v -0.147123 1.078214 -0.205628
v -0.146266 1.079634 -0.202966
v -0.145952 1.079577 -0.199873
v -0.145412 1.073841 -0.207651
v -0.143249 1.075717 -0.206308
v -0.141666 1.076668 -0.203773
v -0.141086 1.076439 -0.200727
v -0.143486 1.071061 -0.208408
v -0.140661 1.071979 -0.207325
v -0.138592 1.072229 -0.204981
v -0.137835 1.071745 -0.202004
v -0.185094 1.030913 -0.219332
v -0.186264 1.027976 -0.219298
v -0.187121 1.025403 -0.217722
v -0.187435 1.023885 -0.215026
v -0.187975 1.032771 -0.218826
v -0.190138 1.030473 -0.218618
v -0.191721 1.028369 -0.216915
v -0.192300 1.027022 -0.214173
v -0.189900 1.035551 -0.218070
v -0.192726 1.034211 -0.217601
v -0.194795 1.032807 -0.215707
v -0.195552 1.031717 -0.212895
v -0.143486 1.035551 -0.218070
v -0.140661 1.034211 -0.217601
v -0.138592 1.032807 -0.215707
v -0.137835 1.031717 -0.212895
v -0.145412 1.032771 -0.218826
v -0.143249 1.030473 -0.218618
v -0.141666 1.028369 -0.216915
v -0.141086 1.027022 -0.214173
v -0.148293 1.030913 -0.219332
v -0.147123 1.027976 -0.219298
v -0.146266 1.025403 -0.217722
v -0.145952 1.023885 -0.215026
v -0.495159 0.000000 0.300000
v 0.404841 0.000000 0.300000
v -0.495159 1.650735 0.300000
v 0.404841 1.650735 0.300000
v -0.495159 1.650735 -0.300000
v 0.404841 1.650735 -0.300000
v -0.495159 -0.000000 -0.300000
v 0.404841 -0.000000 -0.300000
v -0.495159 0.390735 0.300000
v -0.495159 0.390735 -0.300000
v 0.404841 0.390735 -0.300000
v 0.404841 0.390735 0.300000
v 0.090318 0.000000 0.300000
v 0.090318 0.390735 0.300000
v 0.090318 1.650735 0.300000
v 0.090318 1.650735 -0.300000
v 0.090318 0.390735 -0.300000
v 0.090318 -0.000000 -0.300000
v -0.451248 1.612522 -0.300000
v 0.046407 1.612522 -0.300000
v 0.046407 0.428948 -0.300000
v -0.451248 0.428948 -0.300000
v 0.046407 1.257449 -0.300000
v -0.451248 1.257449 -0.300000
v -0.451248 1.612522 -0.300000
v 0.046407 1.612522 -0.300000
v -0.430513 1.597727 -0.270000
v 0.025672 1.597727 -0.270000
v 0.025672 1.272244 -0.270000
v -0.430513 1.272244 -0.270000
v 0.025948 1.238135 -0.119743
v -0.430789 1.238135 -0.119743
v 0.025948 0.448262 -0.270000
v -0.430789 0.448262 -0.270000
v 0.025948 0.677212 -0.269306
v 0.025948 0.692772 -0.267230
v 0.025948 0.708088 -0.263787
v 0.025948 0.661530 -0.270000
v -0.430789 0.692772 -0.267230
v -0.430789 0.677212 -0.269306
v -0.430789 0.661530 -0.270000
v -0.430789 0.708088 -0.263787
v -0.433512 1.600726 -0.300000
v -0.430513 1.597727 -0.297000
v 0.028671 1.600726 -0.300000
v 0.025672 1.597727 -0.297000
v 0.028671 1.269245 -0.300000
v 0.025672 1.272244 -0.297000
v -0.433512 1.269245 -0.300000
v -0.430513 1.272244 -0.297000
v 0.028948 1.241135 -0.300000
v 0.025948 1.238135 -0.297000
v -0.433789 1.241135 -0.300000
v -0.430789 1.238135 -0.297000
v 0.028948 0.445262 -0.300000
v 0.025948 0.448262 -0.297000
v -0.433789 0.445262 -0.300000
v -0.430789 0.448262 -0.297000
v 0.025948 0.708089 -0.297000
v 0.025948 0.692772 -0.297000
v 0.025948 0.677212 -0.297000
v 0.025948 0.661530 -0.297000
v -0.430789 0.708089 -0.297000
v -0.430789 0.692772 -0.297000
v -0.430789 0.677212 -0.297000
v 0.090318 1.257450 -0.300000
v -0.495159 1.257450 -0.300000
v -0.495159 1.257450 0.300000
v 0.090318 1.257450 0.300000
v 0.404841 1.257450 0.300000
v 0.404841 1.257450 -0.300000
v -0.433789 0.708088 -0.300000
v -0.451248 0.708088 -0.300000
v -0.495159 0.708089 -0.300000
v -0.495159 0.708089 0.300000
v 0.090318 0.708089 0.300000
v 0.404841 0.708089 0.300000
v 0.404841 0.708089 -0.300000
v 0.090318 0.708089 -0.300000
v 0.046407 0.708088 -0.300000
v 0.028948 0.708088 -0.300000
v 0.028948 0.692772 -0.300000
v 0.046407 0.692772 -0.300000
v 0.090318 0.692772 -0.300000
v 0.404841 0.692772 -0.300000
v 0.404841 0.692772 0.300000
v 0.090318 0.692772 0.300000
v -0.495159 0.692772 0.300000
v -0.495159 0.692772 -0.300000
v -0.451248 0.692772 -0.300000
v -0.433789 0.692772 -0.300000
v -0.433789 0.677212 -0.300000
v -0.451248 0.677212 -0.300000
v -0.495159 0.677212 -0.300000
v -0.495159 0.677212 0.300000
v 0.090318 0.677212 0.300000
v 0.404841 0.677212 0.300000
v 0.404841 0.677212 -0.300000
v 0.090318 0.677212 -0.300000
v 0.046407 0.677212 -0.300000
v 0.028948 0.677212 -0.300000
v 0.028948 0.661530 -0.300000
v 0.046407 0.661530 -0.300000
v 0.090318 0.661530 -0.300000
v 0.404841 0.661530 -0.300000
v 0.404841 0.661530 0.300000
v 0.090318 0.661530 0.300000
v -0.495159 0.661530 0.300000
v -0.495159 0.661530 -0.300000
v -0.451248 0.661530 -0.300000
v -0.433789 0.661530 -0.300000
v -0.430789 0.661530 -0.297000
v 0.251927 1.168217 -0.315052
v 0.251927 1.168217 -0.405052
v 0.244769 1.168217 -0.405052
v 0.293842 1.154598 -0.401839
v 0.311464 1.148872 -0.392514
v 0.325449 1.144328 -0.377990
v 0.334428 1.141410 -0.359689
v 0.337522 1.140405 -0.339402
v 0.324738 1.115316 -0.339402
v 0.322106 1.117228 -0.359689
v 0.314468 1.122778 -0.377990
v 0.302572 1.131421 -0.392514
v 0.287582 1.142312 -0.401839
v 0.304827 1.095405 -0.339402
v 0.302915 1.098037 -0.359689
v 0.297366 1.105675 -0.377990
v 0.279738 1.082622 -0.339402
v 0.278733 1.085716 -0.359689
v 0.275816 1.094695 -0.377990
v 0.271271 1.108680 -0.392514
v 0.251927 1.078217 -0.339402
v 0.251927 1.081470 -0.359689
v 0.251927 1.090911 -0.377990
v 0.251927 1.105615 -0.392514
v 0.224115 1.082622 -0.339402
v 0.225120 1.085716 -0.359689
v 0.228038 1.094695 -0.377990
v 0.232582 1.108680 -0.392514
v 0.199026 1.095405 -0.339402
v 0.200938 1.098037 -0.359689
v 0.206488 1.105675 -0.377990
v 0.179115 1.115316 -0.339402
v 0.181747 1.117228 -0.359689
v 0.189385 1.122778 -0.377990
v 0.201281 1.131421 -0.392514
v 0.210012 1.154598 -0.401839
v 0.192390 1.148872 -0.392514
v 0.178405 1.144328 -0.377990
v 0.169426 1.141410 -0.359689
v 0.166332 1.140405 -0.339402
v 0.161927 1.168217 -0.339402
v 0.165180 1.168217 -0.359689
v 0.174621 1.168217 -0.377990
v 0.189326 1.168217 -0.392514
v 0.207855 1.168217 -0.401839
v 0.210012 1.181835 -0.401839
v 0.192390 1.187562 -0.392514
v 0.178405 1.192105 -0.377990
v 0.169426 1.195023 -0.359689
v 0.166332 1.196028 -0.339402
v 0.179115 1.221117 -0.339402
v 0.181747 1.219205 -0.359689
v 0.189385 1.213656 -0.377990
v 0.201281 1.205012 -0.392514
v 0.216272 1.194121 -0.401839
v 0.199026 1.241028 -0.339402
v 0.200938 1.238396 -0.359689
v 0.206488 1.230758 -0.377990
v 0.224115 1.253812 -0.339402
v 0.225120 1.250718 -0.359689
v 0.228038 1.241739 -0.377990
v 0.232582 1.227754 -0.392514
v 0.251927 1.258217 -0.339402
v 0.251927 1.254964 -0.359689
v 0.251927 1.245522 -0.377990
v 0.251927 1.230818 -0.392514
v 0.279738 1.253812 -0.339402
v 0.278733 1.250718 -0.359689
v 0.275816 1.241739 -0.377990
v 0.271271 1.227754 -0.392514
v 0.304827 1.241028 -0.339402
v 0.302915 1.238396 -0.359689
v 0.297366 1.230758 -0.377990
v 0.324738 1.221117 -0.339402
v 0.322106 1.219205 -0.359689
v 0.314468 1.213656 -0.377990
v 0.302572 1.205012 -0.392514
v 0.287582 1.194121 -0.401839
v 0.293841 1.181835 -0.401839
v 0.311464 1.187562 -0.392514
v 0.325449 1.192105 -0.377990
v 0.334428 1.195023 -0.359689
v 0.337522 1.196028 -0.339402
v 0.341927 1.168217 -0.339402
v 0.338674 1.168217 -0.359689
v 0.329232 1.168217 -0.377990
v 0.314528 1.168217 -0.392514
v 0.295999 1.168217 -0.401839
v 0.287426 1.194277 -0.401839
v 0.287422 1.194006 -0.401870
v 0.287276 1.179702 -0.402919
v 0.287236 1.168217 -0.403210
v 0.287276 1.156731 -0.402919
v 0.287422 1.142428 -0.401870
v 0.287426 1.142156 -0.401839
v 0.216147 1.194212 -0.401761
v 0.216155 1.193893 -0.401839
v 0.216268 1.179803 -0.402868
v 0.216301 1.168217 -0.403160
v 0.216268 1.156631 -0.402868
v 0.216155 1.142541 -0.401839
v 0.216147 1.142221 -0.401761
v 0.287236 1.149244 -0.420590
v 0.287276 1.137758 -0.420590
v 0.287422 1.175033 -0.420590
v 0.287276 1.160730 -0.420590
v 0.251927 1.149244 -0.420590
v 0.244769 1.149244 -0.420590
v 0.287422 1.123456 -0.420590
v 0.287426 1.123184 -0.420590
v 0.271271 1.089707 -0.420590
v 0.251927 1.086643 -0.420590
v 0.232582 1.089707 -0.420590
v 0.216272 1.175149 -0.420590
v 0.232582 1.208781 -0.420590
v 0.251927 1.211845 -0.420590
v 0.271271 1.208781 -0.420590
v 0.287426 1.175304 -0.420590
v 0.216147 1.175240 -0.420590
v 0.216268 1.160830 -0.420590
v 0.216155 1.174920 -0.420590
v 0.216301 1.149244 -0.420590
v 0.216268 1.137658 -0.420590
v 0.216155 1.123568 -0.420590
v 0.216147 1.123249 -0.420590
v 0.287236 1.130756 -0.437818
v 0.287276 1.121840 -0.435577
v 0.287422 1.150773 -0.442848
v 0.287276 1.139671 -0.440058
v 0.251927 1.130756 -0.437818
v 0.244769 1.130756 -0.437818
v 0.287422 1.110738 -0.432787
v 0.287426 1.110528 -0.432734
v 0.271271 1.084544 -0.426204
v 0.251927 1.082166 -0.425607
v 0.232582 1.084544 -0.426204
v 0.216272 1.150863 -0.442871
v 0.232582 1.176968 -0.449431
v 0.251927 1.179346 -0.450029
v 0.271271 1.176968 -0.449431
v 0.287426 1.150984 -0.442901
v 0.216147 1.150934 -0.442889
v 0.216268 1.139749 -0.440078
v 0.216155 1.150686 -0.442826
v 0.216301 1.130756 -0.437818
v 0.216268 1.121763 -0.435558
v 0.216155 1.110826 -0.432810
v 0.216147 1.110579 -0.432747
v 0.287236 1.092420 -0.454676
v 0.287276 1.087499 -0.451978
v 0.287422 1.103468 -0.460737
v 0.287276 1.097340 -0.457376
v 0.251927 1.092420 -0.454676
v 0.244769 1.092420 -0.454676
v 0.287422 1.081371 -0.448617
v 0.287426 1.081256 -0.448553
v 0.271271 1.066914 -0.440687
v 0.251927 1.065601 -0.439967
v 0.232582 1.066914 -0.440687
v 0.216272 1.103518 -0.460762
v 0.232582 1.117926 -0.468666
v 0.251927 1.119238 -0.469386
v 0.271271 1.117926 -0.468666
v 0.287426 1.103584 -0.460800
v 0.216147 1.103557 -0.460784
v 0.216269 1.097383 -0.457399
v 0.216156 1.103420 -0.460708
v 0.216301 1.092420 -0.454677
v 0.216269 1.087456 -0.451953
v 0.216186 1.081419 -0.448649
v 0.216178 1.081283 -0.448575
v 0.287236 0.967008 -0.455862
v 0.287276 0.967008 -0.453171
v 0.274308 0.967008 -0.454162
v 0.275460 0.967008 -0.455863
v 0.270965 0.967008 -0.459117
v 0.287421 0.967008 -0.461927
v 0.287276 0.967008 -0.458555
v 0.274308 0.967008 -0.457565
v 0.232888 0.967008 -0.459117
v 0.233187 0.967008 -0.455864
v 0.228394 0.967008 -0.455864
v 0.229546 0.967008 -0.457580
v 0.232890 0.967008 -0.452612
v 0.229546 0.967008 -0.454156
v 0.259199 0.967008 -0.461123
v 0.259084 0.967008 -0.455864
v 0.251927 0.967008 -0.455863
v 0.251927 0.967008 -0.461394
v 0.259198 0.967008 -0.450607
v 0.251927 0.967008 -0.450335
v 0.244770 0.967008 -0.455864
v 0.244655 0.967008 -0.461123
v 0.244655 0.967008 -0.450607
v 0.270667 0.967008 -0.455864
v 0.270965 0.967008 -0.452615
v 0.287422 0.967008 -0.449804
v 0.287426 0.967008 -0.449741
v 0.265545 0.967008 -0.446017
v 0.271271 0.967008 -0.441874
v 0.251927 0.967008 -0.445508
v 0.251927 0.967008 -0.441153
v 0.238308 0.967008 -0.446017
v 0.232582 0.967008 -0.441874
v 0.216446 0.967008 -0.449832
v 0.216271 0.967008 -0.461952
v 0.238308 0.967008 -0.465714
v 0.232582 0.967008 -0.469855
v 0.251927 0.967008 -0.466221
v 0.251927 0.967008 -0.470575
v 0.265546 0.967008 -0.465714
v 0.271272 0.967008 -0.469855
v 0.287425 0.967008 -0.461995
v 0.216146 0.967008 -0.461966
v 0.216269 0.967008 -0.458595
v 0.216155 0.967008 -0.461906
v 0.216301 0.967008 -0.455866
v 0.216270 0.967008 -0.453147
v 0.216585 0.967008 -0.449968
v 0.216582 0.967008 -0.449883
v 0.251927 0.765800 -0.315052
v 0.251927 0.765800 -0.405052
v 0.259084 0.765800 -0.405052
v 0.210012 0.779419 -0.401839
v 0.192390 0.785145 -0.392514
v 0.178405 0.789689 -0.377990
v 0.169426 0.792606 -0.359689
v 0.166332 0.793612 -0.339402
v 0.179115 0.818701 -0.339402
v 0.181747 0.816789 -0.359689
v 0.189385 0.811240 -0.377990
v 0.201281 0.802596 -0.392514
v 0.216272 0.791705 -0.401839
v 0.199026 0.838612 -0.339402
v 0.200938 0.835980 -0.359689
v 0.206488 0.828342 -0.377990
v 0.224115 0.851395 -0.339402
v 0.225120 0.848301 -0.359689
v 0.228038 0.839323 -0.377990
v 0.232582 0.825337 -0.392514
v 0.251927 0.855800 -0.339402
v 0.251927 0.852547 -0.359689
v 0.251927 0.843106 -0.377990
v 0.251927 0.828401 -0.392514
v 0.279738 0.851395 -0.339402
v 0.278733 0.848301 -0.359689
v 0.275816 0.839323 -0.377990
v 0.271271 0.825337 -0.392514
v 0.304827 0.838612 -0.339402
v 0.302915 0.835980 -0.359689
v 0.297366 0.828342 -0.377990
v 0.324738 0.818701 -0.339402
v 0.322106 0.816789 -0.359689
v 0.314468 0.811240 -0.377990
v 0.302572 0.802596 -0.392514
v 0.293841 0.779419 -0.401839
v 0.311464 0.785145 -0.392514
v 0.325449 0.789689 -0.377990
v 0.334428 0.792606 -0.359689
v 0.337522 0.793612 -0.339402
v 0.341927 0.765800 -0.339402
v 0.338674 0.765800 -0.359689
v 0.329232 0.765800 -0.377990
v 0.314528 0.765800 -0.392514
v 0.295999 0.765800 -0.401839
v 0.293842 0.752181 -0.401839
v 0.311464 0.746455 -0.392514
v 0.325449 0.741911 -0.377990
v 0.334428 0.738994 -0.359689
v 0.337522 0.737988 -0.339402
v 0.324738 0.712899 -0.339402
v 0.322106 0.714812 -0.359689
v 0.314468 0.720361 -0.377990
v 0.302572 0.729004 -0.392514
v 0.287582 0.739895 -0.401839
v 0.304827 0.692988 -0.339402
v 0.302915 0.695620 -0.359689
v 0.297366 0.703259 -0.377990
v 0.279738 0.680205 -0.339402
v 0.278733 0.683299 -0.359689
v 0.275816 0.692278 -0.377990
v 0.271271 0.706263 -0.392514
v 0.251927 0.675800 -0.339402
v 0.251927 0.679053 -0.359689
v 0.251927 0.688494 -0.377990
v 0.251927 0.703199 -0.392514
v 0.224115 0.680205 -0.339402
v 0.225120 0.683299 -0.359689
v 0.228038 0.692278 -0.377990
v 0.232582 0.706263 -0.392514
v 0.199026 0.692988 -0.339402
v 0.200938 0.695620 -0.359689
v 0.206488 0.703259 -0.377990
v 0.179115 0.712899 -0.339402
v 0.181747 0.714812 -0.359689
v 0.189385 0.720361 -0.377990
v 0.201281 0.729004 -0.392514
v 0.216272 0.739895 -0.401839
v 0.210012 0.752181 -0.401839
v 0.192390 0.746455 -0.392514
v 0.178405 0.741911 -0.377990
v 0.169426 0.738994 -0.359689
v 0.166332 0.737988 -0.339402
v 0.161927 0.765800 -0.339402
v 0.165180 0.765800 -0.359689
v 0.174621 0.765800 -0.377990
v 0.189326 0.765800 -0.392514
v 0.207855 0.765800 -0.401839
v 0.216427 0.739740 -0.401839
v 0.216431 0.740011 -0.401870
v 0.216577 0.754314 -0.402919
v 0.216618 0.765800 -0.403210
v 0.216577 0.777286 -0.402919
v 0.216431 0.791589 -0.401870
v 0.216427 0.791860 -0.401839
v 0.287707 0.739805 -0.401761
v 0.287698 0.740124 -0.401839
v 0.287585 0.754214 -0.402868
v 0.287553 0.765800 -0.403160
v 0.287585 0.777386 -0.402868
v 0.287698 0.791476 -0.401839
v 0.287707 0.791796 -0.401761
v 0.216618 0.784773 -0.420589
v 0.216577 0.796258 -0.420589
v 0.216431 0.758984 -0.420589
v 0.216577 0.773287 -0.420589
v 0.251927 0.784773 -0.420589
v 0.259084 0.784773 -0.420589
v 0.216431 0.810561 -0.420589
v 0.216427 0.810833 -0.420589
v 0.232582 0.844309 -0.420589
v 0.251927 0.847374 -0.420589
v 0.271271 0.844309 -0.420589
v 0.287582 0.758868 -0.420589
v 0.271271 0.725235 -0.420589
v 0.251927 0.722172 -0.420589
v 0.232582 0.725235 -0.420589
v 0.216427 0.758713 -0.420589
v 0.287707 0.758777 -0.420589
v 0.287585 0.773187 -0.420589
v 0.287698 0.759097 -0.420589
v 0.287553 0.784773 -0.420589
v 0.287585 0.796359 -0.420589
v 0.287698 0.810449 -0.420589
v 0.287707 0.810768 -0.420589
v 0.216618 0.803261 -0.437818
v 0.216577 0.812176 -0.435577
v 0.216431 0.783244 -0.442848
v 0.216577 0.794345 -0.440058
v 0.251927 0.803261 -0.437818
v 0.259084 0.803261 -0.437818
v 0.216431 0.823278 -0.432787
v 0.216427 0.823488 -0.432734
v 0.232582 0.849473 -0.426204
v 0.251927 0.851851 -0.425607
v 0.271271 0.849473 -0.426204
v 0.287582 0.783154 -0.442871
v 0.271271 0.757049 -0.449431
v 0.251927 0.754671 -0.450029
v 0.232582 0.757049 -0.449431
v 0.216427 0.783033 -0.442901
v 0.287707 0.783083 -0.442889
v 0.287585 0.794267 -0.440078
v 0.287698 0.783331 -0.442826
v 0.287553 0.803261 -0.437818
v 0.287585 0.812254 -0.435558
v 0.287698 0.823190 -0.432809
v 0.287707 0.823438 -0.432747
v 0.216618 0.841597 -0.454676
v 0.216577 0.846518 -0.451978
v 0.216431 0.830549 -0.460737
v 0.216577 0.836677 -0.457376
v 0.251927 0.841597 -0.454676
v 0.259084 0.841597 -0.454676
v 0.216431 0.852645 -0.448617
v 0.216428 0.852761 -0.448553
v 0.232582 0.867103 -0.440687
v 0.251927 0.868415 -0.439967
v 0.271271 0.867102 -0.440687
v 0.287581 0.830499 -0.460762
v 0.271271 0.816091 -0.468666
v 0.251927 0.814779 -0.469386
v 0.232582 0.816091 -0.468666
v 0.216428 0.830433 -0.460800
v 0.287706 0.830460 -0.460784
v 0.287585 0.836634 -0.457399
v 0.287698 0.830597 -0.460708
v 0.287553 0.841597 -0.454677
v 0.287585 0.846561 -0.451953
v 0.287668 0.852597 -0.448649
v 0.287676 0.852734 -0.448575
v 0.216618 0.967008 -0.455862
v 0.216577 0.967008 -0.453171
v 0.229545 0.967008 -0.454162
v 0.228394 0.967008 -0.455863
v 0.216432 0.967008 -0.461927
v 0.216577 0.967008 -0.458555
v 0.229546 0.967008 -0.457565
v 0.275460 0.967008 -0.455864
v 0.274308 0.967008 -0.457580
v 0.270963 0.967008 -0.452612
v 0.274307 0.967008 -0.454156
v 0.251926 0.967008 -0.455863
v 0.251927 0.967008 -0.461394
v 0.251927 0.967008 -0.450335
v 0.232888 0.967008 -0.452615
v 0.216431 0.967008 -0.449804
v 0.216428 0.967008 -0.449741
v 0.251927 0.967008 -0.445508
v 0.251927 0.967009 -0.441153
v 0.287407 0.967008 -0.449832
v 0.287582 0.967008 -0.461952
v 0.251927 0.967008 -0.466221
v 0.251927 0.967008 -0.470575
v 0.216428 0.967008 -0.461995
v 0.287708 0.967008 -0.461966
v 0.287585 0.967008 -0.458595
v 0.287698 0.967008 -0.461906
v 0.287553 0.967008 -0.455866
v 0.287584 0.967008 -0.453147
v 0.287269 0.967008 -0.449968
v 0.287272 0.967008 -0.449883
v 0.334886 1.141262 -0.315052
v 0.337522 1.140405 -0.317790
v 0.322496 1.116945 -0.315052
v 0.324738 1.115316 -0.317790
v 0.303198 1.097647 -0.315052
v 0.304827 1.095405 -0.317790
v 0.278882 1.085257 -0.315052
v 0.279738 1.082622 -0.317790
v 0.251927 1.080988 -0.315052
v 0.251927 1.078217 -0.317790
v 0.224972 1.085257 -0.315052
v 0.224115 1.082622 -0.317790
v 0.200655 1.097647 -0.315052
v 0.199026 1.095405 -0.317790
v 0.181357 1.116945 -0.315052
v 0.179115 1.115316 -0.317790
v 0.168968 1.141262 -0.315052
v 0.166332 1.140405 -0.317790
v 0.164698 1.168217 -0.315052
v 0.161927 1.168217 -0.317790
v 0.168968 1.195172 -0.315052
v 0.166332 1.196028 -0.317790
v 0.181357 1.219488 -0.315052
v 0.179115 1.221117 -0.317790
v 0.200655 1.238786 -0.315052
v 0.199026 1.241028 -0.317790
v 0.224972 1.251176 -0.315052
v 0.224115 1.253812 -0.317790
v 0.251927 1.255445 -0.315052
v 0.251927 1.258217 -0.317790
v 0.278882 1.251176 -0.315052
v 0.279738 1.253812 -0.317790
v 0.303198 1.238786 -0.315052
v 0.304827 1.241028 -0.317790
v 0.322496 1.219488 -0.315052
v 0.324738 1.221117 -0.317790
v 0.334886 1.195172 -0.315052
v 0.337522 1.196028 -0.317790
v 0.339155 1.168217 -0.315052
v 0.341927 1.168217 -0.317790
v 0.288603 1.119839 -0.393374
v 0.290329 1.119178 -0.392514
v 0.289673 1.116264 -0.390918
v 0.286546 1.116462 -0.392514
v 0.288534 1.100533 -0.422163
v 0.286532 1.097483 -0.420590
v 0.217300 1.116466 -0.392514
v 0.214181 1.116264 -0.390918
v 0.213524 1.119178 -0.392514
v 0.215224 1.119836 -0.393364
v 0.217308 1.097489 -0.420590
v 0.215277 1.100524 -0.422156
v 0.215289 1.215028 -0.393952
v 0.212529 1.216260 -0.392514
v 0.213718 1.220807 -0.390139
v 0.217320 1.219978 -0.392514
v 0.215275 1.198018 -0.418968
v 0.217357 1.201024 -0.420590
v 0.286518 1.219985 -0.392514
v 0.290136 1.220807 -0.390139
v 0.292436 1.215148 -0.392514
v 0.288519 1.214993 -0.393981
v 0.286483 1.201031 -0.420590
v 0.288536 1.198008 -0.418960
v 0.288482 1.093095 -0.429857
v 0.286402 1.090528 -0.427708
v 0.217433 1.090535 -0.427710
v 0.215320 1.093085 -0.429845
v 0.215327 1.167921 -0.446245
v 0.217658 1.171066 -0.447948
v 0.286176 1.171074 -0.447950
v 0.288469 1.167924 -0.446218
v 0.288267 1.072667 -0.444827
v 0.285894 1.070105 -0.442438
v 0.218158 1.070063 -0.442415
v 0.215414 1.073573 -0.444342
v 0.215480 1.112050 -0.464574
v 0.218105 1.114765 -0.466932
v 0.285702 1.114775 -0.466938
v 0.288264 1.112069 -0.464523
v 0.267627 0.967008 -0.458909
v 0.263890 0.967008 -0.461769
v 0.263603 0.967008 -0.455865
v 0.267479 0.967008 -0.455865
v 0.263890 0.967008 -0.449962
v 0.267627 0.967008 -0.452822
v 0.240250 0.967008 -0.455865
v 0.236374 0.967008 -0.455865
v 0.239964 0.967008 -0.461769
v 0.236227 0.967008 -0.458909
v 0.236226 0.967008 -0.452822
v 0.239963 0.967008 -0.449962
v 0.281859 0.967008 -0.448433
v 0.273723 0.967008 -0.446996
v 0.288074 0.967008 -0.446851
v 0.285787 0.967008 -0.443615
v 0.230096 0.967008 -0.446998
v 0.222043 0.967008 -0.448460
v 0.218100 0.967008 -0.443608
v 0.215845 0.967008 -0.446861
v 0.230130 0.967008 -0.464734
v 0.221993 0.967008 -0.463296
v 0.218003 0.967008 -0.468106
v 0.215630 0.967008 -0.464912
v 0.273721 0.967008 -0.464737
v 0.281859 0.967008 -0.463301
v 0.285786 0.967008 -0.468117
v 0.288073 0.967008 -0.464880
v 0.168968 0.792755 -0.315052
v 0.166332 0.793612 -0.317790
v 0.181357 0.817071 -0.315052
v 0.179115 0.818701 -0.317790
v 0.200655 0.836369 -0.315052
v 0.199026 0.838612 -0.317790
v 0.224972 0.848759 -0.315052
v 0.224115 0.851395 -0.317790
v 0.251927 0.853028 -0.315052
v 0.251927 0.855800 -0.317790
v 0.278882 0.848759 -0.315052
v 0.279738 0.851395 -0.317790
v 0.303198 0.836369 -0.315052
v 0.304827 0.838612 -0.317790
v 0.322496 0.817071 -0.315052
v 0.324738 0.818701 -0.317790
v 0.334886 0.792755 -0.315052
v 0.337522 0.793612 -0.317790
v 0.339155 0.765800 -0.315052
v 0.341927 0.765800 -0.317790
v 0.334886 0.738845 -0.315052
v 0.337522 0.737988 -0.317790
v 0.322496 0.714528 -0.315052
v 0.324738 0.712899 -0.317790
v 0.303198 0.695230 -0.315052
v 0.304827 0.692988 -0.317790
v 0.278882 0.682841 -0.315052
v 0.279738 0.680205 -0.317790
v 0.251927 0.678572 -0.315052
v 0.251927 0.675800 -0.317790
v 0.224972 0.682841 -0.315052
v 0.224115 0.680205 -0.317790
v 0.200655 0.695230 -0.315052
v 0.199026 0.692988 -0.317790
v 0.181357 0.714528 -0.315052
v 0.179115 0.712899 -0.317790
v 0.168968 0.738845 -0.315052
v 0.166332 0.737988 -0.317790
v 0.164698 0.765800 -0.315052
v 0.161927 0.765800 -0.317790
v 0.215250 0.814178 -0.393374
v 0.213524 0.814839 -0.392514
v 0.214181 0.817753 -0.390918
v 0.217308 0.817554 -0.392514
v 0.215319 0.833483 -0.422163
v 0.217321 0.836534 -0.420589
v 0.286554 0.817550 -0.392514
v 0.289673 0.817753 -0.390918
v 0.290329 0.814839 -0.392514
v 0.288629 0.814180 -0.393364
v 0.286545 0.836527 -0.420589
v 0.288576 0.833493 -0.422155
v 0.288565 0.718989 -0.393952
v 0.291325 0.717757 -0.392514
v 0.290136 0.713210 -0.390139
v 0.286533 0.714039 -0.392514
v 0.288578 0.735999 -0.418968
v 0.286496 0.732993 -0.420589
v 0.217335 0.714032 -0.392514
v 0.213718 0.713210 -0.390139
v 0.211417 0.718869 -0.392514
v 0.215335 0.719024 -0.393981
v 0.217371 0.732986 -0.420589
v 0.215317 0.736009 -0.418960
v 0.215372 0.840922 -0.429857
v 0.217451 0.843489 -0.427708
v 0.286420 0.843481 -0.427710
v 0.288533 0.840931 -0.429845
v 0.288526 0.766096 -0.446245
v 0.286196 0.762951 -0.447948
v 0.217678 0.762943 -0.447950
v 0.215385 0.766093 -0.446218
v 0.215587 0.861350 -0.444827
v 0.217959 0.863911 -0.442438
v 0.285695 0.863954 -0.442415
v 0.288440 0.860443 -0.444342
v 0.288373 0.821967 -0.464573
v 0.285749 0.819251 -0.466932
v 0.218151 0.819241 -0.466938
v 0.215589 0.821948 -0.464523
v 0.221995 0.967008 -0.448433
v 0.230130 0.967008 -0.446996
v 0.215779 0.967008 -0.446851
v 0.218067 0.967008 -0.443615
v 0.273757 0.967008 -0.446998
v 0.281810 0.967008 -0.448460
v 0.285754 0.967008 -0.443608
v 0.288009 0.967008 -0.446861
v 0.273724 0.967008 -0.464734
v 0.281861 0.967008 -0.463296
v 0.285851 0.967008 -0.468106
v 0.288224 0.967008 -0.464912
v 0.230132 0.967008 -0.464737
v 0.221994 0.967008 -0.463301
v 0.218068 0.967008 -0.468117
v 0.215780 0.967008 -0.464880
v -0.262211 1.005782 -0.213733
v -0.267077 1.002645 -0.214587
v -0.270328 0.997949 -0.215865
v -0.271470 0.992411 -0.217371
v -0.256471 1.006884 -0.213434
v -0.212612 0.997949 -0.215865
v -0.215863 1.002645 -0.214587
v -0.220729 1.005782 -0.213733
v -0.226468 1.006884 -0.213434
v -0.211470 0.992411 -0.217371
v -0.270328 0.957922 -0.226756
v -0.267077 0.953227 -0.228033
v -0.262211 0.950090 -0.228887
v -0.256471 0.948988 -0.229187
v -0.271470 0.963461 -0.225249
v -0.220729 0.950090 -0.228887
v -0.215863 0.953227 -0.228033
v -0.212612 0.957922 -0.226756
v -0.211470 0.963461 -0.225249
v -0.226468 0.948988 -0.229187
v -0.265470 0.994991 -0.229106
v -0.268470 0.995066 -0.228253
v -0.270666 0.994698 -0.226077
v -0.271470 0.993987 -0.223162
v -0.271470 0.965036 -0.231039
v -0.270666 0.965900 -0.233913
v -0.268470 0.966685 -0.235975
v -0.265470 0.967181 -0.236673
v -0.256471 1.008459 -0.219224
v -0.256392 1.008471 -0.222329
v -0.256176 1.006929 -0.225025
v -0.255880 1.004245 -0.226588
v -0.227059 1.004245 -0.226588
v -0.226764 1.006929 -0.225025
v -0.226547 1.008471 -0.222329
v -0.226468 1.008459 -0.219224
v -0.211470 0.993987 -0.223162
v -0.212274 0.994698 -0.226077
v -0.214470 0.995066 -0.228253
v -0.217469 0.994991 -0.229106
v -0.217469 0.967181 -0.236673
v -0.214470 0.966685 -0.235975
v -0.212274 0.965900 -0.233913
v -0.211470 0.965036 -0.231039
v -0.255880 0.957928 -0.239190
v -0.256176 0.954823 -0.239202
v -0.256392 0.952127 -0.237660
v -0.256471 0.950564 -0.234977
v -0.226468 0.950564 -0.234977
v -0.226547 0.952127 -0.237660
v -0.226764 0.954823 -0.239202
v -0.227059 0.957928 -0.239190
v -0.264677 0.998841 -0.228058
v -0.267502 0.999759 -0.226975
v -0.269571 1.000010 -0.224631
v -0.270328 0.999525 -0.221655
v -0.262751 1.001622 -0.227302
v -0.264914 1.003498 -0.225958
v -0.266497 1.004448 -0.223424
v -0.267077 1.004220 -0.220377
v -0.259870 1.003479 -0.226796
v -0.261041 1.005995 -0.225279
v -0.261897 1.007414 -0.222617
v -0.262211 1.007357 -0.219523
v -0.223069 1.003479 -0.226796
v -0.221899 1.005995 -0.225279
v -0.221042 1.007414 -0.222617
v -0.220729 1.007357 -0.219523
v -0.220188 1.001622 -0.227302
v -0.218025 1.003498 -0.225958
v -0.216442 1.004448 -0.223424
v -0.215863 1.004220 -0.220377
v -0.218263 0.998841 -0.228058
v -0.215437 0.999759 -0.226975
v -0.213369 1.000010 -0.224631
v -0.212612 0.999525 -0.221655
v -0.259870 0.958694 -0.238982
v -0.261041 0.955756 -0.238948
v -0.261897 0.953183 -0.237373
v -0.262211 0.951665 -0.234677
v -0.262751 0.960552 -0.238477
v -0.264914 0.958254 -0.238269
v -0.266497 0.956149 -0.236566
v -0.267077 0.954803 -0.233823
v -0.264677 0.963332 -0.237720
v -0.267502 0.961991 -0.237252
v -0.269571 0.960588 -0.235358
v -0.270328 0.959498 -0.232546
v -0.218263 0.963332 -0.237720
v -0.215437 0.961991 -0.237252
v -0.213369 0.960588 -0.235358
v -0.212612 0.959498 -0.232546
v -0.220188 0.960552 -0.238477
v -0.218025 0.958254 -0.238269
v -0.216442 0.956149 -0.236566
v -0.215863 0.954803 -0.233823
v -0.223069 0.958694 -0.238982
v -0.221899 0.955756 -0.238948
v -0.221042 0.953183 -0.237373
v -0.220729 0.951665 -0.234677
v 0.392358 1.327166 0.160294
v 0.253084 0.685620 -0.364188
v 0.553825 -0.076399 0.127250
v 0.595234 0.820457 0.024413
v 0.546530 1.256616 0.016569
v 0.372721 1.324800 0.143055
v 0.527192 1.255140 -0.001058
v 0.464612 1.306527 0.054215
v 0.484078 1.308423 0.071683
v 0.382792 1.312953 0.153176
v 0.472089 1.296535 0.066661
v 0.431318 1.309298 0.105450
v 0.442167 1.322295 0.111457
v 0.389661 1.317606 0.158831
v 0.438543 1.313545 0.110805
v 0.415112 1.316756 0.133654
v 0.418287 1.325902 0.134700
v 0.391697 1.322094 0.160203
v 0.417365 1.321049 0.134837
v 0.441001 1.317651 0.111809
v 0.479632 1.300410 0.071750
v 0.464074 1.316438 0.090480
v 0.460026 1.308065 0.090199
v 0.462677 1.311994 0.091035
v 0.482464 1.304167 0.072428
v 0.422621 1.320172 0.094095
v 0.375775 1.315933 0.146641
v 0.424723 1.312043 0.098528
v 0.398696 1.323659 0.117397
v 0.401260 1.315170 0.121419
v 0.373575 1.319911 0.144294
v 0.399287 1.318979 0.118869
v 0.422964 1.315691 0.095787
v 0.465868 1.299069 0.059398
v 0.444569 1.314431 0.073063
v 0.446234 1.306646 0.077883
v 0.444678 1.310141 0.074962
v 0.464501 1.302418 0.056308
v 0.532661 1.246645 0.013175
v 0.518671 1.286285 0.040283
v 0.505679 1.275403 0.036130
v 0.513502 1.278939 0.040982
v 0.502253 1.298341 0.054979
v 0.497433 1.290669 0.055373
v 0.500436 1.294267 0.055902
v 0.516664 1.282382 0.041373
v 0.540728 1.249871 0.017820
v 0.533406 1.272345 0.027508
v 0.527909 1.265308 0.028493
v 0.531221 1.268605 0.028755
v 0.544178 1.253029 0.017961
v 0.499274 1.284604 0.022726
v 0.499786 1.277750 0.028568
v 0.482823 1.296555 0.037465
v 0.483694 1.289406 0.042988
v 0.482505 1.292617 0.039740
v 0.498764 1.280831 0.025172
v 0.527054 1.248827 0.005355
v 0.514040 1.270769 0.009914
v 0.514215 1.264193 0.016052
v 0.513349 1.267150 0.012518
v 0.526333 1.251667 0.001693
v 0.382287 1.339013 0.150174
v 0.476600 1.318416 0.059237
v 0.433471 1.333169 0.100103
v 0.375419 1.334360 0.144518
v 0.426245 1.328922 0.094747
v 0.401871 1.332805 0.118443
v 0.373383 1.329872 0.143147
v 0.399617 1.328513 0.117261
v 0.423787 1.324816 0.093743
v 0.469057 1.314541 0.054148
v 0.448616 1.322803 0.073345
v 0.445966 1.318875 0.072509
v 0.466225 1.310782 0.053470
v 0.389304 1.336034 0.156708
v 0.440066 1.330424 0.107024
v 0.415723 1.334391 0.130678
v 0.391504 1.332056 0.159055
v 0.417695 1.330582 0.133228
v 0.441825 1.326775 0.109765
v 0.482822 1.315881 0.066500
v 0.462408 1.324223 0.085660
v 0.463965 1.320728 0.088581
v 0.484189 1.312532 0.069590
v 0.541061 1.265111 0.002336
v 0.512267 1.295486 0.026880
v 0.504444 1.291951 0.022027
v 0.487642 1.304226 0.037071
v 0.484640 1.300629 0.036542
v 0.501282 1.288507 0.021636
v 0.532994 1.261885 -0.002309
v 0.519537 1.277807 0.008930
v 0.516226 1.274509 0.008668
v 0.529544 1.258726 -0.002450
v 0.518160 1.293139 0.034442
v 0.501381 1.305489 0.049456
v 0.502570 1.302278 0.052704
v 0.519182 1.290059 0.037838
v 0.546668 1.262928 0.010156
v 0.533231 1.278922 0.021371
v 0.534097 1.275964 0.024904
v 0.547389 1.260088 0.013818
v 0.604355 1.045313 -0.013140
v 0.585176 1.044719 -0.030851
v 0.588066 1.164351 -0.012479
v 0.568828 1.163321 -0.030200
v 0.572617 1.156138 -0.014503
v 0.570889 1.214381 -0.002019
v 0.556160 1.205343 -0.004668
v 0.564468 1.208249 -0.000229
v 0.559662 1.236541 0.006195
v 0.553537 1.230113 0.007727
v 0.557134 1.233121 0.007739
v 0.568200 1.211116 -0.000334
v 0.581126 1.158758 -0.010241
v 0.580321 1.190272 -0.008201
v 0.573628 1.184418 -0.006176
v 0.577484 1.187153 -0.006388
v 0.585095 1.161369 -0.010550
v 0.551607 1.213130 -0.019705
v 0.550833 1.207364 -0.012736
v 0.540353 1.235180 -0.011465
v 0.539883 1.229149 -0.004761
v 0.539316 1.231864 -0.008558
v 0.550406 1.209963 -0.016655
v 0.567523 1.158029 -0.022771
v 0.561062 1.189132 -0.025907
v 0.560010 1.183612 -0.018696
v 0.559712 1.186101 -0.022728
v 0.567342 1.160418 -0.026903
v 0.587834 1.038465 -0.014223
v 0.598931 1.107629 -0.015843
v 0.582889 1.100143 -0.017349
v 0.591565 1.102504 -0.013236
v 0.594233 1.136758 -0.014984
v 0.587069 1.131407 -0.012551
v 0.591140 1.133903 -0.012950
v 0.595728 1.104891 -0.013714
v 0.596645 1.040594 -0.010238
v 0.602268 1.077101 -0.015186
v 0.594721 1.072186 -0.012422
v 0.598967 1.074473 -0.012973
v 0.600965 1.042786 -0.010853
v 0.579727 1.106815 -0.033572
v 0.577985 1.101929 -0.025772
v 0.575013 1.135836 -0.032712
v 0.573479 1.130755 -0.025087
v 0.573404 1.133051 -0.029309
v 0.578006 1.104141 -0.030075
v 0.583083 1.040174 -0.022762
v 0.581151 1.071689 -0.024954
v 0.583078 1.076397 -0.032909
v 0.581258 1.073823 -0.029328
v 0.583266 1.042238 -0.027197
v 0.584277 1.171534 -0.028176
v 0.566336 1.222169 -0.017056
v 0.558029 1.219263 -0.021495
v 0.546479 1.241608 -0.012997
v 0.542881 1.238599 -0.013010
v 0.554296 1.216394 -0.021391
v 0.575768 1.168915 -0.032439
v 0.567755 1.194985 -0.027932
v 0.563899 1.192250 -0.027720
v 0.571799 1.166303 -0.032129
v 0.571663 1.220147 -0.008989
v 0.560132 1.242571 -0.000510
v 0.560699 1.239856 0.003287
v 0.572090 1.217548 -0.005069
v 0.589371 1.169644 -0.019909
v 0.581373 1.195792 -0.015412
v 0.581671 1.193302 -0.011380
v 0.589552 1.167254 -0.015776
v 0.601697 1.051566 -0.029768
v 0.595769 1.114301 -0.032066
v 0.587093 1.111940 -0.036179
v 0.582177 1.141187 -0.035144
v 0.578106 1.138691 -0.034746
v 0.582929 1.109553 -0.035700
v 0.592886 1.049437 -0.033753
v 0.590626 1.081311 -0.035672
v 0.586379 1.079025 -0.035121
v 0.588565 1.047245 -0.033139
v 0.600672 1.112515 -0.023643
v 0.595767 1.141839 -0.022609
v 0.595842 1.139542 -0.018386
v 0.600651 1.110304 -0.019340
v 0.606447 1.049858 -0.021230
v 0.604195 1.081809 -0.023140
v 0.604089 1.079675 -0.018766
v 0.606264 1.047794 -0.016795
v 0.576080 0.820619 0.006949
v 0.603877 0.936395 0.001284
v 0.584720 0.936164 -0.016340
v 0.586790 0.930409 0.000712
v 0.605362 0.992015 -0.007283
v 0.588529 0.985621 -0.008087
v 0.597429 0.987581 -0.004190
v 0.605198 1.018990 -0.010584
v 0.597371 1.014418 -0.007581
v 0.601745 1.016539 -0.008243
v 0.601851 0.989635 -0.004894
v 0.595762 0.932210 0.004529
v 0.604903 0.964460 -0.003305
v 0.596874 0.960154 -0.000132
v 0.601340 0.962145 -0.000873
v 0.600268 0.934142 0.003753
v 0.586196 0.991600 -0.024959
v 0.583876 0.987287 -0.016689
v 0.586026 1.018485 -0.028279
v 0.583814 1.014060 -0.020094
v 0.584052 1.016072 -0.024572
v 0.584164 0.989252 -0.021206
v 0.582216 0.932047 -0.007933
v 0.585742 0.964136 -0.020957
v 0.583325 0.959925 -0.012614
v 0.583658 0.961847 -0.017163
v 0.582589 0.933928 -0.012510
v 0.577782 0.815169 0.024190
v 0.600351 0.879019 0.012026
v 0.583060 0.873400 0.011646
v 0.592091 0.875054 0.015393
v 0.586860 0.816684 0.027872
v 0.581198 0.878980 -0.005527
v 0.578548 0.875027 0.002981
v 0.573317 0.816798 0.015523
v 0.601807 0.942149 -0.015768
v 0.603029 0.997993 -0.024155
v 0.594129 0.996035 -0.028051
v 0.593853 1.023057 -0.031281
v 0.589479 1.020936 -0.030620
v 0.589707 0.993980 -0.027348
v 0.592835 0.940349 -0.019586
v 0.593771 0.968442 -0.024131
v 0.589305 0.966450 -0.023389
v 0.588329 0.938416 -0.018810
v 0.607682 0.996328 -0.015552
v 0.607410 1.023414 -0.018769
v 0.607172 1.021402 -0.014290
v 0.607394 0.994363 -0.011036
v 0.606381 0.940511 -0.007124
v 0.607320 0.968670 -0.011648
v 0.606987 0.966749 -0.007099
v 0.606008 0.938630 -0.002546
v 0.593531 0.825908 0.007172
v 0.598489 0.884599 -0.005147
v 0.589457 0.882945 -0.008893
v 0.584453 0.824392 0.003490
v 0.603001 0.882973 0.003519
v 0.597997 0.824277 0.015838
v 0.548389 0.376716 0.121432
v 0.569440 0.599096 0.076622
v 0.550259 0.600132 0.059674
v 0.582859 0.708975 0.050324
v 0.563696 0.709547 0.033083
v 0.565199 0.704225 0.050328
v 0.589364 0.764753 0.037098
v 0.571795 0.759745 0.036998
v 0.580909 0.761137 0.040623
v 0.574340 0.705497 0.053898
v 0.570207 0.765114 0.019737
v 0.567363 0.761393 0.028347
v 0.560790 0.705903 0.041706
v 0.551655 0.594806 0.076796
v 0.576092 0.653597 0.063647
v 0.558362 0.649086 0.063740
v 0.567526 0.650242 0.067255
v 0.560837 0.595848 0.080255
v 0.556921 0.654395 0.046543
v 0.553970 0.650806 0.055161
v 0.547273 0.596581 0.068271
v 0.581356 0.714297 0.033079
v 0.587777 0.770121 0.019837
v 0.578663 0.768729 0.016212
v 0.572215 0.713025 0.029510
v 0.592209 0.768474 0.028488
v 0.585765 0.712619 0.041701
v 0.568044 0.604423 0.059500
v 0.574651 0.658907 0.046450
v 0.565488 0.657750 0.042935
v 0.558862 0.603381 0.056041
v 0.579044 0.657187 0.055029
v 0.572425 0.602648 0.068025
v 0.529153 0.379016 0.105406
v 0.556863 0.483426 0.102072
v 0.537655 0.485053 0.085538
v 0.538982 0.479590 0.102421
v 0.562641 0.540162 0.090086
v 0.544805 0.536103 0.090346
v 0.554005 0.537018 0.093739
v 0.548197 0.480376 0.105743
v 0.543447 0.541482 0.073333
v 0.540432 0.537953 0.081894
v 0.534615 0.481527 0.094051
v 0.541758 0.507562 0.096579
v 0.537388 0.509453 0.088167
v 0.541773 0.536720 0.086478
v 0.538725 0.508204 0.092731
v 0.535950 0.480260 0.098596
v 0.530427 0.373296 0.121969
v 0.552135 0.428959 0.112509
v 0.534211 0.425336 0.112950
v 0.543442 0.425992 0.116195
v 0.539672 0.373822 0.125131
v 0.532913 0.430913 0.096217
v 0.529850 0.427374 0.104674
v 0.536469 0.452183 0.107876
v 0.532105 0.454169 0.099553
v 0.533437 0.452882 0.104075
v 0.531179 0.426064 0.109173
v 0.526070 0.375448 0.113798
v 0.532200 0.399042 0.117645
v 0.527841 0.401136 0.109421
v 0.529168 0.399802 0.113895
v 0.527395 0.374088 0.118246
v 0.555537 0.488889 0.085189
v 0.561283 0.545541 0.073072
v 0.552084 0.544626 0.069679
v 0.546321 0.488102 0.081867
v 0.565656 0.543692 0.081525
v 0.559903 0.486952 0.093558
v 0.558275 0.516925 0.079324
v 0.562645 0.515034 0.087736
v 0.564315 0.544924 0.076941
v 0.561307 0.516282 0.083171
v 0.558569 0.488219 0.089014
v 0.547115 0.382435 0.104870
v 0.550836 0.434536 0.095776
v 0.541606 0.433879 0.092531
v 0.537870 0.381909 0.101708
v 0.555198 0.432498 0.104051
v 0.553060 0.461429 0.090671
v 0.557424 0.459442 0.098995
v 0.556092 0.460730 0.094473
v 0.553869 0.433808 0.099552
v 0.551472 0.380284 0.113040
v 0.548857 0.408207 0.100507
v 0.553217 0.406114 0.108731
v 0.551890 0.407447 0.104258
v 0.550147 0.381643 0.108593
v 0.541988 0.150794 0.144481
v 0.522723 0.154997 0.130104
v 0.542929 0.257504 0.137156
v 0.523667 0.260719 0.121882
v 0.524891 0.254545 0.137943
v 0.545031 0.315506 0.130377
v 0.527028 0.312323 0.131035
v 0.536288 0.312687 0.134087
v 0.534163 0.254745 0.140876
v 0.525780 0.318253 0.114709
v 0.522676 0.314629 0.123009
v 0.524207 0.344632 0.118675
v 0.528562 0.342405 0.126776
v 0.525530 0.343239 0.123089
v 0.523995 0.313200 0.127385
v 0.520543 0.257019 0.130076
v 0.525809 0.283040 0.134755
v 0.521459 0.285428 0.126806
v 0.522777 0.283961 0.131145
v 0.521858 0.255512 0.134374
v 0.523901 0.148237 0.145546
v 0.541956 0.202627 0.141835
v 0.523890 0.199877 0.142758
v 0.533172 0.199915 0.145562
v 0.533189 0.148115 0.148212
v 0.522689 0.206330 0.126992
v 0.519548 0.202533 0.135066
v 0.524256 0.226827 0.140608
v 0.519911 0.229391 0.132827
v 0.521224 0.227841 0.137082
v 0.520858 0.200939 0.139277
v 0.523044 0.233137 0.124691
v 0.521197 0.258850 0.125692
v 0.520569 0.231252 0.128478
v 0.520209 0.204428 0.130755
v 0.519566 0.151087 0.138046
v 0.523777 0.173683 0.144402
v 0.519438 0.176436 0.136803
v 0.520746 0.174796 0.140968
v 0.520872 0.149400 0.142162
v 0.522587 0.180287 0.128794
v 0.520103 0.178365 0.132530
v 0.520235 0.153054 0.133814
v 0.541705 0.263679 0.121095
v 0.543784 0.321435 0.114050
v 0.534524 0.321072 0.110998
v 0.532433 0.263478 0.118162
v 0.548136 0.319130 0.122077
v 0.545285 0.351524 0.109731
v 0.549640 0.349298 0.117832
v 0.548317 0.350691 0.113418
v 0.546816 0.320558 0.117700
v 0.546053 0.261205 0.128962
v 0.542596 0.292157 0.117835
v 0.546946 0.289768 0.125784
v 0.545628 0.291236 0.121446
v 0.544738 0.262712 0.124664
v 0.540810 0.157554 0.129039
v 0.540755 0.209080 0.126069
v 0.531473 0.209041 0.123265
v 0.531522 0.157676 0.126373
v 0.545097 0.206424 0.133761
v 0.541097 0.235990 0.123837
v 0.545442 0.233426 0.131618
v 0.544129 0.234976 0.127363
v 0.543787 0.208018 0.129550
v 0.542309 0.229680 0.139754
v 0.544784 0.231565 0.135967
v 0.545399 0.259374 0.133346
v 0.544436 0.204529 0.138073
v 0.545145 0.154703 0.136539
v 0.540665 0.182938 0.127800
v 0.545003 0.180186 0.135399
v 0.543695 0.181826 0.131234
v 0.543839 0.156391 0.132424
v 0.541854 0.176335 0.143408
v 0.544338 0.178257 0.139671
v 0.544476 0.152737 0.140771
v 0.534757 -0.069449 0.115943
v 0.545988 0.027580 0.142156
v 0.526774 0.033152 0.129187
v 0.527884 0.025466 0.143635
v 0.543362 0.086686 0.144968
v 0.525260 0.084364 0.146233
v 0.534549 0.084033 0.148701
v 0.537165 0.024931 0.145888
v 0.524114 0.091569 0.131263
v 0.520938 0.087486 0.139010
v 0.520075 0.118651 0.138945
v 0.524404 0.115667 0.146310
v 0.521377 0.116898 0.142993
v 0.522235 0.085665 0.142987
v 0.523241 0.122645 0.131098
v 0.520748 0.120669 0.134770
v 0.521616 0.089560 0.134895
v 0.523580 0.028871 0.136718
v 0.526432 0.054305 0.145335
v 0.522118 0.057567 0.138261
v 0.523411 0.055677 0.142164
v 0.524868 0.026909 0.140542
v 0.525303 0.061747 0.130620
v 0.522801 0.059699 0.134209
v 0.524268 0.031064 0.132732
v 0.535765 -0.078175 0.129202
v 0.549572 -0.026719 0.136199
v 0.531482 -0.028650 0.137907
v 0.540748 -0.029382 0.139927
v 0.545004 -0.079095 0.130972
v 0.530418 -0.020453 0.124029
v 0.527204 -0.024952 0.131322
v 0.529579 -0.002178 0.141153
v 0.525287 0.001373 0.134398
v 0.526569 -0.000662 0.138141
v 0.528479 -0.027062 0.134980
v 0.528491 0.005761 0.126984
v 0.525981 0.003629 0.130481
v 0.527903 -0.022631 0.127478
v 0.531520 -0.074179 0.122977
v 0.533556 -0.053974 0.133917
v 0.529293 -0.050128 0.127508
v 0.530561 -0.052313 0.131078
v 0.532779 -0.076441 0.126454
v 0.532518 -0.045515 0.120342
v 0.530000 -0.047741 0.123740
v 0.532234 -0.071724 0.119286
v 0.544878 0.035266 0.127708
v 0.542216 0.093891 0.129998
v 0.532927 0.094222 0.127530
v 0.535597 0.035801 0.125455
v 0.546538 0.090770 0.137221
v 0.541338 0.125080 0.129934
v 0.545667 0.122096 0.137299
v 0.544365 0.123849 0.133251
v 0.545241 0.092590 0.133244
v 0.542501 0.118103 0.145146
v 0.544994 0.120077 0.141474
v 0.545860 0.088696 0.141336
v 0.549182 0.031861 0.134626
v 0.543408 0.063961 0.129250
v 0.547722 0.060699 0.136323
v 0.546429 0.062590 0.132421
v 0.547894 0.033822 0.130801
v 0.544537 0.056520 0.143965
v 0.547039 0.058567 0.140375
v 0.548494 0.029668 0.138612
v 0.552817 -0.067673 0.113990
v 0.548508 -0.018522 0.122321
v 0.539243 -0.017790 0.120301
v 0.543578 -0.066754 0.112220
v 0.552787 -0.022220 0.128907
v 0.546590 0.007780 0.125392
v 0.550883 0.004229 0.132147
v 0.549601 0.006264 0.128404
v 0.551512 -0.020110 0.125249
v 0.547678 -0.000159 0.139561
v 0.550189 0.001973 0.136064
v 0.552087 -0.024541 0.132751
v 0.557061 -0.071669 0.120216
v 0.550595 -0.043665 0.118514
v 0.554858 -0.047512 0.124923
v 0.553591 -0.045326 0.121354
v 0.555803 -0.069407 0.116738
v 0.551633 -0.052124 0.132089
v 0.554152 -0.049899 0.128692
v 0.556348 -0.074124 0.123906
v 0.300733 -0.212705 -0.440470
v 0.546457 -0.385127 -0.169820
v 0.576416 -0.279131 0.028215
v 0.558520 -0.268828 0.022962
v 0.566880 -0.193172 0.087283
v 0.548233 -0.184394 0.078748
v 0.548999 -0.194653 0.090016
v 0.560386 -0.138905 0.109868
v 0.542397 -0.140506 0.112193
v 0.551579 -0.141672 0.113580
v 0.558098 -0.196037 0.090983
v 0.541492 -0.131015 0.099883
v 0.538219 -0.136092 0.106520
v 0.534820 -0.106192 0.115414
v 0.539034 -0.110397 0.121370
v 0.536064 -0.108562 0.118756
v 0.539445 -0.138571 0.109720
v 0.538073 -0.101290 0.108574
v 0.535544 -0.103638 0.111839
v 0.538956 -0.133439 0.103066
v 0.544912 -0.189830 0.084948
v 0.545752 -0.168569 0.101723
v 0.541617 -0.163949 0.096346
v 0.542823 -0.166535 0.099398
v 0.546095 -0.192522 0.087845
v 0.558868 -0.280536 0.031882
v 0.572495 -0.239735 0.059923
v 0.554759 -0.241150 0.063102
v 0.563748 -0.242722 0.063612
v 0.567714 -0.282258 0.031896
v 0.554176 -0.230145 0.052965
v 0.550795 -0.235941 0.058692
v 0.552035 -0.218824 0.077124
v 0.548005 -0.213804 0.072379
v 0.549162 -0.216600 0.075114
v 0.551920 -0.238838 0.061259
v 0.555059 -0.274973 0.028181
v 0.557071 -0.261698 0.048003
v 0.553180 -0.256307 0.043942
v 0.554270 -0.259302 0.046333
v 0.556111 -0.278061 0.030392
v 0.566114 -0.182913 0.076015
v 0.559480 -0.129414 0.097559
v 0.550299 -0.128248 0.096172
v 0.557015 -0.181529 0.075048
v 0.563659 -0.133828 0.103232
v 0.556102 -0.099608 0.106440
v 0.560316 -0.103814 0.112396
v 0.559073 -0.101444 0.109054
v 0.562432 -0.131350 0.100032
v 0.557063 -0.108716 0.119236
v 0.559592 -0.106367 0.115971
v 0.562922 -0.136481 0.106686
v 0.570201 -0.187736 0.081083
v 0.562851 -0.157159 0.087399
v 0.566987 -0.161779 0.092776
v 0.565781 -0.159193 0.089725
v 0.569018 -0.185044 0.078187
v 0.576069 -0.267423 0.019295
v 0.571912 -0.228730 0.049785
v 0.562923 -0.227158 0.049276
v 0.567223 -0.265701 0.019281
v 0.575877 -0.233939 0.054196
v 0.569168 -0.206747 0.063459
v 0.573197 -0.211766 0.068205
v 0.572041 -0.208970 0.065470
v 0.574751 -0.231042 0.051629
v 0.579877 -0.272986 0.022996
v 0.574246 -0.248932 0.035046
v 0.578137 -0.254323 0.039108
v 0.577046 -0.251329 0.036716
v 0.578825 -0.269899 0.020785
v 0.532202 -0.373507 -0.165159
v 0.574118 -0.347379 -0.062540
v 0.557673 -0.335911 -0.063205
v 0.557196 -0.348987 -0.057531
v 0.577746 -0.317524 -0.014733
v 0.560477 -0.318990 -0.010428
v 0.569108 -0.320837 -0.011057
v 0.565559 -0.350891 -0.058860
v 0.560491 -0.306531 -0.017784
v 0.556908 -0.313064 -0.013215
v 0.556501 -0.295123 0.008119
v 0.560197 -0.300877 0.011372
v 0.557500 -0.298315 0.010105
v 0.557847 -0.316352 -0.011461
v 0.553930 -0.342782 -0.059330
v 0.559534 -0.334988 -0.033426
v 0.556108 -0.328911 -0.035728
v 0.556979 -0.332284 -0.034217
v 0.554725 -0.346229 -0.058070
v 0.530443 -0.387268 -0.163186
v 0.564150 -0.369610 -0.114478
v 0.547645 -0.371442 -0.108694
v 0.555679 -0.373327 -0.110783
v 0.538086 -0.389048 -0.166094
v 0.548698 -0.357919 -0.112573
v 0.544753 -0.365060 -0.109435
v 0.553291 -0.361100 -0.082651
v 0.550202 -0.354793 -0.083930
v 0.550912 -0.358301 -0.082929
v 0.545369 -0.368615 -0.108703
v 0.528006 -0.380830 -0.162799
v 0.540086 -0.380126 -0.135570
v 0.537411 -0.373700 -0.135755
v 0.537924 -0.377287 -0.135299
v 0.528404 -0.384433 -0.162628
v 0.574595 -0.334303 -0.068214
v 0.577760 -0.305066 -0.022089
v 0.569129 -0.303218 -0.021460
v 0.566233 -0.332399 -0.066885
v 0.581329 -0.310992 -0.019303
v 0.577436 -0.287354 -0.000759
v 0.581132 -0.293108 0.002493
v 0.580133 -0.289916 0.000507
v 0.580391 -0.307704 -0.021056
v 0.577861 -0.340508 -0.066415
v 0.576870 -0.320676 -0.044604
v 0.580296 -0.326753 -0.042302
v 0.579426 -0.323380 -0.043813
v 0.577066 -0.337062 -0.067675
v 0.548216 -0.371366 -0.171793
v 0.565204 -0.356086 -0.118357
v 0.557169 -0.354202 -0.116268
v 0.540573 -0.369586 -0.168885
v 0.568095 -0.362468 -0.117616
v 0.570763 -0.346067 -0.092829
v 0.573852 -0.352375 -0.091549
v 0.573142 -0.348867 -0.092550
v 0.567479 -0.358913 -0.118348
v 0.550653 -0.377803 -0.172180
v 0.557745 -0.364480 -0.144708
v 0.560420 -0.370906 -0.144523
v 0.559907 -0.367319 -0.144979
v 0.550255 -0.374200 -0.172352
v 0.425861 -0.376986 -0.365112
v 0.417207 -0.368219 -0.349891
v 0.494317 -0.396360 -0.272805
v 0.482696 -0.385674 -0.262844
v 0.479343 -0.399234 -0.264492
v 0.523283 -0.393777 -0.221406
v 0.507771 -0.396262 -0.213950
v 0.515008 -0.397871 -0.217640
v 0.486136 -0.400605 -0.268990
v 0.510279 -0.382495 -0.214132
v 0.505812 -0.389893 -0.212496
v 0.517726 -0.386000 -0.187528
v 0.519932 -0.392417 -0.188443
v 0.518013 -0.389601 -0.187618
v 0.505981 -0.393479 -0.212854
v 0.477918 -0.393049 -0.261946
v 0.494171 -0.398602 -0.239401
v 0.492474 -0.392310 -0.237403
v 0.492517 -0.395865 -0.238031
v 0.477829 -0.396557 -0.262845
v 0.411953 -0.380659 -0.355124
v 0.461272 -0.391292 -0.321534
v 0.446842 -0.394570 -0.312366
v 0.453172 -0.395648 -0.317668
v 0.417819 -0.381399 -0.361202
v 0.451117 -0.381448 -0.308896
v 0.445991 -0.388688 -0.308733
v 0.463496 -0.397956 -0.288916
v 0.462354 -0.391909 -0.285823
v 0.462128 -0.395354 -0.286993
v 0.445623 -0.392056 -0.310171
v 0.411700 -0.375200 -0.350439
v 0.429591 -0.388871 -0.334538
v 0.429037 -0.383185 -0.330372
v 0.428524 -0.386459 -0.332074
v 0.411039 -0.378362 -0.352398
v 0.497670 -0.382801 -0.271156
v 0.525791 -0.380010 -0.221589
v 0.518554 -0.378401 -0.217898
v 0.490877 -0.381430 -0.266659
v 0.527750 -0.386379 -0.223042
v 0.537821 -0.376321 -0.196567
v 0.540027 -0.382739 -0.197482
v 0.539740 -0.379138 -0.197392
v 0.527581 -0.382793 -0.222684
v 0.499095 -0.388985 -0.273702
v 0.512336 -0.382235 -0.246553
v 0.514034 -0.388526 -0.248551
v 0.513991 -0.384972 -0.247923
v 0.499184 -0.385477 -0.272803
v 0.431114 -0.364545 -0.359880
v 0.465546 -0.378170 -0.318064
v 0.459217 -0.377091 -0.312761
v 0.425248 -0.363806 -0.353802
v 0.466397 -0.384051 -0.321697
v 0.482002 -0.381511 -0.295095
v 0.483144 -0.387559 -0.298187
v 0.483371 -0.384113 -0.297017
v 0.466765 -0.380684 -0.320259
v 0.431368 -0.370004 -0.364565
v 0.448513 -0.372580 -0.339760
v 0.449067 -0.378266 -0.343926
v 0.449580 -0.374992 -0.342224
v 0.432029 -0.366843 -0.362605
v 0.297179 -0.209886 -0.417766
v 0.358745 -0.319358 -0.424500
v 0.352834 -0.313215 -0.404953
v 0.345654 -0.323656 -0.413175
v 0.391875 -0.353637 -0.399230
v 0.378412 -0.357650 -0.388529
v 0.383858 -0.358038 -0.395287
v 0.350712 -0.323670 -0.420541
v 0.384620 -0.346088 -0.381734
v 0.378728 -0.352700 -0.382915
v 0.395204 -0.365225 -0.367635
v 0.395173 -0.370443 -0.372794
v 0.394402 -0.368267 -0.369830
v 0.377784 -0.355606 -0.385336
v 0.346532 -0.319326 -0.406719
v 0.361847 -0.342111 -0.402075
v 0.362446 -0.337457 -0.396027
v 0.361361 -0.340211 -0.398664
v 0.345306 -0.321913 -0.409559
v 0.288077 -0.217319 -0.428270
v 0.327902 -0.272825 -0.438848
v 0.315088 -0.277331 -0.427015
v 0.319807 -0.276956 -0.434893
v 0.292520 -0.216551 -0.436546
v 0.323238 -0.268264 -0.417544
v 0.316509 -0.273731 -0.419829
v 0.330009 -0.302119 -0.421574
v 0.331162 -0.298140 -0.414737
v 0.329796 -0.300544 -0.417767
v 0.315005 -0.275936 -0.423035
v 0.290007 -0.214558 -0.420492
v 0.301067 -0.249123 -0.429246
v 0.302747 -0.245929 -0.421746
v 0.301109 -0.247918 -0.425110
v 0.288237 -0.216315 -0.423996
v 0.309696 -0.240842 -0.419230
v 0.319411 -0.271034 -0.417915
v 0.305774 -0.243441 -0.419695
v 0.293157 -0.212297 -0.418318
v 0.365925 -0.308916 -0.416278
v 0.398084 -0.342075 -0.392434
v 0.392638 -0.341687 -0.385676
v 0.360866 -0.308903 -0.408913
v 0.397768 -0.347025 -0.398048
v 0.414579 -0.354564 -0.377119
v 0.414548 -0.359782 -0.382277
v 0.415349 -0.356740 -0.380083
v 0.398712 -0.344119 -0.395627
v 0.365046 -0.313247 -0.422734
v 0.381807 -0.326913 -0.405572
v 0.381208 -0.331568 -0.411620
v 0.382293 -0.328813 -0.408983
v 0.366272 -0.310659 -0.419894
v 0.309835 -0.205272 -0.429966
v 0.336053 -0.263758 -0.429377
v 0.331333 -0.264133 -0.421499
v 0.305392 -0.206039 -0.421691
v 0.334631 -0.267358 -0.436563
v 0.350614 -0.287919 -0.424297
v 0.349461 -0.291899 -0.431135
v 0.350827 -0.289494 -0.428104
v 0.336135 -0.265154 -0.433357
v 0.307905 -0.208033 -0.437745
v 0.322416 -0.236268 -0.431265
v 0.320736 -0.239461 -0.438765
v 0.322374 -0.237472 -0.435401
v 0.309675 -0.206275 -0.434240
v 0.313786 -0.244548 -0.441281
v 0.317709 -0.241949 -0.440816
v 0.331729 -0.270055 -0.438477
v 0.304754 -0.210293 -0.439918
v 0.239067 0.232943 -0.371467
v 0.252910 0.007650 -0.404498
v 0.251473 0.006349 -0.379668
v 0.272963 -0.115806 -0.427275
v 0.270587 -0.115206 -0.403296
v 0.260352 -0.120368 -0.414794
v 0.285927 -0.167393 -0.435569
v 0.273311 -0.172011 -0.423207
v 0.277614 -0.171009 -0.431675
v 0.264538 -0.119156 -0.423416
v 0.282992 -0.165699 -0.412167
v 0.275539 -0.169812 -0.415127
v 0.282555 -0.192952 -0.418284
v 0.280474 -0.195434 -0.426219
v 0.280706 -0.194559 -0.421868
v 0.273611 -0.171265 -0.418786
v 0.289868 -0.188555 -0.415437
v 0.285783 -0.190840 -0.416040
v 0.278844 -0.167854 -0.412818
v 0.262858 -0.118732 -0.406460
v 0.266600 -0.147005 -0.419358
v 0.268969 -0.145088 -0.411145
v 0.266965 -0.146388 -0.414871
v 0.260779 -0.119878 -0.410249
v 0.276561 -0.141267 -0.408079
v 0.272350 -0.143286 -0.408775
v 0.266313 -0.117087 -0.404033
v 0.240221 0.003412 -0.391869
v 0.261929 -0.057580 -0.416585
v 0.249291 -0.062018 -0.404018
v 0.253381 -0.060632 -0.412763
v 0.244235 0.004923 -0.400710
v 0.260052 -0.057994 -0.392136
v 0.252054 -0.060925 -0.395474
v 0.254578 -0.092055 -0.409639
v 0.257215 -0.090694 -0.401195
v 0.255065 -0.091688 -0.405041
v 0.249835 -0.061770 -0.399372
v 0.265081 -0.087465 -0.397941
v 0.260743 -0.089207 -0.398717
v 0.255653 -0.059595 -0.392948
v 0.243219 0.004004 -0.383153
v 0.244501 -0.030211 -0.398053
v 0.247385 -0.029376 -0.389419
v 0.245099 -0.030077 -0.393364
v 0.240870 0.003441 -0.387140
v 0.255513 -0.026739 -0.386004
v 0.251052 -0.028200 -0.386850
v 0.246953 0.005029 -0.380545
v 0.283199 -0.110644 -0.415777
v 0.295607 -0.161081 -0.424529
v 0.291304 -0.162083 -0.416061
v 0.279013 -0.111855 -0.407155
v 0.293380 -0.163281 -0.432609
v 0.302499 -0.183932 -0.427724
v 0.300418 -0.186414 -0.435660
v 0.302267 -0.184807 -0.432075
v 0.295308 -0.161827 -0.428951
v 0.293105 -0.190811 -0.438506
v 0.297189 -0.188525 -0.437904
v 0.290075 -0.165239 -0.434919
v 0.280693 -0.112280 -0.424111
v 0.289171 -0.136669 -0.420505
v 0.286802 -0.138585 -0.428718
v 0.288806 -0.137285 -0.424992
v 0.282772 -0.111134 -0.420322
v 0.279209 -0.142407 -0.431784
v 0.283421 -0.140387 -0.431088
v 0.277238 -0.113924 -0.426538
v 0.264161 0.010587 -0.392297
v 0.272691 -0.053555 -0.404703
v 0.268600 -0.054941 -0.395958
v 0.260147 0.009077 -0.383456
v 0.269927 -0.054649 -0.413247
v 0.277703 -0.082956 -0.410468
v 0.275065 -0.084317 -0.418912
v 0.277215 -0.083323 -0.415067
v 0.272146 -0.053803 -0.409349
v 0.267200 -0.087545 -0.422167
v 0.271537 -0.085803 -0.421391
v 0.266329 -0.055979 -0.415772
v 0.261163 0.009996 -0.401013
v 0.268174 -0.022391 -0.398604
v 0.265290 -0.023227 -0.407239
v 0.267575 -0.022526 -0.403294
v 0.263512 0.010558 -0.397026
v 0.257162 -0.025863 -0.410654
v 0.261623 -0.024402 -0.409808
v 0.257430 0.008971 -0.403621
v 0.238554 0.230241 -0.345920
v 0.243770 0.112433 -0.386975
v 0.242854 0.110189 -0.361734
v 0.230984 0.108627 -0.374284
v 0.247800 0.058139 -0.395660
v 0.235066 0.054095 -0.382999
v 0.239036 0.055657 -0.391895
v 0.234919 0.110206 -0.383229
v 0.246639 0.056316 -0.370609
v 0.238215 0.054368 -0.374181
v 0.240587 0.028708 -0.378668
v 0.237512 0.028281 -0.387436
v 0.238195 0.028240 -0.382682
v 0.235782 0.053988 -0.378221
v 0.248927 0.030853 -0.375137
v 0.244366 0.029630 -0.376034
v 0.242038 0.055189 -0.371524
v 0.234271 0.108620 -0.365381
v 0.232889 0.080871 -0.378600
v 0.236109 0.080999 -0.369738
v 0.233636 0.080705 -0.373801
v 0.231761 0.108405 -0.369466
v 0.244613 0.082755 -0.366127
v 0.239974 0.081723 -0.367058
v 0.238177 0.109250 -0.362681
v 0.226170 0.229763 -0.358720
v 0.240848 0.170658 -0.378793
v 0.228008 0.167139 -0.366075
v 0.231914 0.168696 -0.375062
v 0.230053 0.231254 -0.367744
v 0.240149 0.168116 -0.353389
v 0.231419 0.166899 -0.357098
v 0.229356 0.137377 -0.370095
v 0.232706 0.137248 -0.361153
v 0.230160 0.137107 -0.365258
v 0.228838 0.166827 -0.361221
v 0.241365 0.138637 -0.357473
v 0.236652 0.137788 -0.358435
v 0.235401 0.167355 -0.354363
v 0.229691 0.229343 -0.349680
v 0.230412 0.197592 -0.353259
v 0.239211 0.198645 -0.349523
v 0.234430 0.197968 -0.350509
v 0.233742 0.229646 -0.346916
v 0.255640 0.113995 -0.374424
v 0.259373 0.060360 -0.383271
v 0.255403 0.058798 -0.374374
v 0.251705 0.112416 -0.365480
v 0.256224 0.060087 -0.392088
v 0.261637 0.034999 -0.387783
v 0.258562 0.034572 -0.396552
v 0.260953 0.035041 -0.392537
v 0.258657 0.060467 -0.388048
v 0.250222 0.032427 -0.400082
v 0.254783 0.033650 -0.399186
v 0.252401 0.059266 -0.394746
v 0.252353 0.114002 -0.383328
v 0.257373 0.086686 -0.378803
v 0.254153 0.086558 -0.387665
v 0.256626 0.086853 -0.383602
v 0.254863 0.114217 -0.379243
v 0.245648 0.084802 -0.391277
v 0.250288 0.085835 -0.390345
v 0.248447 0.113372 -0.386028
v 0.251451 0.233420 -0.358667
v 0.252990 0.171634 -0.366107
v 0.249084 0.170078 -0.357120
v 0.247567 0.231929 -0.349643
v 0.249578 0.171875 -0.375084
v 0.254178 0.142306 -0.370177
v 0.250827 0.142435 -0.379120
v 0.253373 0.142576 -0.375015
v 0.252159 0.171947 -0.370961
v 0.242169 0.141046 -0.382799
v 0.246882 0.141895 -0.381838
v 0.245596 0.171419 -0.377819
v 0.247930 0.233840 -0.367707
v 0.239813 0.201285 -0.375001
v 0.248612 0.202337 -0.371265
v 0.244594 0.201961 -0.374015
v 0.243879 0.233538 -0.370471
v 0.241270 0.457923 -0.357910
v 0.241158 0.455808 -0.331992
v 0.238648 0.339951 -0.362488
v 0.238372 0.337316 -0.336747
v 0.225666 0.337420 -0.349684
v 0.238485 0.285108 -0.366514
v 0.225544 0.282235 -0.353741
v 0.229414 0.283640 -0.362794
v 0.229526 0.338707 -0.358766
v 0.238099 0.282387 -0.340867
v 0.229142 0.281716 -0.344658
v 0.229330 0.336844 -0.340564
v 0.228217 0.456188 -0.345023
v 0.239572 0.397535 -0.359563
v 0.226552 0.395383 -0.346721
v 0.230404 0.396518 -0.355832
v 0.232064 0.457135 -0.354165
v 0.239386 0.395099 -0.333732
v 0.230272 0.394795 -0.337567
v 0.231984 0.455639 -0.335839
v 0.251353 0.339847 -0.349552
v 0.251040 0.285260 -0.353640
v 0.247170 0.283855 -0.344587
v 0.247494 0.338560 -0.340470
v 0.247442 0.285779 -0.362723
v 0.247689 0.340423 -0.358672
v 0.254211 0.457542 -0.344879
v 0.252406 0.397251 -0.346574
v 0.248554 0.396116 -0.337463
v 0.250364 0.456596 -0.335737
v 0.248685 0.397838 -0.355728
v 0.250444 0.458092 -0.354063
v 0.253084 0.685620 -0.337951
v 0.245993 0.567452 -0.358520
v 0.245963 0.566186 -0.332450
v 0.232896 0.566523 -0.345535
v 0.243340 0.511628 -0.357637
v 0.230263 0.510281 -0.344704
v 0.234106 0.511035 -0.353875
v 0.236738 0.567058 -0.354738
v 0.243275 0.509887 -0.331644
v 0.234060 0.509805 -0.335496
v 0.236717 0.566163 -0.336303
v 0.239965 0.685620 -0.351069
v 0.249238 0.625437 -0.360668
v 0.236127 0.624956 -0.347621
v 0.239969 0.625239 -0.356859
v 0.243808 0.685620 -0.360346
v 0.249229 0.624749 -0.334518
v 0.239963 0.624754 -0.338367
v 0.243808 0.685620 -0.341793
v 0.259060 0.567116 -0.345436
v 0.256353 0.511234 -0.344576
v 0.252509 0.510479 -0.335405
v 0.255218 0.566581 -0.336233
v 0.252555 0.511710 -0.353785
v 0.255239 0.567476 -0.354667
v 0.266203 0.685620 -0.351069
v 0.262340 0.625230 -0.347565
v 0.258499 0.624947 -0.338327
v 0.262361 0.685620 -0.341793
v 0.258505 0.625433 -0.356819
v 0.262361 0.685620 -0.360346
v -0.187435 0.933563 -0.233384
v -0.192300 0.930426 -0.234237
v -0.195552 0.925730 -0.235515
v -0.196693 0.920192 -0.237022
v -0.181695 0.934665 -0.233084
v -0.137835 0.925730 -0.235515
v -0.141086 0.930426 -0.234237
v -0.145952 0.933563 -0.233384
v -0.151692 0.934665 -0.233084
v -0.136693 0.920192 -0.237022
v -0.195552 0.885703 -0.246406
v -0.192300 0.881008 -0.247684
v -0.187435 0.877871 -0.248537
v -0.181695 0.876769 -0.248837
v -0.196693 0.891242 -0.244899
v -0.145952 0.877871 -0.248537
v -0.141086 0.881008 -0.247684
v -0.137835 0.885703 -0.246406
v -0.136693 0.891242 -0.244899
v -0.151692 0.876769 -0.248837
v -0.190694 0.922772 -0.248756
v -0.193694 0.922846 -0.247903
v -0.195890 0.922479 -0.245727
v -0.196693 0.921768 -0.242812
v -0.196693 0.892817 -0.250689
v -0.195890 0.893681 -0.253563
v -0.193694 0.894466 -0.255625
v -0.190694 0.894962 -0.256323
v -0.181695 0.936240 -0.238874
v -0.181616 0.936252 -0.241980
v -0.181399 0.934709 -0.244675
v -0.181104 0.932026 -0.246238
v -0.152283 0.932026 -0.246238
v -0.151987 0.934709 -0.244675
v -0.151771 0.936252 -0.241980
v -0.151692 0.936240 -0.238874
v -0.136693 0.921768 -0.242812
v -0.137497 0.922479 -0.245727
v -0.139693 0.922846 -0.247903
v -0.142693 0.922772 -0.248756
v -0.142693 0.894962 -0.256323
v -0.139693 0.894466 -0.255625
v -0.137497 0.893681 -0.253563
v -0.136693 0.892817 -0.250689
v -0.181104 0.885709 -0.258841
v -0.181399 0.882603 -0.258853
v -0.181616 0.879908 -0.257311
v -0.181695 0.878345 -0.254627
v -0.151692 0.878345 -0.254627
v -0.151771 0.879908 -0.257311
v -0.151987 0.882603 -0.258853
v -0.152283 0.885709 -0.258841
v -0.189900 0.926622 -0.247709
v -0.192726 0.927541 -0.246626
v -0.194795 0.927791 -0.244282
v -0.195552 0.927306 -0.241305
v -0.187975 0.929403 -0.246952
v -0.190138 0.931279 -0.245609
v -0.191721 0.932229 -0.243074
v -0.192300 0.932001 -0.240028
v -0.185094 0.931260 -0.246447
v -0.186264 0.933776 -0.244929
v -0.187121 0.935195 -0.242267
v -0.187435 0.935138 -0.239174
v -0.148293 0.931260 -0.246447
v -0.147123 0.933776 -0.244929
v -0.146266 0.935195 -0.242267
v -0.145952 0.935138 -0.239174
v -0.145412 0.929403 -0.246952
v -0.143249 0.931279 -0.245609
v -0.141666 0.932229 -0.243074
v -0.141086 0.932001 -0.240028
v -0.143486 0.926622 -0.247709
v -0.140661 0.927541 -0.246626
v -0.138592 0.927791 -0.244282
v -0.137835 0.927306 -0.241305
v -0.185094 0.886474 -0.258633
v -0.186264 0.883537 -0.258599
v -0.187121 0.880964 -0.257023
v -0.187435 0.879446 -0.254327
v -0.187975 0.888332 -0.258127
v -0.190138 0.886035 -0.257919
v -0.191721 0.883930 -0.256216
v -0.192300 0.882583 -0.253474
v -0.189900 0.891113 -0.257371
v -0.192726 0.889772 -0.256902
v -0.194795 0.888369 -0.255008
v -0.195552 0.887279 -0.252196
v -0.143486 0.891113 -0.257371
v -0.140661 0.889772 -0.256902
v -0.138592 0.888369 -0.255008
v -0.137835 0.887279 -0.252196
v -0.145412 0.888332 -0.258127
v -0.143249 0.886035 -0.257919
v -0.141666 0.883930 -0.256216
v -0.141086 0.882583 -0.253474
v -0.148293 0.886474 -0.258633
v -0.147123 0.883537 -0.258599
v -0.146266 0.880964 -0.257023
v -0.145952 0.879446 -0.254327
v -0.283262 1.098893 -0.157282
v -0.290788 1.095192 -0.158289
v -0.296761 1.089429 -0.159857
v -0.300596 1.082167 -0.161833
v -0.301917 1.074117 -0.164023
v -0.274920 1.100168 -0.156935
v -0.033238 1.082167 -0.161833
v -0.037073 1.089429 -0.159857
v -0.043046 1.095192 -0.158289
v -0.050572 1.098893 -0.157282
v -0.058914 1.100168 -0.156935
v -0.031917 1.074117 -0.164023
v -0.300596 0.770797 -0.246555
v -0.296761 0.763535 -0.248531
v -0.290788 0.757772 -0.250099
v -0.283262 0.754072 -0.251106
v -0.274920 0.752797 -0.251453
v -0.301917 0.778847 -0.244364
v -0.050572 0.754072 -0.251106
v -0.043046 0.757772 -0.250099
v -0.037073 0.763535 -0.248531
v -0.033238 0.770797 -0.246555
v -0.031917 0.778847 -0.244364
v -0.058914 0.752797 -0.251453
v -0.293907 1.081418 -0.193127
v -0.297912 1.081425 -0.192014
v -0.300844 1.080866 -0.189128
v -0.301917 1.079891 -0.185244
v -0.301917 0.784622 -0.265589
v -0.300846 0.785763 -0.269426
v -0.297918 0.786780 -0.272185
v -0.293919 0.787400 -0.273128
v -0.274920 1.105942 -0.178159
v -0.274829 1.105959 -0.182302
v -0.274581 1.103903 -0.185898
v -0.274243 1.100324 -0.187983
v -0.059497 1.100313 -0.187986
v -0.059206 1.103897 -0.185899
v -0.058992 1.105957 -0.182301
v -0.058914 1.105941 -0.178155
v -0.031917 1.079892 -0.185248
v -0.032989 1.080853 -0.189134
v -0.035916 1.081375 -0.192028
v -0.039915 1.081318 -0.193155
v -0.039927 0.787299 -0.273155
v -0.035922 0.786730 -0.272198
v -0.032990 0.785749 -0.269428
v -0.031917 0.784621 -0.265585
v -0.274337 0.768404 -0.278297
v -0.274628 0.764257 -0.278313
v -0.274842 0.760658 -0.276255
v -0.274920 0.758571 -0.272673
v -0.058914 0.758572 -0.272676
v -0.059005 0.760657 -0.276257
v -0.059253 0.764252 -0.278315
v -0.059591 0.768393 -0.278299
v -0.292873 1.087657 -0.191430
v -0.296734 1.088569 -0.190070
v -0.299561 1.088672 -0.187003
v -0.300596 1.087941 -0.183052
v -0.290180 1.092734 -0.190048
v -0.293470 1.094739 -0.188391
v -0.295879 1.095642 -0.185107
v -0.296761 1.095203 -0.181076
v -0.285991 1.096761 -0.188953
v -0.288389 1.099633 -0.187059
v -0.290146 1.101172 -0.183602
v -0.290788 1.100966 -0.179508
v -0.280716 1.099340 -0.188251
v -0.281989 1.102773 -0.186205
v -0.282921 1.104722 -0.182636
v -0.283262 1.104666 -0.178501
v -0.053032 1.099313 -0.188258
v -0.051802 1.102759 -0.186209
v -0.050901 1.104719 -0.182637
v -0.050572 1.104666 -0.178500
v -0.047772 1.096709 -0.188967
v -0.045409 1.099607 -0.187066
v -0.043679 1.101165 -0.183603
v -0.043046 1.100966 -0.179507
v -0.043602 1.092662 -0.190068
v -0.040337 1.094702 -0.188401
v -0.037948 1.095633 -0.185111
v -0.037073 1.095204 -0.181079
v -0.040933 1.087567 -0.191454
v -0.037086 1.088524 -0.190082
v -0.034269 1.088661 -0.187008
v -0.033238 1.087942 -0.183055
v -0.280802 0.769405 -0.278024
v -0.282032 0.765395 -0.278003
v -0.282933 0.761896 -0.275917
v -0.283262 0.759845 -0.272324
v -0.286062 0.772008 -0.277316
v -0.288425 0.768547 -0.277146
v -0.290155 0.765449 -0.274950
v -0.290788 0.763545 -0.271317
v -0.290232 0.776055 -0.276215
v -0.293497 0.773452 -0.275811
v -0.295886 0.770983 -0.273446
v -0.296761 0.769309 -0.269753
v -0.292901 0.781150 -0.274828
v -0.296748 0.779630 -0.274130
v -0.299565 0.777954 -0.271549
v -0.300596 0.776571 -0.267777
v -0.040961 0.781060 -0.274853
v -0.037100 0.779585 -0.274142
v -0.034273 0.777942 -0.271551
v -0.033238 0.776571 -0.267774
v -0.043654 0.775983 -0.276234
v -0.040364 0.773416 -0.275821
v -0.037955 0.770972 -0.273447
v -0.037073 0.769309 -0.269750
v -0.047843 0.771957 -0.277330
v -0.045445 0.768521 -0.277153
v -0.043689 0.765442 -0.274952
v -0.043046 0.763546 -0.271318
v -0.053118 0.769378 -0.278032
v -0.051845 0.765381 -0.278007
v -0.050913 0.761892 -0.275918
v -0.050572 0.759845 -0.272324
v -0.112658 1.005782 -0.213733
v -0.117524 1.002645 -0.214587
v -0.120775 0.997949 -0.215865
v -0.121917 0.992411 -0.217371
v -0.106919 1.006884 -0.213434
v -0.063059 0.997949 -0.215865
v -0.066310 1.002645 -0.214587
v -0.071176 1.005782 -0.213733
v -0.076916 1.006884 -0.213434
v -0.061917 0.992411 -0.217371
v -0.120775 0.957922 -0.226756
v -0.117524 0.953227 -0.228033
v -0.112658 0.950090 -0.228887
v -0.106919 0.948988 -0.229187
v -0.121917 0.963461 -0.225249
v -0.071176 0.950090 -0.228887
v -0.066310 0.953227 -0.228033
v -0.063059 0.957922 -0.226756
v -0.061917 0.963461 -0.225249
v -0.076916 0.948988 -0.229187
v -0.115918 0.994991 -0.229106
v -0.118917 0.995066 -0.228253
v -0.121113 0.994698 -0.226077
v -0.121917 0.993987 -0.223162
v -0.121917 0.965036 -0.231039
v -0.121113 0.965900 -0.233913
v -0.118917 0.966685 -0.235975
v -0.115918 0.967181 -0.236673
v -0.106919 1.008459 -0.219224
v -0.106839 1.008471 -0.222329
v -0.106623 1.006929 -0.225025
v -0.106328 1.004245 -0.226588
v -0.077506 1.004245 -0.226588
v -0.077211 1.006929 -0.225025
v -0.076995 1.008471 -0.222329
v -0.076916 1.008459 -0.219224
v -0.061917 0.993987 -0.223162
v -0.062721 0.994698 -0.226077
v -0.064917 0.995066 -0.228253
v -0.067916 0.994991 -0.229106
v -0.067916 0.967181 -0.236673
v -0.064917 0.966685 -0.235975
v -0.062721 0.965900 -0.233913
v -0.061917 0.965036 -0.231039
v -0.106328 0.957928 -0.239190
v -0.106623 0.954823 -0.239202
v -0.106839 0.952127 -0.237660
v -0.106919 0.950564 -0.234977
v -0.076916 0.950564 -0.234977
v -0.076995 0.952127 -0.237660
v -0.077211 0.954823 -0.239202
v -0.077506 0.957928 -0.239190
v -0.115124 0.998841 -0.228058
v -0.117950 0.999759 -0.226975
v -0.120018 1.000010 -0.224631
v -0.120775 0.999525 -0.221655
v -0.113199 1.001622 -0.227302
v -0.115361 1.003498 -0.225958
v -0.116945 1.004448 -0.223424
v -0.117524 1.004220 -0.220377
v -0.110317 1.003479 -0.226796
v -0.111488 1.005995 -0.225279
v -0.112345 1.007414 -0.222617
v -0.112658 1.007357 -0.219523
v -0.073517 1.003479 -0.226796
v -0.072346 1.005995 -0.225279
v -0.071489 1.007414 -0.222617
v -0.071176 1.007357 -0.219523
v -0.070635 1.001622 -0.227302
v -0.068473 1.003498 -0.225958
v -0.066890 1.004448 -0.223424
v -0.066310 1.004220 -0.220377
v -0.068710 0.998841 -0.228058
v -0.065884 0.999759 -0.226975
v -0.063816 1.000010 -0.224631
v -0.063059 0.999525 -0.221655
v -0.110317 0.958694 -0.238982
v -0.111488 0.955756 -0.238948
v -0.112345 0.953183 -0.237373
v -0.112658 0.951665 -0.234677
v -0.113199 0.960552 -0.238477
v -0.115361 0.958254 -0.238269
v -0.116945 0.956149 -0.236566
v -0.117524 0.954803 -0.233823
v -0.115124 0.963332 -0.237720
v -0.117950 0.961991 -0.237252
v -0.120018 0.960588 -0.235358
v -0.120775 0.959498 -0.232546
v -0.068710 0.963332 -0.237720
v -0.065884 0.961991 -0.237252
v -0.063816 0.960588 -0.235358
v -0.063059 0.959498 -0.232546
v -0.070635 0.960552 -0.238477
v -0.068473 0.958254 -0.238269
v -0.066890 0.956149 -0.236566
v -0.066310 0.954803 -0.233823
v -0.073517 0.958694 -0.238982
v -0.072346 0.955756 -0.238948
v -0.071489 0.953183 -0.237373
v -0.071176 0.951665 -0.234677
v -0.112658 0.933563 -0.233384
v -0.117524 0.930426 -0.234237
v -0.120775 0.925730 -0.235515
v -0.121917 0.920192 -0.237022
v -0.106919 0.934665 -0.233084
v -0.063059 0.925730 -0.235515
v -0.066310 0.930426 -0.234237
v -0.071176 0.933563 -0.233384
v -0.076916 0.934665 -0.233084
v -0.061917 0.920192 -0.237022
v -0.120775 0.885703 -0.246406
v -0.117524 0.881008 -0.247684
v -0.112658 0.877871 -0.248537
v -0.106919 0.876769 -0.248837
v -0.121917 0.891242 -0.244899
v -0.071176 0.877871 -0.248537
v -0.066310 0.881008 -0.247684
v -0.063059 0.885703 -0.246406
v -0.061917 0.891242 -0.244899
v -0.076916 0.876769 -0.248837
v -0.115918 0.922772 -0.248756
v -0.118917 0.922846 -0.247903
v -0.121113 0.922479 -0.245727
v -0.121917 0.921768 -0.242812
v -0.121917 0.892817 -0.250689
v -0.121113 0.893681 -0.253563
v -0.118917 0.894466 -0.255625
v -0.115918 0.894962 -0.256323
v -0.106919 0.936240 -0.238874
v -0.106839 0.936252 -0.241980
v -0.106623 0.934709 -0.244675
v -0.106328 0.932026 -0.246238
v -0.077506 0.932026 -0.246238
v -0.077211 0.934709 -0.244675
v -0.076995 0.936252 -0.241980
v -0.076916 0.936240 -0.238874
v -0.061917 0.921768 -0.242812
v -0.062721 0.922479 -0.245727
v -0.064917 0.922846 -0.247903
v -0.067916 0.922772 -0.248756
v -0.067916 0.894962 -0.256323
v -0.064917 0.894466 -0.255625
v -0.062721 0.893681 -0.253563
v -0.061917 0.892817 -0.250689
v -0.106328 0.885709 -0.258841
v -0.106623 0.882603 -0.258853
v -0.106839 0.879908 -0.257311
v -0.106919 0.878345 -0.254627
v -0.076916 0.878345 -0.254627
v -0.076995 0.879908 -0.257311
v -0.077211 0.882603 -0.258853
v -0.077506 0.885709 -0.258841
v -0.115124 0.926622 -0.247709
v -0.117950 0.927541 -0.246626
v -0.120018 0.927791 -0.244282
v -0.120775 0.927306 -0.241305
v -0.113199 0.929403 -0.246952
v -0.115361 0.931279 -0.245609
v -0.116945 0.932229 -0.243074
v -0.117524 0.932001 -0.240028
v -0.110317 0.931260 -0.246447
v -0.111488 0.933776 -0.244929
v -0.112345 0.935195 -0.242267
v -0.112658 0.935138 -0.239174
v -0.073517 0.931260 -0.246447
v -0.072346 0.933776 -0.244929
v -0.071489 0.935195 -0.242267
v -0.071176 0.935138 -0.239174
v -0.070635 0.929403 -0.246952
v -0.068473 0.931279 -0.245609
v -0.066890 0.932229 -0.243074
v -0.066310 0.932001 -0.240028
v -0.068710 0.926622 -0.247709
v -0.065884 0.927541 -0.246626
v -0.063816 0.927791 -0.244282
v -0.063059 0.927306 -0.241305
v -0.110317 0.886474 -0.258633
v -0.111488 0.883537 -0.258599
v -0.112345 0.880964 -0.257023
v -0.112658 0.879446 -0.254327
v -0.113199 0.888332 -0.258127
v -0.115361 0.886035 -0.257919
v -0.116945 0.883930 -0.256216
v -0.117524 0.882583 -0.253474
v -0.115124 0.891113 -0.257371
v -0.117950 0.889772 -0.256902
v -0.120018 0.888369 -0.255008
v -0.120775 0.887279 -0.252196
v -0.068710 0.891113 -0.257371
v -0.065884 0.889772 -0.256902
v -0.063816 0.888369 -0.255008
v -0.063059 0.887279 -0.252196
v -0.070635 0.888332 -0.258127
v -0.068473 0.886035 -0.257919
v -0.066890 0.883930 -0.256216
v -0.066310 0.882583 -0.253474
v -0.073517 0.886474 -0.258633
v -0.072346 0.883537 -0.258599
v -0.071489 0.880964 -0.257023
v -0.071176 0.879446 -0.254327
v -0.187435 0.861343 -0.253034
v -0.192300 0.858206 -0.253888
v -0.195552 0.853511 -0.255165
v -0.196693 0.847973 -0.256672
v -0.181695 0.862445 -0.252735
v -0.137835 0.853511 -0.255165
v -0.141086 0.858206 -0.253888
v -0.145952 0.861343 -0.253034
v -0.151692 0.862445 -0.252735
v -0.136693 0.847973 -0.256672
v -0.195552 0.813484 -0.266057
v -0.192300 0.808789 -0.267334
v -0.187435 0.805651 -0.268188
v -0.181695 0.804550 -0.268487
v -0.196693 0.819022 -0.264550
v -0.145952 0.805651 -0.268188
v -0.141086 0.808789 -0.267334
v -0.137835 0.813484 -0.266057
v -0.136693 0.819022 -0.264550
v -0.151692 0.804550 -0.268487
v -0.190694 0.850553 -0.268407
v -0.193694 0.850627 -0.267553
v -0.195890 0.850259 -0.265378
v -0.196693 0.849548 -0.262462
v -0.196693 0.820598 -0.270340
v -0.195890 0.821461 -0.273213
v -0.193694 0.822247 -0.275276
v -0.190694 0.822743 -0.275974
v -0.181695 0.864020 -0.258525
v -0.181616 0.864032 -0.261630
v -0.181399 0.862490 -0.264326
v -0.181104 0.859806 -0.265889
v -0.152283 0.859806 -0.265889
v -0.151987 0.862490 -0.264326
v -0.151771 0.864032 -0.261630
v -0.151692 0.864020 -0.258525
v -0.136693 0.849548 -0.262462
v -0.137497 0.850259 -0.265378
v -0.139693 0.850627 -0.267553
v -0.142693 0.850553 -0.268407
v -0.142693 0.822743 -0.275974
v -0.139693 0.822247 -0.275276
v -0.137497 0.821461 -0.273213
v -0.136693 0.820598 -0.270340
v -0.181104 0.813489 -0.278491
v -0.181399 0.810384 -0.278503
v -0.181616 0.807688 -0.276961
v -0.181695 0.806125 -0.274278
v -0.151692 0.806125 -0.274278
v -0.151771 0.807688 -0.276961
v -0.151987 0.810384 -0.278503
v -0.152283 0.813489 -0.278491
v -0.189900 0.854403 -0.267359
v -0.192726 0.855321 -0.266276
v -0.194795 0.855571 -0.263932
v -0.195552 0.855087 -0.260956
v -0.187975 0.857183 -0.266603
v -0.190138 0.859059 -0.265259
v -0.191721 0.860010 -0.262725
v -0.192300 0.859781 -0.259678
v -0.185094 0.859041 -0.266097
v -0.186264 0.861556 -0.264580
v -0.187121 0.862976 -0.261918
v -0.187435 0.862919 -0.258824
v -0.148293 0.859041 -0.266097
v -0.147123 0.861556 -0.264580
v -0.146266 0.862976 -0.261918
v -0.145952 0.862919 -0.258824
v -0.145412 0.857183 -0.266603
v -0.143249 0.859059 -0.265259
v -0.141666 0.860010 -0.262725
v -0.141086 0.859781 -0.259678
v -0.143486 0.854403 -0.267359
v -0.140661 0.855321 -0.266276
v -0.138592 0.855571 -0.263932
v -0.137835 0.855087 -0.260956
v -0.185094 0.814255 -0.278283
v -0.186264 0.811317 -0.278249
v -0.187121 0.808745 -0.276673
v -0.187435 0.807227 -0.273978
v -0.187975 0.816113 -0.277778
v -0.190138 0.813815 -0.277570
v -0.191721 0.811711 -0.275867
v -0.192300 0.810364 -0.273124
v -0.189900 0.818893 -0.277021
v -0.192726 0.817553 -0.276553
v -0.194795 0.816149 -0.274659
v -0.195552 0.815059 -0.271847
v -0.143486 0.818893 -0.277021
v -0.140661 0.817553 -0.276553
v -0.138592 0.816149 -0.274659
v -0.137835 0.815059 -0.271847
v -0.145412 0.816113 -0.277778
v -0.143249 0.813815 -0.277570
v -0.141666 0.811711 -0.275867
v -0.141086 0.810364 -0.273124
v -0.148293 0.814255 -0.278283
v -0.147123 0.811317 -0.278249
v -0.146266 0.808745 -0.276673
v -0.145952 0.807227 -0.273978
v -0.262211 0.861343 -0.253034
v -0.267077 0.858206 -0.253888
v -0.270328 0.853511 -0.255165
v -0.271470 0.847973 -0.256672
v -0.256471 0.862445 -0.252735
v -0.212612 0.853511 -0.255165
v -0.215863 0.858206 -0.253888
v -0.220729 0.861343 -0.253034
v -0.226468 0.862445 -0.252735
v -0.211470 0.847973 -0.256672
v -0.270328 0.813484 -0.266057
v -0.267077 0.808789 -0.267334
v -0.262211 0.805651 -0.268188
v -0.256471 0.804550 -0.268487
v -0.271470 0.819022 -0.264550
v -0.220729 0.805651 -0.268188
v -0.215863 0.808789 -0.267334
v -0.212612 0.813484 -0.266057
v -0.211470 0.819022 -0.264550
v -0.226468 0.804550 -0.268487
v -0.265470 0.850553 -0.268407
v -0.268470 0.850627 -0.267553
v -0.270666 0.850259 -0.265378
v -0.271470 0.849548 -0.262462
v -0.271470 0.820598 -0.270340
v -0.270666 0.821461 -0.273213
v -0.268470 0.822247 -0.275276
v -0.265470 0.822743 -0.275974
v -0.256471 0.864020 -0.258525
v -0.256392 0.864032 -0.261630
v -0.256176 0.862490 -0.264326
v -0.255880 0.859806 -0.265889
v -0.227059 0.859806 -0.265889
v -0.226764 0.862490 -0.264326
v -0.226547 0.864032 -0.261630
v -0.226468 0.864020 -0.258525
v -0.211470 0.849548 -0.262462
v -0.212274 0.850259 -0.265378
v -0.214470 0.850627 -0.267553
v -0.217469 0.850553 -0.268407
v -0.217469 0.822743 -0.275974
v -0.214470 0.822247 -0.275276
v -0.212274 0.821461 -0.273213
v -0.211470 0.820598 -0.270340
v -0.255880 0.813489 -0.278491
v -0.256176 0.810384 -0.278503
v -0.256392 0.807688 -0.276961
v -0.256471 0.806125 -0.274278
v -0.226468 0.806125 -0.274278
v -0.226547 0.807688 -0.276961
v -0.226764 0.810384 -0.278503
v -0.227059 0.813489 -0.278491
v -0.264677 0.854403 -0.267359
v -0.267502 0.855321 -0.266276
v -0.269571 0.855571 -0.263932
v -0.270328 0.855087 -0.260956
v -0.262751 0.857183 -0.266603
v -0.264914 0.859059 -0.265259
v -0.266497 0.860010 -0.262725
v -0.267077 0.859781 -0.259678
v -0.259870 0.859041 -0.266097
v -0.261041 0.861556 -0.264580
v -0.261897 0.862976 -0.261918
v -0.262211 0.862919 -0.258824
v -0.223069 0.859041 -0.266097
v -0.221899 0.861556 -0.264580
v -0.221042 0.862976 -0.261918
v -0.220729 0.862919 -0.258824
v -0.220188 0.857183 -0.266603
v -0.218025 0.859059 -0.265259
v -0.216442 0.860010 -0.262725
v -0.215863 0.859781 -0.259678
v -0.218263 0.854403 -0.267359
v -0.215437 0.855321 -0.266276
v -0.213369 0.855571 -0.263932
v -0.212612 0.855087 -0.260956
v -0.259870 0.814255 -0.278283
v -0.261041 0.811317 -0.278249
v -0.261897 0.808745 -0.276673
v -0.262211 0.807227 -0.273978
v -0.262751 0.816113 -0.277778
v -0.264914 0.813815 -0.277570
v -0.266497 0.811711 -0.275867
v -0.267077 0.810364 -0.273124
v -0.264677 0.818893 -0.277021
v -0.267502 0.817553 -0.276553
v -0.269571 0.816149 -0.274659
v -0.270328 0.815059 -0.271847
v -0.218263 0.818893 -0.277021
v -0.215437 0.817553 -0.276553
v -0.213369 0.816149 -0.274659
v -0.212612 0.815059 -0.271847
v -0.220188 0.816113 -0.277778
v -0.218025 0.813815 -0.277570
v -0.216442 0.811711 -0.275867
v -0.215863 0.810364 -0.273124
v -0.223069 0.814255 -0.278283
v -0.221899 0.811317 -0.278249
v -0.221042 0.808745 -0.276673
v -0.220729 0.807227 -0.273978
v -0.262211 1.078001 -0.194083
v -0.267077 1.074864 -0.194936
v -0.270328 1.070169 -0.196214
v -0.271470 1.064631 -0.197721
v -0.256471 1.079103 -0.193783
v -0.212612 1.070169 -0.196214
v -0.215863 1.074864 -0.194936
v -0.220729 1.078001 -0.194083
v -0.226468 1.079103 -0.193783
v -0.211470 1.064631 -0.197721
v -0.270328 1.030142 -0.207105
v -0.267077 1.025447 -0.208383
v -0.262211 1.022309 -0.209236
v -0.256471 1.021208 -0.209536
v -0.271470 1.035680 -0.205598
v -0.220729 1.022309 -0.209236
v -0.215863 1.025447 -0.208383
v -0.212612 1.030142 -0.207105
v -0.211470 1.035680 -0.205598
v -0.226468 1.021208 -0.209536
v -0.265470 1.067211 -0.209455
v -0.268470 1.067285 -0.208602
v -0.270666 1.066918 -0.206426
v -0.271470 1.066206 -0.203511
v -0.271470 1.037256 -0.211388
v -0.270666 1.038120 -0.214262
v -0.268470 1.038905 -0.216324
v -0.265470 1.039401 -0.217022
v -0.256471 1.080678 -0.199573
v -0.256392 1.080690 -0.202679
v -0.256176 1.079148 -0.205374
v -0.255880 1.076465 -0.206937
v -0.227059 1.076465 -0.206937
v -0.226764 1.079148 -0.205374
v -0.226547 1.080690 -0.202679
v -0.226468 1.080678 -0.199573
v -0.211470 1.066206 -0.203511
v -0.212274 1.066918 -0.206426
v -0.214470 1.067285 -0.208602
v -0.217469 1.067211 -0.209455
v -0.217469 1.039401 -0.217022
v -0.214470 1.038905 -0.216324
v -0.212274 1.038120 -0.214262
v -0.211470 1.037256 -0.211388
v -0.255880 1.030148 -0.219540
v -0.256176 1.027042 -0.219552
v -0.256392 1.024346 -0.218010
v -0.256471 1.022783 -0.215326
v -0.226468 1.022783 -0.215326
v -0.226547 1.024346 -0.218010
v -0.226764 1.027042 -0.219552
v -0.227059 1.030148 -0.219540
v -0.264677 1.071061 -0.208408
v -0.267502 1.071979 -0.207325
v -0.269571 1.072229 -0.204981
v -0.270328 1.071745 -0.202004
v -0.262751 1.073841 -0.207651
v -0.264914 1.075717 -0.206308
v -0.266497 1.076668 -0.203773
v -0.267077 1.076439 -0.200727
v -0.259870 1.075699 -0.207146
v -0.261041 1.078214 -0.205628
v -0.261897 1.079634 -0.202966
v -0.262211 1.079577 -0.199873
v -0.223069 1.075699 -0.207146
v -0.221899 1.078214 -0.205628
v -0.221042 1.079634 -0.202966
v -0.220729 1.079577 -0.199873
v -0.220188 1.073841 -0.207651
v -0.218025 1.075717 -0.206308
v -0.216442 1.076668 -0.203773
v -0.215863 1.076439 -0.200727
v -0.218263 1.071061 -0.208408
v -0.215437 1.071979 -0.207325
v -0.213369 1.072229 -0.204981
v -0.212612 1.071745 -0.202004
v -0.259870 1.030913 -0.219332
v -0.261041 1.027976 -0.219298
v -0.261897 1.025403 -0.217722
v -0.262211 1.023885 -0.215026
v -0.262751 1.032771 -0.218826
v -0.264914 1.030473 -0.218618
v -0.266497 1.028369 -0.216915
v -0.267077 1.027022 -0.214173
v -0.264677 1.035551 -0.218070
v -0.267502 1.034211 -0.217601
v -0.269571 1.032807 -0.215707
v -0.270328 1.031717 -0.212895
v -0.218263 1.035551 -0.218070
v -0.215437 1.034211 -0.217601
v -0.213369 1.032807 -0.215707
v -0.212612 1.031717 -0.212895
v -0.220188 1.032771 -0.218826
v -0.218025 1.030473 -0.218618
v -0.216442 1.028369 -0.216915
v -0.215863 1.027022 -0.214173
v -0.223069 1.030913 -0.219332
v -0.221899 1.027976 -0.219298
v -0.221042 1.025403 -0.217722
v -0.220729 1.023885 -0.215026
v -0.262211 0.933563 -0.233384
v -0.267077 0.930426 -0.234237
v -0.270328 0.925730 -0.235515
v -0.271470 0.920192 -0.237022
v -0.256471 0.934665 -0.233084
v -0.212612 0.925730 -0.235515
v -0.215863 0.930426 -0.234237
v -0.220729 0.933563 -0.233384
v -0.226468 0.934665 -0.233084
v -0.211470 0.920192 -0.237022
v -0.270328 0.885703 -0.246406
v -0.267077 0.881008 -0.247684
v -0.262211 0.877871 -0.248537
v -0.256471 0.876769 -0.248837
v -0.271470 0.891242 -0.244899
v -0.220729 0.877871 -0.248537
v -0.215863 0.881008 -0.247684
v -0.212612 0.885703 -0.246406
v -0.211470 0.891242 -0.244899
v -0.226468 0.876769 -0.248837
v -0.265470 0.922772 -0.248756
v -0.268470 0.922846 -0.247903
v -0.270666 0.922479 -0.245727
v -0.271470 0.921768 -0.242812
v -0.271470 0.892817 -0.250689
v -0.270666 0.893681 -0.253563
v -0.268470 0.894466 -0.255625
v -0.265470 0.894962 -0.256323
v -0.256471 0.936240 -0.238874
v -0.256392 0.936252 -0.241980
v -0.256176 0.934709 -0.244675
v -0.255880 0.932026 -0.246238
v -0.227059 0.932026 -0.246238
v -0.226764 0.934709 -0.244675
v -0.226547 0.936252 -0.241980
v -0.226468 0.936240 -0.238874
v -0.211470 0.921768 -0.242812
v -0.212274 0.922479 -0.245727
v -0.214470 0.922846 -0.247903
v -0.217469 0.922772 -0.248756
v -0.217469 0.894962 -0.256323
v -0.214470 0.894466 -0.255625
v -0.212274 0.893681 -0.253563
v -0.211470 0.892817 -0.250689
v -0.255880 0.885709 -0.258841
v -0.256176 0.882603 -0.258853
v -0.256392 0.879908 -0.257311
v -0.256471 0.878345 -0.254627
v -0.226468 0.878345 -0.254627
v -0.226547 0.879908 -0.257311
v -0.226764 0.882603 -0.258853
v -0.227059 0.885709 -0.258841
v -0.264677 0.926622 -0.247709
v -0.267502 0.927541 -0.246626
v -0.269571 0.927791 -0.244282
v -0.270328 0.927306 -0.241305
v -0.262751 0.929403 -0.246952
v -0.264914 0.931279 -0.245609
v -0.266497 0.932229 -0.243074
v -0.267077 0.932001 -0.240028
v -0.259870 0.931260 -0.246447
v -0.261041 0.933776 -0.244929
v -0.261897 0.935195 -0.242267
v -0.262211 0.935138 -0.239174
v -0.223069 0.931260 -0.246447
v -0.221899 0.933776 -0.244929
v -0.221042 0.935195 -0.242267
v -0.220729 0.935138 -0.239174
v -0.220188 0.929403 -0.246952
v -0.218025 0.931279 -0.245609
v -0.216442 0.932229 -0.243074
v -0.215863 0.932001 -0.240028
v -0.218263 0.926622 -0.247709
v -0.215437 0.927541 -0.246626
v -0.213369 0.927791 -0.244282
v -0.212612 0.927306 -0.241305
v -0.259870 0.886474 -0.258633
v -0.261041 0.883537 -0.258599
v -0.261897 0.880964 -0.257023
v -0.262211 0.879446 -0.254327
v -0.262751 0.888332 -0.258127
v -0.264914 0.886035 -0.257919
v -0.266497 0.883930 -0.256216
v -0.267077 0.882583 -0.253474
v -0.264677 0.891113 -0.257371
v -0.267502 0.889772 -0.256902
v -0.269571 0.888369 -0.255008
v -0.270328 0.887279 -0.252196
v -0.218263 0.891113 -0.257371
v -0.215437 0.889772 -0.256902
v -0.213369 0.888369 -0.255008
v -0.212612 0.887279 -0.252196
v -0.220188 0.888332 -0.258127
v -0.218025 0.886035 -0.257919
v -0.216442 0.883930 -0.256216
v -0.215863 0.882583 -0.253474
v -0.223069 0.886474 -0.258633
v -0.221899 0.883537 -0.258599
v -0.221042 0.880964 -0.257023
v -0.220729 0.879446 -0.254327
vn -0.0000 -0.0000 1.0000
vn -0.0000 1.0000 -0.0000
vn -0.0000 -0.0000 -1.0000
vn -0.0000 -1.0000 -0.0000
vn 1.0000 -0.0000 -0.0000
vn -1.0000 -0.0000 -0.0000
vn -0.0000 -0.9908 -0.1350
vn -0.0000 -0.9971 -0.0760
vn -0.0000 0.9971 -0.0760
vn -0.0000 0.9908 -0.1350
vn 0.7484 -0.0000 -0.6633
vn -0.0000 -0.9641 -0.2654
vn -0.7914 -0.0000 0.6113
vn -0.0000 0.9641 -0.2654
vn -0.7484 -0.0000 -0.6633
vn 0.7914 -0.0000 0.6113
vn -0.0000 -0.2625 0.9649
vn -0.9956 0.0536 -0.0765
vn -0.8705 0.1549 -0.4671
vn -0.8705 0.1032 -0.4812
vn -0.9956 -0.0075 -0.0931
vn -0.5153 0.2393 -0.8229
vn -0.5153 0.2106 -0.8307
vn -0.1805 0.2628 -0.9478
vn -0.1805 0.2537 -0.9503
vn -0.0005 0.2792 -0.9602
vn -0.0149 0.7222 -0.6915
vn 0.0149 0.7222 -0.6915
vn 0.0005 0.2792 -0.9602
vn -0.0268 0.9690 -0.2456
vn 0.0268 0.9690 -0.2455
vn -0.0317 0.9838 0.1765
vn 0.0317 0.9838 0.1766
vn 0.1805 0.2628 -0.9478
vn 0.5153 0.2393 -0.8229
vn 0.5153 0.2106 -0.8307
vn 0.1805 0.2537 -0.9503
vn 0.8705 0.1549 -0.4671
vn 0.8705 0.1032 -0.4812
vn 0.9956 0.0536 -0.0765
vn 0.9956 -0.0075 -0.0931
vn -0.0317 -0.9376 -0.3462
vn -0.0268 -0.7110 -0.7027
vn 0.0268 -0.7110 -0.7027
vn 0.0317 -0.9376 -0.3462
vn -0.0148 -0.2723 -0.9621
vn 0.0148 -0.2723 -0.9621
vn -0.0005 0.2458 -0.9693
vn 0.0005 0.2458 -0.9693
vn -0.0320 0.9644 0.2624
vn 0.0320 0.9644 0.2624
vn -0.0320 -0.9644 -0.2624
vn 0.0320 -0.9644 -0.2624
vn 0.9995 -0.0308 -0.0083
vn 0.9995 0.0308 0.0084
vn -0.9995 -0.0308 -0.0084
vn -0.9995 0.0308 0.0084
vn -0.9239 0.3693 0.1005
vn -0.9204 0.3906 0.0158
vn -0.7071 0.6823 0.1856
vn -0.7044 0.7026 0.1009
vn -0.3827 0.8915 0.2426
vn -0.3810 0.9111 0.1574
vn 0.3827 0.8915 0.2426
vn 0.3810 0.9111 0.1574
vn 0.7071 0.6823 0.1856
vn 0.7044 0.7026 0.1009
vn 0.9239 0.3693 0.1005
vn 0.9204 0.3906 0.0158
vn -0.3827 -0.8915 -0.2426
vn -0.3810 -0.8652 -0.3258
vn -0.7071 -0.6823 -0.1856
vn -0.7044 -0.6569 -0.2690
vn -0.9239 -0.3693 -0.1005
vn -0.9204 -0.3447 -0.1842
vn 0.9239 -0.3693 -0.1005
vn 0.9204 -0.3447 -0.1842
vn 0.7071 -0.6823 -0.1856
vn 0.7044 -0.6569 -0.2689
vn 0.3827 -0.8915 -0.2426
vn 0.3810 -0.8652 -0.3258
vn -0.0088 0.2413 -0.9704
vn -0.0088 0.2836 -0.9589
vn -0.8915 0.4248 -0.1575
vn -0.4982 0.4176 -0.7599
vn -0.0450 0.2797 -0.9590
vn -0.6479 0.4437 -0.6191
vn 0.3340 0.9083 -0.2518
vn 0.2035 0.7021 -0.6824
vn 0.0088 0.2836 -0.9589
vn 0.8915 -0.2864 -0.3510
vn 0.4982 0.0250 -0.8667
vn 0.0450 0.2448 -0.9685
vn 0.6479 -0.0688 -0.7586
vn -0.3340 -0.6556 -0.6773
vn -0.2035 -0.2594 -0.9441
vn -0.6821 0.7274 -0.0752
vn -0.3832 0.5904 -0.7103
vn -0.0219 0.2835 -0.9587
vn -0.4951 0.6652 -0.5589
vn -0.3340 0.9083 -0.2518
vn -0.2035 0.7021 -0.6824
vn 0.6821 0.7274 -0.0752
vn 0.3832 0.5904 -0.7103
vn 0.0219 0.2835 -0.9587
vn 0.4951 0.6652 -0.5589
vn 0.8915 0.4248 -0.1576
vn 0.4982 0.4176 -0.7599
vn 0.0450 0.2797 -0.9590
vn 0.6479 0.4437 -0.6192
vn -0.6821 -0.5890 -0.4334
vn -0.3832 -0.1491 -0.9115
vn -0.0218 0.2413 -0.9702
vn -0.4951 -0.2903 -0.8189
vn -0.8915 -0.2865 -0.3510
vn -0.4982 0.0250 -0.8667
vn -0.0450 0.2448 -0.9685
vn -0.6479 -0.0689 -0.7586
vn 0.6821 -0.5890 -0.4334
vn 0.3832 -0.1491 -0.9115
vn 0.0218 0.2413 -0.9702
vn 0.4951 -0.2903 -0.8189
vn 0.3340 -0.6556 -0.6773
vn 0.2035 -0.2595 -0.9441
vn 0.0088 0.2413 -0.9704
vn -0.0001 -0.2625 0.9649
vn 0.0001 -0.2625 0.9649
vn -0.0149 0.7223 -0.6915
vn 0.0149 0.7223 -0.6915
vn -0.0268 0.9690 -0.2455
vn 0.0268 0.9690 -0.2456
vn 0.0317 0.9838 0.1765
vn 0.9995 -0.0308 -0.0084
vn -0.9204 -0.3447 -0.1843
vn 0.7044 -0.6569 -0.2690
vn -0.8914 0.4250 -0.1575
vn 0.8915 -0.2865 -0.3511
vn 0.6479 -0.0689 -0.7586
vn -0.0218 0.2835 -0.9587
vn 0.0218 0.2835 -0.9587
vn 0.8914 0.4249 -0.1575
vn 0.6479 0.4437 -0.6191
vn -0.8914 -0.2866 -0.3511
vn 0.2035 -0.2594 -0.9441
vn -0.3810 -0.8652 -0.3259
vn 0.9204 -0.3447 -0.1843
vn 0.7044 -0.6568 -0.2690
vn -0.8915 0.4249 -0.1575
vn 0.2035 0.7020 -0.6825
vn 0.8915 -0.2864 -0.3511
vn -0.2035 -0.2595 -0.9441
vn 0.8914 0.4250 -0.1575
vn -0.8915 -0.2864 -0.3510
vn -0.0001 -0.2626 0.9649
vn 0.9956 0.0537 -0.0765
vn 0.0320 0.9644 0.2623
vn -0.7044 -0.6569 -0.2689
vn -0.8915 -0.2865 -0.3511
vn -0.0000 0.2622 -0.9650
vn -0.0000 0.2610 -0.9653
vn -0.0000 0.0030 -1.0000
vn -0.0000 0.1760 -0.9844
vn -0.0000 0.0883 -0.9961
vn 0.7071 -0.0000 -0.7071
vn -0.0000 -0.7071 -0.7071
vn -0.7071 -0.0000 -0.7071
vn -0.0000 0.7071 -0.7071
vn 0.9483 -0.3081 -0.0761
vn 0.9066 -0.2946 -0.3021
vn 0.9533 -0.0000 -0.3021
vn 0.9971 -0.0000 -0.0761
vn 0.7783 -0.2529 -0.5748
vn 0.8183 -0.0000 -0.5747
vn 0.5802 -0.1885 -0.7924
vn 0.6100 -0.0000 -0.7924
vn 0.3879 -0.1247 -0.9132
vn 0.3957 -0.0000 -0.9184
vn -0.1510 -0.0354 -0.9879
vn -0.3696 -0.1883 -0.9099
vn -0.3840 -0.0972 -0.9182
vn -0.5207 -0.3390 -0.7835
vn -0.5977 -0.1861 -0.7798
vn -0.3649 -0.2629 -0.8932
vn -0.6833 -0.4764 -0.5532
vn -0.7783 -0.2529 -0.5748
vn -0.7712 -0.5603 -0.3021
vn -0.9066 -0.2946 -0.3021
vn -0.8067 -0.5861 -0.0761
vn -0.9483 -0.3081 -0.0761
vn -0.1510 0.0354 -0.9879
vn -0.1545 -0.0000 -0.9880
vn -0.3974 -0.0000 -0.9177
vn -0.3840 0.0972 -0.9182
vn -0.6100 -0.0000 -0.7924
vn -0.5977 0.1861 -0.7798
vn -0.8183 -0.0000 -0.5747
vn -0.7783 0.2529 -0.5747
vn -0.9533 -0.0000 -0.3021
vn -0.9066 0.2946 -0.3021
vn -0.9971 -0.0000 -0.0761
vn -0.9483 0.3081 -0.0760
vn 0.3781 0.1936 -0.9053
vn 0.5162 0.3189 -0.7949
vn 0.5802 0.1885 -0.7924
vn 0.3879 0.1247 -0.9132
vn 0.6854 0.4760 -0.5510
vn 0.7783 0.2529 -0.5748
vn 0.7712 0.5603 -0.3021
vn 0.9066 0.2946 -0.3021
vn 0.8067 0.5861 -0.0761
vn 0.9483 0.3081 -0.0761
vn -0.0000 -1.0000 -0.0021
vn 0.5126 -0.3246 -0.7949
vn 0.3780 -0.1935 -0.9053
vn 0.6833 -0.4764 -0.5532
vn 0.7712 -0.5603 -0.3021
vn 0.8067 -0.5861 -0.0761
vn 0.4981 -0.6849 -0.5318
vn 0.4049 -0.5709 -0.7143
vn 0.4701 -0.4793 -0.7411
vn 0.5603 -0.7712 -0.3021
vn 0.5861 -0.8067 -0.0760
vn 0.2946 -0.9066 -0.3021
vn 0.2448 -0.7923 -0.5588
vn 0.3081 -0.9483 -0.0761
vn 0.1778 -0.6805 -0.7109
vn -0.0000 -0.8183 -0.5747
vn -0.0000 -0.7027 -0.7115
vn -0.0000 -0.9533 -0.3021
vn -0.2448 -0.7923 -0.5588
vn -0.1778 -0.6805 -0.7109
vn -0.2946 -0.9066 -0.3021
vn -0.3081 -0.9483 -0.0761
vn -0.4981 -0.6849 -0.5318
vn -0.4049 -0.5709 -0.7142
vn -0.3247 -0.5975 -0.7332
vn -0.5603 -0.7712 -0.3021
vn -0.5861 -0.8067 -0.0761
vn -0.3217 -0.3267 -0.8887
vn -0.3892 -0.3932 -0.8331
vn -0.3693 0.1882 -0.9101
vn -0.5215 0.3365 -0.7841
vn -0.3650 0.2623 -0.8933
vn -0.6848 0.4761 -0.5517
vn -0.7712 0.5603 -0.3021
vn -0.8067 0.5861 -0.0760
vn -0.4987 0.6864 -0.5293
vn -0.4110 0.5634 -0.7167
vn -0.3959 0.4019 -0.8257
vn -0.5603 0.7712 -0.3021
vn -0.5861 0.8067 -0.0760
vn -0.2946 0.9066 -0.3021
vn -0.2415 0.7979 -0.5523
vn -0.3081 0.9483 -0.0760
vn -0.2134 0.7645 -0.6083
vn -0.0000 0.8183 -0.5747
vn -0.0000 0.7027 -0.7115
vn -0.0000 0.9533 -0.3021
vn -0.0000 0.9971 -0.0761
vn 0.2415 0.7979 -0.5523
vn 0.2133 0.7645 -0.6083
vn 0.2946 0.9066 -0.3021
vn 0.3081 0.9483 -0.0760
vn 0.3784 0.7342 -0.5637
vn 0.4987 0.6864 -0.5293
vn 0.4114 0.5607 -0.7185
vn 0.5603 0.7712 -0.3021
vn 0.5861 0.8067 -0.0761
vn 0.3211 0.3211 -0.8910
vn 0.3364 0.3658 -0.8678
vn 0.4232 0.4288 -0.7981
vn 0.1394 0.0710 -0.9877
vn 0.1508 0.0359 -0.9879
vn 0.1545 -0.0000 -0.9880
vn 0.1508 -0.0359 -0.9879
vn 0.1394 -0.0710 -0.9877
vn 0.3210 -0.3209 -0.8910
vn 0.3222 -0.3322 -0.8864
vn -0.4043 0.2063 -0.8910
vn -0.0000 -1.0000 0.0007
vn -0.0000 -1.0000 0.0006
vn -0.0000 1.0000 0.0022
vn 1.0000 0.0021 -0.0023
vn 0.9999 0.0086 -0.0090
vn 0.9999 0.0071 -0.0074
vn 0.9999 -0.0119 0.0122
vn 1.0000 -0.0050 0.0053
vn 0.9999 -0.0075 0.0081
vn 0.9999 -0.0106 0.0112
vn -0.0000 -0.6336 0.7737
vn 0.9998 0.0141 -0.0143
vn 0.9999 0.0102 -0.0107
vn 0.9983 0.0444 -0.0372
vn 0.9982 0.0453 -0.0390
vn 0.2649 -0.7990 0.5399
vn 0.1301 -0.8215 0.5551
vn 0.2383 -0.7872 0.5688
vn -0.1301 -0.8215 0.5551
vn -0.2649 -0.7989 0.5399
vn -0.2384 -0.7872 0.5688
vn -0.1301 0.8215 -0.5551
vn -0.2246 0.7311 -0.6442
vn 0.1301 0.8215 -0.5551
vn 0.2246 0.7311 -0.6442
vn 0.9968 -0.0616 0.0511
vn 0.9971 -0.0532 0.0543
vn -0.2799 -0.6756 0.6821
vn -1.0000 -0.0039 0.0042
vn -0.9999 -0.0083 0.0087
vn -1.0000 0.0016 -0.0018
vn -1.0000 -0.0058 0.0062
vn -0.8094 0.4128 -0.4177
vn -0.8055 0.4116 -0.4264
vn -1.0000 0.0016 -0.0017
vn -1.0000 0.0068 -0.0071
vn -1.0000 0.0056 -0.0059
vn -0.9999 0.0077 -0.0080
vn -0.9999 0.0084 -0.0088
vn -0.9990 0.0350 -0.0293
vn -0.9994 0.0239 -0.0241
vn -0.9989 0.0356 -0.0306
vn 0.9999 0.0064 -0.0093
vn 1.0000 -0.0003 0.0015
vn 0.9999 -0.0072 0.0140
vn 0.9999 -0.0100 0.0140
vn -0.0000 -0.6817 0.7316
vn -0.0000 -0.5144 0.8575
vn 0.9998 0.0101 -0.0174
vn 0.9967 0.0507 -0.0640
vn -0.0000 -0.7408 0.6717
vn -0.0000 -0.6677 0.7444
vn 0.1888 -0.6434 0.7419
vn -0.1887 -0.6436 0.7417
vn -0.0000 0.6715 -0.7410
vn -0.0000 0.4774 -0.8787
vn -0.1580 0.4704 -0.8682
vn 0.1579 0.4704 -0.8682
vn 0.9945 -0.0446 0.0950
vn -0.4395 -0.6072 0.6619
vn -0.3763 -0.4895 0.7866
vn -0.3422 -0.4285 0.8363
vn -1.0000 0.0017 -0.0090
vn -0.9999 -0.0056 0.0108
vn -0.7538 0.3709 -0.5424
vn -1.0000 -0.0005 0.0016
vn -1.0000 0.0049 -0.0071
vn -0.9999 0.0073 -0.0129
vn -0.9978 0.0408 -0.0515
vn 0.9998 0.0033 -0.0186
vn 1.0000 0.0004 0.0053
vn 0.9996 -0.0020 0.0298
vn 0.9996 -0.0065 0.0286
vn -0.0000 -0.5144 0.8576
vn -0.0000 -0.1096 0.9940
vn 0.9993 0.0023 -0.0386
vn 0.9929 0.0394 -0.1127
vn -0.0000 -0.6448 0.7644
vn 0.1664 -0.6216 0.7654
vn -0.1662 -0.6218 0.7654
vn -0.0000 0.1015 -0.9948
vn -0.0868 0.1007 -0.9911
vn 0.0867 0.1008 -0.9911
vn 0.9807 -0.0098 0.1952
vn -0.1985 -0.1258 0.9720
vn -0.1781 -0.0812 0.9807
vn -0.9997 -0.0053 0.0219
vn -0.9997 -0.0016 0.0234
vn -0.5218 0.1423 -0.8411
vn -0.4430 0.0565 -0.8948
vn -1.0000 0.0004 0.0041
vn -1.0000 0.0020 -0.0065
vn -0.9997 -0.0002 0.0239
vn -0.9939 0.0301 -0.1059
vn 0.9995 0.0003 -0.0300
vn 1.0000 -0.0000 0.0001
vn 0.9995 -0.0003 0.0308
vn 0.9991 -0.0004 0.0431
vn 0.0001 0.1095 -0.9940
vn 0.0001 0.0095 -1.0000
vn 0.9991 0.0004 -0.0432
vn 0.9769 0.0014 -0.2138
vn 0.0773 -0.0118 0.9969
vn -0.0000 -0.0120 0.9999
vn 0.0738 -0.0118 0.9972
vn -0.0771 -0.0118 0.9970
vn -0.0736 -0.0118 0.9972
vn -0.0000 0.0078 -1.0000
vn -0.0727 0.0079 -0.9973
vn 0.0726 0.0079 -0.9973
vn 0.9768 -0.0018 0.2143
vn -0.1440 -0.0086 0.9895
vn -0.9994 -0.0003 0.0339
vn -0.9997 -0.0002 0.0242
vn -0.3955 0.0080 -0.9184
vn -1.0000 -0.0000 0.0002
vn -0.9999 -0.0010 0.0125
vn -0.9995 -0.0024 0.0314
vn -0.9798 -0.0002 -0.1999
vn -0.9483 0.3081 -0.0761
vn -0.8183 -0.0000 -0.5748
vn -0.5802 0.1885 -0.7924
vn -0.3879 0.1247 -0.9132
vn -0.3957 -0.0000 -0.9184
vn 0.1510 0.0354 -0.9879
vn 0.3694 0.1882 -0.9100
vn 0.3840 0.0972 -0.9182
vn 0.5207 0.3390 -0.7835
vn 0.5977 0.1861 -0.7798
vn 0.3646 0.2629 -0.8933
vn 0.6833 0.4764 -0.5532
vn 0.7783 0.2529 -0.5747
vn 0.1510 -0.0354 -0.9879
vn 0.3974 -0.0000 -0.9177
vn 0.3840 -0.0972 -0.9182
vn 0.5977 -0.1861 -0.7798
vn 0.8183 -0.0000 -0.5748
vn 0.7783 -0.2529 -0.5747
vn 0.9483 -0.3081 -0.0760
vn -0.3780 -0.1935 -0.9054
vn -0.5162 -0.3189 -0.7949
vn -0.5802 -0.1885 -0.7924
vn -0.3879 -0.1247 -0.9132
vn -0.6854 -0.4760 -0.5510
vn -0.7783 -0.2529 -0.5747
vn -0.8067 -0.5861 -0.0760
vn -0.9483 -0.3081 -0.0760
vn -0.5126 0.3246 -0.7949
vn -0.3780 0.1936 -0.9053
vn -0.6833 0.4764 -0.5532
vn -0.8067 0.5861 -0.0761
vn -0.4981 0.6849 -0.5318
vn -0.4049 0.5709 -0.7143
vn -0.4701 0.4793 -0.7411
vn -0.2448 0.7923 -0.5588
vn -0.0000 1.0000 -0.0001
vn -0.1778 0.6805 -0.7109
vn -0.0000 0.8183 -0.5748
vn 0.2448 0.7923 -0.5588
vn 0.1778 0.6805 -0.7109
vn 0.3081 0.9483 -0.0761
vn 0.4981 0.6849 -0.5318
vn 0.4049 0.5709 -0.7142
vn 0.3247 0.5975 -0.7332
vn 0.5861 0.8067 -0.0760
vn 0.3217 0.3267 -0.8887
vn 0.3891 0.3932 -0.8331
vn 0.3694 -0.1882 -0.9100
vn 0.5215 -0.3365 -0.7841
vn 0.3651 -0.2623 -0.8933
vn 0.6848 -0.4761 -0.5517
vn 0.8067 -0.5861 -0.0760
vn 0.4987 -0.6864 -0.5293
vn 0.4110 -0.5634 -0.7167
vn 0.3959 -0.4019 -0.8257
vn 0.5861 -0.8067 -0.0761
vn 0.2415 -0.7979 -0.5523
vn 0.3081 -0.9483 -0.0760
vn 0.2134 -0.7645 -0.6083
vn -0.2415 -0.7979 -0.5523
vn -0.2133 -0.7645 -0.6083
vn -0.3081 -0.9483 -0.0760
vn -0.3784 -0.7342 -0.5637
vn -0.4987 -0.6864 -0.5293
vn -0.4115 -0.5607 -0.7185
vn -0.3210 -0.3210 -0.8910
vn -0.3364 -0.3658 -0.8678
vn -0.4232 -0.4289 -0.7981
vn -0.1394 -0.0710 -0.9877
vn -0.1508 -0.0359 -0.9879
vn -0.1508 0.0359 -0.9879
vn -0.1394 0.0710 -0.9877
vn -0.3210 0.3210 -0.8910
vn -0.3222 0.3322 -0.8865
vn 0.4049 -0.2062 -0.8908
vn -0.0000 1.0000 -0.0005
vn -0.0000 1.0000 0.0006
vn -0.0000 -1.0000 -0.0011
vn -1.0000 -0.0021 -0.0023
vn -0.9999 -0.0086 -0.0090
vn -0.9999 -0.0071 -0.0074
vn -0.9999 0.0119 0.0122
vn -1.0000 0.0050 0.0053
vn -0.9999 0.0075 0.0081
vn -0.9999 0.0106 0.0112
vn -0.0000 0.6336 0.7737
vn -0.9998 -0.0140 -0.0143
vn -0.9999 -0.0103 -0.0108
vn -0.9983 -0.0444 -0.0373
vn -0.9982 -0.0454 -0.0390
vn -0.2649 0.7990 0.5399
vn -0.1301 0.8215 0.5551
vn -0.2383 0.7872 0.5688
vn 0.1301 0.8215 0.5551
vn 0.2649 0.7989 0.5399
vn 0.2384 0.7872 0.5688
vn 0.1301 -0.8215 -0.5551
vn 0.2247 -0.7311 -0.6442
vn -0.1301 -0.8215 -0.5551
vn -0.2246 -0.7311 -0.6442
vn -0.9968 0.0616 0.0511
vn -0.9971 0.0532 0.0543
vn 0.2776 0.6760 0.6826
vn 1.0000 0.0039 0.0042
vn 0.9999 0.0083 0.0087
vn 1.0000 -0.0015 -0.0018
vn 1.0000 0.0058 0.0062
vn 0.8100 -0.4121 -0.4171
vn 0.8059 -0.4112 -0.4260
vn 1.0000 -0.0016 -0.0017
vn 1.0000 -0.0068 -0.0071
vn 1.0000 -0.0056 -0.0059
vn 0.9999 -0.0077 -0.0080
vn 0.9999 -0.0084 -0.0088
vn 0.9990 -0.0349 -0.0293
vn 0.9994 -0.0238 -0.0241
vn 0.9989 -0.0356 -0.0306
vn -0.9999 -0.0064 -0.0093
vn -1.0000 0.0003 0.0015
vn -0.9999 0.0071 0.0139
vn -0.9999 0.0100 0.0140
vn -0.0000 -0.6817 -0.7316
vn -0.0000 -0.5144 -0.8575
vn -0.9998 -0.0102 -0.0174
vn -0.9967 -0.0507 -0.0640
vn -0.0000 0.7408 0.6718
vn -0.0000 0.6677 0.7444
vn -0.1888 0.6434 0.7419
vn 0.1888 0.6436 0.7417
vn -0.0000 -0.6715 -0.7410
vn -0.0000 -0.4774 -0.8787
vn 0.1580 -0.4704 -0.8682
vn -0.1579 -0.4704 -0.8682
vn -0.9945 0.0447 0.0950
vn 0.4395 0.6072 0.6619
vn 0.3767 0.4896 0.7863
vn 0.3425 0.4282 0.8363
vn 1.0000 -0.0018 -0.0090
vn 0.9999 0.0056 0.0108
vn 0.7538 -0.3708 -0.5425
vn 1.0000 0.0005 0.0016
vn 1.0000 -0.0049 -0.0071
vn 0.9999 -0.0073 -0.0129
vn 0.9978 -0.0408 -0.0515
vn -0.9998 -0.0033 -0.0186
vn -1.0000 -0.0004 0.0053
vn -0.9996 0.0020 0.0298
vn -0.9996 0.0065 0.0286
vn -0.0000 -0.5144 -0.8576
vn -0.0000 -0.1096 -0.9940
vn -0.9993 -0.0022 -0.0386
vn -0.9929 -0.0394 -0.1127
vn -0.0000 0.6448 0.7644
vn -0.1663 0.6216 0.7654
vn 0.1662 0.6218 0.7654
vn -0.0000 -0.1015 -0.9948
vn 0.0868 -0.1007 -0.9911
vn -0.0867 -0.1008 -0.9911
vn -0.9807 0.0098 0.1952
vn 0.1987 0.1257 0.9720
vn 0.1782 0.0812 0.9806
vn 0.9997 0.0053 0.0219
vn 0.9997 0.0016 0.0234
vn 0.5220 -0.1425 -0.8409
vn 0.4428 -0.0564 -0.8948
vn 1.0000 -0.0003 0.0041
vn 1.0000 -0.0020 -0.0065
vn 0.9997 0.0002 0.0239
vn 0.9939 -0.0301 -0.1059
vn -0.9995 -0.0003 -0.0301
vn -1.0000 -0.0000 0.0001
vn -0.9995 0.0003 0.0307
vn -0.9991 0.0004 0.0431
vn -0.0000 0.1095 0.9940
vn 0.0001 0.1095 0.9940
vn 0.0001 0.0095 1.0000
vn -0.9991 -0.0004 -0.0432
vn -0.9769 -0.0014 -0.2138
vn -0.0773 0.0118 0.9969
vn -0.0000 0.0120 0.9999
vn -0.0738 0.0118 0.9972
vn 0.0770 0.0118 0.9970
vn 0.0736 0.0118 0.9972
vn -0.0000 -0.0078 -1.0000
vn 0.0727 -0.0079 -0.9973
vn -0.0726 -0.0079 -0.9973
vn -0.9768 0.0018 0.2144
vn 0.1440 0.0086 0.9895
vn 0.9994 0.0003 0.0339
vn 0.9997 0.0002 0.0242
vn 0.3956 -0.0080 -0.9184
vn 1.0000 -0.0000 0.0002
vn 0.9999 0.0010 0.0125
vn 0.9995 0.0024 0.0314
vn 0.9798 0.0002 -0.1999
vn 0.3247 -0.5972 -0.7334
vn -0.3230 0.3297 -0.8871
vn -0.3780 0.7360 -0.5616
vn -0.3247 0.5972 -0.7334
vn 0.3230 -0.3297 -0.8871
vn 0.3780 -0.7360 -0.5616
vn 0.6683 -0.2171 0.7115
vn 0.7027 -0.0000 0.7115
vn 0.5685 -0.4130 0.7115
vn 0.4130 -0.5685 0.7115
vn 0.2172 -0.6683 0.7115
vn -0.0000 -0.7027 0.7115
vn -0.2172 -0.6683 0.7115
vn -0.4130 -0.5685 0.7115
vn -0.4131 -0.5685 0.7115
vn -0.5685 -0.4130 0.7115
vn -0.6683 -0.2171 0.7115
vn -0.7027 -0.0000 0.7115
vn -0.6683 0.2171 0.7115
vn -0.5685 0.4130 0.7115
vn -0.4130 0.5685 0.7115
vn -0.4131 0.5685 0.7115
vn -0.2171 0.6683 0.7115
vn -0.0000 0.7027 0.7115
vn 0.2171 0.6683 0.7115
vn 0.4130 0.5685 0.7115
vn 0.4131 0.5685 0.7115
vn 0.5685 0.4130 0.7115
vn 0.6683 0.2171 0.7115
vn 0.8550 -0.4307 0.2888
vn 0.8548 -0.4174 0.3082
vn 0.8549 -0.4215 0.3024
vn 0.8388 -0.3463 0.4201
vn 0.8403 -0.3497 0.4143
vn -0.8513 -0.4356 0.2924
vn -0.8510 -0.4264 0.3066
vn -0.8508 -0.4225 0.3125
vn -0.8281 -0.3618 0.4281
vn -0.8259 -0.3591 0.4345
vn -0.8518 0.4336 -0.2941
vn -0.8432 0.4038 -0.3549
vn -0.8406 0.3965 -0.3689
vn -0.8059 0.3041 -0.5080
vn -0.7830 0.2562 -0.5668
vn 0.8564 0.4273 -0.2897
vn 0.8457 0.3905 -0.3637
vn 0.8482 0.3978 -0.3498
vn 0.7920 0.2513 -0.5564
vn 0.8133 0.2986 -0.4994
vn 0.7883 -0.0577 0.6125
vn 0.8057 -0.1194 0.5801
vn -0.7789 -0.1530 0.6082
vn -0.7424 -0.0546 0.6678
vn -0.7525 0.0979 -0.6513
vn -0.7480 0.0383 -0.6626
vn 0.7626 0.0376 -0.6458
vn 0.7656 0.0955 -0.6362
vn 0.7725 -0.0108 0.6350
vn -0.7240 -0.0135 0.6897
vn -0.7441 0.0033 -0.6681
vn 0.7596 0.0031 -0.6504
vn -0.2172 0.6683 0.7115
vn 0.2172 0.6683 0.7115
vn 0.6683 0.2172 0.7115
vn 0.6683 -0.2172 0.7115
vn 0.4131 -0.5685 0.7115
vn 0.2171 -0.6683 0.7115
vn -0.2171 -0.6683 0.7115
vn -0.8550 0.4307 0.2888
vn -0.8548 0.4174 0.3082
vn -0.8549 0.4214 0.3024
vn -0.8388 0.3463 0.4201
vn -0.8403 0.3497 0.4143
vn 0.8513 0.4356 0.2924
vn 0.8510 0.4264 0.3066
vn 0.8508 0.4225 0.3125
vn 0.8281 0.3618 0.4281
vn 0.8259 0.3591 0.4346
vn 0.8518 -0.4336 -0.2941
vn 0.8432 -0.4038 -0.3549
vn 0.8406 -0.3965 -0.3689
vn 0.8059 -0.3041 -0.5080
vn 0.7830 -0.2562 -0.5668
vn -0.8564 -0.4273 -0.2897
vn -0.8457 -0.3905 -0.3637
vn -0.8482 -0.3977 -0.3498
vn -0.7920 -0.2513 -0.5563
vn -0.8133 -0.2986 -0.4994
vn -0.7883 0.0577 0.6125
vn -0.8057 0.1194 0.5801
vn 0.7789 0.1530 0.6082
vn 0.7424 0.0546 0.6678
vn 0.7525 -0.0979 -0.6513
vn 0.7480 -0.0383 -0.6626
vn -0.7626 -0.0376 -0.6458
vn -0.7656 -0.0955 -0.6362
vn -0.7725 0.0108 0.6350
vn 0.7240 0.0135 0.6897
vn 0.7441 -0.0033 -0.6681
vn -0.7596 -0.0031 -0.6504
vn 0.9511 -0.3090 -0.0000
vn 0.8090 -0.5878 -0.0000
vn 0.5878 -0.8090 -0.0000
vn 0.3090 -0.9511 -0.0000
vn -0.3090 -0.9511 -0.0000
vn -0.5878 -0.8090 -0.0000
vn -0.8090 -0.5878 -0.0000
vn -0.9511 -0.3090 -0.0000
vn -0.9511 0.3090 -0.0000
vn -0.8090 0.5878 -0.0000
vn -0.5878 0.8090 -0.0000
vn -0.3090 0.9511 -0.0000
vn 0.3090 0.9511 -0.0000
vn 0.5878 0.8090 -0.0000
vn 0.8090 0.5878 -0.0000
vn 0.9511 0.3090 -0.0000
vn -0.0000 -1.0000 -0.0024
vn 0.9983 0.0450 -0.0376
vn 0.9978 0.0483 -0.0461
vn 0.3826 -0.7528 0.5357
vn 0.3889 -0.7633 0.5158
vn -0.3889 -0.7633 0.5158
vn -0.3825 -0.7528 0.5357
vn -0.3493 0.6873 -0.6369
vn 0.3493 0.6873 -0.6369
vn 0.9969 -0.0590 0.0523
vn 0.9968 -0.0617 0.0512
vn -0.9980 -0.0482 0.0399
vn -0.9981 -0.0462 0.0408
vn -0.9982 -0.0420 0.0428
vn -0.9986 0.0378 -0.0360
vn -0.9989 0.0352 -0.0294
vn 0.9955 0.0506 -0.0804
vn 0.2922 -0.6233 0.7253
vn -0.2926 -0.6237 0.7248
vn -0.2453 0.4301 -0.8688
vn 0.2453 0.4302 -0.8688
vn 0.9966 -0.0502 0.0647
vn -0.9979 -0.0394 0.0507
vn -0.9965 -0.0353 0.0753
vn -0.9970 0.0420 -0.0655
vn 0.9820 0.0131 -0.1882
vn 0.2652 -0.5894 0.7631
vn -0.2656 -0.5895 0.7629
vn -0.1403 0.0832 -0.9866
vn 0.1402 0.0833 -0.9866
vn 0.9907 -0.0351 0.1315
vn -0.9942 -0.0276 0.1037
vn -0.9879 -0.0077 0.1551
vn -0.9848 0.0095 -0.1735
vn 0.9762 0.0023 -0.2168
vn 0.1202 -0.0116 0.9927
vn -0.1201 -0.0116 0.9927
vn -0.1198 0.0079 -0.9928
vn 0.1197 0.0079 -0.9928
vn 0.9761 -0.0019 0.2172
vn -0.9852 -0.0014 0.1712
vn -0.9792 -0.0002 -0.2028
vn -0.9983 -0.0450 -0.0376
vn -0.9978 -0.0483 -0.0461
vn -0.3826 0.7528 0.5357
vn -0.3889 0.7633 0.5158
vn 0.3889 0.7633 0.5158
vn 0.3825 0.7528 0.5357
vn 0.3493 -0.6873 -0.6369
vn -0.3493 -0.6873 -0.6369
vn -0.9969 0.0592 0.0523
vn -0.9968 0.0617 0.0512
vn 0.9980 0.0482 0.0399
vn 0.9981 0.0462 0.0408
vn 0.9982 0.0423 0.0427
vn 0.9986 -0.0378 -0.0360
vn 0.9989 -0.0352 -0.0294
vn -0.9955 -0.0506 -0.0804
vn -0.2921 0.6233 0.7253
vn 0.2926 0.6237 0.7248
vn 0.2453 -0.4301 -0.8688
vn -0.2453 -0.4302 -0.8688
vn -0.9966 0.0502 0.0647
vn 0.9979 0.0394 0.0507
vn 0.9965 0.0353 0.0753
vn 0.9970 -0.0420 -0.0655
vn -0.9820 -0.0131 -0.1882
vn -0.2652 0.5894 0.7631
vn 0.2656 0.5895 0.7629
vn 0.1403 -0.0832 -0.9866
vn -0.1402 -0.0833 -0.9866
vn -0.9907 0.0351 0.1315
vn 0.9942 0.0276 0.1037
vn 0.9879 0.0077 0.1551
vn 0.9848 -0.0095 -0.1735
vn -0.9762 -0.0023 -0.2168
vn -0.1202 0.0116 0.9927
vn 0.1201 0.0116 0.9927
vn 0.1199 -0.0079 -0.9928
vn -0.1197 -0.0079 -0.9928
vn -0.9761 0.0019 0.2172
vn 0.9852 0.0014 0.1712
vn 0.9792 0.0002 -0.2028
vn -0.7044 -0.6568 -0.2690
vn 0.8915 -0.2863 -0.3510
vn -0.3340 0.9084 -0.2517
vn 0.8915 0.4248 -0.1575
vn 0.6479 0.4438 -0.6191
vn -0.8915 -0.2863 -0.3510
vn -0.0000 -0.2626 0.9649
vn 0.0006 -0.0478 -0.9989
vn 0.0168 -0.0593 -0.9981
vn 0.7050 -0.0863 -0.7040
vn 0.7057 -0.0763 -0.7044
vn 0.4901 -0.1139 0.8642
vn 0.4902 -0.1516 0.8583
vn 0.9102 -0.0049 0.4141
vn 0.9092 0.0045 0.4163
vn 0.7110 0.0795 0.6987
vn 0.7022 0.0860 0.7068
vn 0.9831 -0.1227 -0.1361
vn 0.9840 -0.1028 -0.1453
vn 0.7064 0.1021 0.7004
vn 0.7088 0.1022 0.6980
vn 0.8385 0.3857 0.3848
vn 0.8049 0.4215 0.4176
vn -0.6973 -0.0879 -0.7113
vn -0.6953 -0.0875 -0.7134
vn -0.8346 -0.3752 -0.4032
vn -0.8023 -0.4122 -0.4318
vn -0.7008 -0.0873 -0.7080
vn -0.7000 -0.0868 -0.7088
vn -0.7075 -0.4735 -0.5247
vn -0.6800 -0.4795 -0.5546
vn -0.0298 -0.9871 0.1572
vn -0.1633 -0.9439 0.2869
vn 0.2058 -0.7687 0.6055
vn 0.2703 -0.7916 0.5479
vn 0.3284 -0.8013 0.5001
vn 0.3824 -0.8074 0.4493
vn 0.0099 -0.9960 0.0894
vn 0.3836 -0.8034 0.4555
vn 0.6293 -0.3059 0.7144
vn 0.6544 -0.2995 0.6943
vn 0.6631 -0.3066 0.6829
vn 0.7022 0.0917 0.7060
vn 0.7017 0.1011 0.7053
vn 0.7020 0.1018 0.7049
vn 0.5702 -0.3002 0.7647
vn 0.6011 -0.3065 0.7380
vn 0.7025 0.1026 0.7043
vn 0.7032 0.1030 0.7035
vn -0.7016 -0.0887 -0.7070
vn -0.7013 -0.0879 -0.7075
vn -0.6566 -0.4790 -0.5826
vn -0.6374 -0.4732 -0.6081
vn -0.3423 -0.8959 -0.2831
vn -0.3425 -0.8977 -0.2771
vn -0.3840 -0.8954 -0.2253
vn -0.6274 -0.4742 -0.6176
vn -0.7011 -0.0987 -0.7062
vn -0.4905 -0.8647 -0.1076
vn -0.4359 -0.8846 -0.1657
vn -0.4728 -0.6689 0.5736
vn -0.0610 -0.5356 0.8423
vn 0.0027 -0.6217 0.7832
vn 0.0707 -0.6848 0.7253
vn -0.3163 -0.8445 0.4323
vn 0.1396 -0.7343 0.6643
vn 0.5375 -0.2864 0.7931
vn 0.5040 -0.2651 0.8220
vn 0.7041 0.1033 0.7025
vn 0.7052 0.1029 0.7015
vn 0.4382 -0.1998 0.8764
vn 0.4707 -0.2370 0.8499
vn -0.6992 -0.0867 -0.7097
vn -0.6982 -0.0870 -0.7106
vn -0.7701 -0.4396 -0.4623
vn -0.7379 -0.4603 -0.4936
vn -0.6196 -0.7846 0.0220
vn -0.5578 -0.8290 -0.0398
vn -0.7543 -0.6406 0.1441
vn -0.6891 -0.7191 0.0894
vn 0.7088 0.4839 0.5133
vn 0.6812 0.4897 0.5442
vn 0.0476 0.9839 -0.1724
vn 0.1741 0.9394 -0.2952
vn -0.1225 0.8265 -0.5494
vn -0.1878 0.8454 -0.5001
vn -0.2541 0.8565 -0.4494
vn -0.3243 0.8477 -0.4197
vn -0.0169 0.9913 -0.1302
vn -0.3107 0.8558 -0.4136
vn -0.6238 0.3173 -0.7143
vn -0.6495 0.3098 -0.6944
vn -0.6632 0.2944 -0.6881
vn -0.5632 0.3136 -0.7645
vn -0.5949 0.3190 -0.7378
vn 0.6577 0.4886 0.5733
vn 0.6386 0.4821 0.5998
vn 0.2943 0.9346 0.1999
vn 0.2963 0.9348 0.1960
vn 0.3355 0.9321 0.1361
vn 0.6317 0.4744 0.6131
vn 0.4396 0.8982 0.0073
vn 0.3845 0.9201 0.0749
vn 0.4619 0.6845 -0.5639
vn 0.1676 0.5955 -0.7857
vn 0.0879 0.6757 -0.7319
vn 0.0191 0.7430 -0.6690
vn 0.3165 0.8453 -0.4304
vn -0.0505 0.7889 -0.6124
vn -0.5296 0.3004 -0.7933
vn -0.4951 0.2793 -0.8227
vn -0.4251 0.2146 -0.8793
vn -0.4609 0.2508 -0.8513
vn 0.7722 0.4498 0.4488
vn 0.7396 0.4708 0.4811
vn 0.5677 0.8132 -0.1281
vn 0.5024 0.8627 -0.0576
vn 0.6982 0.6640 -0.2676
vn 0.6332 0.7509 -0.1879
vn 0.7087 0.0898 0.6998
vn 0.7005 0.0897 0.7080
vn 0.9541 0.0715 0.2908
vn 0.9544 0.0956 0.2828
vn -0.7066 -0.0938 -0.7014
vn -0.9572 -0.0707 -0.2807
vn -0.9515 -0.0961 -0.2922
vn -0.6982 -0.0946 -0.7097
vn -0.6953 -0.0931 -0.7127
vn -0.6958 -0.0941 -0.7120
vn -0.9272 -0.2024 -0.3151
vn -0.9114 -0.2455 -0.3303
vn -0.1665 -0.3581 0.9187
vn -0.5845 -0.4555 0.6714
vn -0.6490 -0.2441 0.7206
vn -0.2438 -0.1818 0.9526
vn -0.2130 -0.2600 0.9418
vn -0.1138 -0.4479 0.8868
vn 0.4071 -0.1603 0.8992
vn 0.3787 -0.1159 0.9182
vn 0.7091 0.0991 0.6981
vn 0.7098 0.0970 0.6977
vn 0.3554 -0.0721 0.9319
vn 0.3372 -0.0309 0.9409
vn 0.7100 0.0949 0.6978
vn 0.7099 0.0932 0.6981
vn -0.6952 -0.0900 -0.7132
vn -0.6950 -0.0917 -0.7132
vn -0.8904 -0.2906 -0.3503
vn -0.8640 -0.3358 -0.3751
vn -0.8133 -0.5482 0.1949
vn -0.8532 -0.4630 0.2402
vn -0.9086 -0.2798 0.3101
vn -0.8903 -0.3557 0.2841
vn -0.6766 0.0308 0.7357
vn -0.3087 0.0582 0.9494
vn -0.2971 0.0237 0.9545
vn -0.2849 -0.0394 0.9577
vn -0.6736 -0.0789 0.7349
vn -0.2699 -0.0989 0.9578
vn 0.3237 0.0066 0.9461
vn 0.3142 0.0398 0.9485
vn 0.7096 0.0918 0.6986
vn 0.7093 0.0907 0.6991
vn 0.2967 0.0910 0.9506
vn 0.3079 0.0686 0.9489
vn -0.6965 -0.0946 -0.7112
vn -0.6974 -0.0948 -0.7104
vn -0.9464 -0.1272 -0.2967
vn -0.9386 -0.1627 -0.3042
vn -0.9238 -0.1873 0.3340
vn -0.9291 -0.1288 0.3466
vn -0.9288 -0.0221 0.3700
vn -0.9320 -0.0573 0.3578
vn 0.9314 0.2041 0.3015
vn 0.9158 0.2487 0.3153
vn 0.6413 0.2823 -0.7135
vn 0.3414 0.2149 -0.9150
vn 0.3139 0.3080 -0.8981
vn 0.2798 0.4083 -0.8689
vn 0.5725 0.4873 -0.6594
vn 0.2274 0.5088 -0.8303
vn -0.3944 0.1722 -0.9026
vn -0.3659 0.1255 -0.9221
vn -0.3257 0.0362 -0.9448
vn -0.3431 0.0794 -0.9359
vn 0.8949 0.2957 0.3343
vn 0.8682 0.3429 0.3585
vn 0.8004 0.4750 -0.3658
vn 0.7486 0.5824 -0.3169
vn 0.8652 0.2813 -0.4151
vn 0.8375 0.3816 -0.3912
vn 0.6790 -0.0028 -0.7341
vn 0.3567 -0.0462 -0.9331
vn 0.3649 -0.0003 -0.9311
vn 0.3640 0.0598 -0.9295
vn 0.6709 0.1141 -0.7327
vn 0.3543 0.1334 -0.9256
vn -0.3131 -0.0030 -0.9497
vn -0.3046 -0.0375 -0.9518
vn -0.3042 -0.0906 -0.9483
vn -0.2993 -0.0673 -0.9518
vn 0.9497 0.1272 0.2860
vn 0.9424 0.1634 0.2920
vn 0.8941 0.1252 -0.4301
vn 0.8828 0.2051 -0.4226
vn 0.9083 0.0200 -0.4179
vn 0.9009 0.0688 -0.4285
vn -0.7032 -0.0902 -0.7052
vn -0.9821 0.1273 0.1389
vn -0.9853 0.1023 0.1365
vn -0.6950 -0.0987 -0.7122
vn -0.7009 -0.0924 -0.7073
vn -0.5850 -0.1225 -0.8017
vn -0.9620 -0.0020 -0.2730
vn -0.9571 -0.0190 -0.2890
vn -0.3165 0.1298 0.9397
vn -0.6745 0.1105 0.7299
vn -0.6682 0.1626 0.7260
vn -0.1467 0.1757 0.9735
vn -0.3160 0.1581 0.9355
vn -0.3162 0.1044 0.9429
vn 0.3018 0.1106 0.9469
vn 0.3012 0.1253 0.9453
vn 0.7070 0.0891 0.7016
vn 0.7065 0.0887 0.7021
vn 0.3012 0.1379 0.9435
vn 0.2883 0.1506 0.9456
vn 0.7062 0.0883 0.7025
vn 0.8048 0.0544 0.5910
vn -0.7002 -0.0933 -0.7079
vn -0.7005 -0.0929 -0.7075
vn -0.9569 -0.0333 -0.2884
vn -0.9563 -0.0498 -0.2882
vn -0.9256 0.0310 0.3773
vn -0.9239 0.0562 0.3785
vn -0.9777 0.0786 0.1947
vn -0.9210 0.0890 0.3792
vn -0.6542 0.2269 0.7215
vn -0.0800 0.2234 0.9714
vn -0.0830 0.2028 0.9757
vn -0.6615 0.2006 0.7226
vn 0.9524 -0.0037 0.3047
vn 0.9585 0.0187 0.2846
vn 0.6705 -0.1462 -0.7274
vn 0.2323 -0.1760 -0.9566
vn 0.3438 -0.1477 -0.9274
vn 0.3482 -0.1220 -0.9294
vn 0.6763 -0.0895 -0.7312
vn 0.3507 -0.0899 -0.9321
vn -0.2963 -0.1101 -0.9487
vn -0.2961 -0.1253 -0.9469
vn -0.3123 -0.1601 -0.9364
vn -0.2967 -0.1383 -0.9449
vn 0.9584 0.0332 0.2834
vn 0.9579 0.0497 0.2826
vn 0.9096 -0.0571 -0.4115
vn 0.9104 -0.0213 -0.4132
vn 0.9489 -0.0960 -0.3008
vn 0.9094 -0.0816 -0.4079
vn 0.6574 -0.2177 -0.7214
vn 0.0810 -0.2209 -0.9719
vn 0.0926 -0.2026 -0.9749
vn 0.6640 -0.1882 -0.7237
vn 0.6904 0.0778 0.7192
vn 0.6983 0.0707 0.7123
vn 0.9789 -0.0303 0.2020
vn 0.9783 -0.0347 0.2043
vn 0.9788 -0.0419 0.2004
vn 0.6996 0.0849 0.7095
vn 0.7037 0.0824 0.7057
vn 0.9812 -0.1435 -0.1293
vn 0.9804 -0.1498 -0.1280
vn -0.6953 -0.0850 -0.7136
vn -0.9814 0.1482 0.1218
vn -0.9797 0.1526 0.1303
vn -0.7016 -0.0852 -0.7075
vn -0.7001 -0.0895 -0.7084
vn -0.7009 -0.0874 -0.7078
vn -0.9798 0.1504 0.1318
vn -0.9808 0.1420 0.1333
vn -0.0707 0.2352 0.9694
vn -0.6480 0.2440 0.7215
vn -0.6421 0.2529 0.7237
vn -0.0635 0.2405 0.9686
vn 0.7042 0.0849 0.7049
vn 0.7019 0.0850 0.7071
vn -0.6330 0.2497 0.7328
vn -0.0432 0.2325 0.9716
vn -0.0559 0.2400 0.9692
vn -0.6370 0.2544 0.7277
vn 0.9802 -0.1477 -0.1319
vn 0.9809 -0.1392 -0.1356
vn 0.6442 -0.2489 -0.7232
vn 0.0661 -0.2407 -0.9683
vn 0.0748 -0.2343 -0.9693
vn 0.6502 -0.2378 -0.7216
vn 0.6339 -0.2465 -0.7331
vn 0.0502 -0.2354 -0.9706
vn 0.0568 -0.2412 -0.9688
vn 0.6390 -0.2525 -0.7266
vn -0.6895 -0.0724 -0.7207
vn -0.9748 0.0251 -0.2218
vn -0.9772 0.0343 -0.2093
vn -0.9778 0.0393 -0.2058
vn -0.7008 -0.0746 -0.7095
vn -0.7028 -0.0798 -0.7069
vn -0.7021 -0.0774 -0.7079
vn -0.9789 0.0517 -0.1979
vn -0.9793 0.0593 -0.1935
vn -0.9911 0.1250 0.0448
vn -0.0357 0.2190 0.9751
vn -0.5440 0.2418 0.8035
vn -0.4329 0.2300 0.8716
vn -0.4287 0.2184 0.8767
vn -0.0220 0.2001 0.9795
vn 0.6937 0.0841 0.7154
vn 0.6918 0.0815 0.7174
vn -0.8527 0.2123 0.4773
vn -0.8537 0.1814 0.4882
vn -0.8522 0.1920 0.4866
vn -0.4101 0.1684 0.8964
vn 0.0088 0.1552 0.9878
vn -0.0103 0.1796 0.9837
vn -0.4204 0.1954 0.8861
vn -0.4164 0.1837 0.8905
vn -0.4248 0.2075 0.8812
vn -0.9784 0.0465 -0.2015
vn -0.8550 0.1705 0.4898
vn -0.8562 0.1595 0.4914
vn -0.8605 0.1349 0.4913
vn -0.8573 0.1482 0.4930
vn 0.9799 -0.0545 0.1918
vn 0.9805 -0.0597 0.1873
vn 0.9942 -0.1005 0.0394
vn 0.4416 -0.2208 -0.8696
vn 0.0267 -0.2046 -0.9785
vn 0.0368 -0.2224 -0.9743
vn 0.5757 -0.2377 -0.7823
vn 0.4456 -0.2310 -0.8649
vn 0.8481 -0.2014 -0.4901
vn 0.8548 -0.1796 -0.4869
vn 0.8534 -0.1902 -0.4854
vn 0.4251 -0.1718 -0.8887
vn 0.0090 -0.1624 -0.9867
vn 0.0151 -0.1850 -0.9826
vn 0.4335 -0.1982 -0.8791
vn 0.4295 -0.1859 -0.8837
vn 0.4377 -0.2091 -0.8745
vn 0.9795 -0.0469 0.1959
vn 0.8573 -0.1579 -0.4899
vn 0.8561 -0.1689 -0.4884
vn 0.8574 -0.1345 -0.4968
vn 0.8584 -0.1468 -0.4915
vn 0.4680 0.0453 0.8826
vn 0.4721 0.0320 0.8810
vn 0.9272 0.0227 0.3739
vn 0.9261 0.0209 0.3766
vn -0.4808 -0.0365 -0.8761
vn -0.9222 -0.0246 -0.3860
vn -0.9276 -0.0221 -0.3729
vn -0.4782 -0.0534 -0.8766
vn -0.6998 -0.0629 -0.7116
vn -0.6477 -0.0592 -0.7596
vn -0.9282 -0.0061 -0.3721
vn -0.9957 0.0227 -0.0903
vn -0.9741 0.0150 -0.2256
vn -0.9748 0.0182 -0.2221
vn 0.0166 0.1299 0.9914
vn -0.3973 0.1391 0.9071
vn -0.3918 0.1224 0.9119
vn -0.3857 0.1074 0.9164
vn 0.0269 0.0999 0.9946
vn -0.4032 0.1555 0.9018
vn 0.6846 0.0694 0.7256
vn 0.5651 0.0712 0.8219
vn -0.9754 0.0212 -0.2192
vn -0.8602 0.1074 0.4986
vn -0.8593 0.1222 0.4967
vn -0.8616 0.0766 0.5017
vn -0.8610 0.0922 0.5002
vn -0.3582 0.0234 0.9334
vn 0.0570 0.0269 0.9980
vn 0.0383 0.0676 0.9970
vn -0.3738 0.0684 0.9250
vn -0.3679 0.0487 0.9286
vn -0.3801 0.0868 0.9209
vn 0.4639 0.0587 0.8840
vn 0.4635 0.0671 0.8835
vn -0.4735 -0.0739 -0.8777
vn -0.4766 -0.0619 -0.8769
vn -0.9295 -0.0195 -0.3684
vn -0.9313 -0.0164 -0.3639
vn -0.8622 0.0607 0.5030
vn -0.9957 0.0265 0.0883
vn -0.9963 0.0155 0.0842
vn -0.8626 0.0444 0.5039
vn -0.9978 -0.0082 0.0658
vn -0.8665 0.0079 0.4992
vn -0.8629 0.0278 0.5046
vn -0.9968 0.0046 0.0800
vn 0.9388 0.0145 0.3443
vn 0.9843 -0.0041 0.1766
vn 0.9742 -0.0015 0.2255
vn 0.9756 -0.0140 0.2189
vn 0.4062 -0.1111 -0.9070
vn -0.0242 -0.1087 -0.9938
vn -0.0085 -0.1377 -0.9904
vn 0.4174 -0.1430 -0.8974
vn 0.4122 -0.1260 -0.9023
vn 0.4231 -0.1584 -0.8921
vn 0.9770 -0.0220 0.2121
vn 0.8616 -0.1063 -0.4964
vn 0.8606 -0.1210 -0.4947
vn 0.8631 -0.0758 -0.4993
vn 0.8624 -0.0913 -0.4979
vn 0.3837 -0.0283 -0.9230
vn -0.0528 -0.0387 -0.9979
vn -0.0413 -0.0776 -0.9961
vn 0.3947 -0.0731 -0.9159
vn 0.3892 -0.0539 -0.9196
vn 0.4009 -0.0913 -0.9116
vn 0.9280 0.0186 0.3721
vn 0.9298 0.0159 0.3677
vn 0.9967 -0.0137 -0.0795
vn 0.8642 -0.0439 -0.5012
vn 0.8637 -0.0600 -0.5004
vn 0.9962 -0.0245 -0.0836
vn 0.9969 0.0091 -0.0786
vn 0.8616 -0.0080 -0.5075
vn 0.8646 -0.0273 -0.5017
vn 0.9972 -0.0028 -0.0748
vn -0.5260 0.1319 -0.8402
vn -0.9066 0.0008 -0.4220
vn -0.9109 -0.0108 -0.4126
vn -0.5133 0.0952 -0.8529
vn -0.4959 0.0082 -0.8683
vn -0.5006 0.0299 -0.8652
vn -0.9166 -0.0246 -0.3991
vn -0.9189 -0.0263 -0.3937
vn 0.0692 -0.0179 0.9974
vn -0.3372 -0.0263 0.9411
vn -0.3290 -0.0580 0.9426
vn -0.3205 -0.0874 0.9432
vn 0.0874 -0.0736 0.9935
vn -0.3457 0.0012 0.9384
vn 0.4695 0.0011 0.8829
vn 0.4686 0.0167 0.8833
vn 0.4763 -0.0395 0.8784
vn 0.4750 -0.0209 0.8798
vn -0.4885 -0.0267 -0.8721
vn -0.4930 -0.0075 -0.8700
vn -0.9212 -0.0266 -0.3882
vn -0.9236 -0.0258 -0.3824
vn -0.9973 -0.0199 0.0701
vn -0.9974 -0.0335 0.0635
vn -0.8631 -0.0356 0.5038
vn -0.8631 -0.0121 0.5049
vn -0.9970 -0.0591 0.0492
vn -0.8628 -0.0839 0.4986
vn -0.8630 -0.0596 0.5017
vn -0.9973 -0.0466 0.0562
vn -0.2798 -0.2383 0.9300
vn 0.1263 -0.2172 0.9679
vn 0.1055 -0.1350 0.9852
vn -0.3039 -0.1537 0.9402
vn -0.2960 -0.1922 0.9356
vn -0.3123 -0.1224 0.9421
vn 0.4840 -0.0863 0.8708
vn 0.4821 -0.0642 0.8738
vn -0.5041 0.0486 -0.8623
vn -0.5090 0.0730 -0.8576
vn -0.9126 -0.0170 -0.4086
vn -0.9145 -0.0216 -0.4040
vn -0.8625 -0.1086 0.4943
vn -0.9967 -0.0705 0.0409
vn -0.9962 -0.0811 0.0326
vn -0.8621 -0.1333 0.4889
vn -0.9952 -0.0980 0.0047
vn -0.8654 -0.1861 0.4652
vn -0.8617 -0.1581 0.4822
vn -0.9956 -0.0906 0.0240
vn 0.9147 0.0208 0.4037
vn 0.9168 0.0232 0.3986
vn 0.3594 0.0833 -0.9294
vn -0.0900 0.0574 -0.9943
vn -0.0726 0.0036 -0.9974
vn 0.3751 0.0219 -0.9267
vn 0.3679 0.0512 -0.9285
vn 0.3834 -0.0070 -0.9235
vn 0.9191 0.0243 0.3932
vn 0.9215 0.0241 0.3875
vn 0.9978 0.0348 -0.0563
vn 0.8655 0.0357 -0.4996
vn 0.8654 0.0123 -0.5010
vn 0.9978 0.0215 -0.0633
vn 0.9974 0.0594 -0.0412
vn 0.8655 0.0838 -0.4938
vn 0.8656 0.0596 -0.4972
vn 0.9977 0.0474 -0.0490
vn 0.3345 0.2369 -0.9121
vn -0.1296 0.1966 -0.9719
vn -0.1074 0.1172 -0.9873
vn 0.3440 0.1503 -0.9269
vn 0.3372 0.1839 -0.9233
vn 0.3524 0.1148 -0.9288
vn 0.9108 0.0116 0.4127
vn 0.9126 0.0170 0.4084
vn 0.9964 0.0806 -0.0245
vn 0.8652 0.1330 -0.4834
vn 0.8654 0.1084 -0.4892
vn 0.9970 0.0705 -0.0330
vn 0.9949 0.1004 -0.0138
vn 0.8605 0.1881 -0.4735
vn 0.8650 0.1576 -0.4764
vn 0.9959 0.0895 -0.0158
vn -0.3417 -0.1802 -0.9224
vn -0.3471 -0.1044 -0.9320
vn 0.2590 0.1519 -0.9538
vn 0.2664 0.0975 -0.9589
vn 0.6552 -0.7496 0.0939
vn 0.6228 -0.7799 -0.0622
vn 0.8465 -0.4895 -0.2093
vn 0.8655 -0.4803 -0.1421
vn 0.8867 -0.4576 -0.0653
vn 0.6955 -0.3546 0.6249
vn 0.6979 -0.4727 0.5380
vn 0.9434 -0.1906 0.2713
vn 0.9460 -0.1390 0.2928
vn 0.9444 -0.1035 0.3120
vn -0.7503 0.4131 -0.5161
vn -0.9646 0.1353 -0.2263
vn -0.9604 0.0973 -0.2610
vn -0.9588 0.0709 -0.2751
vn -0.7379 0.3059 -0.6017
vn -0.6343 0.1731 -0.7535
vn -0.7273 0.2125 -0.6526
vn -0.9549 0.0204 -0.2961
vn -0.9526 -0.0043 -0.3041
vn -0.9708 -0.0266 -0.2382
vn -0.9141 0.0334 -0.4042
vn 0.1603 -0.3060 0.9384
vn -0.2461 -0.3310 0.9110
vn -0.2371 -0.3953 0.8874
vn -0.2271 -0.4453 0.8661
vn 0.1970 -0.4178 0.8869
vn -0.2571 -0.2822 0.9242
vn 0.6123 -0.2004 0.7648
vn 0.4872 -0.1863 0.8532
vn 0.6868 -0.2575 0.6797
vn -0.5382 0.1569 -0.8281
vn -0.9086 0.0117 -0.4174
vn -0.9942 -0.1074 0.0049
vn -0.8595 -0.2484 0.4467
vn -0.8601 -0.2159 0.4622
vn -0.8591 -0.3063 0.4100
vn -0.8592 -0.2787 0.4291
vn -0.1973 -0.6762 0.7098
vn 0.2393 -0.6632 0.7091
vn 0.2179 -0.5368 0.8151
vn -0.2124 -0.5601 0.8007
vn -0.2094 -0.6229 0.7537
vn -0.2207 -0.5114 0.8305
vn -0.9562 0.0416 -0.2898
vn -0.8594 -0.3305 0.3900
vn -0.8602 -0.3508 0.3701
vn -0.8649 -0.3773 0.3312
vn -0.8615 -0.3667 0.3512
vn 0.9448 -0.0459 0.3244
vn 0.9472 -0.0250 0.3198
vn 0.9783 0.0255 0.2056
vn 0.8981 -0.0688 0.4344
vn 0.3118 0.4473 -0.8383
vn -0.1446 0.4057 -0.9025
vn -0.1369 0.2873 -0.9480
vn 0.3291 0.3327 -0.8837
vn 0.3212 0.3852 -0.8651
vn 0.3395 0.2735 -0.9000
vn 0.9061 -0.0204 0.4225
vn 0.8650 0.2473 -0.4366
vn 0.8651 0.2153 -0.4530
vn 0.9945 0.1048 0.0070
vn 0.8654 0.3040 -0.3984
vn 0.8650 0.2771 -0.4183
vn 0.2913 0.6713 -0.6815
vn -0.1736 0.6615 -0.7296
vn -0.1623 0.5288 -0.8331
vn 0.2972 0.5603 -0.7731
vn 0.2919 0.6089 -0.7375
vn 0.3051 0.4995 -0.8108
vn 0.9452 -0.0709 0.3186
vn 0.8669 0.3469 -0.3579
vn 0.8660 0.3276 -0.3778
vn 0.8697 0.3736 -0.3226
vn 0.8687 0.3613 -0.3388
vn -0.6701 0.7386 0.0743
vn -0.8872 0.3910 0.2451
vn -0.9114 0.3722 0.1754
vn -0.9306 0.3508 0.1045
vn -0.7108 0.6988 -0.0809
vn -0.7547 0.5199 -0.4002
vn -0.7408 0.6243 -0.2479
vn -0.9574 0.2867 -0.0349
vn -0.9641 0.2467 -0.0981
vn -0.9672 0.2065 -0.1480
vn 0.2545 -0.7746 0.5790
vn -0.1822 -0.7760 0.6038
vn -0.1887 -0.8237 0.5347
vn -0.1866 -0.8552 0.4835
vn 0.2529 -0.8699 0.4235
vn -0.1865 -0.7324 0.6548
vn 0.6938 -0.5854 0.4194
vn 0.6810 -0.6837 0.2623
vn -0.9671 0.1632 -0.1952
vn -0.8680 -0.3884 0.3093
vn -0.8653 -0.3863 0.3194
vn -0.8716 -0.3787 0.3115
vn -0.8704 -0.3855 0.3064
vn -0.1993 -0.9348 0.2939
vn 0.2235 -0.9654 0.1345
vn 0.2420 -0.9323 0.2688
vn -0.1941 -0.9057 0.3769
vn -0.2028 -0.9222 0.3294
vn -0.1958 -0.8850 0.4224
vn -0.9466 0.3211 0.0297
vn -0.8701 -0.3706 0.3250
vn -0.8656 -0.3619 0.3462
vn -0.8435 -0.3533 0.4045
vn -0.8567 -0.3552 0.3740
vn 0.9189 -0.3866 0.0786
vn 0.9302 -0.3383 0.1421
vn 0.9358 -0.2911 0.1987
vn 0.2796 0.8347 -0.4745
vn -0.1712 0.8766 -0.4497
vn -0.1714 0.7795 -0.6026
vn 0.2891 0.7618 -0.5798
vn 0.2852 0.7993 -0.5290
vn 0.2955 0.7109 -0.6382
vn 0.9405 -0.2371 0.2433
vn 0.8771 0.3770 -0.2977
vn 0.8742 0.3767 -0.3064
vn 0.8800 0.3650 -0.3038
vn 0.8793 0.3727 -0.2967
vn 0.2587 0.9145 -0.3110
vn -0.1585 0.9723 -0.1718
vn -0.1653 0.9393 -0.3006
vn 0.2695 0.8837 -0.3827
vn 0.2643 0.9011 -0.3438
vn 0.2758 0.8607 -0.4279
vn 0.9056 -0.4241 0.0083
vn 0.8731 0.3472 -0.3421
vn 0.8783 0.3559 -0.3192
vn 0.8506 0.3381 -0.4027
vn 0.8636 0.3410 -0.3713
vn 0.4487 -0.7470 -0.4905
vn 0.3488 -0.6815 -0.6433
vn 0.6073 -0.3619 -0.7073
vn 0.6431 -0.3967 -0.6550
vn 0.6827 -0.4344 -0.5875
vn -0.4146 0.6127 0.6728
vn -0.6499 0.2451 0.7194
vn -0.6895 0.2936 0.6621
vn -0.7190 0.3256 0.6140
vn -0.5052 0.6914 0.5165
vn -0.6232 0.7499 0.2219
vn -0.5727 0.7343 0.3644
vn -0.7801 0.3789 0.4979
vn -0.8103 0.3965 0.4315
vn -0.8339 0.4021 0.3781
vn 0.1978 -0.9802 0.0071
vn -0.2013 -0.9563 0.2122
vn -0.2043 -0.9642 0.1692
vn -0.2122 -0.9707 0.1129
vn 0.1602 -0.9791 -0.1251
vn -0.2054 -0.9444 0.2567
vn 0.5805 -0.7872 -0.2083
vn 0.5247 -0.7783 -0.3448
vn -0.8607 0.4036 0.3103
vn -0.8125 -0.3624 0.4566
vn -0.8282 -0.3546 0.4341
vn -0.7840 -0.3892 0.4836
vn -0.7976 -0.3743 0.4731
vn -0.3405 -0.9292 -0.1440
vn -0.0139 -0.9019 -0.4317
vn 0.0931 -0.9572 -0.2741
vn -0.2544 -0.9670 -0.0097
vn -0.2906 -0.9539 -0.0748
vn -0.2280 -0.9719 0.0580
vn -0.7544 0.3608 0.5484
vn -0.7724 -0.4060 0.4884
vn -0.7638 -0.4232 0.4874
vn -0.7583 -0.4528 0.4689
vn -0.7588 -0.4394 0.4807
vn 0.7467 -0.4744 -0.4663
vn 0.7725 -0.4831 -0.4122
vn 0.8000 -0.4903 -0.3458
vn 0.2825 0.9459 -0.1595
vn -0.1023 0.9919 0.0748
vn -0.1425 0.9886 -0.0490
vn 0.2579 0.9358 -0.2405
vn 0.2639 0.9426 -0.2049
vn 0.2520 0.9274 -0.2766
vn 0.8228 -0.4899 -0.2881
vn 0.8186 0.3490 -0.4562
vn 0.8340 0.3420 -0.4331
vn 0.7908 0.3735 -0.4849
vn 0.8040 0.3598 -0.4733
vn 0.4316 0.9008 0.0477
vn 0.0853 0.9264 0.3668
vn -0.0284 0.9763 0.2146
vn 0.3392 0.9387 -0.0611
vn 0.3770 0.9261 -0.0099
vn 0.3017 0.9465 -0.1149
vn 0.7140 -0.4540 -0.5330
vn 0.7709 0.4046 -0.4920
vn 0.7795 0.3888 -0.4911
vn 0.7641 0.4313 -0.4798
vn 0.7655 0.4195 -0.4879
vn 0.2569 0.0475 0.9653
vn -0.2522 -0.1613 0.9541
vn -0.2734 -0.1145 0.9551
vn 0.2099 0.0966 0.9729
vn -0.2945 0.4840 0.8240
vn -0.1620 0.3030 0.9391
vn -0.4999 0.0070 0.8660
vn -0.5377 0.0780 0.8395
vn -0.5733 0.1362 0.8080
vn -0.1648 -0.7908 -0.5895
vn -0.4727 -0.8357 -0.2797
vn -0.5451 -0.7690 -0.3339
vn -0.6235 -0.6769 -0.3914
vn -0.3359 -0.6137 -0.7145
vn -0.4036 -0.8908 -0.2086
vn 0.2181 -0.5648 -0.7959
vn 0.0698 -0.3968 -0.9153
vn -0.6140 0.2005 0.7634
vn -0.7721 -0.4627 0.4356
vn -0.7630 -0.4603 0.4539
vn -0.8025 -0.4476 0.3945
vn -0.7856 -0.4587 0.4152
vn -0.8492 -0.3147 -0.4240
vn -0.6273 -0.2304 -0.7440
vn -0.5165 -0.3978 -0.7583
vn -0.7596 -0.4694 -0.4502
vn -0.8086 -0.3762 -0.4524
vn -0.6923 -0.5855 -0.4218
vn -0.1504 -0.2531 -0.9557
vn 0.0453 0.1705 0.9843
vn -0.3648 -0.0187 0.9309
vn -0.5079 -0.1119 0.8541
vn -0.4639 -0.0611 0.8838
vn -0.8215 -0.4299 0.3747
vn -0.8411 -0.4065 0.3570
vn -0.6138 -0.2806 0.7380
vn -0.8702 -0.3524 0.3443
vn -0.8600 -0.3783 0.3425
vn -0.6202 -0.2670 0.7376
vn 0.4254 -0.1061 -0.8987
vn 0.4738 -0.1745 -0.8631
vn 0.5183 -0.2476 -0.8186
vn 0.7019 0.6705 0.2404
vn 0.4319 0.6354 0.6401
vn 0.2472 0.8169 0.5212
vn 0.5604 0.8133 0.1567
vn 0.6279 0.7518 0.2013
vn 0.4874 0.8670 0.1040
vn 0.5637 -0.2996 -0.7697
vn 0.7734 0.4447 -0.4517
vn 0.7666 0.4410 -0.4668
vn 0.7981 0.4356 -0.4162
vn 0.7841 0.4431 -0.4346
vn 0.8847 0.3350 0.3242
vn 0.6352 0.2054 0.7445
vn 0.5728 0.3929 0.7194
vn 0.8230 0.4886 0.2897
vn 0.8701 0.3902 0.3010
vn 0.7667 0.5826 0.2697
vn 0.2795 -0.0720 -0.9575
vn 0.4721 0.0650 -0.8792
vn 0.3914 -0.0295 -0.9198
vn 0.8325 0.4031 -0.3802
vn 0.8146 0.4221 -0.3978
vn 0.6165 0.2803 -0.7358
vn 0.8707 0.3546 -0.3407
vn 0.8511 0.3785 -0.3639
vn 0.6055 0.2592 -0.7525
vn -0.2852 0.1037 -0.9528
vn -0.1425 0.1009 -0.9846
vn 0.3832 0.1036 -0.9178
vn 0.3752 0.1190 -0.9193
vn -0.3375 0.1257 -0.9329
vn -0.3279 0.1288 -0.9359
vn 0.3311 0.2075 -0.9205
vn 0.3150 0.2162 -0.9241
vn 0.3301 -0.1375 0.9339
vn -0.3250 -0.2099 0.9221
vn -0.3191 -0.2196 0.9219
vn 0.3320 -0.1371 0.9333
vn 0.3331 -0.0839 0.9391
vn 0.3355 -0.1029 0.9364
vn -0.2795 -0.2327 0.9315
vn -0.2683 -0.2276 0.9361
vn -0.6782 -0.0983 -0.7283
vn -0.8994 -0.2014 -0.3880
vn -0.9103 -0.1684 -0.3781
vn -0.9196 -0.1356 -0.3687
vn -0.6986 -0.0316 -0.7148
vn -0.8849 -0.2462 -0.3955
vn -0.3564 0.0261 -0.9340
vn -0.3488 -0.0133 -0.9371
vn -0.3570 0.0834 -0.9304
vn -0.3580 0.0591 -0.9318
vn 0.3138 -0.0202 0.9493
vn 0.3247 -0.0531 0.9443
vn -0.2597 -0.2165 0.9411
vn -0.2550 -0.1986 0.9463
vn -0.6278 -0.2887 0.7228
vn -0.6372 -0.2868 0.7154
vn -0.8960 -0.3024 0.3251
vn -0.8865 -0.3253 0.3292
vn -0.6584 -0.2703 0.7024
vn -0.9116 -0.2560 0.3215
vn -0.9044 -0.2792 0.3226
vn -0.6478 -0.2805 0.7083
vn -0.9431 -0.0558 -0.3278
vn -0.7135 0.0380 -0.6997
vn -0.7096 0.0127 -0.7045
vn -0.9331 -0.0869 -0.3491
vn -0.9381 -0.0678 -0.3396
vn -0.9269 -0.1106 -0.3586
vn -0.3460 0.1158 -0.9311
vn -0.3521 0.1034 -0.9302
vn 0.3371 -0.1207 0.9337
vn 0.3346 -0.1293 0.9335
vn -0.3056 -0.2280 0.9245
vn -0.2922 -0.2326 0.9276
vn -0.9176 -0.2332 0.3219
vn -0.6691 -0.2573 0.6973
vn -0.6789 -0.2418 0.6933
vn -0.9225 -0.2107 0.3235
vn -0.6902 -0.2091 0.6927
vn -0.9271 -0.1711 0.3335
vn -0.9262 -0.1887 0.3263
vn -0.6877 -0.2245 0.6904
vn 0.2750 0.2262 -0.9345
vn 0.2639 0.2198 -0.9392
vn 0.9333 0.1386 0.3313
vn 0.6987 0.0130 0.7153
vn 0.6822 0.0770 0.7271
vn 0.9162 0.2083 0.3423
vn 0.9266 0.1679 0.3366
vn 0.9053 0.2469 0.3456
vn 0.2556 0.2072 -0.9443
vn 0.2513 0.1876 -0.9495
vn 0.6300 0.2847 -0.7225
vn 0.8929 0.3027 -0.3333
vn 0.8825 0.3259 -0.3389
vn 0.6200 0.2858 -0.7307
vn 0.6530 0.2693 -0.7079
vn 0.9098 0.2554 -0.3272
vn 0.9020 0.2791 -0.3294
vn 0.6413 0.2790 -0.7148
vn 0.9489 0.0515 0.3113
vn 0.7103 -0.0503 0.7021
vn 0.7065 -0.0284 0.7071
vn 0.9439 0.0867 0.3185
vn 0.9481 0.0650 0.3112
vn 0.9397 0.1088 0.3242
vn 0.3014 0.2237 -0.9269
vn 0.2878 0.2273 -0.9303
vn 0.6751 0.2412 -0.6972
vn 0.9216 0.2091 -0.3271
vn 0.9163 0.2320 -0.3264
vn 0.6644 0.2565 -0.7020
vn 0.6958 0.2079 -0.6875
vn 0.9300 0.1677 -0.3271
vn 0.9256 0.1868 -0.3291
vn 0.6846 0.2240 -0.6937
vn 0.1270 -0.0990 0.9869
vn -0.3780 -0.0908 0.9213
vn -0.3766 -0.1201 0.9186
vn 0.2953 -0.1068 0.9494
vn 0.3137 -0.1333 0.9401
vn 0.3089 -0.1280 0.9425
vn -0.3615 -0.1626 0.9181
vn -0.3550 -0.1755 0.9182
vn -0.7153 0.0530 -0.6968
vn -0.9489 -0.0311 -0.3141
vn -0.9508 -0.0222 -0.3090
vn -0.9524 -0.0145 -0.3045
vn -0.7152 0.0594 -0.6964
vn -0.9468 -0.0410 -0.3192
vn -0.3162 0.1292 -0.9398
vn -0.3220 0.1310 -0.9376
vn -0.3037 0.1224 -0.9449
vn -0.3094 0.1274 -0.9424
vn 0.3233 -0.1389 0.9360
vn 0.3184 -0.1363 0.9381
vn -0.3478 -0.1876 0.9186
vn -0.3399 -0.1986 0.9193
vn -0.6998 -0.1922 0.6880
vn -0.7037 -0.1779 0.6878
vn -0.9315 -0.1381 0.3365
vn -0.9305 -0.1527 0.3331
vn -0.7097 -0.1482 0.6887
vn -0.9325 -0.1098 0.3440
vn -0.9322 -0.1238 0.3402
vn -0.7070 -0.1632 0.6881
vn -0.9996 -0.0168 -0.0225
vn -0.7107 0.0600 -0.7010
vn -0.7140 0.0612 -0.6974
vn -0.9904 -0.0155 -0.1374
vn -0.9539 -0.0067 -0.3001
vn -0.2916 0.1103 -0.9502
vn -0.2969 0.1179 -0.9476
vn 0.3042 -0.1222 0.9447
vn 0.2997 -0.1148 0.9471
vn -0.3726 -0.1349 0.9182
vn -0.3673 -0.1490 0.9181
vn -0.9326 -0.0959 0.3480
vn -0.7117 -0.1330 0.6897
vn -0.8514 -0.0882 0.5171
vn -0.9347 -0.0665 0.3491
vn -0.8037 -0.0708 0.5908
vn -0.8871 -0.0730 0.4558
vn 0.3596 0.1612 -0.9191
vn 0.3529 0.1739 -0.9194
vn 0.9553 0.0098 0.2953
vn 0.7096 -0.0676 0.7014
vn 0.7106 -0.0631 0.7008
vn 0.9526 0.0258 0.3030
vn 0.9544 0.0168 0.2982
vn 0.9512 0.0353 0.3066
vn 0.3455 0.1856 -0.9199
vn 0.3374 0.1962 -0.9207
vn 0.7023 0.1772 -0.6894
vn 0.9315 0.1357 -0.3375
vn 0.9304 0.1503 -0.3344
vn 0.6981 0.1915 -0.6899
vn 0.7088 0.1476 -0.6898
vn 0.9326 0.1073 -0.3445
vn 0.9322 0.1213 -0.3409
vn 0.7061 0.1626 -0.6892
vn 0.9996 0.0166 0.0231
vn 0.7084 -0.0648 0.7029
vn 0.7081 -0.0678 0.7028
vn 0.9923 0.0170 0.1229
vn 0.9568 0.0017 0.2908
vn 0.3707 0.1337 -0.9191
vn 0.3656 0.1478 -0.9190
vn 0.8338 0.0991 -0.5431
vn 0.9295 0.0776 -0.3606
vn 0.9327 0.0934 -0.3484
vn 0.7110 0.1320 -0.6907
vn 0.7880 0.0822 -0.6102
vn 0.8767 0.0854 -0.4733
vn -0.0001 0.0386 -0.9993
vn 0.0038 0.0166 -0.9999
vn 0.7103 -0.0126 -0.7038
vn 0.7117 0.0107 -0.7024
vn -0.0050 -0.0181 0.9998
vn -0.7087 0.0106 0.7054
vn -0.7111 -0.0125 0.7030
vn -0.0052 -0.0401 0.9992
vn 0.0029 -0.0831 0.9965
vn -0.0019 -0.0632 0.9980
vn -0.7130 -0.0373 0.7002
vn -0.7145 -0.0595 0.6971
vn -0.7107 0.0557 -0.7013
vn -0.9999 -0.0036 -0.0128
vn -0.9999 0.0094 -0.0068
vn -0.7094 0.0501 -0.7030
vn -0.0099 0.0860 -0.9962
vn -0.0039 0.0616 -0.9981
vn -0.9995 0.0325 0.0002
vn -0.7061 0.0353 -0.7072
vn -0.7084 0.0430 -0.7045
vn -0.9998 0.0215 -0.0020
vn 0.7132 0.0352 -0.7001
vn 0.7138 0.0623 -0.6976
vn 0.9998 -0.0130 0.0128
vn 0.7035 -0.0532 0.7087
vn 0.7046 -0.0598 0.7070
vn 0.9998 -0.0006 0.0179
vn 0.9994 -0.0345 0.0041
vn 0.7031 -0.0367 0.7101
vn 0.7023 -0.0451 0.7105
vn 0.9997 -0.0245 0.0085
vn 0.0134 0.0556 0.9984
vn -0.7032 0.0843 0.7060
vn -0.7039 0.0741 0.7065
vn -0.0041 0.0462 0.9989
vn -0.0068 0.0043 1.0000
vn -0.0059 0.0252 0.9997
vn -0.7052 0.0537 0.7070
vn -0.7071 0.0328 0.7064
vn -0.7071 0.0267 -0.7066
vn -0.9991 0.0425 0.0036
vn -0.9987 0.0513 0.0047
vn -0.7074 0.0181 -0.7066
vn 0.0031 -0.0056 -1.0000
vn 0.0022 -0.0266 -0.9996
vn -0.9980 0.0624 -0.0121
vn -0.6919 0.0022 -0.7220
vn -0.7083 0.0090 -0.7059
vn -0.9982 0.0595 0.0047
vn 0.7069 -0.0558 -0.7051
vn 0.7084 -0.0350 -0.7049
vn 0.9986 -0.0522 0.0024
vn 0.7020 -0.0183 0.7119
vn 0.7017 -0.0275 0.7119
vn 0.9990 -0.0440 0.0031
vn 0.9978 -0.0647 -0.0141
vn 0.7203 -0.0064 0.6936
vn 0.7030 -0.0088 0.7111
vn 0.9982 -0.0600 0.0028
vn -0.0148 0.7222 -0.6915
vn 0.0148 0.7222 -0.6915
vn -0.0317 0.9838 0.1766
vn 0.8914 -0.2866 -0.3511
vn -0.9992 0.0148 -0.0383
vn -0.8693 0.1332 -0.4761
vn -0.8698 0.1261 -0.4771
vn -0.9992 0.0066 -0.0404
vn -0.5097 0.2278 -0.8296
vn -0.5113 0.2238 -0.8298
vn -0.0044 0.2626 -0.9649
vn -0.0044 0.2625 -0.9649
vn -0.0009 0.4321 -0.9018
vn -0.0027 0.7187 -0.6953
vn 0.0028 0.7176 -0.6964
vn 0.0009 0.4318 -0.9020
vn -0.0050 0.9687 -0.2480
vn 0.0039 0.8678 -0.4969
vn -0.0059 0.9748 0.2230
vn 0.0059 0.9748 0.2229
vn 0.0056 1.0000 0.0038
vn 0.0044 0.2626 -0.9649
vn 0.5113 0.2275 -0.8288
vn 0.5097 0.2240 -0.8307
vn 0.0044 0.2625 -0.9649
vn 0.8698 0.1330 -0.4752
vn 0.8692 0.1264 -0.4779
vn 0.9992 0.0148 -0.0382
vn 0.9992 0.0067 -0.0405
vn -0.0059 -0.9534 -0.3017
vn -0.0056 -0.8640 -0.5034
vn 0.0049 -0.7095 -0.7047
vn 0.0059 -0.9534 -0.3017
vn -0.0039 -0.4965 -0.8681
vn -0.0028 -0.2658 -0.9640
vn 0.0027 -0.2674 -0.9636
vn -0.0009 0.0848 -0.9964
vn 0.0009 0.0844 -0.9964
vn -0.0059 0.9649 0.2625
vn 0.0059 0.9649 0.2625
vn -0.0059 -0.9649 -0.2625
vn 0.0059 -0.9649 -0.2625
vn 1.0000 -0.0041 -0.0011
vn 1.0000 0.0041 0.0011
vn -1.0000 -0.0041 -0.0011
vn -1.0000 0.0041 0.0011
vn -0.9511 0.2982 0.0811
vn -0.9503 0.3084 0.0422
vn -0.8090 0.5672 0.1543
vn -0.8084 0.5772 0.1155
vn -0.5878 0.7806 0.2124
vn -0.5873 0.7905 0.1735
vn -0.3090 0.9177 0.2497
vn -0.3087 0.9275 0.2107
vn 0.3090 0.9177 0.2497
vn 0.3087 0.9275 0.2106
vn 0.5878 0.7806 0.2124
vn 0.5873 0.7905 0.1735
vn 0.8090 0.5672 0.1543
vn 0.8084 0.5772 0.1154
vn 0.9511 0.2982 0.0811
vn 0.9503 0.3084 0.0422
vn -0.3090 -0.9177 -0.2497
vn -0.3087 -0.9064 -0.2884
vn -0.5878 -0.7806 -0.2124
vn -0.5873 -0.7695 -0.2510
vn -0.8090 -0.5672 -0.1543
vn -0.8084 -0.5562 -0.1930
vn -0.9511 -0.2982 -0.0811
vn -0.9503 -0.2873 -0.1199
vn 0.9511 -0.2982 -0.0811
vn 0.9503 -0.2873 -0.1199
vn 0.8090 -0.5672 -0.1543
vn 0.8084 -0.5562 -0.1929
vn 0.5878 -0.7806 -0.2124
vn 0.5873 -0.7695 -0.2510
vn 0.3090 -0.9177 -0.2497
vn 0.3087 -0.9064 -0.2883
vn -0.0055 0.2664 -0.9639
vn 0.0055 0.2664 -0.9639
vn 0.0054 0.2642 -0.9644
vn -0.0055 0.2642 -0.9644
vn -0.9179 0.3564 -0.1744
vn -0.5040 0.3796 -0.7758
vn -0.6687 0.3951 -0.6298
vn 0.2982 0.9544 -0.0117
vn 0.1628 0.7090 -0.6862
vn 0.0042 0.2752 -0.9614
vn 0.2159 0.8320 -0.5110
vn 0.9180 -0.2188 -0.3309
vn 0.5041 0.0658 -0.8612
vn 0.0054 0.2609 -0.9654
vn 0.6687 -0.0215 -0.7432
vn -0.2980 -0.8170 -0.4937
vn -0.1628 -0.2636 -0.9508
vn -0.0042 0.2498 -0.9683
vn -0.2159 -0.4584 -0.8621
vn -0.7807 0.6163 -0.1037
vn -0.4303 0.5245 -0.7347
vn -0.5685 0.5854 -0.5780
vn -0.5143 0.8103 -0.2808
vn -0.3124 0.6380 -0.7038
vn -0.0051 0.2693 -0.9630
vn -0.2694 0.9302 -0.2495
vn -0.1620 0.7093 -0.6860
vn -0.0042 0.2752 -0.9614
vn 0.5675 0.8220 -0.0478
vn 0.3132 0.6374 -0.7040
vn 0.0051 0.2693 -0.9631
vn 0.4131 0.7353 -0.5373
vn 0.7809 0.6159 -0.1039
vn 0.4308 0.5235 -0.7351
vn 0.5684 0.5852 -0.5783
vn 0.8320 0.3872 -0.3974
vn 0.5042 0.3788 -0.7761
vn -0.5675 -0.6845 -0.4577
vn -0.3132 -0.1928 -0.9299
vn -0.0051 0.2558 -0.9667
vn -0.4131 -0.3617 -0.8358
vn -0.7809 -0.4784 -0.4016
vn -0.4308 -0.0789 -0.8990
vn -0.0055 0.2587 -0.9659
vn -0.5684 -0.2116 -0.7951
vn -0.8320 -0.1325 -0.5387
vn -0.5042 0.0667 -0.8610
vn -0.0054 0.2609 -0.9654
vn 0.7807 -0.4788 -0.4016
vn 0.4303 -0.0799 -0.8992
vn 0.0054 0.2587 -0.9659
vn 0.5684 -0.2118 -0.7950
vn 0.5143 -0.5563 -0.6527
vn 0.3124 -0.1934 -0.9301
vn 0.0051 0.2558 -0.9667
vn 0.2694 -0.6755 -0.6864
vn 0.1620 -0.2639 -0.9508
vn 0.0042 0.2498 -0.9683
vn -0.0316 -0.9376 -0.3462
vn 0.3810 -0.8652 -0.3259
vn -0.6479 0.4438 -0.6191
vn 0.3340 0.9084 -0.2517
vn -0.2034 0.7020 -0.6825
vn 0.8915 0.4249 -0.1575
vn -0.8915 -0.2864 -0.3511
vn 0.8705 0.1548 -0.4671
vn 0.8915 -0.2865 -0.3510
vn -0.8914 -0.2867 -0.3511
vn -0.5154 0.2393 -0.8229
vn 0.3832 0.5905 -0.7103
vn -0.6479 -0.0688 -0.7586
vn -0.8705 0.1548 -0.4671
vn 0.0001 -0.2626 0.9649
vn -0.3832 0.5905 -0.7103
vt 0.320776 0.914865
vt 0.320772 0.852355
vt 0.346585 0.852353
vt 0.346589 0.914864
vt 0.347660 0.887182
vt 0.347671 0.822265
vt 0.352138 0.822265
vt 0.352127 0.887184
vt 0.352129 0.883013
vt 0.352138 0.826434
vt 0.378945 0.826439
vt 0.378936 0.883018
vt 0.378936 0.887188
vt 0.378948 0.822270
vt 0.383416 0.822271
vt 0.383404 0.887188
vt 0.320772 0.848053
vt 0.346585 0.848051
vt 0.320776 0.919168
vt 0.346589 0.919166
vt 0.384752 0.847537
vt 0.384741 0.826802
vt 0.387654 0.826800
vt 0.387665 0.847536
vt 0.384752 0.847538
vt 0.387666 0.847536
vt 0.320771 0.835099
vt 0.346584 0.835097
vt 0.395206 0.918621
vt 0.387356 0.915934
vt 0.396026 0.890603
vt 0.403876 0.893290
vt 0.415039 0.823750
vt 0.415054 0.850557
vt 0.401601 0.850564
vt 0.401587 0.823757
vt 0.438506 0.855726
vt 0.441209 0.863570
vt 0.415897 0.872294
vt 0.413194 0.864449
vt 0.346590 0.932120
vt 0.320777 0.932122
vt 0.401586 0.823757
vt 0.413193 0.864449
vt 0.323694 0.820910
vt 0.343660 0.820909
vt 0.387358 0.863579
vt 0.392845 0.865456
vt 0.388040 0.861321
vt 0.386151 0.855839
vt 0.343667 0.946309
vt 0.323700 0.946309
vt 0.392844 0.865456
vt 0.209126 0.929616
vt 0.209130 0.945523
vt 0.207549 0.945838
vt 0.207544 0.929302
vt 0.233478 0.941500
vt 0.232621 0.941498
vt 0.232261 0.933352
vt 0.233116 0.933276
vt 0.231762 0.941497
vt 0.231409 0.933425
vt 0.230904 0.941493
vt 0.230559 0.933502
vt 0.225221 0.946674
vt 0.225269 0.947519
vt 0.217181 0.947524
vt 0.217235 0.946655
vt 0.225316 0.948363
vt 0.217144 0.948381
vt 0.225358 0.949216
vt 0.217116 0.949226
vt 0.225229 0.946680
vt 0.225267 0.947534
vt 0.217175 0.947514
vt 0.217219 0.946656
vt 0.225301 0.948390
vt 0.217135 0.948373
vt 0.225336 0.949249
vt 0.217093 0.949231
vt 0.225557 0.926352
vt 0.225475 0.927201
vt 0.217318 0.927238
vt 0.217234 0.926385
vt 0.225383 0.928052
vt 0.217412 0.928091
vt 0.225290 0.928907
vt 0.217510 0.928947
vt 0.225430 0.950903
vt 0.217036 0.950857
vt 0.225694 0.924730
vt 0.217084 0.924721
vt 0.217002 0.950870
vt 0.225426 0.950916
vt 0.234775 0.933110
vt 0.235117 0.941516
vt 0.235013 0.943219
vt 0.233376 0.943080
vt 0.234771 0.944867
vt 0.233082 0.944637
vt 0.228746 0.950365
vt 0.227134 0.950693
vt 0.226914 0.949065
vt 0.228462 0.948713
vt 0.215330 0.950687
vt 0.215554 0.949043
vt 0.213675 0.950390
vt 0.213980 0.948712
vt 0.228756 0.950377
vt 0.227137 0.950706
vt 0.226906 0.949090
vt 0.228477 0.948722
vt 0.227526 0.925111
vt 0.227124 0.926714
vt 0.229139 0.925721
vt 0.228594 0.927341
vt 0.234084 0.929813
vt 0.234486 0.931413
vt 0.232885 0.931718
vt 0.232446 0.930168
vt 0.215302 0.950687
vt 0.215517 0.949056
vt 0.213665 0.950369
vt 0.213973 0.948690
vt 0.213670 0.925768
vt 0.215263 0.925158
vt 0.215674 0.926726
vt 0.214176 0.927352
vt 0.225160 0.944533
vt 0.225162 0.931304
vt 0.226261 0.931523
vt 0.226260 0.944314
vt 0.232548 0.942974
vt 0.231713 0.942841
vt 0.230863 0.942683
vt 0.215682 0.948234
vt 0.215839 0.947418
vt 0.216039 0.946570
vt 0.215661 0.948232
vt 0.215833 0.947404
vt 0.216030 0.946560
vt 0.226902 0.927519
vt 0.226642 0.928320
vt 0.226325 0.929117
vt 0.232210 0.944426
vt 0.231367 0.944075
vt 0.230573 0.943629
vt 0.228205 0.947841
vt 0.226771 0.948252
vt 0.227359 0.946240
vt 0.227816 0.947016
vt 0.226599 0.947427
vt 0.226413 0.946572
vt 0.214233 0.947845
vt 0.214620 0.947018
vt 0.215104 0.946242
vt 0.228211 0.947858
vt 0.226773 0.948267
vt 0.227345 0.946276
vt 0.227814 0.947041
vt 0.226609 0.947434
vt 0.226418 0.946585
vt 0.228244 0.928162
vt 0.227749 0.928927
vt 0.227143 0.929602
vt 0.231596 0.930473
vt 0.232070 0.931888
vt 0.230058 0.931410
vt 0.230799 0.930907
vt 0.231247 0.932090
vt 0.230409 0.932320
vt 0.214224 0.947828
vt 0.214614 0.947000
vt 0.215097 0.946227
vt 0.214542 0.928182
vt 0.215886 0.927534
vt 0.215658 0.929617
vt 0.215050 0.928944
vt 0.216142 0.928342
vt 0.216459 0.929144
vt 0.216118 0.944314
vt 0.216119 0.931522
vt 0.217219 0.931304
vt 0.217217 0.944532
vt 0.215324 0.943783
vt 0.215325 0.932053
vt 0.214794 0.932847
vt 0.214793 0.942989
vt 0.214575 0.941889
vt 0.214575 0.933946
vt 0.227054 0.943784
vt 0.227055 0.932054
vt 0.227586 0.932848
vt 0.227585 0.942990
vt 0.227804 0.933947
vt 0.227804 0.941890
vt 0.197693 0.929620
vt 0.197698 0.945526
vt 0.196357 0.944630
vt 0.196353 0.930516
vt 0.199275 0.929305
vt 0.199280 0.945840
vt 0.195457 0.931857
vt 0.195460 0.943290
vt 0.195145 0.941708
vt 0.195143 0.933439
vt 0.210471 0.944626
vt 0.210467 0.930512
vt 0.211363 0.931853
vt 0.211367 0.943285
vt 0.211678 0.933435
vt 0.211681 0.941703
vt 0.231409 0.933424
vt 0.230904 0.941492
vt 0.217175 0.947515
vt 0.225557 0.926351
vt 0.225431 0.950903
vt 0.215329 0.950687
vt 0.234487 0.931413
vt 0.213670 0.925769
vt 0.214176 0.927353
vt 0.232547 0.942974
vt 0.215662 0.948232
vt 0.227817 0.947016
vt 0.226599 0.947426
vt 0.214233 0.947846
vt 0.214621 0.947018
vt 0.227143 0.929603
vt 0.214224 0.947827
vt 0.215886 0.927535
vt 0.217219 0.931303
vt 0.196357 0.944631
vt 0.210471 0.944627
vt 0.211364 0.931853
vt 0.211679 0.933435
vt 0.103844 0.033742
vt 0.264742 0.033742
vt 0.264742 0.141123
vt 0.103844 0.141123
vt 0.612182 0.738105
vt 0.612182 0.577206
vt 0.777071 0.577206
vt 0.777071 0.738105
vt 0.356482 0.380011
vt 0.517380 0.380011
vt 0.517380 0.487391
vt 0.356482 0.487391
vt 0.612181 0.738105
vt 0.612181 0.577206
vt 0.610604 0.033742
vt 0.775494 0.033742
vt 0.775494 0.141123
vt 0.610604 0.141123
vt 0.610604 0.379310
vt 0.775494 0.379310
vt 0.775494 0.487391
vt 0.610604 0.487391
vt 0.452853 0.619143
vt 0.452853 0.493776
vt 0.542300 0.493776
vt 0.542300 0.619143
vt 0.103844 0.379310
vt 0.264742 0.379310
vt 0.264742 0.487391
vt 0.103844 0.487391
vt 0.351178 0.033742
vt 0.351178 0.141123
vt 0.351178 0.379310
vt 0.351178 0.487391
vt 0.612182 0.490770
vt 0.777071 0.490770
vt 0.603816 0.141824
vt 0.517380 0.141824
vt 0.517380 0.033742
vt 0.603816 0.033742
vt 0.603816 0.380011
vt 0.603816 0.487391
vt 0.612181 0.490770
vt 0.356482 0.033742
vt 0.505313 0.044244
vt 0.368549 0.044244
vt 0.505313 0.141824
vt 0.517380 0.292797
vt 0.505313 0.292797
vt 0.368549 0.369509
vt 0.505313 0.369509
vt 0.368549 0.141824
vt 0.356482 0.141824
vt 0.201919 0.490770
vt 0.327438 0.490770
vt 0.327438 0.636436
vt 0.201919 0.636436
vt 0.201919 0.649231
vt 0.327438 0.649231
vt 0.327438 0.707840
vt 0.201919 0.707840
vt 0.327438 0.640645
vt 0.201919 0.640645
vt 0.327438 0.644921
vt 0.201919 0.644921
vt 0.434313 0.492053
vt 0.435138 0.492878
vt 0.435138 0.582325
vt 0.434313 0.583150
vt 0.121133 0.616961
vt 0.120309 0.617786
vt 0.120309 0.490770
vt 0.121133 0.491595
vt 0.147187 0.490770
vt 0.148011 0.491595
vt 0.148011 0.617113
vt 0.147187 0.617938
vt 0.388189 0.550204
vt 0.387365 0.550204
vt 0.387365 0.490770
vt 0.388189 0.491595
vt 0.382170 0.709489
vt 0.381346 0.708665
vt 0.381346 0.562999
vt 0.382170 0.562999
vt 0.121137 0.616967
vt 0.120313 0.617790
vt 0.120313 0.490766
vt 0.121137 0.491589
vt 0.500439 0.047485
vt 0.373423 0.047485
vt 0.500439 0.138582
vt 0.373423 0.138582
vt 0.500515 0.146307
vt 0.373347 0.146307
vt 0.500515 0.292797
vt 0.373347 0.365026
vt 0.500515 0.365026
vt 0.373347 0.292797
vt 0.368549 0.292797
vt 0.128553 0.491595
vt 0.128553 0.616961
vt 0.442558 0.492878
vt 0.442558 0.582325
vt 0.196725 0.491595
vt 0.196725 0.617113
vt 0.128549 0.491589
vt 0.128549 0.616967
vt 0.395609 0.550204
vt 0.395609 0.491595
vt 0.372218 0.562999
vt 0.332633 0.708665
vt 0.388189 0.562999
vt 0.397317 0.562999
vt 0.436902 0.708665
vt 0.388189 0.708665
vt 0.388189 0.558790
vt 0.396371 0.558790
vt 0.395800 0.554514
vt 0.388189 0.554514
vt 0.373165 0.558790
vt 0.381346 0.558790
vt 0.373735 0.554514
vt 0.381346 0.554514
vt 0.373926 0.550204
vt 0.381346 0.550204
vt 0.356482 0.292797
vt 0.610604 0.228336
vt 0.775494 0.228336
vt 0.103844 0.228336
vt 0.264742 0.228336
vt 0.351178 0.228336
vt 0.603816 0.292797
vt 0.382170 0.558790
vt 0.382170 0.554514
vt 0.373347 0.301282
vt 0.368549 0.301282
vt 0.368549 0.297006
vt 0.373347 0.297006
vt 0.356482 0.301282
vt 0.356482 0.297006
vt 0.610604 0.219851
vt 0.775494 0.219851
vt 0.775494 0.224127
vt 0.610604 0.224127
vt 0.103844 0.219851
vt 0.264742 0.219851
vt 0.264742 0.224127
vt 0.103844 0.224127
vt 0.351178 0.224127
vt 0.351178 0.219851
vt 0.603816 0.301282
vt 0.517380 0.301282
vt 0.517380 0.297006
vt 0.603816 0.297006
vt 0.505313 0.297006
vt 0.505313 0.301282
vt 0.500515 0.297006
vt 0.500515 0.301282
vt 0.387365 0.709489
vt 0.387365 0.562999
vt 0.387365 0.558790
vt 0.382170 0.550204
vt 0.368549 0.305592
vt 0.373347 0.305592
vt 0.356482 0.305592
vt 0.775494 0.215541
vt 0.610604 0.215541
vt 0.264742 0.215541
vt 0.103844 0.215541
vt 0.351178 0.215541
vt 0.517380 0.305592
vt 0.603816 0.305592
vt 0.505313 0.305592
vt 0.500515 0.305592
vt 0.387365 0.554514
vt 0.373926 0.491595
vt 0.381346 0.491595
vt 0.382170 0.490770
vt 0.742314 0.916088
vt 0.748045 0.916372
vt 0.748045 0.923944
vt 0.742314 0.923944
vt 0.753215 0.917196
vt 0.753215 0.923944
vt 0.757317 0.918480
vt 0.757317 0.923944
vt 0.747018 0.881337
vt 0.742040 0.879719
vt 0.742649 0.875872
vt 0.747883 0.875872
vt 0.687533 0.912452
vt 0.688293 0.912440
vt 0.688013 0.916103
vt 0.687533 0.915778
vt 0.720126 0.879145
vt 0.720095 0.883125
vt 0.718359 0.879719
vt 0.715893 0.886266
vt 0.713381 0.881337
vt 0.720092 0.883216
vt 0.757318 0.934339
vt 0.753215 0.936780
vt 0.753215 0.930693
vt 0.757318 0.929409
vt 0.748045 0.938348
vt 0.748045 0.931517
vt 0.742314 0.938888
vt 0.742314 0.931801
vt 0.720126 0.872599
vt 0.720135 0.875872
vt 0.717750 0.875872
vt 0.718359 0.872025
vt 0.712515 0.875872
vt 0.713381 0.870407
vt 0.757318 0.923944
vt 0.757318 0.918479
vt 0.686613 0.917048
vt 0.685819 0.912399
vt 0.686772 0.912440
vt 0.687052 0.916104
vt 0.740272 0.868554
vt 0.744506 0.865478
vt 0.747018 0.870407
vt 0.742040 0.872025
vt 0.757317 0.934339
vt 0.757317 0.929409
vt 0.695702 0.915539
vt 0.696621 0.915454
vt 0.696621 0.916808
vt 0.696137 0.916483
vt 0.697540 0.915538
vt 0.697104 0.916483
vt 0.763533 0.889333
vt 0.765018 0.889365
vt 0.765019 0.891387
vt 0.763456 0.891387
vt 0.766504 0.889333
vt 0.766580 0.891387
vt 0.765018 0.893409
vt 0.763533 0.893441
vt 0.766504 0.893441
vt 0.687532 0.917132
vt 0.688450 0.917048
vt 0.689244 0.912399
vt 0.744506 0.886266
vt 0.740272 0.883190
vt 0.753215 0.911108
vt 0.757317 0.913550
vt 0.748045 0.909541
vt 0.742314 0.909000
vt 0.743036 0.893539
vt 0.740862 0.890548
vt 0.747867 0.888708
vt 0.741048 0.889725
vt 0.748045 0.904119
vt 0.753215 0.906277
vt 0.742314 0.903376
vt 0.758156 0.857402
vt 0.763326 0.855835
vt 0.763326 0.862666
vt 0.758156 0.863490
vt 0.769057 0.855295
vt 0.769057 0.862382
vt 0.767800 0.887540
vt 0.767944 0.891387
vt 0.768971 0.885922
vt 0.769174 0.891387
vt 0.735664 0.892690
vt 0.736948 0.896641
vt 0.730199 0.897710
vt 0.730199 0.893556
vt 0.763326 0.870239
vt 0.758156 0.870239
vt 0.769057 0.870239
vt 0.767800 0.895234
vt 0.768971 0.896851
vt 0.723451 0.896641
vt 0.724735 0.892690
vt 0.763326 0.877811
vt 0.758156 0.876987
vt 0.769057 0.878095
vt 0.717363 0.893539
vt 0.719537 0.890548
vt 0.720418 0.890491
vt 0.763326 0.884642
vt 0.758156 0.883075
vt 0.769057 0.885182
vt 0.719831 0.889539
vt 0.719351 0.889725
vt 0.753215 0.941612
vt 0.748045 0.943769
vt 0.742314 0.944513
vt 0.720095 0.868619
vt 0.715893 0.865478
vt 0.720092 0.868528
vt 0.757318 0.913550
vt 0.717363 0.858205
vt 0.719406 0.861016
vt 0.712532 0.863036
vt 0.719070 0.862301
vt 0.762236 0.895234
vt 0.762093 0.891387
vt 0.761066 0.896851
vt 0.760863 0.891387
vt 0.724735 0.859053
vt 0.723451 0.855103
vt 0.730199 0.854034
vt 0.730199 0.858188
vt 0.762236 0.887539
vt 0.761066 0.885922
vt 0.736948 0.855103
vt 0.735664 0.859053
vt 0.739971 0.861248
vt 0.743035 0.858205
vt 0.740993 0.861016
vt 0.758156 0.883074
vt 0.740228 0.868510
vt 0.740536 0.862658
vt 0.741643 0.862614
vt 0.740227 0.868587
vt 0.740185 0.872628
vt 0.740174 0.875872
vt 0.740185 0.879117
vt 0.740226 0.883157
vt 0.740228 0.883234
vt 0.740560 0.889538
vt 0.720127 0.868554
vt 0.694901 0.920233
vt 0.695850 0.920233
vt 0.694914 0.920265
vt 0.696621 0.920224
vt 0.697389 0.920233
vt 0.698325 0.920183
vt 0.698287 0.920144
vt 0.658695 0.912276
vt 0.658710 0.912238
vt 0.658734 0.912236
vt 0.665747 0.838670
vt 0.665665 0.835425
vt 0.670657 0.830066
vt 0.670657 0.833311
vt 0.665369 0.845955
vt 0.665665 0.841915
vt 0.670657 0.836555
vt 0.670657 0.840596
vt 0.770798 0.838670
vt 0.768776 0.838670
vt 0.768776 0.833311
vt 0.770798 0.833311
vt 0.665369 0.831385
vt 0.670657 0.826026
vt 0.665360 0.831308
vt 0.670657 0.825949
vt 0.728393 0.942630
vt 0.722928 0.941765
vt 0.722928 0.936405
vt 0.728393 0.937271
vt 0.717464 0.942630
vt 0.717464 0.937271
vt 0.730199 0.863548
vt 0.724735 0.864413
vt 0.735664 0.864413
vt 0.665360 0.846032
vt 0.670657 0.840672
vt 0.716929 0.845988
vt 0.716894 0.846014
vt 0.716894 0.840654
vt 0.716929 0.840629
vt 0.722709 0.785876
vt 0.722418 0.781896
vt 0.727715 0.787255
vt 0.727715 0.791236
vt 0.722418 0.781831
vt 0.727715 0.787191
vt 0.722791 0.789149
vt 0.727715 0.794509
vt 0.722709 0.792422
vt 0.727715 0.797781
vt 0.722418 0.796402
vt 0.727715 0.801762
vt 0.722396 0.796492
vt 0.727715 0.801852
vt 0.674891 0.825570
vt 0.675524 0.828088
vt 0.676157 0.830607
vt 0.676945 0.833743
vt 0.768776 0.828088
vt 0.770798 0.828088
vt 0.674103 0.822433
vt 0.674088 0.822374
vt 0.722928 0.935140
vt 0.728393 0.935812
vt 0.717464 0.935812
vt 0.730199 0.872728
vt 0.724735 0.873400
vt 0.735664 0.873400
vt 0.676960 0.833802
vt 0.716894 0.833788
vt 0.716929 0.833768
vt 0.733997 0.794101
vt 0.733220 0.797191
vt 0.734009 0.794051
vt 0.732581 0.799731
vt 0.731943 0.802272
vt 0.731167 0.805361
vt 0.731149 0.805431
vt 0.679524 0.815868
vt 0.680286 0.817259
vt 0.681049 0.818649
vt 0.681998 0.820379
vt 0.768776 0.817258
vt 0.770798 0.817258
vt 0.678574 0.814137
vt 0.678556 0.814105
vt 0.722928 0.930461
vt 0.728393 0.930832
vt 0.717464 0.930832
vt 0.730199 0.889708
vt 0.724735 0.890079
vt 0.735664 0.890079
vt 0.682016 0.820412
vt 0.716894 0.820404
vt 0.716930 0.820394
vt 0.739048 0.807453
vt 0.738113 0.809159
vt 0.739063 0.807426
vt 0.737344 0.810561
vt 0.736575 0.811963
vt 0.735641 0.813668
vt 0.735620 0.813707
vt 0.679861 0.781831
vt 0.680621 0.781831
vt 0.681382 0.781831
vt 0.682334 0.781831
vt 0.768776 0.781831
vt 0.770798 0.781831
vt 0.678910 0.781831
vt 0.678892 0.781831
vt 0.722928 0.902610
vt 0.728393 0.902610
vt 0.717464 0.902610
vt 0.747854 0.798510
vt 0.753319 0.798139
vt 0.753319 0.841142
vt 0.747854 0.841142
vt 0.758784 0.798510
vt 0.758784 0.841142
vt 0.682353 0.781831
vt 0.716894 0.781831
vt 0.716929 0.781831
vt 0.739386 0.845988
vt 0.738451 0.845988
vt 0.755267 0.855322
vt 0.755300 0.855295
vt 0.755299 0.893857
vt 0.755266 0.893857
vt 0.737680 0.845988
vt 0.736912 0.845988
vt 0.736014 0.845988
vt 0.735990 0.845988
vt 0.678490 0.920135
vt 0.677730 0.920146
vt 0.678010 0.916483
vt 0.678490 0.916808
vt 0.720094 0.883125
vt 0.720092 0.883215
vt 0.753215 0.936781
vt 0.720136 0.875872
vt 0.757318 0.918480
vt 0.679410 0.915539
vt 0.680203 0.920187
vt 0.679251 0.920146
vt 0.678971 0.916483
vt 0.753215 0.930692
vt 0.766503 0.889333
vt 0.766503 0.893441
vt 0.678491 0.915454
vt 0.677573 0.915539
vt 0.676779 0.920188
vt 0.743035 0.893539
vt 0.758156 0.857403
vt 0.768970 0.885922
vt 0.735664 0.892691
vt 0.730200 0.897710
vt 0.730200 0.893556
vt 0.763326 0.870238
vt 0.758156 0.870238
vt 0.769057 0.870238
vt 0.768970 0.896851
vt 0.724735 0.892691
vt 0.720094 0.868619
vt 0.720092 0.868529
vt 0.761066 0.896852
vt 0.730200 0.854034
vt 0.730200 0.858188
vt 0.753215 0.941611
vt 0.741643 0.862615
vt 0.740185 0.872627
vt 0.694914 0.920266
vt 0.657558 0.912236
vt 0.657544 0.912275
vt 0.657520 0.912276
vt 0.665665 0.835426
vt 0.665369 0.845956
vt 0.665360 0.831309
vt 0.728393 0.942631
vt 0.717464 0.942631
vt 0.730200 0.863548
vt 0.730200 0.872728
vt 0.733996 0.794101
vt 0.732582 0.799731
vt 0.731943 0.802271
vt 0.681049 0.818648
vt 0.678574 0.814138
vt 0.722929 0.930461
vt 0.730200 0.889708
vt 0.716894 0.820405
vt 0.739048 0.807454
vt 0.770798 0.817259
vt 0.768776 0.817259
vt 0.722929 0.902610
vt 0.755266 0.855322
vt 0.755299 0.855295
vt 0.739979 0.890492
vt 0.712532 0.888708
vt 0.719850 0.862648
vt 0.720423 0.861250
vt 0.747867 0.863036
vt 0.720424 0.861250
vt 0.735435 0.916330
vt 0.736209 0.916088
vt 0.736209 0.923944
vt 0.735435 0.923944
vt 0.735435 0.909461
vt 0.736209 0.909000
vt 0.735435 0.904009
vt 0.736209 0.903376
vt 0.694167 0.861060
vt 0.693706 0.861694
vt 0.686837 0.858193
vt 0.687079 0.857449
vt 0.679223 0.856987
vt 0.679223 0.856205
vt 0.671608 0.858193
vt 0.671366 0.857449
vt 0.664739 0.861694
vt 0.664279 0.861060
vt 0.736209 0.944513
vt 0.735435 0.943879
vt 0.735435 0.938428
vt 0.736209 0.938888
vt 0.735435 0.931559
vt 0.736209 0.931801
vt 0.735435 0.909460
vt 0.664279 0.902197
vt 0.664739 0.901564
vt 0.671608 0.905064
vt 0.671366 0.905808
vt 0.679223 0.906270
vt 0.679223 0.907053
vt 0.686837 0.905064
vt 0.687079 0.905808
vt 0.693706 0.901564
vt 0.694167 0.902197
vt 0.662969 0.825004
vt 0.662726 0.824050
vt 0.670657 0.818689
vt 0.671102 0.819551
vt 0.672668 0.816724
vt 0.673275 0.817449
vt 0.719784 0.803768
vt 0.720024 0.802816
vt 0.728157 0.808271
vt 0.727715 0.809129
vt 0.730330 0.810373
vt 0.729726 0.811093
vt 0.690635 0.783229
vt 0.690229 0.781831
vt 0.698160 0.787185
vt 0.697702 0.788035
vt 0.705889 0.795648
vt 0.705407 0.796537
vt 0.662726 0.853294
vt 0.663141 0.851884
vt 0.670197 0.847086
vt 0.670657 0.847940
vt 0.677897 0.838588
vt 0.678386 0.839477
vt 0.676829 0.810955
vt 0.677504 0.811679
vt 0.734425 0.815885
vt 0.733880 0.816876
vt 0.711251 0.811553
vt 0.710585 0.812320
vt 0.683068 0.822809
vt 0.683750 0.823574
vt 0.677161 0.781831
vt 0.678076 0.781831
vt 0.735136 0.845988
vt 0.734217 0.845988
vt 0.711583 0.853292
vt 0.710681 0.853292
vt 0.683169 0.781831
vt 0.684083 0.781831
vt 0.686672 0.917991
vt 0.685864 0.919046
vt 0.685026 0.916269
vt 0.685432 0.913970
vt 0.668633 0.912215
vt 0.669688 0.913023
vt 0.669647 0.913883
vt 0.668552 0.913883
vt 0.666558 0.912215
vt 0.667653 0.912215
vt 0.667695 0.913074
vt 0.666639 0.913882
vt 0.689200 0.919046
vt 0.688392 0.917991
vt 0.689632 0.913971
vt 0.690038 0.916269
vt 0.694953 0.913540
vt 0.695761 0.914595
vt 0.694522 0.918617
vt 0.694115 0.916318
vt 0.697481 0.914595
vt 0.698289 0.913540
vt 0.699126 0.916327
vt 0.698713 0.918602
vt 0.690078 0.912215
vt 0.690993 0.912861
vt 0.700083 0.919716
vt 0.699164 0.920353
vt 0.694065 0.920414
vt 0.693163 0.919743
vt 0.684071 0.912861
vt 0.684985 0.912215
vt 0.693706 0.861693
vt 0.679223 0.856204
vt 0.664739 0.861693
vt 0.694166 0.902197
vt 0.730329 0.810373
vt 0.663140 0.851884
vt 0.711251 0.811552
vt 0.679351 0.914595
vt 0.680159 0.913540
vt 0.680997 0.916317
vt 0.680591 0.918616
vt 0.669688 0.913022
vt 0.676823 0.913540
vt 0.677631 0.914595
vt 0.676391 0.918616
vt 0.675985 0.916318
vt 0.694116 0.916318
vt 0.697481 0.914596
vt 0.675944 0.920372
vt 0.675030 0.919726
vt 0.699165 0.920353
vt 0.693163 0.919744
vt 0.681952 0.919725
vt 0.681038 0.920372
vt 0.699158 0.867145
vt 0.702658 0.874014
vt 0.679223 0.881629
vt 0.659288 0.867145
vt 0.655788 0.874014
vt 0.654582 0.881629
vt 0.655788 0.889243
vt 0.659288 0.896112
vt 0.699158 0.896112
vt 0.702658 0.889243
vt 0.703864 0.881629
vt 0.775162 0.855295
vt 0.775162 0.862382
vt 0.775162 0.870239
vt 0.775162 0.878095
vt 0.775162 0.885182
vt 0.671757 0.912215
vt 0.671676 0.913883
vt 0.670399 0.913883
vt 0.670432 0.912397
vt 0.665440 0.912236
vt 0.665521 0.913904
vt 0.664196 0.913722
vt 0.664164 0.912237
vt 0.664164 0.912236
vt 0.670431 0.912397
vt 0.662233 0.912278
vt 0.663093 0.912236
vt 0.663093 0.913137
vt 0.662174 0.913221
vt 0.696621 0.914554
vt 0.687532 0.918033
vt 0.689262 0.912398
vt 0.690314 0.918579
vt 0.689017 0.920372
vt 0.691484 0.916961
vt 0.698106 0.912215
vt 0.699403 0.914008
vt 0.700573 0.915625
vt 0.693839 0.914008
vt 0.695136 0.912215
vt 0.692669 0.915625
vt 0.686046 0.920372
vt 0.684750 0.918579
vt 0.683580 0.916961
vt 0.685800 0.912398
vt 0.694898 0.920268
vt 0.672949 0.912215
vt 0.673401 0.913966
vt 0.672548 0.913758
vt 0.672562 0.913796
vt 0.732704 0.939468
vt 0.732708 0.944829
vt 0.713147 0.944830
vt 0.713149 0.939469
vt 0.720434 0.866604
vt 0.739961 0.866602
vt 0.692841 0.789110
vt 0.698160 0.794469
vt 0.732667 0.937503
vt 0.713185 0.937505
vt 0.720519 0.875067
vt 0.739874 0.875065
vt 0.704459 0.801335
vt 0.732524 0.931734
vt 0.713389 0.931722
vt 0.743639 0.783499
vt 0.747854 0.781831
vt 0.743765 0.799403
vt 0.758784 0.781831
vt 0.762994 0.783496
vt 0.762860 0.799400
vt 0.709514 0.814719
vt 0.732494 0.902610
vt 0.713373 0.902610
vt 0.743736 0.841142
vt 0.762884 0.841142
vt 0.709849 0.853292
vt 0.775162 0.870238
vt 0.678491 0.914554
vt 0.676761 0.920189
vt 0.675709 0.914008
vt 0.677006 0.912215
vt 0.674538 0.915625
vt 0.699403 0.914007
vt 0.695135 0.912215
vt 0.679976 0.912215
vt 0.681273 0.914008
vt 0.682443 0.915625
vt 0.680222 0.920188
vt 0.739961 0.866603
vt 0.743638 0.783499
vt 0.709848 0.853292
vt 0.058786 0.956478
vt 0.059209 0.973253
vt 0.056429 0.973428
vt 0.056009 0.956651
vt 0.054620 0.464066
vt 0.054625 0.470880
vt 0.053349 0.470533
vt 0.053352 0.463683
vt 0.057071 0.201578
vt 0.056834 0.218218
vt 0.054671 0.216590
vt 0.054907 0.199973
vt 0.058475 0.085645
vt 0.058476 0.092078
vt 0.057254 0.091846
vt 0.057235 0.085491
vt 0.048133 0.085238
vt 0.048092 0.091658
vt 0.046866 0.091897
vt 0.046899 0.085398
vt 0.048052 0.056361
vt 0.048013 0.064286
vt 0.046734 0.064275
vt 0.046756 0.056320
vt 0.042462 0.047846
vt 0.042632 0.064461
vt 0.039864 0.064683
vt 0.039689 0.056726
vt 0.039690 0.048135
vt 0.039395 0.028910
vt 0.042153 0.028678
vt 0.039424 0.038911
vt 0.038339 0.048288
vt 0.038052 0.039069
vt 0.037988 0.029015
vt 0.036575 0.029089
vt 0.036691 0.039206
vt 0.037015 0.048419
vt 0.038546 0.064778
vt 0.038367 0.056854
vt 0.037073 0.056957
vt 0.037270 0.064844
vt 0.047980 0.038482
vt 0.047933 0.047792
vt 0.046599 0.047732
vt 0.046620 0.038437
vt 0.044917 0.028442
vt 0.045245 0.038439
vt 0.045235 0.047719
vt 0.046331 0.028383
vt 0.047749 0.028365
vt 0.045405 0.064301
vt 0.045427 0.056322
vt 0.042833 0.092496
vt 0.040061 0.092475
vt 0.039939 0.085934
vt 0.039973 0.079189
vt 0.042741 0.079062
vt 0.039829 0.072151
vt 0.038530 0.072201
vt 0.038663 0.079185
vt 0.037264 0.072217
vt 0.037411 0.079142
vt 0.038767 0.092326
vt 0.038650 0.085864
vt 0.037409 0.085746
vt 0.037535 0.092118
vt 0.048104 0.071667
vt 0.048060 0.078615
vt 0.046809 0.078707
vt 0.046841 0.071703
vt 0.045507 0.078823
vt 0.045543 0.071771
vt 0.045586 0.092143
vt 0.045621 0.085577
vt 0.058625 0.056792
vt 0.058628 0.064710
vt 0.057347 0.064720
vt 0.057325 0.056830
vt 0.053347 0.048215
vt 0.053316 0.064566
vt 0.050602 0.064398
vt 0.050681 0.056527
vt 0.050612 0.047996
vt 0.050595 0.028437
vt 0.053396 0.028592
vt 0.050709 0.038660
vt 0.049262 0.047885
vt 0.049338 0.038561
vt 0.049171 0.028386
vt 0.049289 0.064330
vt 0.049349 0.056435
vt 0.058800 0.038910
vt 0.058762 0.048248
vt 0.057435 0.048303
vt 0.057433 0.038962
vt 0.056188 0.028781
vt 0.056050 0.038969
vt 0.056084 0.048316
vt 0.057610 0.028827
vt 0.059029 0.028836
vt 0.056033 0.064696
vt 0.055984 0.056828
vt 0.053301 0.091329
vt 0.050603 0.091334
vt 0.050667 0.085050
vt 0.050609 0.078546
vt 0.053311 0.078638
vt 0.050674 0.071695
vt 0.049369 0.071666
vt 0.049309 0.078560
vt 0.049320 0.091462
vt 0.049372 0.085117
vt 0.058530 0.072076
vt 0.058548 0.079024
vt 0.057301 0.078936
vt 0.057267 0.072042
vt 0.056009 0.078833
vt 0.055958 0.071983
vt 0.055983 0.091626
vt 0.055944 0.085333
vt 0.057926 0.146012
vt 0.057860 0.154860
vt 0.056757 0.154125
vt 0.056816 0.145310
vt 0.047842 0.154321
vt 0.046724 0.155053
vt 0.046852 0.146175
vt 0.047972 0.145480
vt 0.048179 0.113421
vt 0.048074 0.121013
vt 0.046911 0.121567
vt 0.047011 0.113897
vt 0.040147 0.107209
vt 0.042917 0.107376
vt 0.042990 0.122656
vt 0.040231 0.122364
vt 0.040096 0.114665
vt 0.039986 0.099827
vt 0.038710 0.099603
vt 0.038868 0.106909
vt 0.037492 0.099310
vt 0.037662 0.106528
vt 0.038839 0.114295
vt 0.038972 0.121931
vt 0.037652 0.113832
vt 0.037799 0.121395
vt 0.048178 0.098865
vt 0.048107 0.106095
vt 0.046911 0.106502
vt 0.046974 0.099185
vt 0.045722 0.099500
vt 0.045656 0.106894
vt 0.045681 0.122083
vt 0.045788 0.114342
vt 0.042872 0.156418
vt 0.040138 0.155989
vt 0.040123 0.147084
vt 0.040226 0.138544
vt 0.042972 0.138927
vt 0.040157 0.130279
vt 0.038918 0.129795
vt 0.038986 0.138014
vt 0.037763 0.129197
vt 0.037842 0.137364
vt 0.038906 0.155402
vt 0.038897 0.146522
vt 0.037766 0.145830
vt 0.037776 0.154681
vt 0.048102 0.128825
vt 0.047987 0.137008
vt 0.046854 0.137670
vt 0.046964 0.129432
vt 0.045763 0.129987
vt 0.045648 0.138276
vt 0.045534 0.155717
vt 0.045664 0.146804
vt 0.058285 0.113875
vt 0.058257 0.121464
vt 0.057107 0.120921
vt 0.057112 0.113405
vt 0.053231 0.119899
vt 0.050511 0.120130
vt 0.050631 0.112674
vt 0.050582 0.105477
vt 0.053284 0.105361
vt 0.050675 0.098399
vt 0.049394 0.098591
vt 0.049311 0.105738
vt 0.049252 0.120510
vt 0.049365 0.112993
vt 0.058384 0.099281
vt 0.058389 0.106517
vt 0.057200 0.106127
vt 0.057173 0.098973
vt 0.055954 0.105774
vt 0.055905 0.098689
vt 0.055890 0.120438
vt 0.055873 0.112985
vt 0.052942 0.152755
vt 0.050222 0.153102
vt 0.050363 0.144323
vt 0.050386 0.135920
vt 0.053099 0.135629
vt 0.050516 0.127835
vt 0.049263 0.128266
vt 0.049141 0.136395
vt 0.048983 0.153637
vt 0.049118 0.144830
vt 0.058122 0.129327
vt 0.058059 0.137509
vt 0.056939 0.136852
vt 0.056987 0.128720
vt 0.055747 0.136268
vt 0.055778 0.128181
vt 0.055580 0.153470
vt 0.055629 0.144686
vt 0.047022 0.217519
vt 0.044822 0.219107
vt 0.045038 0.202469
vt 0.047243 0.200901
vt 0.047592 0.176843
vt 0.047474 0.184722
vt 0.046379 0.185530
vt 0.046489 0.177636
vt 0.040013 0.170904
vt 0.042737 0.171365
vt 0.042570 0.187030
vt 0.039853 0.186555
vt 0.039915 0.178637
vt 0.040056 0.163339
vt 0.038836 0.162732
vt 0.038790 0.170280
vt 0.037717 0.161983
vt 0.037674 0.169511
vt 0.038697 0.178001
vt 0.038638 0.185904
vt 0.037583 0.177217
vt 0.037530 0.185103
vt 0.047783 0.161626
vt 0.047676 0.169150
vt 0.046570 0.169924
vt 0.046671 0.162382
vt 0.045490 0.163063
vt 0.045392 0.170623
vt 0.045213 0.186260
vt 0.045317 0.178349
vt 0.042203 0.219914
vt 0.039493 0.219445
vt 0.039692 0.202789
vt 0.042405 0.203261
vt 0.037404 0.201328
vt 0.037205 0.217967
vt 0.057518 0.177469
vt 0.057385 0.185376
vt 0.056316 0.184542
vt 0.056434 0.176660
vt 0.052551 0.182981
vt 0.049831 0.183359
vt 0.049968 0.175507
vt 0.050047 0.167850
vt 0.052768 0.167480
vt 0.050167 0.160355
vt 0.048922 0.160914
vt 0.048810 0.168422
vt 0.048596 0.183957
vt 0.048727 0.176096
vt 0.057742 0.162205
vt 0.057646 0.169748
vt 0.056558 0.168958
vt 0.056648 0.161438
vt 0.055395 0.168253
vt 0.055477 0.160753
vt 0.055167 0.183799
vt 0.055273 0.175936
vt 0.052072 0.215726
vt 0.049350 0.216112
vt 0.049571 0.199514
vt 0.052296 0.199130
vt 0.055555 0.330085
vt 0.055422 0.344802
vt 0.053174 0.343385
vt 0.053271 0.336097
vt 0.053324 0.328611
vt 0.056190 0.266022
vt 0.056001 0.281655
vt 0.053823 0.280043
vt 0.054025 0.264384
vt 0.046165 0.280800
vt 0.043953 0.282362
vt 0.044177 0.266794
vt 0.046379 0.265208
vt 0.046810 0.233401
vt 0.046595 0.249352
vt 0.044397 0.250951
vt 0.044612 0.235000
vt 0.039295 0.235360
vt 0.042004 0.235819
vt 0.041800 0.251779
vt 0.039091 0.251336
vt 0.036997 0.233880
vt 0.036780 0.249869
vt 0.041381 0.283199
vt 0.038673 0.282806
vt 0.038885 0.267207
vt 0.041593 0.267629
vt 0.036556 0.265765
vt 0.036322 0.281399
vt 0.056615 0.234133
vt 0.056399 0.250123
vt 0.054239 0.248477
vt 0.054456 0.232490
vt 0.051665 0.247584
vt 0.048945 0.247950
vt 0.049147 0.231990
vt 0.051868 0.231610
vt 0.051274 0.279137
vt 0.048555 0.279454
vt 0.048746 0.263828
vt 0.051465 0.263482
vt 0.045441 0.343715
vt 0.043145 0.345089
vt 0.043215 0.337876
vt 0.043316 0.330485
vt 0.045597 0.329057
vt 0.045948 0.297606
vt 0.045773 0.313698
vt 0.043516 0.315172
vt 0.043599 0.307246
vt 0.043721 0.299132
vt 0.038416 0.299619
vt 0.041126 0.299972
vt 0.041023 0.308084
vt 0.040927 0.316013
vt 0.038209 0.315715
vt 0.036032 0.298269
vt 0.035783 0.314437
vt 0.042470 0.299684
vt 0.042265 0.315715
vt 0.042356 0.307792
vt 0.040588 0.345933
vt 0.037877 0.345736
vt 0.038028 0.331084
vt 0.040746 0.331328
vt 0.040671 0.338714
vt 0.040831 0.323763
vt 0.035564 0.329878
vt 0.035374 0.344608
vt 0.043393 0.322925
vt 0.042155 0.323463
vt 0.042074 0.331022
vt 0.041907 0.345620
vt 0.041985 0.338407
vt 0.055832 0.298506
vt 0.055694 0.314657
vt 0.053483 0.313134
vt 0.053584 0.305138
vt 0.053645 0.296934
vt 0.050936 0.312233
vt 0.048226 0.312471
vt 0.048366 0.296311
vt 0.051077 0.296027
vt 0.051002 0.304230
vt 0.052409 0.296353
vt 0.052256 0.312562
vt 0.052340 0.304558
vt 0.050665 0.342486
vt 0.047963 0.342628
vt 0.048085 0.327900
vt 0.050794 0.327710
vt 0.050724 0.335191
vt 0.050860 0.320067
vt 0.053425 0.320974
vt 0.052104 0.328047
vt 0.052188 0.320401
vt 0.051962 0.342828
vt 0.052041 0.335532
vt 0.055003 0.400736
vt 0.054944 0.407803
vt 0.053722 0.407225
vt 0.053788 0.400135
vt 0.044801 0.406330
vt 0.043564 0.406893
vt 0.043626 0.399885
vt 0.044844 0.399307
vt 0.045268 0.360790
vt 0.045104 0.376890
vt 0.043895 0.377531
vt 0.042717 0.378155
vt 0.042815 0.370264
vt 0.042950 0.362108
vt 0.037701 0.362823
vt 0.040417 0.362955
vt 0.040313 0.371103
vt 0.040215 0.379002
vt 0.037508 0.378936
vt 0.040494 0.354571
vt 0.035161 0.361778
vt 0.034937 0.377979
vt 0.043008 0.353733
vt 0.041722 0.362632
vt 0.041792 0.354256
vt 0.041504 0.378670
vt 0.041602 0.370780
vt 0.039937 0.408324
vt 0.037253 0.408391
vt 0.037379 0.394110
vt 0.040069 0.394107
vt 0.040014 0.401322
vt 0.040149 0.386667
vt 0.034765 0.393261
vt 0.034894 0.385740
vt 0.034619 0.407629
vt 0.034746 0.400538
vt 0.044994 0.384591
vt 0.044936 0.392054
vt 0.043715 0.392653
vt 0.043788 0.385206
vt 0.041421 0.386330
vt 0.042619 0.385818
vt 0.042539 0.393255
vt 0.041340 0.393764
vt 0.042384 0.407470
vt 0.041194 0.407972
vt 0.041271 0.400977
vt 0.042457 0.400473
vt 0.055275 0.361973
vt 0.055214 0.378188
vt 0.054022 0.377528
vt 0.052867 0.376875
vt 0.052974 0.368873
vt 0.053009 0.360611
vt 0.050403 0.375962
vt 0.047702 0.375971
vt 0.047827 0.359788
vt 0.050527 0.359710
vt 0.050462 0.367962
vt 0.050593 0.351232
vt 0.053128 0.352139
vt 0.051809 0.360061
vt 0.051903 0.351581
vt 0.051675 0.376328
vt 0.051758 0.368322
vt 0.050140 0.405716
vt 0.047462 0.405600
vt 0.047576 0.391227
vt 0.050262 0.391280
vt 0.050191 0.398609
vt 0.050318 0.383743
vt 0.055143 0.385932
vt 0.055077 0.393442
vt 0.053869 0.392822
vt 0.053940 0.385294
vt 0.052706 0.392195
vt 0.051521 0.391655
vt 0.051586 0.384112
vt 0.052778 0.384655
vt 0.052557 0.406627
vt 0.051383 0.406098
vt 0.051444 0.398987
vt 0.052624 0.399522
vt 0.044553 0.469165
vt 0.043269 0.469531
vt 0.043226 0.462757
vt 0.044482 0.462371
vt 0.044545 0.432280
vt 0.044568 0.440229
vt 0.043308 0.440700
vt 0.043308 0.432768
vt 0.037146 0.426041
vt 0.039823 0.425884
vt 0.039787 0.434149
vt 0.039770 0.442077
vt 0.037114 0.442323
vt 0.039875 0.417287
vt 0.034480 0.425399
vt 0.034620 0.416692
vt 0.034420 0.441812
vt 0.034514 0.433775
vt 0.044660 0.415342
vt 0.044656 0.423957
vt 0.043407 0.424476
vt 0.043436 0.415877
vt 0.042274 0.416435
vt 0.042229 0.425024
vt 0.041058 0.425517
vt 0.041107 0.416929
vt 0.042134 0.441217
vt 0.040981 0.441699
vt 0.040997 0.433779
vt 0.042147 0.433295
vt 0.039797 0.470798
vt 0.037196 0.471192
vt 0.037151 0.457334
vt 0.039772 0.457013
vt 0.039786 0.464042
vt 0.039771 0.449695
vt 0.034420 0.456963
vt 0.034485 0.449535
vt 0.034464 0.470941
vt 0.034515 0.464062
vt 0.044490 0.447917
vt 0.044537 0.455259
vt 0.043267 0.455681
vt 0.043244 0.448355
vt 0.040957 0.449317
vt 0.042087 0.448847
vt 0.042095 0.456161
vt 0.040959 0.456627
vt 0.042091 0.469968
vt 0.040965 0.470412
vt 0.040952 0.463660
vt 0.042069 0.463210
vt 0.054728 0.433867
vt 0.054685 0.441874
vt 0.053435 0.441402
vt 0.053485 0.433367
vt 0.049926 0.439984
vt 0.047287 0.439715
vt 0.047351 0.423333
vt 0.050009 0.423529
vt 0.049957 0.431923
vt 0.050059 0.414803
vt 0.054853 0.416849
vt 0.054789 0.425527
vt 0.053553 0.425000
vt 0.053624 0.416294
vt 0.052389 0.424436
vt 0.051231 0.423921
vt 0.051293 0.415190
vt 0.052460 0.415712
vt 0.052269 0.440879
vt 0.051127 0.440382
vt 0.051169 0.432317
vt 0.052320 0.432824
vt 0.049894 0.469274
vt 0.047301 0.468882
vt 0.047274 0.454856
vt 0.049891 0.455192
vt 0.049895 0.462368
vt 0.049902 0.447741
vt 0.054651 0.449570
vt 0.054631 0.456960
vt 0.053368 0.456546
vt 0.053394 0.449127
vt 0.052201 0.456067
vt 0.051072 0.455591
vt 0.051092 0.448139
vt 0.052228 0.448625
vt 0.052177 0.470108
vt 0.051057 0.469665
vt 0.051063 0.462766
vt 0.052185 0.463227
vt 0.053425 0.711031
vt 0.053344 0.720400
vt 0.052054 0.720621
vt 0.052135 0.711236
vt 0.053448 0.579791
vt 0.053055 0.596015
vt 0.050600 0.595737
vt 0.050941 0.587550
vt 0.051007 0.579640
vt 0.054465 0.519850
vt 0.054349 0.533617
vt 0.051943 0.533383
vt 0.052170 0.526589
vt 0.052068 0.519488
vt 0.044630 0.532136
vt 0.042156 0.532323
vt 0.042095 0.525535
vt 0.042253 0.518532
vt 0.044721 0.518189
vt 0.044646 0.487057
vt 0.044748 0.503264
vt 0.042275 0.503777
vt 0.042098 0.495945
vt 0.042169 0.487712
vt 0.043356 0.487333
vt 0.037345 0.488974
vt 0.039907 0.488503
vt 0.039936 0.496684
vt 0.040047 0.504490
vt 0.037531 0.504997
vt 0.039845 0.479884
vt 0.034598 0.488890
vt 0.034644 0.480141
vt 0.034767 0.505026
vt 0.044476 0.478368
vt 0.043219 0.478688
vt 0.042071 0.479088
vt 0.041054 0.488122
vt 0.040978 0.479508
vt 0.041172 0.504136
vt 0.041032 0.496323
vt 0.039995 0.532790
vt 0.037544 0.533245
vt 0.037588 0.519628
vt 0.040068 0.519133
vt 0.039957 0.526075
vt 0.039993 0.511961
vt 0.034833 0.519743
vt 0.034792 0.533415
vt 0.042150 0.511307
vt 0.041082 0.511630
vt 0.041166 0.518824
vt 0.041077 0.532541
vt 0.041032 0.525792
vt 0.054625 0.488767
vt 0.054514 0.505030
vt 0.052169 0.504531
vt 0.052355 0.496527
vt 0.052174 0.488158
vt 0.053333 0.488514
vt 0.050011 0.503804
vt 0.047515 0.503270
vt 0.047413 0.486915
vt 0.049955 0.487377
vt 0.050091 0.495774
vt 0.049947 0.478562
vt 0.054642 0.480081
vt 0.053363 0.479771
vt 0.051081 0.487757
vt 0.051090 0.478950
vt 0.052197 0.479375
vt 0.051102 0.504171
vt 0.051235 0.496148
vt 0.049826 0.532878
vt 0.047378 0.532363
vt 0.047473 0.518323
vt 0.049935 0.518864
vt 0.049994 0.526002
vt 0.050073 0.511504
vt 0.052279 0.512200
vt 0.051009 0.519191
vt 0.051183 0.511862
vt 0.050889 0.533153
vt 0.051084 0.526315
vt 0.043498 0.595365
vt 0.041105 0.595574
vt 0.041078 0.587270
vt 0.041370 0.579140
vt 0.043778 0.579072
vt 0.044408 0.547941
vt 0.044106 0.563417
vt 0.041672 0.563442
vt 0.041643 0.555749
vt 0.041947 0.548013
vt 0.037426 0.548733
vt 0.039833 0.548350
vt 0.039552 0.556047
vt 0.039620 0.563669
vt 0.037251 0.563948
vt 0.039774 0.540666
vt 0.034673 0.548908
vt 0.034494 0.564074
vt 0.041882 0.540250
vt 0.040888 0.548163
vt 0.040831 0.540439
vt 0.040641 0.563541
vt 0.040598 0.555879
vt 0.039167 0.595790
vt 0.036867 0.595884
vt 0.037054 0.579491
vt 0.039383 0.579319
vt 0.039039 0.587486
vt 0.039293 0.571478
vt 0.034287 0.579515
vt 0.034106 0.595773
vt 0.041357 0.571256
vt 0.040321 0.571355
vt 0.040367 0.579225
vt 0.040123 0.595693
vt 0.040050 0.587380
vt 0.054098 0.549218
vt 0.053771 0.564409
vt 0.051351 0.564282
vt 0.051675 0.556719
vt 0.051684 0.549060
vt 0.049283 0.563989
vt 0.046860 0.563635
vt 0.047157 0.548204
vt 0.049591 0.548664
vt 0.049603 0.556368
vt 0.049884 0.540881
vt 0.052016 0.541348
vt 0.050638 0.548886
vt 0.050949 0.541139
vt 0.050314 0.564154
vt 0.050634 0.556566
vt 0.048587 0.595476
vt 0.046260 0.595308
vt 0.046544 0.579180
vt 0.048963 0.579406
vt 0.049006 0.587288
vt 0.049287 0.571654
vt 0.051309 0.571912
vt 0.049978 0.579529
vt 0.050290 0.571797
vt 0.049583 0.595597
vt 0.049962 0.587419
vt 0.052456 0.643293
vt 0.052458 0.658887
vt 0.050066 0.658490
vt 0.050232 0.650690
vt 0.050035 0.642854
vt 0.042915 0.658297
vt 0.040427 0.658704
vt 0.040280 0.650993
vt 0.040564 0.643108
vt 0.042983 0.642650
vt 0.043271 0.610821
vt 0.043088 0.626737
vt 0.040688 0.627177
vt 0.040642 0.619179
vt 0.040873 0.611171
vt 0.036678 0.611498
vt 0.038959 0.611451
vt 0.038685 0.619507
vt 0.038763 0.627529
vt 0.036481 0.627581
vt 0.038873 0.603580
vt 0.033926 0.611264
vt 0.033733 0.627286
vt 0.040868 0.603314
vt 0.039902 0.611334
vt 0.039859 0.603464
vt 0.039711 0.627383
vt 0.039651 0.619370
vt 0.038380 0.659032
vt 0.036045 0.659084
vt 0.036283 0.643561
vt 0.038590 0.643490
vt 0.038300 0.651337
vt 0.038505 0.635577
vt 0.033534 0.643263
vt 0.033295 0.658826
vt 0.040451 0.635207
vt 0.039466 0.635422
vt 0.039562 0.643330
vt 0.039392 0.658893
vt 0.039281 0.651193
vt 0.052708 0.611456
vt 0.052496 0.627380
vt 0.050101 0.626919
vt 0.050296 0.618957
vt 0.050285 0.611059
vt 0.048158 0.626543
vt 0.045835 0.626468
vt 0.046024 0.610626
vt 0.048319 0.610739
vt 0.048383 0.618604
vt 0.048649 0.602969
vt 0.050555 0.603279
vt 0.049289 0.610878
vt 0.049588 0.603109
vt 0.049117 0.626705
vt 0.049324 0.618756
vt 0.048039 0.658143
vt 0.045665 0.658065
vt 0.045734 0.642370
vt 0.048070 0.642455
vt 0.048236 0.650324
vt 0.048265 0.634512
vt 0.050202 0.634902
vt 0.049041 0.642629
vt 0.049219 0.634681
vt 0.049044 0.658295
vt 0.049221 0.650484
vt 0.043184 0.721892
vt 0.041893 0.721669
vt 0.041637 0.712251
vt 0.042938 0.712439
vt 0.042859 0.672924
vt 0.042938 0.687766
vt 0.040427 0.687689
vt 0.040065 0.680382
vt 0.040389 0.673097
vt 0.035814 0.673253
vt 0.038222 0.673254
vt 0.037926 0.680381
vt 0.038122 0.687592
vt 0.035603 0.687489
vt 0.038132 0.666171
vt 0.033061 0.673070
vt 0.032841 0.687431
vt 0.040199 0.665929
vt 0.039296 0.673192
vt 0.039160 0.666072
vt 0.039270 0.687645
vt 0.038995 0.680390
vt 0.038377 0.720778
vt 0.035798 0.720473
vt 0.035572 0.702776
vt 0.038125 0.702986
vt 0.038107 0.711494
vt 0.037817 0.695099
vt 0.032833 0.702838
vt 0.033064 0.720663
vt 0.032997 0.711385
vt 0.043013 0.703656
vt 0.041703 0.703537
vt 0.040458 0.703362
vt 0.039978 0.695369
vt 0.038905 0.695228
vt 0.039296 0.703166
vt 0.040699 0.721374
vt 0.039554 0.721060
vt 0.039285 0.711731
vt 0.040433 0.712000
vt 0.052591 0.673082
vt 0.052812 0.687279
vt 0.050411 0.687394
vt 0.050526 0.680080
vt 0.050181 0.672898
vt 0.048200 0.687547
vt 0.045700 0.687702
vt 0.045613 0.672760
vt 0.048054 0.672749
vt 0.048332 0.680072
vt 0.048220 0.665460
vt 0.050306 0.665721
vt 0.049114 0.672811
vt 0.049251 0.665574
vt 0.049306 0.687468
vt 0.049425 0.680068
vt 0.048522 0.721582
vt 0.045938 0.721968
vt 0.045784 0.703708
vt 0.048361 0.703411
vt 0.048686 0.712089
vt 0.048561 0.695268
vt 0.053135 0.702620
vt 0.051825 0.702758
vt 0.050637 0.702958
vt 0.050864 0.694977
vt 0.049510 0.703186
vt 0.049712 0.695121
vt 0.050857 0.720922
vt 0.049707 0.721259
vt 0.049828 0.711804
vt 0.050950 0.711505
vt 0.055915 0.838047
vt 0.056142 0.846921
vt 0.054785 0.847125
vt 0.054564 0.838261
vt 0.054408 0.773875
vt 0.054660 0.783406
vt 0.053364 0.783695
vt 0.053119 0.774176
vt 0.044104 0.784550
vt 0.042790 0.784308
vt 0.042643 0.774908
vt 0.043927 0.775162
vt 0.043436 0.742231
vt 0.043589 0.749802
vt 0.042302 0.749528
vt 0.042164 0.741961
vt 0.035919 0.733481
vt 0.038536 0.733805
vt 0.038593 0.740958
vt 0.038660 0.748541
vt 0.035999 0.748253
vt 0.038432 0.727083
vt 0.033201 0.733703
vt 0.033182 0.726977
vt 0.033281 0.748507
vt 0.033302 0.740878
vt 0.043239 0.728301
vt 0.043367 0.735076
vt 0.042086 0.734811
vt 0.041960 0.728052
vt 0.040772 0.727729
vt 0.040894 0.734473
vt 0.039736 0.734118
vt 0.039623 0.727387
vt 0.041089 0.749190
vt 0.039898 0.748843
vt 0.039805 0.741268
vt 0.040971 0.741622
vt 0.038929 0.783567
vt 0.036198 0.783441
vt 0.036087 0.764879
vt 0.038785 0.765094
vt 0.038896 0.774099
vt 0.038741 0.756595
vt 0.033373 0.765161
vt 0.033409 0.756578
vt 0.033486 0.783737
vt 0.033523 0.774183
vt 0.043670 0.757801
vt 0.043836 0.766248
vt 0.042537 0.765983
vt 0.042395 0.757532
vt 0.039986 0.756876
vt 0.041183 0.757206
vt 0.041297 0.765669
vt 0.040064 0.765356
vt 0.041518 0.784034
vt 0.040245 0.783774
vt 0.040174 0.774331
vt 0.041407 0.774615
vt 0.053670 0.740528
vt 0.053844 0.748159
vt 0.052572 0.748470
vt 0.052399 0.740834
vt 0.048979 0.749592
vt 0.046336 0.749980
vt 0.046109 0.735214
vt 0.048722 0.734784
vt 0.048852 0.741974
vt 0.048632 0.727987
vt 0.053393 0.726648
vt 0.053510 0.733363
vt 0.052238 0.733654
vt 0.052117 0.726912
vt 0.051056 0.734021
vt 0.049910 0.734417
vt 0.049802 0.727632
vt 0.050936 0.727255
vt 0.051375 0.748848
vt 0.050201 0.749240
vt 0.050055 0.741610
vt 0.051212 0.741211
vt 0.049561 0.784574
vt 0.046849 0.784789
vt 0.046584 0.766462
vt 0.049260 0.766158
vt 0.049360 0.775135
vt 0.049101 0.757649
vt 0.054022 0.756254
vt 0.054233 0.764828
vt 0.052952 0.765134
vt 0.052747 0.756566
vt 0.051731 0.765491
vt 0.050519 0.765849
vt 0.050344 0.757315
vt 0.051538 0.756936
vt 0.052111 0.784015
vt 0.050857 0.784322
vt 0.050644 0.774852
vt 0.051881 0.774517
vt 0.045254 0.847175
vt 0.043886 0.847032
vt 0.043697 0.838250
vt 0.045046 0.838405
vt 0.044415 0.806077
vt 0.044578 0.813751
vt 0.043236 0.813555
vt 0.043098 0.805866
vt 0.036325 0.797759
vt 0.039067 0.797805
vt 0.039176 0.805326
vt 0.039231 0.813086
vt 0.036464 0.813114
vt 0.039028 0.790570
vt 0.033618 0.798074
vt 0.033598 0.790767
vt 0.033752 0.813460
vt 0.033728 0.805628
vt 0.044195 0.791471
vt 0.044332 0.798638
vt 0.043005 0.798417
vt 0.042889 0.791239
vt 0.041617 0.790985
vt 0.041708 0.798178
vt 0.040406 0.797963
vt 0.040342 0.790749
vt 0.041916 0.813358
vt 0.040589 0.813192
vt 0.040507 0.805457
vt 0.041806 0.805647
vt 0.039826 0.846847
vt 0.037076 0.847028
vt 0.036720 0.829539
vt 0.039475 0.829416
vt 0.039374 0.821119
vt 0.034007 0.829903
vt 0.033931 0.821530
vt 0.034357 0.847394
vt 0.034236 0.838492
vt 0.044710 0.821696
vt 0.044892 0.829909
vt 0.043536 0.829740
vt 0.043374 0.821513
vt 0.040727 0.821198
vt 0.042054 0.821337
vt 0.042194 0.829582
vt 0.040844 0.829465
vt 0.042525 0.846917
vt 0.042359 0.838115
vt 0.055134 0.805278
vt 0.055349 0.813067
vt 0.054024 0.813318
vt 0.053816 0.805540
vt 0.050068 0.813945
vt 0.047322 0.814005
vt 0.047057 0.798897
vt 0.049780 0.798765
vt 0.049882 0.806237
vt 0.049646 0.791547
vt 0.054806 0.790448
vt 0.054976 0.797739
vt 0.053666 0.798010
vt 0.053503 0.790729
vt 0.052387 0.798296
vt 0.051102 0.798560
vt 0.050961 0.791319
vt 0.052234 0.791034
vt 0.052721 0.813569
vt 0.051411 0.813787
vt 0.051221 0.806054
vt 0.052523 0.805810
vt 0.050751 0.847498
vt 0.047996 0.847435
vt 0.047636 0.830167
vt 0.050381 0.830177
vt 0.050172 0.821914
vt 0.055514 0.821121
vt 0.055746 0.829453
vt 0.054405 0.829679
vt 0.054180 0.821359
vt 0.053078 0.829893
vt 0.051743 0.830066
vt 0.051532 0.821783
vt 0.052861 0.821590
vt 0.053434 0.847304
vt 0.053223 0.838455
vt 0.057251 0.892914
vt 0.057669 0.909751
vt 0.054919 0.909968
vt 0.054519 0.893165
vt 0.046650 0.909543
vt 0.043893 0.909454
vt 0.043531 0.892658
vt 0.046271 0.892780
vt 0.045560 0.861625
vt 0.045908 0.876819
vt 0.043188 0.876657
vt 0.042862 0.861418
vt 0.037398 0.861641
vt 0.040147 0.861412
vt 0.040457 0.876706
vt 0.037710 0.876972
vt 0.034673 0.862006
vt 0.034980 0.877333
vt 0.041139 0.909586
vt 0.038394 0.909898
vt 0.038043 0.893050
vt 0.040788 0.892755
vt 0.035307 0.893404
vt 0.035650 0.910241
vt 0.056452 0.861523
vt 0.056846 0.876843
vt 0.054137 0.877134
vt 0.053767 0.861855
vt 0.051406 0.877209
vt 0.048650 0.877063
vt 0.048299 0.861877
vt 0.051056 0.861987
vt 0.052162 0.909959
vt 0.049406 0.909767
vt 0.049020 0.893016
vt 0.051775 0.893191
vt 0.048073 0.973122
vt 0.045281 0.973082
vt 0.044916 0.956180
vt 0.047696 0.956221
vt 0.046986 0.924469
vt 0.047335 0.940021
vt 0.044558 0.939971
vt 0.044217 0.924403
vt 0.038710 0.924884
vt 0.041456 0.924560
vt 0.041792 0.940141
vt 0.039043 0.940467
vt 0.035961 0.925221
vt 0.036287 0.940794
vt 0.042494 0.973215
vt 0.039719 0.973480
vt 0.039391 0.956665
vt 0.042146 0.956349
vt 0.036630 0.956976
vt 0.036948 0.973755
vt 0.058033 0.924729
vt 0.058405 0.940300
vt 0.055633 0.940478
vt 0.055270 0.924923
vt 0.052862 0.940432
vt 0.050101 0.940226
vt 0.049747 0.924685
vt 0.052505 0.924889
vt 0.053644 0.973421
vt 0.050860 0.973277
vt 0.050465 0.956412
vt 0.053231 0.956607
vt 0.230800 0.930907
vt 0.100000 0.913856
vt 0.174411 0.913848
vt 0.174047 0.916147
vt 0.100364 0.916155
vt 0.261974 0.827117
vt 0.263117 0.827150
vt 0.263122 0.911256
vt 0.261980 0.911290
vt 0.264260 0.827189
vt 0.264264 0.911207
vt 0.265403 0.827235
vt 0.265404 0.911146
vt 0.107680 0.934303
vt 0.107632 0.933162
vt 0.166810 0.933153
vt 0.166773 0.934297
vt 0.107594 0.932019
vt 0.166840 0.932007
vt 0.107562 0.930875
vt 0.166870 0.930861
vt 0.265405 0.911146
vt 0.264265 0.911207
vt 0.264259 0.827188
vt 0.265402 0.827235
vt 0.263123 0.911255
vt 0.263116 0.827149
vt 0.261981 0.911290
vt 0.261972 0.827117
vt 0.166870 0.930864
vt 0.166840 0.932010
vt 0.107593 0.932020
vt 0.166810 0.933156
vt 0.107631 0.933162
vt 0.166773 0.934300
vt 0.107679 0.934304
vt 0.107199 0.924784
vt 0.167230 0.924836
vt 0.167230 0.924839
vt 0.107200 0.924784
vt 0.255931 0.826862
vt 0.255905 0.911547
vt 0.255904 0.911547
vt 0.255933 0.826862
vt 0.256132 0.824444
vt 0.262158 0.824854
vt 0.256379 0.822074
vt 0.262527 0.822585
vt 0.099991 0.925886
vt 0.102307 0.925470
vt 0.103131 0.931428
vt 0.100894 0.931980
vt 0.104717 0.925085
vt 0.105351 0.931051
vt 0.169701 0.925098
vt 0.169092 0.931050
vt 0.172130 0.925450
vt 0.171304 0.931442
vt 0.174488 0.925873
vt 0.173520 0.932021
vt 0.256381 0.916304
vt 0.256131 0.913965
vt 0.262151 0.913550
vt 0.262500 0.915831
vt 0.169701 0.925102
vt 0.169091 0.931053
vt 0.172130 0.925453
vt 0.171304 0.931445
vt 0.174488 0.925877
vt 0.173519 0.932024
vt 0.256380 0.916304
vt 0.256130 0.913965
vt 0.262150 0.913550
vt 0.262499 0.915831
vt 0.256131 0.824444
vt 0.262157 0.824854
vt 0.256378 0.822074
vt 0.262525 0.822585
vt 0.099991 0.925885
vt 0.249590 0.914707
vt 0.181634 0.914702
vt 0.180898 0.913247
vt 0.250332 0.913257
vt 0.263258 0.824992
vt 0.264375 0.825157
vt 0.265513 0.825344
vt 0.168960 0.932142
vt 0.168832 0.933261
vt 0.168705 0.934411
vt 0.263257 0.824992
vt 0.264374 0.825157
vt 0.265512 0.825344
vt 0.168960 0.932145
vt 0.168831 0.933264
vt 0.168705 0.934414
vt 0.263703 0.822853
vt 0.264832 0.823259
vt 0.265909 0.823737
vt 0.101277 0.933153
vt 0.103380 0.932520
vt 0.102444 0.935298
vt 0.101813 0.934264
vt 0.103685 0.933611
vt 0.104031 0.934710
vt 0.105478 0.932149
vt 0.105609 0.933259
vt 0.105748 0.934389
vt 0.171049 0.932529
vt 0.170748 0.933616
vt 0.170418 0.934708
vt 0.173122 0.933188
vt 0.172581 0.934278
vt 0.171973 0.935294
vt 0.263677 0.915574
vt 0.263257 0.913414
vt 0.265905 0.914674
vt 0.264817 0.915171
vt 0.264371 0.913243
vt 0.265501 0.913045
vt 0.171048 0.932533
vt 0.170748 0.933619
vt 0.170417 0.934712
vt 0.173122 0.933191
vt 0.172581 0.934281
vt 0.171973 0.935297
vt 0.263675 0.915574
vt 0.263255 0.913415
vt 0.265904 0.914674
vt 0.264816 0.915171
vt 0.264369 0.913244
vt 0.265500 0.913045
vt 0.263702 0.822853
vt 0.264831 0.823259
vt 0.265908 0.823737
vt 0.101276 0.933152
vt 0.103379 0.932520
vt 0.102443 0.935298
vt 0.103684 0.933611
vt 0.104030 0.934710
vt 0.105747 0.934389
vt 0.250616 0.911475
vt 0.180617 0.911462
vt 0.180602 0.827486
vt 0.250601 0.827498
vt 0.246982 0.916594
vt 0.184233 0.916601
vt 0.182783 0.915858
vt 0.248436 0.915857
vt 0.186015 0.916886
vt 0.245198 0.916876
vt 0.250320 0.825714
vt 0.180886 0.825704
vt 0.181628 0.824253
vt 0.249584 0.824259
vt 0.248435 0.823103
vt 0.182782 0.823103
vt 0.184236 0.822366
vt 0.246984 0.822360
vt 0.186019 0.822085
vt 0.245203 0.822074
vt 0.101411 0.825148
vt 0.172980 0.825141
vt 0.174037 0.827215
vt 0.100354 0.827223
vt 0.174402 0.829514
vt 0.099991 0.829522
vt 0.169260 0.822438
vt 0.171334 0.823495
vt 0.103057 0.823502
vt 0.105131 0.822445
vt 0.107430 0.822081
vt 0.166960 0.822074
vt 0.171344 0.919868
vt 0.103067 0.919875
vt 0.101421 0.918229
vt 0.172990 0.918221
vt 0.105142 0.920932
vt 0.169271 0.920925
vt 0.166971 0.921289
vt 0.107441 0.921295
vt 0.227527 0.925111
vt 0.227124 0.926715
s 1
f 1/1/1 2/2/1 4/3/1 3/4/1
f 3/5/2 4/6/2 6/7/2 5/8/2
f 9/9/3 10/10/3 11/11/3 12/12/3
f 7/13/4 8/14/4 2/15/4 1/16/4
f 2/2/5 8/17/5 6/18/5 4/3/5
f 7/19/6 1/1/6 3/4/6 5/20/6
s 0
f 5/8/1 6/7/1 10/10/1 9/9/1
s 1
f 21/21/3 22/22/3 23/23/3 24/24/3
s 0
f 8/14/1 7/13/1 12/12/1 11/11/1
s 1
f 26/25/3 25/22/3 27/23/3 28/26/3
f 6/18/5 8/17/5 14/27/5 13/28/5
f 8/29/4 11/30/4 15/31/7 14/32/8
f 11/33/6 10/34/6 16/35/6 15/36/6
f 10/37/2 6/38/2 13/39/9 16/40/10
f 7/19/6 5/20/6 17/41/6 18/42/6
f 5/29/2 9/30/2 19/31/10 17/32/9
f 9/33/5 12/34/5 20/35/5 19/43/5
f 12/37/4 7/38/4 18/39/8 20/44/7
f 13/28/11 14/27/11 22/45/11 21/46/11
f 14/32/8 15/31/7 23/47/12 22/48/12
f 15/36/13 16/35/13 24/24/13 23/23/13
f 16/40/10 13/39/9 21/49/14 24/50/14
f 18/42/15 17/41/15 25/51/15 26/52/15
f 17/32/9 19/31/10 27/47/14 25/53/14
f 19/43/16 20/35/16 28/26/16 27/23/16
f 20/44/7 18/39/8 26/49/12 28/50/12
f 44/54/17 36/55/17 37/56/17 48/57/17
f 52/58/18 51/59/19 54/60/20 53/61/21
f 51/59/19 50/62/22 55/63/23 54/60/20
f 50/62/22 49/64/24 56/65/25 55/63/23
f 60/66/26 59/67/27 62/68/28 61/69/29
f 59/67/27 58/70/30 63/71/31 62/68/28
f 58/70/30 57/72/32 64/73/33 63/71/31
f 68/74/34 67/75/35 70/76/36 69/77/37
f 67/75/35 66/78/38 71/79/39 70/76/36
f 66/78/38 65/80/40 72/81/41 71/79/39
f 76/82/42 75/83/43 78/84/44 77/85/45
f 75/83/43 74/86/46 79/87/47 78/84/44
f 74/86/46 73/88/48 80/89/49 79/87/47
f 57/72/32 33/90/50 37/91/51 64/73/33
f 42/92/52 76/82/42 77/85/45 48/93/53
f 47/94/54 72/81/41 65/80/40 38/95/55
f 53/61/21 43/96/56 32/97/57 52/58/18
f 32/97/57 31/98/58 84/99/59 52/58/18
f 31/98/58 30/100/60 88/101/61 84/99/59
f 30/102/60 29/103/62 92/104/63 88/105/61
f 29/103/62 33/90/50 57/72/32 92/104/63
f 37/91/51 36/106/64 96/107/65 64/73/33
f 36/106/64 35/108/66 100/109/67 96/107/65
f 35/110/66 34/111/68 104/112/69 100/113/67
f 34/111/68 38/95/55 65/80/40 104/112/69
f 42/92/52 41/114/70 108/115/71 76/82/42
f 41/114/70 40/116/72 112/117/73 108/115/71
f 40/118/72 39/119/74 116/120/75 112/121/73
f 39/119/74 43/96/56 53/61/21 116/120/75
f 47/94/54 46/122/76 120/123/77 72/81/41
f 46/122/76 45/124/78 124/125/79 120/123/77
f 45/126/78 44/127/80 128/128/81 124/129/79
f 44/127/80 48/93/53 77/85/45 128/128/81
f 60/130/26 73/131/48 105/132/82 89/133/83
f 51/59/19 52/58/18 84/99/59 83/134/84
f 49/64/24 50/62/22 82/135/85 81/136/86
f 50/62/22 51/59/19 83/134/87 82/135/85
f 63/71/31 64/73/33 96/107/65 95/137/88
f 61/69/29 62/68/28 94/138/89 93/139/90
f 62/68/28 63/71/31 95/137/88 94/138/89
f 71/79/39 72/81/41 120/123/77 119/140/91
f 69/77/37 70/76/36 118/141/92 117/142/93
f 70/76/36 71/79/39 119/140/94 118/141/92
f 75/83/43 76/82/42 108/115/71 107/143/95
f 73/88/48 74/86/46 106/144/96 105/145/82
f 74/86/46 75/83/43 107/143/95 106/144/96
f 83/134/84 84/99/59 88/101/61 87/146/97
f 81/136/86 82/135/85 86/147/98 85/148/99
f 82/135/85 83/134/87 87/146/100 86/147/98
f 87/149/97 88/105/61 92/104/63 91/150/101
f 85/151/99 86/152/98 90/153/102 89/154/83
f 86/152/98 87/149/100 91/150/101 90/153/102
f 57/72/32 58/70/30 91/150/101 92/104/63
f 58/70/30 59/67/27 90/153/102 91/150/101
f 59/67/27 60/66/26 89/154/83 90/153/102
f 95/137/88 96/107/65 100/109/67 99/155/103
f 93/139/90 94/138/89 98/156/104 97/157/105
f 94/138/89 95/137/88 99/155/106 98/156/104
f 99/158/103 100/113/67 104/112/69 103/159/107
f 97/160/105 98/161/104 102/162/108 101/163/109
f 98/161/104 99/158/106 103/159/110 102/162/108
f 65/80/40 66/78/38 103/159/107 104/112/69
f 66/78/38 67/75/35 102/162/108 103/159/110
f 67/75/35 68/74/34 101/163/109 102/162/108
f 107/143/95 108/115/71 112/117/73 111/164/111
f 105/145/82 106/144/96 110/165/112 109/166/113
f 106/144/96 107/143/95 111/164/114 110/165/112
f 111/167/111 112/121/73 116/120/75 115/168/115
f 109/169/113 110/170/112 114/171/116 113/172/117
f 110/170/112 111/167/114 115/168/118 114/171/116
f 53/61/21 54/60/20 115/168/115 116/120/75
f 54/60/20 55/63/23 114/171/116 115/168/118
f 55/63/23 56/65/25 113/172/117 114/171/116
f 119/140/91 120/123/77 124/125/79 123/173/119
f 117/142/93 118/141/92 122/174/120 121/175/121
f 118/141/92 119/140/94 123/173/122 122/174/120
f 123/176/119 124/129/79 128/128/81 127/177/123
f 121/178/121 122/179/120 126/180/124 125/181/125
f 122/179/120 123/176/122 127/177/123 126/180/124
f 77/85/45 78/84/44 127/177/123 128/128/81
f 78/84/44 79/87/47 126/180/124 127/177/123
f 79/87/47 80/89/49 125/181/125 126/180/124
f 93/182/90 125/183/125 80/184/49 61/185/29
f 97/186/105 121/187/121 125/183/125 93/182/90
f 117/188/93 101/189/109 68/190/34 69/191/37
f 117/188/93 121/187/121 97/186/105 101/189/109
f 61/185/29 80/184/49 73/131/48 60/130/26
f 85/192/99 109/193/113 113/194/117 81/195/86
f 89/133/83 105/132/82 109/193/113 85/192/99
f 81/195/86 113/194/117 56/196/25 49/197/24
f 41/198/17 29/199/17 30/200/17 40/201/17
f 42/202/17 33/203/17 29/199/17 41/198/17
f 39/204/17 31/205/17 32/206/126 43/207/126
f 40/201/17 30/200/17 31/205/17 39/204/17
f 48/57/17 37/56/17 33/203/17 42/202/17
f 35/208/17 45/209/17 46/210/17 34/211/17
f 44/54/17 45/209/17 35/208/17 36/55/17
f 34/211/17 46/210/17 47/212/127 38/213/127
f 144/54/17 136/55/17 137/56/17 148/57/17
f 152/58/18 151/59/19 154/60/20 153/61/21
f 151/59/19 150/62/22 155/214/23 154/60/20
f 150/62/22 149/215/24 156/65/25 155/214/23
f 160/66/26 159/67/128 162/68/129 161/69/29
f 159/67/128 158/70/130 163/71/131 162/68/129
f 158/70/130 157/72/32 164/73/132 163/71/131
f 168/74/34 167/75/35 170/216/36 169/77/37
f 167/75/35 166/78/38 171/79/39 170/216/36
f 166/78/38 165/80/40 172/81/41 171/79/39
f 176/217/42 175/83/43 178/84/44 177/85/45
f 175/83/43 174/86/46 179/87/47 178/84/44
f 174/86/46 173/88/48 180/89/49 179/87/47
f 157/72/32 133/218/50 137/91/51 164/73/132
f 142/92/52 176/217/42 177/85/45 148/93/53
f 147/94/133 172/81/41 165/80/40 138/95/55
f 153/61/21 143/96/56 132/97/57 152/58/18
f 132/97/57 131/98/58 184/99/59 152/58/18
f 131/98/58 130/100/60 188/101/61 184/99/59
f 130/102/60 129/103/62 192/104/63 188/105/61
f 129/103/62 133/218/50 157/72/32 192/104/63
f 137/91/51 136/219/64 196/107/65 164/73/132
f 136/219/64 135/108/66 200/109/67 196/107/65
f 135/110/66 134/111/68 204/112/69 200/113/67
f 134/111/68 138/95/55 165/80/40 204/112/69
f 142/92/52 141/114/70 208/115/71 176/217/42
f 141/114/70 140/116/72 212/117/73 208/115/71
f 140/118/72 139/220/74 216/120/134 212/121/73
f 139/220/74 143/96/56 153/61/21 216/120/134
f 147/94/133 146/122/76 220/123/77 172/81/41
f 146/122/76 145/124/78 224/125/135 220/123/77
f 145/221/78 144/127/80 228/128/81 224/222/135
f 144/127/80 148/93/53 177/85/45 228/128/81
f 160/130/26 173/131/48 205/132/82 189/133/83
f 151/59/19 152/58/18 184/99/59 183/223/136
f 149/215/24 150/62/22 182/135/85 181/136/86
f 150/62/22 151/59/19 183/223/87 182/135/85
f 163/71/131 164/73/132 196/107/65 195/137/88
f 161/69/29 162/68/129 194/138/89 193/139/90
f 162/68/129 163/71/131 195/137/88 194/138/89
f 171/79/39 172/81/41 220/123/77 219/224/137
f 169/77/37 170/216/36 218/141/92 217/142/93
f 170/216/36 171/79/39 219/224/138 218/141/92
f 175/83/43 176/217/42 208/115/71 207/143/95
f 173/88/48 174/86/46 206/144/96 205/145/82
f 174/86/46 175/83/43 207/143/95 206/144/96
f 183/223/136 184/99/59 188/101/61 187/146/97
f 181/136/86 182/135/85 186/147/98 185/148/139
f 182/135/85 183/223/87 187/146/100 186/147/98
f 187/149/97 188/105/61 192/104/63 191/150/101
f 185/151/139 186/225/98 190/226/102 189/154/83
f 186/225/98 187/149/100 191/150/101 190/226/102
f 157/72/32 158/70/130 191/150/101 192/104/63
f 158/70/130 159/67/128 190/226/102 191/150/101
f 159/67/128 160/66/26 189/154/83 190/226/102
f 195/137/88 196/107/65 200/109/67 199/227/103
f 193/139/90 194/138/89 198/228/104 197/157/140
f 194/138/89 195/137/88 199/227/106 198/228/104
f 199/158/103 200/113/67 204/112/69 203/159/141
f 197/160/140 198/161/104 202/162/108 201/163/109
f 198/161/104 199/158/106 203/159/142 202/162/108
f 165/80/40 166/78/38 203/159/141 204/112/69
f 166/78/38 167/75/35 202/162/108 203/159/142
f 167/75/35 168/74/34 201/163/109 202/162/108
f 207/143/95 208/115/71 212/117/73 211/164/111
f 205/145/82 206/144/96 210/165/112 209/229/113
f 206/144/96 207/143/95 211/164/114 210/165/112
f 211/167/111 212/121/73 216/120/134 215/168/143
f 209/169/113 210/170/112 214/171/116 213/172/117
f 210/170/112 211/167/114 215/168/118 214/171/116
f 153/61/21 154/60/20 215/168/143 216/120/134
f 154/60/20 155/214/23 214/171/116 215/168/118
f 155/214/23 156/65/25 213/172/117 214/171/116
f 219/224/137 220/123/77 224/125/135 223/230/119
f 217/142/93 218/141/92 222/174/120 221/175/121
f 218/141/92 219/224/138 223/230/122 222/174/120
f 223/176/119 224/222/135 228/128/81 227/231/123
f 221/178/121 222/179/120 226/180/144 225/181/125
f 222/179/120 223/176/122 227/231/123 226/180/144
f 177/85/45 178/84/44 227/231/123 228/128/81
f 178/84/44 179/87/47 226/180/144 227/231/123
f 179/87/47 180/89/49 225/181/125 226/180/144
f 193/182/90 225/183/125 180/232/49 161/185/29
f 197/186/140 221/187/121 225/183/125 193/182/90
f 217/188/93 201/189/109 168/190/34 169/191/37
f 217/188/93 221/187/121 197/186/140 201/189/109
f 161/185/29 180/232/49 173/131/48 160/130/26
f 185/192/139 209/193/113 213/194/117 181/195/86
f 189/133/83 205/132/82 209/193/113 185/192/139
f 181/195/86 213/194/117 156/196/25 149/197/24
f 141/198/17 129/199/17 130/233/17 140/201/17
f 142/202/17 133/203/17 129/199/17 141/198/17
f 139/204/17 131/205/17 132/206/126 143/207/126
f 140/201/17 130/233/17 131/205/17 139/204/17
f 148/57/17 137/56/17 133/203/17 142/202/17
f 135/234/17 145/209/17 146/235/17 134/211/17
f 144/54/17 145/209/17 135/234/17 136/55/17
f 134/211/17 146/235/17 147/236/127 138/213/127
f 244/54/17 236/55/17 237/56/17 248/57/17
f 252/58/18 251/59/19 254/60/20 253/61/21
f 251/59/19 250/62/22 255/63/23 254/60/20
f 250/62/22 249/64/24 256/65/25 255/63/23
f 260/66/26 259/67/27 262/68/28 261/69/29
f 259/67/27 258/70/30 263/71/131 262/68/28
f 258/70/30 257/72/32 264/73/132 263/71/131
f 268/74/34 267/75/35 270/76/36 269/77/37
f 267/75/35 266/78/38 271/79/39 270/76/36
f 266/78/38 265/80/40 272/81/41 271/79/39
f 276/82/42 275/83/43 278/84/44 277/85/45
f 275/83/43 274/86/46 279/87/47 278/84/44
f 274/86/46 273/88/48 280/89/49 279/87/47
f 257/72/32 233/90/50 237/91/51 264/73/132
f 242/92/52 276/82/42 277/85/45 248/93/53
f 247/94/133 272/81/41 265/80/40 238/95/55
f 253/61/21 243/96/56 232/97/57 252/58/18
f 232/97/57 231/98/58 284/99/59 252/58/18
f 231/98/58 230/100/60 288/101/61 284/99/59
f 230/102/60 229/103/62 292/104/63 288/105/61
f 229/103/62 233/90/50 257/72/32 292/104/63
f 237/91/51 236/106/64 296/107/65 264/73/132
f 236/106/64 235/108/66 300/109/67 296/107/65
f 235/110/66 234/111/68 304/112/69 300/113/67
f 234/111/68 238/95/55 265/80/40 304/112/69
f 242/92/52 241/114/70 308/115/145 276/82/42
f 241/114/70 240/116/72 312/117/73 308/115/145
f 240/118/72 239/119/74 316/120/75 312/121/73
f 239/119/74 243/96/56 253/61/21 316/120/75
f 247/94/133 246/122/76 320/123/146 272/81/41
f 246/122/76 245/124/78 324/125/147 320/123/146
f 245/126/78 244/127/80 328/128/81 324/129/147
f 244/127/80 248/93/53 277/85/45 328/128/81
f 260/130/26 273/131/48 305/132/82 289/133/83
f 251/59/19 252/58/18 284/99/59 283/134/148
f 249/64/24 250/62/22 282/135/85 281/136/86
f 250/62/22 251/59/19 283/134/87 282/135/85
f 263/71/131 264/73/132 296/107/65 295/137/88
f 261/69/29 262/68/28 294/138/149 293/139/90
f 262/68/28 263/71/131 295/137/88 294/138/149
f 271/79/39 272/81/41 320/123/146 319/140/150
f 269/77/37 270/76/36 318/141/92 317/142/93
f 270/76/36 271/79/39 319/140/138 318/141/92
f 275/83/43 276/82/42 308/115/145 307/143/95
f 273/88/48 274/86/46 306/144/151 305/145/82
f 274/86/46 275/83/43 307/143/95 306/144/151
f 283/134/148 284/99/59 288/101/61 287/146/97
f 281/136/86 282/135/85 286/147/98 285/148/99
f 282/135/85 283/134/87 287/146/100 286/147/98
f 287/149/97 288/105/61 292/104/63 291/150/101
f 285/151/99 286/152/98 290/153/102 289/154/83
f 286/152/98 287/149/100 291/150/101 290/153/102
f 257/72/32 258/70/30 291/150/101 292/104/63
f 258/70/30 259/67/27 290/153/102 291/150/101
f 259/67/27 260/66/26 289/154/83 290/153/102
f 295/137/88 296/107/65 300/109/67 299/155/103
f 293/139/90 294/138/149 298/156/104 297/157/105
f 294/138/149 295/137/88 299/155/106 298/156/104
f 299/158/103 300/113/67 304/112/69 303/159/152
f 297/160/105 298/161/104 302/162/108 301/163/109
f 298/161/104 299/158/106 303/159/142 302/162/108
f 265/80/40 266/78/38 303/159/152 304/112/69
f 266/78/38 267/75/35 302/162/108 303/159/142
f 267/75/35 268/74/34 301/163/109 302/162/108
f 307/143/95 308/115/145 312/117/73 311/164/111
f 305/145/82 306/144/151 310/165/112 309/166/113
f 306/144/151 307/143/95 311/164/114 310/165/112
f 311/167/111 312/121/73 316/120/75 315/168/153
f 309/169/113 310/170/112 314/171/116 313/172/117
f 310/170/112 311/167/114 315/168/118 314/171/116
f 253/61/21 254/60/20 315/168/153 316/120/75
f 254/60/20 255/63/23 314/171/116 315/168/118
f 255/63/23 256/65/25 313/172/117 314/171/116
f 319/140/150 320/123/146 324/125/147 323/173/119
f 317/142/93 318/141/92 322/174/120 321/175/121
f 318/141/92 319/140/138 323/173/122 322/174/120
f 323/176/119 324/129/147 328/128/81 327/177/123
f 321/178/121 322/179/120 326/180/124 325/181/125
f 322/179/120 323/176/122 327/177/123 326/180/124
f 277/85/45 278/84/44 327/177/123 328/128/81
f 278/84/44 279/87/47 326/180/124 327/177/123
f 279/87/47 280/89/49 325/181/125 326/180/124
f 293/182/90 325/183/125 280/184/49 261/185/29
f 297/186/105 321/187/121 325/183/125 293/182/90
f 317/188/93 301/189/109 268/190/34 269/191/37
f 317/188/93 321/187/121 297/186/105 301/189/109
f 261/185/29 280/184/49 273/131/48 260/130/26
f 285/192/99 309/193/113 313/194/117 281/195/86
f 289/133/83 305/132/82 309/193/113 285/192/99
f 281/195/86 313/194/117 256/196/25 249/197/24
f 241/198/17 229/199/17 230/200/17 240/201/17
f 242/202/17 233/203/17 229/199/17 241/198/17
f 239/204/17 231/205/17 232/206/154 243/207/154
f 240/201/17 230/200/17 231/205/17 239/204/17
f 248/57/17 237/56/17 233/203/17 242/202/17
f 235/208/17 245/209/17 246/210/17 234/211/17
f 244/54/17 245/209/17 235/208/17 236/55/17
f 234/211/17 246/210/17 247/212/127 238/213/127
f 344/54/17 336/55/17 337/56/17 348/57/17
f 352/58/18 351/59/19 354/60/20 353/61/21
f 351/59/19 350/62/22 355/63/23 354/60/20
f 350/62/22 349/64/24 356/65/25 355/63/23
f 360/66/26 359/67/27 362/68/28 361/69/29
f 359/67/27 358/70/30 363/71/131 362/68/28
f 358/70/30 357/72/32 364/73/132 363/71/131
f 368/74/34 367/75/35 370/76/36 369/77/37
f 367/75/35 366/78/38 371/79/39 370/76/36
f 366/78/38 365/80/155 372/81/41 371/79/39
f 376/82/42 375/83/43 378/84/44 377/85/45
f 375/83/43 374/86/46 379/87/47 378/84/44
f 374/86/46 373/88/48 380/89/49 379/87/47
f 357/72/32 333/90/50 337/91/156 364/73/132
f 342/92/52 376/82/42 377/85/45 348/93/53
f 347/94/133 372/81/41 365/80/155 338/95/55
f 353/61/21 343/96/56 332/97/57 352/58/18
f 332/97/57 331/98/58 384/99/59 352/58/18
f 331/98/58 330/100/60 388/101/61 384/99/59
f 330/102/60 329/103/62 392/104/63 388/105/61
f 329/103/62 333/90/50 357/72/32 392/104/63
f 337/91/156 336/106/64 396/107/65 364/73/132
f 336/106/64 335/108/66 400/109/67 396/107/65
f 335/110/66 334/111/68 404/112/69 400/113/67
f 334/111/68 338/95/55 365/80/155 404/112/69
f 342/92/52 341/114/70 408/115/71 376/82/42
f 341/114/70 340/116/72 412/117/157 408/115/71
f 340/118/72 339/119/74 416/120/75 412/121/157
f 339/119/74 343/96/56 353/61/21 416/120/75
f 347/94/133 346/122/76 420/123/146 372/81/41
f 346/122/76 345/124/78 424/125/147 420/123/146
f 345/126/78 344/127/80 428/128/81 424/129/147
f 344/127/80 348/93/53 377/85/45 428/128/81
f 360/130/26 373/131/48 405/132/82 389/133/83
f 351/59/19 352/58/18 384/99/59 383/134/148
f 349/64/24 350/62/22 382/135/85 381/136/86
f 350/62/22 351/59/19 383/134/87 382/135/85
f 363/71/131 364/73/132 396/107/65 395/137/88
f 361/69/29 362/68/28 394/138/149 393/139/90
f 362/68/28 363/71/131 395/137/88 394/138/149
f 371/79/39 372/81/41 420/123/146 419/140/91
f 369/77/37 370/76/36 418/141/92 417/142/93
f 370/76/36 371/79/39 419/140/138 418/141/92
f 375/83/43 376/82/42 408/115/71 407/143/95
f 373/88/48 374/86/46 406/144/96 405/145/82
f 374/86/46 375/83/43 407/143/95 406/144/96
f 383/134/148 384/99/59 388/101/61 387/146/97
f 381/136/86 382/135/85 386/147/98 385/148/99
f 382/135/85 383/134/87 387/146/100 386/147/98
f 387/149/97 388/105/61 392/104/63 391/150/101
f 385/151/99 386/152/98 390/153/102 389/154/83
f 386/152/98 387/149/100 391/150/101 390/153/102
f 357/72/32 358/70/30 391/150/101 392/104/63
f 358/70/30 359/67/27 390/153/102 391/150/101
f 359/67/27 360/66/26 389/154/83 390/153/102
f 395/137/88 396/107/65 400/109/67 399/155/103
f 393/139/90 394/138/149 398/156/104 397/157/105
f 394/138/149 395/137/88 399/155/106 398/156/104
f 399/158/103 400/113/67 404/112/69 403/159/107
f 397/160/105 398/161/104 402/162/108 401/163/109
f 398/161/104 399/158/106 403/159/110 402/162/108
f 365/80/155 366/78/38 403/159/107 404/112/69
f 366/78/38 367/75/35 402/162/108 403/159/110
f 367/75/35 368/74/34 401/163/109 402/162/108
f 407/143/95 408/115/71 412/117/157 411/164/111
f 405/145/82 406/144/96 410/165/112 409/166/113
f 406/144/96 407/143/95 411/164/114 410/165/112
f 411/167/111 412/121/157 416/120/75 415/168/158
f 409/169/113 410/170/112 414/171/116 413/172/117
f 410/170/112 411/167/114 415/168/118 414/171/116
f 353/61/21 354/60/20 415/168/158 416/120/75
f 354/60/20 355/63/23 414/171/116 415/168/118
f 355/63/23 356/65/25 413/172/117 414/171/116
f 419/140/91 420/123/146 424/125/147 423/173/119
f 417/142/93 418/141/92 422/174/120 421/175/121
f 418/141/92 419/140/138 423/173/122 422/174/120
f 423/176/119 424/129/147 428/128/81 427/177/123
f 421/178/121 422/179/120 426/180/144 425/181/125
f 422/179/120 423/176/122 427/177/123 426/180/144
f 377/85/45 378/84/44 427/177/123 428/128/81
f 378/84/44 379/87/47 426/180/144 427/177/123
f 379/87/47 380/89/49 425/181/125 426/180/144
f 393/182/90 425/183/125 380/184/49 361/185/29
f 397/186/105 421/187/121 425/183/125 393/182/90
f 417/188/93 401/189/109 368/190/34 369/191/37
f 417/188/93 421/187/121 397/186/105 401/189/109
f 361/185/29 380/184/49 373/131/48 360/130/26
f 385/192/99 409/193/113 413/194/117 381/195/86
f 389/133/83 405/132/82 409/193/113 385/192/99
f 381/195/86 413/194/117 356/196/25 349/197/24
f 341/198/17 329/199/17 330/200/17 340/201/17
f 342/202/17 333/203/17 329/199/17 341/198/17
f 339/204/17 331/205/17 332/206/126 343/207/126
f 340/201/17 330/200/17 331/205/17 339/204/17
f 348/57/17 337/56/17 333/203/17 342/202/17
f 335/208/17 345/209/17 346/210/17 334/211/17
f 344/54/17 345/209/17 335/208/17 336/55/17
f 334/211/17 346/210/17 347/212/127 338/213/127
f 429/237/1 441/238/1 442/239/1 437/240/1
f 431/241/2 443/242/2 444/243/2 433/244/2
f 438/245/3 445/246/3 446/247/3 435/248/3
f 435/249/4 446/250/4 441/243/4 429/244/4
f 430/251/5 436/252/5 439/253/5 440/254/5
f 435/251/6 429/252/6 437/253/6 438/254/6
f 495/255/6 496/256/6 431/257/6 433/258/6
f 455/259/3 456/260/3 457/261/3 458/262/3
f 498/255/5 499/256/5 434/257/5 432/258/5
f 496/263/1 497/264/1 443/265/1 431/266/1
f 442/239/1 441/238/1 430/267/1 440/268/1
f 443/265/1 497/264/1 498/269/1 432/270/1
f 444/243/2 443/242/2 432/271/2 434/272/2
f 499/273/3 494/274/3 444/275/3 434/276/3
f 446/247/3 445/246/3 439/277/3 436/278/3
f 441/243/4 446/250/4 436/279/4 430/272/4
f 433/280/3 444/275/3 448/281/3 447/282/3
f 451/283/3 494/274/3 507/284/3 508/285/3
f 445/246/3 438/245/3 450/286/3 449/287/3
f 452/288/3 495/289/3 433/280/3 447/282/3
f 460/290/159 459/291/159 465/292/160 470/293/160
s 0
f 447/282/1 448/281/1 454/281/1 453/282/1
f 448/281/1 451/283/1 454/281/1
f 452/288/1 447/282/1 453/282/1
s 1
f 469/294/161 466/295/161 461/296/3 462/297/3
f 465/292/160 464/298/162 467/299/162 470/293/160
f 464/298/162 463/300/163 468/301/163 467/299/162
f 463/300/163 466/295/161 469/294/161 468/301/163
f 471/302/164 472/303/164 478/304/164 477/305/164
f 472/306/165 471/307/165 473/308/165 474/309/165
f 474/304/166 473/305/166 475/302/166 476/303/166
f 476/306/167 475/307/167 477/308/167 478/309/167
f 479/310/165 480/311/165 482/312/165 481/313/165
f 490/314/166 530/315/166 483/316/166 484/317/166
f 481/318/164 482/319/164 491/320/164 500/321/164
f 484/322/167 483/323/167 485/324/167 486/325/167
f 453/282/3 454/281/3 473/326/3 471/327/3
f 454/281/3 451/283/3 475/328/3 473/326/3
f 451/283/3 452/288/3 477/329/3 475/328/3
f 452/288/3 453/282/3 471/327/3 477/329/3
f 452/288/3 451/283/3 479/330/3 481/331/3
f 451/283/3 508/285/3 509/332/3 479/330/3
f 449/287/3 450/286/3 485/333/3 483/334/3
f 500/335/3 501/336/3 452/288/3 481/331/3
f 472/306/4 474/309/4 456/337/4 455/338/4
f 474/304/6 476/303/6 457/339/6 456/340/6
f 476/306/2 478/309/2 458/337/2 457/338/2
f 478/304/5 472/303/5 455/339/5 458/340/5
f 482/312/4 480/311/4 459/341/4 460/342/4
f 484/322/2 486/325/2 462/343/2 461/344/2
f 466/345/6 490/314/6 484/317/6 461/346/6
f 470/347/5 491/320/5 482/319/5 460/348/5
f 487/349/6 465/350/6 459/351/6 480/352/6
f 488/353/6 464/354/6 465/350/6 487/349/6
f 463/355/6 464/354/6 488/353/6 489/356/6
f 463/355/6 489/356/6 490/314/6 466/345/6
f 467/357/5 492/358/5 491/320/5 470/347/5
f 467/357/5 468/359/5 493/360/5 492/358/5
f 493/360/5 468/359/5 469/361/5 540/362/5
f 444/275/3 494/274/3 451/283/3 448/281/3
f 501/336/3 502/363/3 495/289/3 452/288/3
f 502/364/6 503/365/6 496/256/6 495/255/6
f 503/366/1 504/367/1 497/264/1 496/263/1
f 498/269/1 497/264/1 504/367/1 505/368/1
f 505/364/5 506/365/5 499/256/5 498/255/5
f 506/369/3 507/284/3 494/274/3 499/273/3
f 519/370/164 492/358/164 493/360/164 520/371/164
f 520/372/3 521/373/3 518/374/3 519/375/3
f 521/373/3 522/376/3 517/377/3 518/374/3
f 522/378/6 523/379/6 516/380/6 517/381/6
f 523/382/1 524/383/1 515/384/1 516/385/1
f 514/386/1 515/384/1 524/383/1 525/387/1
f 525/378/5 526/379/5 513/380/5 514/381/5
f 526/388/3 527/389/3 512/390/3 513/391/3
f 511/392/3 512/390/3 527/389/3 528/393/3
f 510/394/3 511/392/3 528/393/3 529/395/3
f 480/352/166 479/396/166 509/397/166 487/349/166
f 487/349/166 509/397/166 510/398/166 488/353/166
f 509/332/3 508/285/3 511/392/3 510/394/3
f 508/285/3 507/284/3 512/390/3 511/392/3
f 513/391/3 512/390/3 507/284/3 506/369/3
f 514/381/5 513/380/5 506/365/5 505/364/5
f 505/368/1 504/367/1 515/384/1 514/386/1
f 516/385/1 515/384/1 504/367/1 503/366/1
f 517/381/6 516/380/6 503/365/6 502/364/6
f 518/374/3 517/377/3 502/363/3 501/336/3
f 519/375/3 518/374/3 501/336/3 500/335/3
f 500/321/164 491/320/164 492/358/164 519/370/164
f 520/371/164 493/360/164 540/362/164 539/399/164
f 450/286/3 538/400/3 539/401/3 485/333/3
f 438/245/3 537/402/3 538/400/3 450/286/3
f 438/254/6 437/253/6 536/403/6 537/404/6
f 437/240/1 442/239/1 535/405/1 536/406/1
f 534/407/1 535/405/1 442/239/1 440/268/1
f 440/254/5 439/253/5 533/403/5 534/404/5
f 445/246/3 532/408/3 533/409/3 439/277/3
f 531/410/3 532/408/3 445/246/3 449/287/3
f 530/411/3 531/410/3 449/287/3 483/334/3
f 488/353/166 510/398/166 529/412/166 489/356/166
f 489/356/166 529/412/166 530/315/166 490/314/166
f 529/395/3 528/393/3 531/410/3 530/411/3
f 528/393/3 527/389/3 532/408/3 531/410/3
f 533/409/3 532/408/3 527/389/3 526/388/3
f 534/404/5 533/403/5 526/379/5 525/378/5
f 525/387/1 524/383/1 535/405/1 534/407/1
f 536/406/1 535/405/1 524/383/1 523/382/1
f 537/404/6 536/403/6 523/379/6 522/378/6
f 538/400/3 537/402/3 522/376/3 521/373/3
f 539/401/3 538/400/3 521/373/3 520/372/3
f 540/362/5 469/361/5 462/413/5 486/414/5
f 539/399/164 540/362/164 486/414/164 485/415/164
f 548/416/168 547/417/169 625/418/170 624/419/171
f 547/417/169 546/420/172 626/421/173 625/418/170
f 546/420/172 545/422/174 627/423/175 626/421/173
f 545/424/174 544/425/176 628/426/177 627/427/175
f 712/428/4 713/429/4 714/430/4 715/431/4
f 640/432/178 641/433/179 576/434/180
f 575/435/181 577/436/182 642/437/183
f 642/437/183 577/436/182 641/433/179
f 641/433/179 577/436/182 576/434/180
f 575/438/181 574/439/184 578/440/185 577/441/182
f 574/439/184 573/442/186 579/443/187 578/440/185
f 573/442/186 572/444/188 580/445/189 579/443/187
f 638/446/190 639/447/191 585/448/192 586/449/193
f 585/448/192 584/450/194 587/451/195 586/449/193
f 584/452/194 583/421/196 588/420/197 587/453/195
f 583/421/196 582/418/198 589/417/199 588/420/197
f 582/418/198 581/419/200 590/416/201 589/417/199
f 716/454/4 717/455/4 718/456/4 719/457/4
f 618/458/202 617/459/203 620/460/204 619/461/205
f 617/462/203 616/439/206 621/440/207 620/463/204
f 616/439/206 615/442/208 622/443/209 621/440/207
f 615/442/208 614/444/210 623/445/211 622/443/209
f 720/464/4 721/465/4 722/466/4 723/467/4
f 721/465/4 724/468/4 725/469/4 722/466/4
f 726/470/4 727/471/4 728/472/4 729/473/4
f 727/471/4 730/474/4 731/475/4 728/472/4
f 729/473/4 728/472/4 732/476/4 733/477/4
f 728/472/4 731/475/4 734/478/4 732/476/4
f 715/431/4 735/479/4 716/454/4 719/457/4
f 715/431/4 714/430/4 736/480/4 735/479/4
f 714/430/4 713/429/4 737/481/212 736/480/4
f 544/425/176 545/424/174 552/482/213 553/483/214
f 545/422/174 546/420/172 551/484/215 552/485/213
f 546/420/172 547/417/169 550/486/216 551/484/215
f 547/417/169 548/416/168 549/487/217 550/486/216
f 556/488/218 1005/489/219 551/490/215
f 1005/489/219 1004/491/220 551/490/215
f 552/482/213 551/490/215 1004/491/220
f 551/484/215 550/486/216 555/492/221 556/493/218
f 550/486/216 549/487/217 554/494/222 555/492/221
f 556/495/218 555/496/221 558/497/223 559/498/224
f 555/496/221 554/499/222 557/500/225 558/497/223
f 730/474/4 739/501/4 741/502/4 731/475/4
f 739/501/4 740/503/4 742/504/4 741/502/4
f 560/505/226 559/506/224 563/507/227 564/508/228
f 559/498/224 558/497/223 562/509/229 563/510/227
f 558/497/223 557/500/225 561/511/8 562/509/229
f 731/475/4 741/502/4 743/512/4 734/478/4
f 741/502/4 742/504/4 744/513/4 743/512/4
f 564/508/228 563/507/227 567/514/230 568/515/231
f 563/510/227 562/509/229 566/516/232 567/517/230
f 562/509/229 561/511/8 565/518/233 566/516/232
f 567/514/230 571/519/234 568/515/231
f 571/519/234 1010/520/235 568/515/231
f 568/515/231 1010/520/235 1009/521/236
f 567/517/230 566/516/232 570/522/237 571/523/234
f 566/516/232 565/518/233 569/524/238 570/522/237
f 642/437/183 1012/525/239 1011/526/240 575/435/181
f 571/527/234 570/528/237 573/442/186 574/439/184
f 570/528/237 569/529/238 572/444/188 573/442/186
f 639/447/191 640/432/178 576/434/180 585/448/192
f 576/434/180 577/436/182 584/450/194 585/448/192
f 577/441/182 578/440/185 583/421/196 584/452/194
f 578/440/185 579/443/187 582/418/198 583/421/196
f 579/443/187 580/445/189 581/419/200 582/418/198
f 637/530/241 638/446/190 586/449/193
f 594/531/242 636/532/243 587/451/195
f 636/532/243 637/530/241 587/451/195
f 586/449/193 587/451/195 637/530/241
f 587/453/195 588/420/197 593/484/244 594/533/242
f 588/420/197 589/417/199 592/486/245 593/484/244
f 589/417/199 590/416/201 591/487/246 592/486/245
f 598/534/247 1017/535/248 593/536/244
f 1017/535/248 1016/537/249 593/536/244
f 594/531/242 593/536/244 1016/537/249
f 593/484/244 592/486/245 597/492/250 598/493/247
f 592/486/245 591/487/246 596/494/251 597/492/250
f 598/495/247 597/496/250 600/497/252 601/498/253
f 597/496/250 596/499/251 599/500/254 600/497/252
f 733/477/4 747/538/4 749/539/4 729/473/4
f 747/538/4 748/540/4 750/541/4 749/539/4
f 602/542/255 601/543/253 605/544/256 606/545/257
f 601/498/253 600/497/252 604/509/258 605/510/256
f 600/497/252 599/500/254 603/511/259 604/509/258
f 729/473/4 749/539/4 751/546/4 726/470/4
f 749/539/4 750/541/4 752/547/4 751/546/4
f 606/545/257 605/544/256 609/548/260 610/549/261
f 605/510/256 604/509/258 608/516/262 609/517/260
f 604/509/258 603/511/259 607/518/263 608/516/262
f 610/549/261 609/548/260 1021/550/264
f 613/551/265 1022/552/266 609/548/260
f 609/548/260 1022/552/266 1021/550/264
f 609/517/260 608/516/262 612/522/267 613/553/265
f 608/516/262 607/518/263 611/524/268 612/522/267
f 613/527/265 612/528/267 615/442/208 616/439/206
f 612/528/267 611/529/268 614/444/210 615/442/208
f 719/457/4 718/456/4 712/428/4 715/431/4
f 619/461/205 620/460/204 627/427/175 628/426/177
f 620/463/204 621/440/207 626/421/173 627/423/175
f 621/440/207 622/443/209 625/418/170 626/421/173
f 622/443/209 623/445/211 624/419/171 625/418/170
f 618/458/202 629/554/269 617/459/203
f 1024/555/270 1023/556/271 629/554/269
f 629/554/269 1023/556/271 617/459/203
f 630/557/272 629/554/269 618/458/202
f 631/558/273 630/557/272 618/458/202 619/461/205
f 632/559/274 631/558/273 619/461/205 628/426/177
f 544/425/176 633/560/275 632/559/274 628/426/177
f 634/561/276 633/560/275 544/425/176 553/483/214
f 635/562/277 634/561/276 553/483/214
f 1004/491/220 1003/563/278 552/482/213
f 553/483/214 552/482/213 635/562/277
f 552/482/213 1003/563/278 635/562/277
f 637/530/241 636/532/243 595/564/279
f 720/464/4 723/467/4 746/565/280
f 755/566/4 756/567/281 723/467/4
f 723/467/4 756/567/281 746/565/280
f 722/466/4 757/568/4 755/566/4 723/467/4
f 725/469/4 758/569/4 757/568/4 722/466/4
f 724/468/4 745/570/4 725/469/4
f 745/570/4 759/571/4 725/469/4
f 759/571/4 758/569/4 725/469/4
f 745/572/4 760/573/282 759/574/4
f 632/575/283 633/576/284 644/577/285 643/578/5
f 630/579/286 631/580/287 646/581/288 645/582/289
f 542/583/290 543/584/290 648/585/290 647/586/290
f 633/576/284 634/587/291 649/588/292 644/577/285
f 634/587/291 635/589/293 650/590/294 649/588/292
f 560/591/295 564/592/296 652/593/296 651/594/297
f 564/592/298 568/595/299 653/596/300 652/593/298
f 602/542/255 606/545/301 656/597/301 655/598/302
f 606/545/303 610/549/261 657/599/304 656/597/303
f 629/600/305 630/579/286 645/582/289 658/601/306
f 631/580/287 632/575/283 643/578/5 646/581/288
f 595/602/307 636/603/307 659/604/307 654/605/307
f 638/606/308 637/607/309 661/608/310 660/609/311
f 637/607/312 595/610/312 654/611/313 661/608/310
f 639/612/314 638/606/308 660/609/311 662/613/6
f 640/614/315 639/612/314 662/613/6 663/615/316
f 641/616/317 640/614/315 663/615/316 664/617/318
f 642/618/319 641/616/320 664/617/318 665/619/321
f 643/578/5 644/577/285 667/620/322 666/621/323
f 645/582/289 646/581/288 669/622/324 668/623/325
f 647/586/326 648/585/326 671/624/327 670/625/327
f 644/577/285 649/588/292 672/626/328 667/620/322
f 649/588/292 650/590/294 673/627/329 672/626/328
f 651/594/297 652/593/330 675/628/331 674/629/332
f 652/593/330 653/596/300 676/630/333 675/628/331
f 655/598/302 656/597/334 679/631/335 678/632/336
f 656/597/334 657/599/304 680/633/337 679/631/335
f 658/601/306 645/582/289 668/623/325 681/634/338
f 646/581/288 643/578/5 666/621/323 669/622/324
f 654/605/339 659/604/339 682/635/340 677/636/341
f 660/609/311 661/608/310 684/637/342 683/638/343
f 661/608/310 654/611/313 677/639/344 684/637/342
f 662/613/6 660/609/311 683/638/343 685/640/345
f 663/615/316 662/613/6 685/640/345 686/641/346
f 664/617/318 663/615/316 686/641/346 687/642/347
f 665/619/321 664/617/318 687/642/347 688/643/348
f 666/621/323 667/620/322 690/644/349 689/645/350
f 668/623/325 669/622/324 692/646/351 691/647/352
f 670/625/353 671/624/353 694/648/354 693/649/354
f 667/620/322 672/626/328 695/650/355 690/644/349
f 672/626/328 673/627/329 696/651/356 695/650/355
f 674/629/332 675/628/331 698/652/357 697/653/358
f 675/628/331 676/630/333 699/654/359 698/652/357
f 678/632/336 679/631/335 702/655/360 701/656/361
f 679/631/335 680/633/337 703/657/362 702/655/360
f 681/634/338 668/623/325 691/647/352 704/658/363
f 669/622/324 666/621/323 689/645/350 692/646/351
f 677/636/341 682/635/340 705/659/364 700/660/365
f 683/638/343 684/637/342 707/661/366 706/662/367
f 684/637/342 677/639/344 700/663/368 707/661/369
f 685/640/345 683/638/343 706/662/367 708/664/370
f 686/641/346 685/640/345 708/664/370 709/665/371
f 687/642/347 686/641/346 709/665/371 710/666/372
f 688/643/348 687/642/347 710/666/372 711/667/373
f 689/645/350 690/644/349 713/668/374 712/669/375
f 691/647/352 692/646/351 718/670/376 717/671/377
f 694/649/378 693/648/378 728/672/379 732/673/379
f 690/644/349 695/650/355 737/674/380 713/668/374
f 695/650/355 696/651/356 738/675/381 737/674/380
f 697/653/382 698/652/383 742/676/383 740/677/384
f 698/652/383 699/654/385 744/678/386 742/676/383
f 701/679/361 702/680/360 750/681/387 748/682/388
f 702/680/360 703/683/362 752/684/389 750/681/387
f 704/658/363 691/647/352 717/671/377 753/685/390
f 692/646/351 689/645/350 712/669/375 718/670/376
f 700/660/365 705/659/364 754/686/391 746/687/391
f 706/662/367 707/661/366 756/688/392 755/689/393
f 707/690/369 700/691/368 746/692/394 756/693/394
f 708/664/370 706/662/367 755/689/393 757/694/395
f 709/665/371 708/664/370 757/694/395 758/695/396
f 710/666/372 709/665/371 758/695/396 759/696/397
f 711/667/373 710/666/372 759/696/397 760/697/398
f 768/416/399 767/417/199 845/418/198 844/419/200
f 767/417/199 766/420/197 846/421/400 845/418/198
f 766/420/197 765/422/401 847/423/194 846/421/400
f 765/424/401 764/425/402 848/426/403 847/427/194
f 932/698/2 933/699/2 934/700/2 935/701/2
f 860/432/404 861/702/405 796/434/406
f 795/435/407 797/436/408 862/703/409
f 862/703/409 797/436/408 861/702/405
f 861/702/405 797/436/408 796/434/406
f 795/438/407 794/704/410 798/440/411 797/441/408
f 794/704/410 793/442/208 799/443/209 798/440/411
f 793/442/208 792/444/210 800/445/211 799/443/209
f 858/446/412 859/705/274 805/448/413 806/449/414
f 805/448/413 804/450/175 807/451/415 806/449/414
f 804/452/175 803/421/416 808/420/417 807/706/415
f 803/421/416 802/418/170 809/417/169 808/420/417
f 802/418/170 801/419/171 810/416/418 809/417/169
f 720/707/2 936/708/2 937/709/2 938/710/2
f 838/458/419 837/459/420 840/460/421 839/461/422
f 837/462/420 836/439/423 841/711/424 840/463/421
f 836/439/423 835/442/186 842/443/187 841/711/424
f 835/442/186 834/444/425 843/445/426 842/443/187
f 716/464/2 735/465/2 939/466/2 940/467/2
f 735/465/2 941/468/2 942/469/2 939/466/2
f 733/470/2 732/471/2 943/472/2 944/473/2
f 732/471/2 734/712/2 945/475/2 943/472/2
f 944/473/2 943/472/2 727/476/2 726/477/2
f 943/472/2 945/475/2 730/713/2 727/476/2
f 935/701/2 721/714/2 720/707/2 938/710/2
f 935/701/2 934/700/2 946/715/2 721/714/2
f 934/700/2 933/699/2 947/716/2 946/715/2
f 764/425/402 765/424/401 772/482/427 773/483/428
f 765/422/401 766/420/197 771/484/429 772/485/427
f 766/420/197 767/417/199 770/486/245 771/484/429
f 767/417/199 768/416/399 769/487/430 770/486/245
f 776/717/431 1113/489/432 771/490/429
f 1113/489/432 1112/491/433 771/490/429
f 772/482/427 771/490/429 1112/491/433
f 771/484/429 770/486/245 775/492/250 776/493/431
f 770/486/245 769/487/430 774/494/251 775/492/250
f 776/718/431 775/496/250 778/497/252 779/498/434
f 775/496/250 774/499/251 777/500/254 778/497/252
f 734/712/2 743/501/2 949/502/2 945/475/2
f 743/501/2 744/719/435 950/504/435 949/502/2
f 780/720/436 779/506/434 783/721/437 784/722/257
f 779/498/434 778/497/252 782/723/258 783/724/437
f 778/497/252 777/500/254 781/725/9 782/723/258
f 945/475/2 949/502/2 739/512/2 730/713/2
f 949/502/2 950/504/435 740/726/435 739/512/2
f 784/722/257 783/721/437 787/514/438 788/727/439
f 783/724/437 782/723/258 786/516/262 787/517/438
f 782/723/258 781/725/9 785/518/440 786/516/262
f 787/514/438 791/519/441 788/727/439
f 791/519/441 1118/520/442 788/727/439
f 788/727/439 1118/520/442 1117/521/443
f 787/517/438 786/516/262 790/522/267 791/553/441
f 786/516/262 785/518/440 789/524/444 790/522/267
f 862/703/409 1120/525/445 1119/526/446 795/435/407
f 791/527/441 790/528/267 793/442/208 794/704/410
f 790/528/267 789/529/444 792/444/210 793/442/208
f 859/705/274 860/432/404 796/434/406 805/448/413
f 796/434/406 797/436/408 804/450/175 805/448/413
f 797/441/408 798/440/411 803/421/416 804/452/175
f 798/440/411 799/443/209 802/418/170 803/421/416
f 799/443/209 800/445/211 801/419/171 802/418/170
f 857/728/447 858/446/412 806/449/414
f 814/531/448 856/729/449 807/451/415
f 856/729/449 857/728/447 807/451/415
f 806/449/414 807/451/415 857/728/447
f 807/706/415 808/420/417 813/484/450 814/533/448
f 808/420/417 809/417/169 812/486/216 813/484/450
f 809/417/169 810/416/418 811/487/451 812/486/216
f 818/534/452 1125/535/453 813/536/450
f 1125/535/453 1124/537/454 813/536/450
f 814/531/448 813/536/450 1124/537/454
f 813/484/450 812/486/216 817/492/221 818/493/452
f 812/486/216 811/487/451 816/494/455 817/492/221
f 818/495/452 817/496/221 820/497/223 821/498/456
f 817/496/221 816/499/455 819/500/457 820/497/223
f 726/477/2 751/538/2 953/539/2 944/473/2
f 751/538/2 752/730/2 954/541/2 953/539/2
f 822/542/458 821/543/456 825/731/227 826/732/228
f 821/498/456 820/497/223 824/723/229 825/724/227
f 820/497/223 819/500/457 823/725/8 824/723/229
f 944/473/2 953/539/2 747/546/2 733/470/2
f 953/539/2 954/541/2 748/547/2 747/546/2
f 826/732/228 825/731/227 829/548/459 830/549/460
f 825/724/227 824/723/229 828/516/232 829/517/459
f 824/723/229 823/725/8 827/518/461 828/516/232
f 830/549/460 829/548/459 1129/550/462
f 833/551/463 1130/552/464 829/548/459
f 829/548/459 1130/552/464 1129/550/462
f 829/517/459 828/516/232 832/522/237 833/553/463
f 828/516/232 827/518/461 831/524/238 832/522/237
f 833/733/463 832/528/237 835/442/186 836/439/423
f 832/528/237 831/529/238 834/444/425 835/442/186
f 938/710/2 937/709/2 932/698/2 935/701/2
f 839/461/422 840/460/421 847/427/194 848/426/403
f 840/463/421 841/711/424 846/421/400 847/423/194
f 841/711/424 842/443/187 845/418/198 846/421/400
f 842/443/187 843/445/426 844/419/200 845/418/198
f 838/458/419 849/554/465 837/459/420
f 1132/555/466 1131/734/467 849/554/465
f 849/554/465 1131/734/467 837/459/420
f 850/557/468 849/554/465 838/458/419
f 851/735/469 850/557/468 838/458/419 839/461/422
f 852/559/191 851/735/469 839/461/422 848/426/403
f 764/425/402 853/560/470 852/559/191 848/426/403
f 854/561/471 853/560/470 764/425/402 773/483/428
f 855/562/472 854/561/471 773/483/428
f 1112/491/433 1111/563/473 772/482/427
f 773/483/428 772/482/427 855/562/472
f 772/482/427 1111/563/473 855/562/472
f 857/728/447 856/729/449 815/564/474
f 716/464/2 940/467/2 952/565/475
f 957/566/2 958/736/475 940/467/2
f 940/467/2 958/736/475 952/565/475
f 939/466/2 959/568/2 957/566/2 940/467/2
f 942/469/2 960/569/2 959/568/2 939/466/2
f 941/468/2 951/570/476 942/469/2
f 951/570/476 961/571/476 942/469/2
f 961/571/476 960/569/2 942/469/2
f 951/737/476 962/738/477 961/739/476
f 852/575/478 853/740/479 864/577/480 863/578/6
f 850/741/481 851/580/482 866/581/483 865/582/484
f 762/583/485 763/584/485 868/585/485 867/586/485
f 853/740/479 854/587/486 869/588/487 864/577/480
f 854/587/486 855/742/488 870/590/489 869/588/487
f 780/743/490 784/592/491 872/593/491 871/594/492
f 784/592/493 788/744/494 873/596/495 872/593/493
f 822/542/458 826/732/496 876/745/496 875/598/497
f 826/732/498 830/549/460 877/599/499 876/745/498
f 849/600/500 850/741/481 865/582/484 878/601/501
f 851/580/482 852/575/478 863/578/6 866/581/483
f 815/602/502 856/603/502 879/604/502 874/605/502
f 858/606/503 857/607/504 881/608/505 880/609/506
f 857/607/507 815/610/507 874/611/508 881/608/505
f 859/612/509 858/606/503 880/609/506 882/613/5
f 860/614/510 859/612/509 882/613/5 883/615/511
f 861/616/512 860/614/510 883/615/511 884/617/513
f 862/618/514 861/616/515 884/617/513 885/619/516
f 863/578/6 864/577/480 887/620/517 886/621/518
f 865/582/484 866/581/483 889/622/519 888/623/520
f 868/586/521 867/585/521 890/624/522 891/625/522
f 864/577/480 869/588/487 892/626/523 887/620/517
f 869/588/487 870/590/489 893/627/524 892/626/523
f 871/594/492 872/593/525 895/628/526 894/629/527
f 872/593/525 873/596/495 896/630/528 895/628/526
f 875/598/497 876/745/529 899/746/530 898/632/531
f 876/745/529 877/599/499 900/633/532 899/746/530
f 878/601/501 865/582/484 888/623/520 901/634/533
f 866/581/483 863/578/6 886/621/518 889/622/519
f 874/605/534 879/604/534 902/635/535 897/636/536
f 880/609/506 881/608/505 904/747/537 903/638/538
f 881/608/505 874/611/508 897/639/539 904/747/537
f 882/613/5 880/609/506 903/638/538 905/748/540
f 883/615/511 882/613/5 905/748/540 906/749/541
f 884/617/513 883/615/511 906/749/541 907/642/542
f 885/619/516 884/617/513 907/642/542 908/643/543
f 886/621/518 887/620/517 910/644/544 909/645/545
f 888/623/520 889/622/519 912/750/546 911/647/547
f 891/625/548 890/624/548 913/648/549 914/649/549
f 887/620/517 892/626/523 915/751/550 910/644/544
f 892/626/523 893/627/524 916/651/551 915/751/550
f 894/629/527 895/628/526 918/752/552 917/653/553
f 895/628/526 896/630/528 919/654/554 918/752/552
f 898/632/531 899/746/530 922/753/555 921/656/556
f 899/746/530 900/633/532 923/657/557 922/753/555
f 901/634/533 888/623/520 911/647/547 924/658/558
f 889/622/519 886/621/518 909/645/545 912/750/546
f 897/636/536 902/635/535 925/754/559 920/660/560
f 903/638/538 904/747/537 927/755/561 926/662/562
f 904/747/537 897/639/539 920/663/563 927/755/564
f 905/748/540 903/638/538 926/662/562 928/664/565
f 906/749/541 905/748/540 928/664/565 929/665/566
f 907/642/542 906/749/541 929/665/566 930/666/567
f 908/643/543 907/642/542 930/666/567 931/667/568
f 909/645/545 910/644/544 933/668/569 932/669/570
f 911/647/547 912/750/546 937/670/571 936/671/572
f 913/756/573 914/757/574 727/672/575 943/673/575
f 910/644/544 915/751/550 947/674/576 933/668/569
f 915/751/550 916/651/551 948/675/577 947/674/576
f 917/653/578 918/752/579 950/758/579 744/677/580
f 918/752/579 919/654/581 740/678/582 950/758/579
f 921/679/556 922/680/555 954/681/583 752/682/584
f 922/680/555 923/683/557 748/684/585 954/681/583
f 924/658/558 911/647/547 936/671/572 955/685/586
f 912/750/546 909/645/545 932/669/570 937/670/571
f 920/660/560 925/754/559 956/686/587 952/687/587
f 926/662/562 927/755/561 958/688/588 957/689/589
f 927/759/564 920/760/563 952/692/590 958/693/590
f 928/664/565 926/662/562 957/689/589 959/694/591
f 929/665/566 928/664/565 959/694/591 960/695/592
f 930/666/567 929/665/566 960/695/592 961/696/593
f 931/667/568 930/666/567 961/696/593 962/697/594
f 559/506/224 560/505/226 556/488/218
f 556/488/218 560/505/226 1005/489/219
f 1006/761/595 1005/489/219 560/505/226
f 571/519/234 574/762/184 1010/520/235
f 1010/520/235 574/762/184 1011/526/240
f 1011/526/240 574/762/184 575/435/181
f 1016/537/249 1015/763/596 636/532/243 594/531/242
f 602/542/255 1018/764/597 601/543/253
f 1018/764/597 1017/535/248 601/543/253
f 1017/535/248 598/534/247 601/543/253
f 613/551/265 616/765/206 1022/552/266
f 1022/552/266 616/765/206 1023/556/271
f 1023/556/271 616/765/206 617/459/203
f 779/506/434 780/720/436 776/717/431
f 776/717/431 780/720/436 1113/489/432
f 1114/761/598 1113/489/432 780/720/436
f 791/519/441 794/762/410 1118/520/442
f 1118/520/442 794/762/410 1119/526/446
f 1119/526/446 794/762/410 795/435/407
f 1124/537/454 1123/763/599 856/729/449 814/531/448
f 822/542/458 1126/766/600 821/543/456
f 1126/766/600 1125/535/453 821/543/456
f 1125/535/453 818/534/452 821/543/456
f 833/551/463 836/765/423 1130/552/464
f 1130/552/464 836/765/423 1131/734/467
f 1131/734/467 836/765/423 837/459/420
f 963/767/601 964/768/601 1002/769/602 1001/770/602
f 964/768/601 963/767/601 965/771/603 966/772/603
f 966/772/603 965/771/603 967/773/604 968/774/604
f 968/775/604 967/776/604 969/777/605 970/778/605
f 970/778/605 969/777/605 971/779/606 972/780/606
f 972/780/606 971/779/606 973/781/607 974/782/607
f 974/782/607 973/781/607 975/783/608 976/784/609
f 976/785/609 975/786/608 977/787/610 978/788/610
f 978/788/610 977/787/610 979/789/611 980/790/611
f 980/790/611 979/789/611 981/770/612 982/769/612
f 982/769/612 981/770/612 983/767/613 984/768/613
f 984/768/613 983/767/613 985/791/614 986/772/614
f 986/772/614 985/791/614 987/773/615 988/774/616
f 988/792/616 987/793/615 989/794/617 990/795/617
f 990/795/617 989/794/617 991/796/618 992/797/618
f 992/797/618 991/796/618 993/798/619 994/799/619
f 994/799/619 993/798/619 995/800/620 996/801/621
f 996/785/621 995/786/620 997/787/622 998/788/622
f 998/788/622 997/787/622 999/789/623 1000/790/623
f 1000/790/623 999/789/623 1001/770/602 1002/769/602
f 1003/802/624 1006/803/624 1008/804/625 1007/805/626
f 1007/805/626 1008/804/625 1028/806/627 1027/807/628
f 1009/808/629 1012/809/629 1014/810/630 1013/811/631
f 1013/811/631 1014/810/630 1030/812/632 1029/813/633
f 1015/814/634 1018/815/634 1020/816/635 1019/817/636
f 1019/817/636 1020/816/635 1032/818/637 1031/819/638
f 1021/820/639 1024/821/639 1026/822/640 1025/823/641
f 1025/823/641 1026/822/640 1034/824/642 1033/825/643
f 1027/807/628 1028/806/627 1036/826/644 1035/827/645
f 1029/813/633 1030/812/632 1038/828/646 1037/829/647
f 1031/819/638 1032/818/637 1040/830/648 1039/831/649
f 1033/825/643 1034/824/642 1042/832/650 1041/833/651
f 1035/827/645 1036/826/644 1058/834/652 1057/835/652
f 1037/829/647 1038/828/646 1062/836/653 1061/837/653
f 1039/831/649 1040/830/648 1065/838/654 1066/839/654
f 1041/833/651 1042/832/650 1070/840/655 1069/841/655
f 1043/842/4 1044/843/4 1067/844/4 1068/845/4
f 1044/846/4 1043/847/4 1046/848/4 1045/849/4
f 1045/850/4 1046/851/4 1048/852/4 1047/853/4
f 1047/854/4 1048/855/4 1055/856/4 1056/857/4
f 1051/858/4 1052/859/4 1064/860/4 1063/861/4
f 1053/862/4 1054/863/4 1059/864/4 1060/865/4
f 1056/857/4 1055/856/4 1057/866/4 1058/867/4
f 1060/865/4 1059/864/4 1061/868/4 1062/869/4
f 1063/861/4 1064/860/4 1066/870/4 1065/871/4
f 1068/845/4 1067/844/4 1069/872/4 1070/873/4
f 1071/767/613 1072/768/613 1110/769/612 1109/770/612
f 1072/768/613 1071/767/613 1073/791/614 1074/772/614
f 1074/772/614 1073/791/614 1075/773/615 1076/774/616
f 1076/775/616 1075/874/615 1077/777/656 1078/778/656
f 1078/778/656 1077/777/656 1079/779/618 1080/875/618
f 1080/875/618 1079/779/618 1081/781/657 1082/782/657
f 1082/782/657 1081/781/657 1083/876/620 1084/784/621
f 1084/785/621 1083/786/620 1085/787/622 1086/788/622
f 1086/788/622 1085/787/622 1087/789/658 1088/790/658
f 1088/790/658 1087/789/658 1089/770/602 1090/769/602
f 1090/769/602 1089/770/602 1091/767/659 1092/768/659
f 1092/768/659 1091/767/659 1093/791/603 1094/772/603
f 1094/772/603 1093/791/603 1095/773/604 1096/774/660
f 1096/792/660 1095/793/604 1097/794/661 1098/795/661
f 1098/795/661 1097/794/661 1099/796/606 1100/797/606
f 1100/797/606 1099/796/606 1101/798/662 1102/799/662
f 1102/799/662 1101/798/662 1103/800/608 1104/877/609
f 1104/785/609 1103/786/608 1105/787/610 1106/788/610
f 1106/788/610 1105/787/610 1107/789/611 1108/790/611
f 1108/790/611 1107/789/611 1109/770/612 1110/769/612
f 1111/802/663 1114/803/663 1116/804/664 1115/805/665
f 1115/805/665 1116/804/664 1136/806/666 1135/807/667
f 1117/808/668 1120/809/668 1122/810/669 1121/811/670
f 1121/811/670 1122/810/669 1138/878/671 1137/813/672
f 1123/814/673 1126/815/673 1128/816/674 1127/817/675
f 1127/817/675 1128/816/674 1140/818/676 1139/819/677
f 1129/820/678 1132/879/678 1134/822/679 1133/823/680
f 1133/823/680 1134/822/679 1142/824/681 1141/825/682
f 1135/807/667 1136/806/666 1144/826/683 1143/827/684
f 1137/813/672 1138/878/671 1146/828/685 1145/829/686
f 1139/819/677 1140/818/676 1148/880/687 1147/831/688
f 1141/825/682 1142/824/681 1150/832/689 1149/833/690
f 1143/827/684 1144/826/683 1154/834/691 1153/835/691
f 1145/829/686 1146/828/685 1158/836/692 1157/837/692
f 1147/831/688 1148/880/687 1161/838/693 1162/839/693
f 1149/833/690 1150/832/689 1166/840/694 1165/841/694
f 1052/881/2 1051/882/2 1163/883/2 1164/884/2
f 1051/846/2 1052/885/2 1050/848/2 1049/849/2
f 1049/850/2 1050/851/2 1053/852/2 1054/853/2
f 1054/886/2 1053/887/2 1151/888/2 1152/889/2
f 1044/858/2 1043/859/2 1160/860/2 1159/890/2
f 1048/891/2 1047/863/2 1155/864/2 1156/865/2
f 1152/889/2 1151/888/2 1153/892/2 1154/893/2
f 1156/865/2 1155/864/2 1157/868/2 1158/894/2
f 1159/890/2 1160/860/2 1162/870/2 1161/895/2
f 1164/884/2 1163/883/2 1165/896/2 1166/897/2
f 965/898/1 963/899/1 541/900/1
f 967/776/1 965/898/1 541/900/1
f 969/777/1 967/776/1 541/900/1
f 971/779/1 969/777/1 541/900/1
f 973/781/1 971/779/1 541/900/1
f 975/783/1 973/781/1 541/900/1
f 977/901/1 975/783/1 541/900/1
f 979/902/1 977/901/1 541/900/1
f 981/903/1 979/902/1 541/900/1
f 983/904/1 981/903/1 541/900/1
f 985/905/1 983/904/1 541/900/1
f 987/793/1 985/905/1 541/900/1
f 989/794/1 987/793/1 541/900/1
f 991/796/1 989/794/1 541/900/1
f 993/798/1 991/796/1 541/900/1
f 995/800/1 993/798/1 541/900/1
f 997/906/1 995/800/1 541/900/1
f 999/907/1 997/906/1 541/900/1
f 1001/908/1 999/907/1 541/900/1
f 963/899/1 1001/908/1 541/900/1
f 964/768/695 966/772/696 549/487/217 548/416/168
f 966/772/696 968/774/697 554/494/222 549/487/217
f 968/909/697 970/910/698 557/500/225 554/499/222
f 970/910/698 972/911/4 561/511/8 557/500/225
f 972/911/4 974/912/699 565/518/233 561/511/8
f 974/912/699 976/913/700 569/524/238 565/518/233
f 976/785/700 978/788/701 572/444/188 569/529/238
f 978/788/701 980/790/702 580/445/189 572/444/188
f 980/790/702 982/769/6 581/419/200 580/445/189
f 982/769/6 984/768/703 590/416/201 581/419/200
f 984/768/703 986/772/704 591/487/246 590/416/201
f 986/772/704 988/774/705 596/494/251 591/487/246
f 988/909/705 990/910/706 599/500/254 596/499/251
f 990/910/706 992/911/2 603/511/259 599/500/254
f 992/911/2 994/912/707 607/518/263 603/511/259
f 994/912/707 996/913/708 611/524/268 607/518/263
f 996/785/708 998/788/709 614/444/210 611/529/268
f 998/788/709 1000/790/710 623/445/211 614/444/210
f 1000/790/710 1002/769/5 624/419/171 623/445/211
f 1002/769/5 964/768/695 548/416/168 624/419/171
f 1044/914/4 1045/915/4 727/916/4 726/917/4
f 1045/918/4 1047/919/4 730/920/4 727/921/4
f 733/920/4 732/922/4 1049/918/4 1051/919/4
f 732/916/4 734/923/4 1054/914/4 1049/915/4
f 1052/924/4 1050/925/4 721/926/4 720/927/4
f 1050/928/4 1053/862/4 724/468/4 721/465/4
f 735/479/4 736/480/4 1048/855/4 1046/929/4
f 1048/855/4 736/480/4 1055/856/4
f 738/930/711 1055/856/4 737/481/212
f 736/480/4 737/481/212 1055/856/4
f 738/930/711 1057/866/4 1055/856/4
f 1047/854/4 1056/857/4 739/931/4 730/932/4
f 1056/857/4 1058/867/4 740/933/4 739/931/4
f 734/934/4 743/935/4 1059/864/4 1054/863/4
f 743/935/4 744/936/4 1061/868/4 1059/864/4
f 1053/862/4 1060/865/4 745/570/4 724/468/4
f 720/464/4 746/565/280 1064/860/4 1052/859/4
f 1051/858/4 1063/861/4 747/937/4 733/938/4
f 1063/861/4 1065/871/4 748/939/4 747/937/4
f 726/940/4 751/941/4 1067/844/4 1044/843/4
f 751/941/4 752/942/4 1069/872/4 1067/844/4
f 1043/842/4 1068/845/4 716/454/4
f 753/943/4 717/455/4 1068/845/4
f 1068/845/4 717/455/4 716/454/4
f 1068/845/4 1070/873/4 753/943/4
f 746/565/280 754/944/4 1066/870/4 1064/860/4
f 1060/945/4 1062/946/4 760/947/4 745/948/4
f 635/589/293 1003/802/712 1007/805/713 650/590/294
f 1008/949/714 1006/950/715 560/591/295 651/594/297
f 568/595/299 1009/951/716 1013/952/717 653/596/300
f 1020/953/718 1018/764/597 602/542/255 655/598/302
f 610/549/261 1021/550/264 1025/954/719 657/599/304
f 1026/822/720 1024/821/721 629/600/305 658/601/306
f 636/955/722 1015/814/722 1019/817/723 659/956/724
f 1014/810/725 1012/809/726 642/618/319 665/619/321
f 650/590/294 1007/805/713 1027/807/727 673/627/329
f 1008/949/714 651/594/297 674/629/332 1028/957/728
f 653/596/300 1013/952/717 1029/958/729 676/630/333
f 1020/953/718 655/598/302 678/632/336 1032/959/730
f 657/599/304 1025/954/719 1033/960/731 680/633/337
f 1026/822/720 658/601/306 681/634/338 1034/824/732
f 659/956/724 1019/817/723 1031/819/733 682/961/734
f 1014/810/725 665/619/321 688/643/348 1030/812/735
f 673/627/329 1027/807/727 1035/827/736 696/651/356
f 1028/957/728 674/629/332 697/653/358 1036/962/737
f 676/630/333 1029/958/729 1037/963/738 699/654/359
f 1032/964/730 678/965/336 701/679/361 1040/966/739
f 680/967/337 1033/968/731 1041/969/740 703/683/362
f 1034/824/732 681/634/338 704/658/363 1042/832/741
f 682/961/734 1031/819/733 1039/831/742 705/970/743
f 1030/812/735 688/643/348 711/667/373 1038/828/744
f 696/651/356 1035/827/736 1057/835/745 738/675/381
f 1036/962/746 697/653/382 740/677/384 1058/971/746
f 699/654/385 1037/963/747 1061/972/747 744/678/386
f 1040/966/739 701/679/361 748/682/388 1065/973/748
f 703/683/362 1041/969/740 1069/974/749 752/684/389
f 1042/832/741 704/658/363 753/685/390 1070/840/750
f 705/970/743 1039/831/742 1066/839/751 754/975/751
f 1038/828/744 711/667/373 760/697/398 1062/836/752
f 1073/898/1 1071/899/1 761/900/1
f 1075/874/1 1073/898/1 761/900/1
f 1077/777/1 1075/874/1 761/900/1
f 1079/779/1 1077/777/1 761/900/1
f 1081/781/1 1079/779/1 761/900/1
f 1083/876/1 1081/781/1 761/900/1
f 1085/901/1 1083/876/1 761/900/1
f 1087/902/1 1085/901/1 761/900/1
f 1089/903/1 1087/902/1 761/900/1
f 1091/904/1 1089/903/1 761/900/1
f 1093/905/1 1091/904/1 761/900/1
f 1095/793/1 1093/905/1 761/900/1
f 1097/794/1 1095/793/1 761/900/1
f 1099/796/1 1097/794/1 761/900/1
f 1101/798/1 1099/796/1 761/900/1
f 1103/800/1 1101/798/1 761/900/1
f 1105/906/1 1103/800/1 761/900/1
f 1107/907/1 1105/906/1 761/900/1
f 1109/908/1 1107/907/1 761/900/1
f 1071/899/1 1109/908/1 761/900/1
f 1072/768/703 1074/772/704 769/487/430 768/416/399
f 1074/772/704 1076/774/705 774/494/251 769/487/430
f 1076/909/705 1078/910/706 777/500/254 774/499/251
f 1078/910/706 1080/976/2 781/725/9 777/500/254
f 1080/976/2 1082/912/707 785/518/440 781/725/9
f 1082/912/707 1084/913/708 789/524/444 785/518/440
f 1084/785/708 1086/788/709 792/444/210 789/529/444
f 1086/788/709 1088/790/710 800/445/211 792/444/210
f 1088/790/710 1090/769/5 801/419/171 800/445/211
f 1090/769/5 1092/768/695 810/416/418 801/419/171
f 1092/768/695 1094/772/696 811/487/451 810/416/418
f 1094/772/696 1096/774/697 816/494/455 811/487/451
f 1096/909/697 1098/910/698 819/500/457 816/499/455
f 1098/910/698 1100/976/4 823/725/8 819/500/457
f 1100/976/4 1102/912/699 827/518/461 823/725/8
f 1102/912/699 1104/913/700 831/524/238 827/518/461
f 1104/785/700 1106/788/701 834/444/425 831/529/238
f 1106/788/701 1108/790/702 843/445/426 834/444/425
f 1108/790/702 1110/769/6 844/419/200 843/445/426
f 1110/769/6 1072/768/703 768/416/399 844/419/200
f 1043/924/2 1046/925/2 735/926/2 716/927/2
f 1046/928/2 1048/891/2 941/468/2 735/465/2
f 721/714/2 946/715/2 1053/887/2 1050/977/2
f 1053/887/2 946/715/2 1151/888/2
f 948/978/2 1151/888/2 947/716/2
f 946/715/2 947/716/2 1151/888/2
f 948/978/2 1153/892/2 1151/888/2
f 1054/886/2 1152/889/2 743/979/2 734/980/2
f 1152/889/2 1154/893/2 744/981/2 743/979/2
f 730/934/2 739/982/2 1155/864/2 1047/863/2
f 739/982/2 740/936/2 1157/868/2 1155/864/2
f 1048/891/2 1156/865/2 951/570/476 941/468/2
f 716/464/2 952/565/475 1160/860/2 1043/859/2
f 1044/858/2 1159/890/2 751/937/2 726/983/2
f 1159/890/2 1161/895/2 752/939/2 751/937/2
f 733/984/2 747/985/2 1163/883/2 1051/882/2
f 747/985/2 748/986/2 1165/896/2 1163/883/2
f 1052/881/2 1164/884/2 720/707/2
f 955/987/2 936/708/2 1164/884/2
f 1164/884/2 936/708/2 720/707/2
f 1164/884/2 1166/897/2 955/987/2
f 952/565/475 956/944/2 1162/870/2 1160/860/2
f 1156/945/2 1158/946/2 962/947/2 951/948/476
f 855/742/488 1111/802/753 1115/805/754 870/590/489
f 1116/949/755 1114/950/756 780/743/490 871/594/492
f 788/744/494 1117/951/757 1121/952/758 873/596/495
f 1128/953/759 1126/766/600 822/542/458 875/598/497
f 830/549/460 1129/550/462 1133/988/760 877/599/499
f 1134/822/761 1132/879/762 849/600/500 878/601/501
f 856/955/763 1123/814/763 1127/817/764 879/956/765
f 1122/810/766 1120/809/767 862/618/514 885/619/516
f 870/590/489 1115/805/754 1135/807/768 893/627/524
f 1116/949/755 871/594/492 894/629/527 1136/957/769
f 873/596/495 1121/952/758 1137/958/770 896/630/528
f 1128/953/759 875/598/497 898/632/531 1140/959/771
f 877/599/499 1133/988/760 1141/960/772 900/633/532
f 1134/822/761 878/601/501 901/634/533 1142/824/773
f 879/956/765 1127/817/764 1139/819/774 902/961/775
f 1122/810/766 885/619/516 908/643/543 1138/878/776
f 893/627/524 1135/807/768 1143/827/777 916/651/551
f 1136/957/769 894/629/527 917/653/553 1144/962/778
f 896/630/528 1137/958/770 1145/963/779 919/654/554
f 1140/989/771 898/965/531 921/679/556 1148/966/780
f 900/967/532 1141/968/772 1149/969/781 923/683/557
f 1142/824/773 901/634/533 924/658/558 1150/832/782
f 902/961/775 1139/819/774 1147/831/783 925/970/784
f 1138/878/776 908/643/543 931/667/568 1146/828/785
f 916/651/551 1143/827/777 1153/835/786 948/675/577
f 1144/962/787 917/653/578 744/677/580 1154/971/787
f 919/654/581 1145/963/788 1157/972/788 740/678/582
f 1148/966/780 921/679/556 752/682/584 1161/973/789
f 923/683/557 1149/969/781 1165/974/790 748/684/585
f 1150/832/782 924/658/558 955/685/586 1166/840/791
f 925/970/784 1147/831/783 1162/839/792 956/990/792
f 1146/828/785 931/667/568 962/697/594 1158/836/793
f 1003/563/278 1004/491/220 1005/489/219 1006/761/595
f 1009/521/236 1010/520/235 1011/526/240 1012/525/239
f 1015/763/596 1016/537/249 1017/535/248 1018/764/597
f 1021/550/264 1022/552/266 1023/556/271 1024/555/270
f 1111/563/473 1112/491/433 1113/489/432 1114/761/598
f 1117/521/443 1118/520/442 1119/526/446 1120/525/445
f 1123/763/599 1124/537/454 1125/535/453 1126/766/600
f 1129/550/462 1130/552/464 1131/734/467 1132/555/466
f 1182/54/17 1174/55/17 1175/56/17 1186/57/17
f 1190/58/18 1189/59/19 1192/60/20 1191/61/21
f 1189/59/19 1188/62/22 1193/214/23 1192/60/20
f 1188/62/22 1187/215/24 1194/65/25 1193/214/23
f 1198/66/26 1197/67/128 1200/68/129 1199/69/29
f 1197/67/128 1196/70/30 1201/71/131 1200/68/129
f 1196/70/30 1195/72/32 1202/73/132 1201/71/131
f 1206/74/34 1205/75/35 1208/216/36 1207/77/37
f 1205/75/35 1204/78/38 1209/79/39 1208/216/36
f 1204/78/38 1203/80/40 1210/81/41 1209/79/39
f 1214/217/42 1213/83/43 1216/84/44 1215/85/45
f 1213/83/43 1212/86/46 1217/87/47 1216/84/44
f 1212/86/46 1211/88/48 1218/89/49 1217/87/47
f 1195/72/32 1171/218/50 1175/91/51 1202/73/132
f 1180/92/52 1214/217/42 1215/85/45 1186/93/53
f 1185/94/133 1210/81/41 1203/80/40 1176/95/55
f 1191/61/21 1181/96/56 1170/97/57 1190/58/18
f 1170/97/57 1169/98/58 1222/99/59 1190/58/18
f 1169/98/58 1168/100/60 1226/101/61 1222/99/59
f 1168/102/60 1167/103/62 1230/104/63 1226/105/61
f 1167/103/62 1171/218/50 1195/72/32 1230/104/63
f 1175/91/51 1174/219/64 1234/107/65 1202/73/132
f 1174/219/64 1173/108/66 1238/109/67 1234/107/65
f 1173/110/66 1172/111/68 1242/112/69 1238/113/67
f 1172/111/68 1176/95/55 1203/80/40 1242/112/69
f 1180/92/52 1179/114/70 1246/115/71 1214/217/42
f 1179/114/70 1178/116/72 1250/117/794 1246/115/71
f 1178/118/72 1177/220/74 1254/120/134 1250/121/794
f 1177/220/74 1181/96/56 1191/61/21 1254/120/134
f 1185/94/133 1184/122/76 1258/123/77 1210/81/41
f 1184/122/76 1183/124/78 1262/125/135 1258/123/77
f 1183/221/78 1182/127/80 1266/128/81 1262/222/135
f 1182/127/80 1186/93/53 1215/85/45 1266/128/81
f 1198/130/26 1211/131/48 1243/132/82 1227/133/83
f 1189/59/19 1190/58/18 1222/99/59 1221/223/84
f 1187/215/24 1188/62/22 1220/135/85 1219/136/86
f 1188/62/22 1189/59/19 1221/223/87 1220/135/85
f 1201/71/131 1202/73/132 1234/107/65 1233/137/88
f 1199/69/29 1200/68/129 1232/138/149 1231/139/90
f 1200/68/129 1201/71/131 1233/137/88 1232/138/149
f 1209/79/39 1210/81/41 1258/123/77 1257/224/795
f 1207/77/37 1208/216/36 1256/141/92 1255/142/93
f 1208/216/36 1209/79/39 1257/224/138 1256/141/92
f 1213/83/43 1214/217/42 1246/115/71 1245/143/95
f 1211/88/48 1212/86/46 1244/144/151 1243/145/82
f 1212/86/46 1213/83/43 1245/143/95 1244/144/151
f 1221/223/84 1222/99/59 1226/101/61 1225/146/97
f 1219/136/86 1220/135/85 1224/147/98 1223/148/99
f 1220/135/85 1221/223/87 1225/146/100 1224/147/98
f 1225/149/97 1226/105/61 1230/104/63 1229/150/796
f 1223/151/99 1224/225/98 1228/226/102 1227/154/83
f 1224/225/98 1225/149/100 1229/150/796 1228/226/102
f 1195/72/32 1196/70/30 1229/150/796 1230/104/63
f 1196/70/30 1197/67/128 1228/226/102 1229/150/796
f 1197/67/128 1198/66/26 1227/154/83 1228/226/102
f 1233/137/88 1234/107/65 1238/109/67 1237/227/103
f 1231/139/90 1232/138/149 1236/228/104 1235/157/105
f 1232/138/149 1233/137/88 1237/227/106 1236/228/104
f 1237/158/103 1238/113/67 1242/112/69 1241/159/797
f 1235/160/105 1236/161/104 1240/162/108 1239/163/109
f 1236/161/104 1237/158/106 1241/159/798 1240/162/108
f 1203/80/40 1204/78/38 1241/159/797 1242/112/69
f 1204/78/38 1205/75/35 1240/162/108 1241/159/798
f 1205/75/35 1206/74/34 1239/163/109 1240/162/108
f 1245/143/95 1246/115/71 1250/117/794 1249/164/111
f 1243/145/82 1244/144/151 1248/165/112 1247/229/113
f 1244/144/151 1245/143/95 1249/164/114 1248/165/112
f 1249/167/111 1250/121/794 1254/120/134 1253/168/799
f 1247/169/113 1248/170/112 1252/171/116 1251/172/117
f 1248/170/112 1249/167/114 1253/168/118 1252/171/116
f 1191/61/21 1192/60/20 1253/168/799 1254/120/134
f 1192/60/20 1193/214/23 1252/171/116 1253/168/118
f 1193/214/23 1194/65/25 1251/172/117 1252/171/116
f 1257/224/795 1258/123/77 1262/125/135 1261/230/119
f 1255/142/93 1256/141/92 1260/174/120 1259/175/121
f 1256/141/92 1257/224/138 1261/230/122 1260/174/120
f 1261/176/119 1262/222/135 1266/128/81 1265/231/123
f 1259/178/121 1260/179/120 1264/180/124 1263/181/125
f 1260/179/120 1261/176/122 1265/231/123 1264/180/124
f 1215/85/45 1216/84/44 1265/231/123 1266/128/81
f 1216/84/44 1217/87/47 1264/180/124 1265/231/123
f 1217/87/47 1218/89/49 1263/181/125 1264/180/124
f 1231/182/90 1263/183/125 1218/232/49 1199/185/29
f 1235/186/105 1259/187/121 1263/183/125 1231/182/90
f 1255/188/93 1239/189/109 1206/190/34 1207/191/37
f 1255/188/93 1259/187/121 1235/186/105 1239/189/109
f 1199/185/29 1218/232/49 1211/131/48 1198/130/26
f 1223/192/99 1247/193/113 1251/194/117 1219/195/86
f 1227/133/83 1243/132/82 1247/193/113 1223/192/99
f 1219/195/86 1251/194/117 1194/196/25 1187/197/24
f 1179/198/17 1167/199/17 1168/233/17 1178/201/17
f 1180/202/17 1171/203/17 1167/199/17 1179/198/17
f 1177/204/17 1169/205/17 1170/206/126 1181/207/126
f 1178/201/17 1168/233/17 1169/205/17 1177/204/17
f 1186/57/17 1175/56/17 1171/203/17 1180/202/17
f 1173/234/17 1183/209/17 1184/235/800 1172/211/800
f 1182/54/17 1183/209/17 1173/234/17 1174/55/17
f 1172/211/800 1184/235/800 1185/236/127 1176/213/127
f 2256/991/801 1268/992/802 2274/993/803 2273/994/804
f 1769/995/805 1269/996/806 1771/997/807 1770/998/808
f 1486/999/809 1270/1000/810 1516/1001/811 1515/1002/812
f 1314/1003/813 1271/1004/814 1369/1005/815 1368/1006/816
f 1325/1007/817 1273/1008/818 1328/1009/819 1327/1010/820
f 1301/1011/821 1274/1012/822 1304/1013/823 1303/1014/824
f 1278/1015/825 1277/1016/826 1287/1017/827 1289/1018/828 1281/1019/829
f 1280/1020/830 1276/1021/831 1278/1015/825 1281/1019/829 1282/1022/832
f 1282/1022/832 1281/1019/829 1286/1023/833 1285/1024/834
f 1284/1025/835 1280/1020/830 1282/1022/832 1285/1024/834
f 1267/1026/836 1284/1025/835 1285/1024/834 1283/1027/837
f 1286/1023/833 1279/1028/838 1283/1027/837 1285/1024/834
f 1287/1017/827 1291/1029/839 1290/1030/840 1289/1018/828
f 1286/1023/833 1281/1019/829 1289/1018/828 1290/1030/840
f 1288/1031/841 1279/1028/838 1286/1023/833 1290/1030/840
f 1291/1029/839 1275/1032/842 1288/1031/841 1290/1030/840
f 1295/1033/843 1292/1034/844 1299/1035/845 1298/1036/846
f 1276/1021/831 1293/1037/847 1296/1038/848 1294/1039/849 1278/1015/825
f 1297/1040/850 1272/1041/851 1295/1033/843 1298/1036/846
f 1293/1037/847 1297/1040/850 1298/1036/846 1296/1038/848
f 1299/1035/845 1294/1039/849 1296/1038/848 1298/1036/846
f 1300/1042/852 1277/1016/826 1278/1015/825 1294/1039/849 1302/1043/853
f 1292/1034/844 1301/1011/821 1303/1014/824 1299/1035/845
f 1303/1014/824 1302/1043/853 1294/1039/849 1299/1035/845
f 1304/1013/823 1300/1042/852 1302/1043/853 1303/1014/824
f 1305/1044/854 1313/1045/855 1315/1046/856 1308/1047/857 1307/1048/858
f 1287/1017/827 1277/1016/826 1307/1048/858 1308/1047/857 1310/1049/859
f 1311/1050/860 1310/1049/859 1308/1047/857 1312/1051/861
f 1291/1029/839 1287/1017/827 1310/1049/859 1311/1050/860
f 1309/1052/862 1275/1032/842 1291/1029/839 1311/1050/860
f 1306/1053/863 1309/1052/862 1311/1050/860 1312/1051/861
f 1313/1045/855 1317/1054/864 1316/1055/865 1315/1046/856
f 1312/1051/861 1308/1047/857 1315/1046/856 1316/1055/865
f 1314/1056/813 1306/1053/863 1312/1051/861 1316/1055/865
f 1317/1054/864 1271/1057/814 1314/1056/813 1316/1055/865
f 1320/1058/866 1318/1059/867 1323/1060/868 1322/1061/869
f 1319/1062/870 1307/1048/858 1277/1016/826 1300/1042/852 1321/1063/871
f 1274/1012/822 1320/1058/866 1322/1061/869 1304/1013/823
f 1322/1061/869 1321/1063/871 1300/1042/852 1304/1013/823
f 1323/1060/868 1319/1062/870 1321/1063/871 1322/1061/869
f 1324/1064/872 1305/1044/854 1307/1048/858 1319/1062/870 1326/1065/873
f 1318/1059/867 1325/1007/817 1327/1010/820 1323/1060/868
f 1327/1010/820 1326/1065/873 1319/1062/870 1323/1060/868
f 1328/1009/819 1324/1064/872 1326/1065/873 1327/1010/820
f 1288/1066/841 1275/1067/842 1351/1068/874 1350/1069/875
f 1331/1070/876 1330/1071/877 1338/1072/878 1339/1073/879 1333/1074/880
f 1332/1075/881 1329/1076/882 1331/1070/876 1333/1074/880 1334/1077/883
f 1334/1077/883 1333/1074/880 1337/1078/884 1336/1079/885
f 1335/1080/886 1332/1075/881 1334/1077/883 1336/1079/885
f 1272/1041/851 1335/1080/886 1336/1079/885 1295/1033/843
f 1337/1078/884 1292/1034/844 1295/1033/843 1336/1079/885
f 1338/1072/878 1341/1081/887 1340/1082/888 1339/1073/879
f 1337/1078/884 1333/1074/880 1339/1073/879 1340/1082/888
f 1301/1011/821 1292/1034/844 1337/1078/884 1340/1082/888
f 1341/1081/887 1274/1012/822 1301/1011/821 1340/1082/888
f 1283/1083/837 1279/1084/838 1347/1085/889 1346/1086/890
f 1329/1076/882 1342/1087/891 1344/1088/892 1343/1089/893 1331/1070/876
f 1345/1090/894 1267/1091/836 1283/1083/837 1346/1086/890
f 1342/1087/891 1345/1090/894 1346/1086/890 1344/1088/892
f 1347/1085/889 1343/1089/893 1344/1088/892 1346/1086/890
f 1348/1092/895 1330/1071/877 1331/1070/876 1343/1089/893 1349/1093/896
f 1279/1084/838 1288/1066/841 1350/1069/875 1347/1085/889
f 1350/1069/875 1349/1093/896 1343/1089/893 1347/1085/889
f 1351/1068/874 1348/1092/895 1349/1093/896 1350/1069/875
f 1352/1094/897 1358/1095/898 1359/1096/899 1354/1097/900 1353/1098/901
f 1338/1072/878 1330/1071/877 1353/1098/901 1354/1097/900 1355/1099/902
f 1356/1100/903 1355/1099/902 1354/1097/900 1357/1101/904
f 1341/1081/887 1338/1072/878 1355/1099/902 1356/1100/903
f 1320/1058/866 1274/1012/822 1341/1081/887 1356/1100/903
f 1318/1059/867 1320/1058/866 1356/1100/903 1357/1101/904
f 1358/1095/898 1361/1102/905 1360/1103/906 1359/1096/899
f 1357/1101/904 1354/1097/900 1359/1096/899 1360/1103/906
f 1325/1007/817 1318/1059/867 1357/1101/904 1360/1103/906
f 1361/1102/905 1273/1008/818 1325/1007/817 1360/1103/906
f 1309/1104/862 1306/1105/863 1365/1106/907 1364/1107/908
f 1362/1108/909 1353/1098/901 1330/1071/877 1348/1092/895 1363/1109/910
f 1275/1067/842 1309/1104/862 1364/1107/908 1351/1068/874
f 1364/1107/908 1363/1109/910 1348/1092/895 1351/1068/874
f 1365/1106/907 1362/1108/909 1363/1109/910 1364/1107/908
f 1366/1110/911 1352/1094/897 1353/1098/901 1362/1108/909 1367/1111/912
f 1306/1105/863 1314/1003/813 1368/1006/816 1365/1106/907
f 1368/1006/816 1367/1111/912 1362/1108/909 1365/1106/907
f 1369/1005/815 1366/1110/911 1367/1111/912 1368/1006/816
f 1407/1112/913 1370/1113/914 1457/1114/915 1456/1115/916
f 1371/1116/917 1421/1117/918 1420/1118/919 1419/1119/920
f 1394/1120/921 1373/1121/922 1397/1122/923 1396/1123/924
f 1377/1124/925 1376/1125/926 1374/1126/927 1382/1127/928 1384/1128/929
f 1313/1045/855 1305/1044/854 1376/1125/926 1377/1124/925 1379/1129/930
f 1380/1130/931 1379/1129/930 1377/1124/925 1381/1131/932
f 1317/1054/864 1313/1045/855 1379/1129/930 1380/1130/931
f 1378/1132/933 1271/1057/814 1317/1054/864 1380/1130/931
f 1375/1133/934 1378/1132/933 1380/1130/931 1381/1131/932
f 1385/1134/935 1384/1128/929 1382/1127/928 1386/1135/936
f 1381/1131/932 1377/1124/925 1384/1128/929 1385/1134/935
f 1383/1136/937 1375/1133/934 1381/1131/932 1385/1134/935
f 1372/1137/938 1383/1136/937 1385/1134/935 1386/1135/936
f 1389/1138/939 1387/1139/940 1392/1140/941 1391/1141/942
f 1305/1044/854 1324/1064/872 1390/1142/943 1388/1143/944 1376/1125/926
f 1328/1009/819 1273/1008/818 1389/1138/939 1391/1141/942
f 1324/1064/872 1328/1009/819 1391/1141/942 1390/1142/943
f 1392/1140/941 1388/1143/944 1390/1142/943 1391/1141/942
f 1393/1144/945 1374/1126/927 1376/1125/926 1388/1143/944 1395/1145/946
f 1387/1139/940 1394/1120/921 1396/1123/924 1392/1140/941
f 1396/1123/924 1395/1145/946 1388/1143/944 1392/1140/941
f 1397/1122/923 1393/1144/945 1395/1145/946 1396/1123/924
f 1398/1146/947 1406/1147/948 1408/1148/949 1401/1149/950 1400/1150/951
f 1382/1127/928 1374/1126/927 1400/1150/951 1401/1149/950 1403/1151/952
f 1404/1152/953 1403/1151/952 1401/1149/950 1405/1153/954
f 1386/1135/936 1382/1127/928 1403/1151/952 1404/1152/953
f 1402/1154/955 1372/1137/938 1386/1135/936 1404/1152/953
f 1399/1155/956 1402/1154/955 1404/1152/953 1405/1153/954
f 1406/1147/948 1410/1156/957 1409/1157/958 1408/1148/949
f 1405/1153/954 1401/1149/950 1408/1148/949 1409/1157/958
f 1407/1158/913 1399/1155/956 1405/1153/954 1409/1157/958
f 1410/1156/957 1370/1159/914 1407/1158/913 1409/1157/958
f 1413/1160/959 1411/1161/960 1416/1162/961 1415/1163/962
f 1400/1150/951 1374/1126/927 1393/1144/945 1414/1164/963 1412/1165/964
f 1397/1122/923 1373/1121/922 1413/1160/959 1415/1163/962
f 1393/1144/945 1397/1122/923 1415/1163/962 1414/1164/963
f 1416/1162/961 1412/1165/964 1414/1164/963 1415/1163/962
f 1417/1166/965 1398/1146/947 1400/1150/951 1412/1165/964 1418/1167/966
f 1416/1162/961 1411/1161/960 1419/1119/920 1420/1118/919
f 1418/1167/966 1412/1165/964 1416/1162/961 1420/1118/919
f 1421/1117/918 1417/1166/965 1418/1167/966 1420/1118/919
f 1383/1168/937 1372/1169/938 1439/1170/967 1438/1171/968
f 1422/1172/969 1428/1173/970 1429/1174/971 1424/1175/972 1423/1176/973
f 1358/1095/898 1352/1094/897 1423/1176/973 1424/1175/972 1425/1177/974
f 1426/1178/975 1425/1177/974 1424/1175/972 1427/1179/976
f 1361/1102/905 1358/1095/898 1425/1177/974 1426/1178/975
f 1389/1138/939 1273/1008/818 1361/1102/905 1426/1178/975
f 1387/1139/940 1389/1138/939 1426/1178/975 1427/1179/976
f 1428/1173/970 1431/1180/977 1430/1181/978 1429/1174/971
f 1427/1179/976 1424/1175/972 1429/1174/971 1430/1181/978
f 1394/1120/921 1387/1139/940 1427/1179/976 1430/1181/978
f 1431/1180/977 1373/1121/922 1394/1120/921 1430/1181/978
f 1378/1182/933 1375/1183/934 1435/1184/979 1434/1185/980
f 1432/1186/981 1423/1176/973 1352/1094/897 1366/1110/911 1433/1187/982
f 1271/1004/814 1378/1182/933 1434/1185/980 1369/1005/815
f 1434/1185/980 1433/1187/982 1366/1110/911 1369/1005/815
f 1435/1184/979 1432/1186/981 1433/1187/982 1434/1185/980
f 1436/1188/983 1422/1172/969 1423/1176/973 1432/1186/981 1437/1189/984
f 1375/1183/934 1383/1168/937 1438/1171/968 1435/1184/979
f 1438/1171/968 1437/1189/984 1432/1186/981 1435/1184/979
f 1439/1170/967 1436/1188/983 1437/1189/984 1438/1171/968
f 1440/1190/985 1446/1191/986 1447/1192/987 1442/1193/988 1441/1194/989
f 1428/1173/970 1422/1172/969 1441/1194/989 1442/1193/988 1443/1195/990
f 1444/1196/991 1443/1195/990 1442/1193/988 1445/1197/992
f 1431/1180/977 1428/1173/970 1443/1195/990 1444/1196/991
f 1413/1160/959 1373/1121/922 1431/1180/977 1444/1196/991
f 1411/1161/960 1413/1160/959 1444/1196/991 1445/1197/992
f 1446/1191/986 1449/1198/993 1448/1199/994 1447/1192/987
f 1445/1197/992 1442/1193/988 1447/1192/987 1448/1199/994
f 1419/1119/920 1411/1161/960 1445/1197/992 1448/1199/994
f 1449/1198/993 1371/1116/917 1419/1119/920 1448/1199/994
f 1402/1200/955 1399/1201/956 1453/1202/995 1452/1203/996
f 1450/1204/997 1441/1194/989 1422/1172/969 1436/1188/983 1451/1205/998
f 1372/1169/938 1402/1200/955 1452/1203/996 1439/1170/967
f 1452/1203/996 1451/1205/998 1436/1188/983 1439/1170/967
f 1453/1202/995 1450/1204/997 1451/1205/998 1452/1203/996
f 1454/1206/999 1440/1190/985 1441/1194/989 1450/1204/997 1455/1207/1000
f 1399/1201/956 1407/1112/913 1456/1115/916 1453/1202/995
f 1456/1115/916 1455/1207/1000 1450/1204/997 1453/1202/995
f 1457/1114/915 1454/1206/999 1455/1207/1000 1456/1115/916
f 1458/1208/1001 1492/1209/1002 1491/1210/1003 1490/1211/1004
f 1481/1212/1005 1460/1213/1006 1484/1214/1007 1483/1215/1008
f 1464/1216/1009 1463/1217/1010 1461/1218/1011 1469/1219/1012 1471/1220/1013
f 1406/1147/948 1398/1146/947 1463/1217/1010 1464/1216/1009 1466/1221/1014
f 1467/1222/1015 1466/1221/1014 1464/1216/1009 1468/1223/1016
f 1410/1156/957 1406/1147/948 1466/1221/1014 1467/1222/1015
f 1465/1224/1017 1370/1159/914 1410/1156/957 1467/1222/1015
f 1462/1225/1018 1465/1224/1017 1467/1222/1015 1468/1223/1016
f 1472/1226/1019 1471/1220/1013 1469/1219/1012 1473/1227/1020
f 1468/1223/1016 1464/1216/1009 1471/1220/1013 1472/1226/1019
f 1470/1228/1021 1462/1225/1018 1468/1223/1016 1472/1226/1019
f 1459/1229/1022 1470/1228/1021 1472/1226/1019 1473/1227/1020
f 1476/1230/1023 1474/1231/1024 1479/1232/1025 1478/1233/1026
f 1398/1146/947 1417/1166/965 1477/1234/1027 1475/1235/1028 1463/1217/1010
f 1421/1117/918 1371/1116/917 1476/1230/1023 1478/1233/1026
f 1417/1166/965 1421/1117/918 1478/1233/1026 1477/1234/1027
f 1479/1232/1025 1475/1235/1028 1477/1234/1027 1478/1233/1026
f 1480/1236/1029 1461/1218/1011 1463/1217/1010 1475/1235/1028 1482/1237/1030
f 1474/1231/1024 1481/1212/1005 1483/1215/1008 1479/1232/1025
f 1483/1215/1008 1482/1237/1030 1475/1235/1028 1479/1232/1025
f 1484/1214/1007 1480/1236/1029 1482/1237/1030 1483/1215/1008
f 1485/1238/1031 1489/1239/1032 1488/1240/1033 1487/1241/1034
f 1469/1219/1012 1461/1218/1011 1487/1241/1034 1488/1240/1033
f 1486/1242/809 1459/1229/1022 1473/1227/1020 1469/1219/1012 1488/1240/1033
f 1489/1239/1032 1270/1243/810 1486/1242/809 1488/1240/1033
f 1480/1236/1029 1484/1214/1007 1460/1213/1006 1490/1211/1004 1491/1210/1003
f 1487/1241/1034 1461/1218/1011 1480/1236/1029 1491/1210/1003
f 1492/1209/1002 1485/1238/1031 1487/1241/1034 1491/1210/1003
f 1470/1244/1021 1459/1245/1022 1510/1246/1035 1509/1247/1036
f 1493/1248/1037 1499/1249/1038 1500/1250/1039 1495/1251/1040 1494/1252/1041
f 1446/1191/986 1440/1190/985 1494/1252/1041 1495/1251/1040 1496/1253/1042
f 1497/1254/1043 1496/1253/1042 1495/1251/1040 1498/1255/1044
f 1449/1198/993 1446/1191/986 1496/1253/1042 1497/1254/1043
f 1476/1230/1023 1371/1116/917 1449/1198/993 1497/1254/1043
f 1474/1231/1024 1476/1230/1023 1497/1254/1043 1498/1255/1044
f 1499/1249/1038 1502/1256/1045 1501/1257/1046 1500/1250/1039
f 1498/1255/1044 1495/1251/1040 1500/1250/1039 1501/1257/1046
f 1481/1212/1005 1474/1231/1024 1498/1255/1044 1501/1257/1046
f 1502/1256/1045 1460/1213/1006 1481/1212/1005 1501/1257/1046
f 1465/1258/1017 1462/1259/1018 1506/1260/1047 1505/1261/1048
f 1503/1262/1049 1494/1252/1041 1440/1190/985 1454/1206/999 1504/1263/1050
f 1370/1113/914 1465/1258/1017 1505/1261/1048 1457/1114/915
f 1505/1261/1048 1504/1263/1050 1454/1206/999 1457/1114/915
f 1506/1260/1047 1503/1262/1049 1504/1263/1050 1505/1261/1048
f 1507/1264/1051 1493/1248/1037 1494/1252/1041 1503/1262/1049 1508/1265/1052
f 1462/1259/1018 1470/1244/1021 1509/1247/1036 1506/1260/1047
f 1509/1247/1036 1508/1265/1052 1503/1262/1049 1506/1260/1047
f 1510/1246/1035 1507/1264/1051 1508/1265/1052 1509/1247/1036
f 1511/1266/1053 1514/1267/1054 1513/1268/1055 1512/1269/1056
f 1499/1249/1038 1493/1248/1037 1512/1269/1056 1513/1268/1055
f 1490/1211/1004 1460/1213/1006 1502/1256/1045 1499/1249/1038 1513/1268/1055
f 1514/1267/1054 1458/1208/1001 1490/1211/1004 1513/1268/1055
f 1459/1245/1022 1486/999/809 1515/1002/812 1507/1264/1051 1510/1246/1035
f 1515/1002/812 1512/1269/1056 1493/1248/1037 1507/1264/1051
f 1516/1001/811 1511/1266/1053 1512/1269/1056 1515/1002/812
f 1567/1270/1057 1517/1271/1058 1602/1272/1059 1604/1273/1060 1597/1274/1061
f 1531/1275/1062 1518/1276/1063 1549/1277/1064 1548/1278/1065
f 1519/1279/1066 1537/1280/1067 1536/1281/1068 1535/1282/1069
f 1527/1283/1070 1521/1284/1071 1529/1285/1072 1528/1286/1073
f 1525/1287/1074 1524/1288/1075 1522/1289/1076 1526/1290/1077
f 1489/1239/1032 1485/1238/1031 1524/1288/1075 1525/1287/1074
f 1523/1291/1078 1270/1243/810 1489/1239/1032 1525/1287/1074
f 1520/1292/1079 1523/1291/1078 1525/1287/1074 1526/1290/1077
f 1492/1209/1002 1458/1208/1001 1527/1283/1070 1528/1286/1073
f 1485/1238/1031 1492/1209/1002 1528/1286/1073 1524/1288/1075
f 1529/1285/1072 1522/1289/1076 1524/1288/1075 1528/1286/1073
f 1530/1293/1080 1534/1294/1081 1533/1295/1082 1532/1296/1083
f 1526/1290/1077 1522/1289/1076 1532/1296/1083 1533/1295/1082
f 1531/1297/1062 1520/1292/1079 1526/1290/1077 1533/1295/1082
f 1534/1294/1081 1518/1298/1063 1531/1297/1062 1533/1295/1082
f 1529/1285/1072 1521/1284/1071 1535/1282/1069 1536/1281/1068
f 1532/1296/1083 1522/1289/1076 1529/1285/1072 1536/1281/1068
f 1537/1280/1067 1530/1293/1080 1532/1296/1083 1536/1281/1068
f 1523/1299/1078 1520/1300/1079 1543/1301/1084 1542/1302/1085
f 1538/1303/1086 1541/1304/1087 1540/1305/1088 1539/1306/1089
f 1514/1267/1054 1511/1266/1053 1539/1306/1089 1540/1305/1088
f 1527/1283/1070 1458/1208/1001 1514/1267/1054 1540/1305/1088
f 1541/1304/1087 1521/1284/1071 1527/1283/1070 1540/1305/1088
f 1270/1000/810 1523/1299/1078 1542/1302/1085 1516/1001/811
f 1542/1302/1085 1539/1306/1089 1511/1266/1053 1516/1001/811
f 1543/1301/1084 1538/1303/1086 1539/1306/1089 1542/1302/1085
f 1544/1307/1090 1547/1308/1091 1546/1309/1092 1545/1310/1093
f 1541/1304/1087 1538/1303/1086 1545/1310/1093 1546/1309/1092
f 1535/1282/1069 1521/1284/1071 1541/1304/1087 1546/1309/1092
f 1547/1308/1091 1519/1279/1066 1535/1282/1069 1546/1309/1092
f 1520/1300/1079 1531/1275/1062 1548/1278/1065 1543/1301/1084
f 1548/1278/1065 1545/1310/1093 1538/1303/1086 1543/1301/1084
f 1549/1277/1064 1544/1307/1090 1545/1310/1093 1548/1278/1065
f 1550/1311/1094 1577/1312/1095 1579/1313/1096 1572/1314/1097 1571/1315/1098
f 1558/1316/1099 1552/1317/1100 1560/1318/1101 1562/1319/1102 1559/1320/1103
f 1556/1321/1104 1555/1322/1105 1561/1323/1106 1553/1324/1107 1557/1325/1108
f 1534/1294/1081 1530/1293/1080 1555/1322/1105 1556/1321/1104
f 1554/1326/1109 1518/1298/1063 1534/1294/1081 1556/1321/1104
f 1551/1327/1110 1554/1326/1109 1556/1321/1104 1557/1325/1108
f 1537/1280/1067 1519/1279/1066 1558/1316/1099 1559/1320/1103
f 1530/1293/1080 1537/1280/1067 1559/1320/1103 1563/1328/1111 1555/1322/1105
f 1560/1318/1101 1565/1329/1112 1564/1330/1113 1562/1319/1102
f 1563/1328/1111 1559/1320/1103 1562/1319/1102 1564/1330/1113
f 1561/1323/1106 1555/1322/1105 1563/1328/1111 1564/1330/1113
f 1565/1329/1112 1553/1324/1107 1561/1323/1106 1564/1330/1113
f 1566/1331/1114 1570/1332/1115 1569/1333/1116 1568/1334/1117 1578/1335/1118
f 1557/1325/1108 1553/1324/1107 1573/1336/1119 1568/1334/1117 1569/1333/1116
f 1567/1337/1057 1551/1327/1110 1557/1325/1108 1569/1333/1116
f 1570/1332/1115 1517/1338/1058 1567/1337/1057 1569/1333/1116
f 1560/1318/1101 1552/1317/1100 1571/1315/1098 1572/1314/1097 1574/1339/1120
f 1575/1340/1121 1574/1339/1120 1572/1314/1097 1576/1341/1122
f 1565/1329/1112 1560/1318/1101 1574/1339/1120 1575/1340/1121
f 1573/1336/1119 1553/1324/1107 1565/1329/1112 1575/1340/1121
f 1568/1334/1117 1573/1336/1119 1575/1340/1121 1576/1341/1122
f 1577/1312/1095 1581/1342/1123 1580/1343/1124 1579/1313/1096
f 1576/1341/1122 1572/1314/1097 1579/1313/1096 1580/1343/1124
f 1578/1335/1118 1568/1334/1117 1576/1341/1122 1580/1343/1124
f 1581/1342/1123 1566/1331/1114 1578/1335/1118 1580/1343/1124
f 1554/1344/1109 1551/1345/1110 1587/1346/1125 1589/1347/1126 1586/1348/1127
f 1582/1349/1128 1585/1350/1129 1584/1351/1130 1583/1352/1131 1588/1353/1132
f 1547/1308/1091 1544/1307/1090 1583/1352/1131 1584/1351/1130
f 1558/1316/1099 1519/1279/1066 1547/1308/1091 1584/1351/1130
f 1585/1350/1129 1552/1317/1100 1558/1316/1099 1584/1351/1130
f 1518/1276/1063 1554/1344/1109 1586/1348/1127 1549/1277/1064
f 1586/1348/1127 1590/1354/1133 1583/1352/1131 1544/1307/1090 1549/1277/1064
f 1587/1346/1125 1592/1355/1134 1591/1356/1135 1589/1347/1126
f 1590/1354/1133 1586/1348/1127 1589/1347/1126 1591/1356/1135
f 1588/1353/1132 1583/1352/1131 1590/1354/1133 1591/1356/1135
f 1592/1355/1134 1582/1349/1128 1588/1353/1132 1591/1356/1135
f 1593/1357/1136 1596/1358/1137 1595/1359/1138 1594/1360/1139 1603/1361/1140
f 1585/1350/1129 1582/1349/1128 1598/1362/1141 1594/1360/1139 1595/1359/1138
f 1571/1315/1098 1552/1317/1100 1585/1350/1129 1595/1359/1138
f 1596/1358/1137 1550/1311/1094 1571/1315/1098 1595/1359/1138
f 1551/1345/1110 1567/1270/1057 1597/1274/1061 1599/1363/1142 1587/1346/1125
f 1597/1274/1061 1601/1364/1143 1600/1365/1144 1599/1363/1142
f 1592/1355/1134 1587/1346/1125 1599/1363/1142 1600/1365/1144
f 1598/1362/1141 1582/1349/1128 1592/1355/1134 1600/1365/1144
f 1601/1364/1143 1594/1360/1139 1598/1362/1141 1600/1365/1144
f 1602/1272/1059 1606/1366/1145 1605/1367/1146 1604/1273/1060
f 1601/1364/1143 1597/1274/1061 1604/1273/1060 1605/1367/1146
f 1603/1361/1140 1594/1360/1139 1601/1364/1143 1605/1367/1146
f 1606/1366/1145 1593/1357/1136 1603/1361/1140 1605/1367/1146
f 1682/1368/1147 1607/1369/1148 1684/1370/1149 1683/1371/1150
f 1608/1372/1151 1649/1373/1152 1648/1374/1153 1647/1375/1154
f 1616/1376/1155 1610/1377/1156 1639/1378/1157 1622/1379/1158 1624/1380/1159 1617/1381/1160
f 1614/1382/1161 1613/1383/1162 1623/1384/1163 1611/1385/1164 1615/1386/1165
f 1570/1332/1115 1566/1331/1114 1619/1387/1166 1613/1383/1162 1614/1382/1161
f 1612/1388/1167 1517/1338/1058 1570/1332/1115 1614/1382/1161
f 1609/1389/1168 1612/1388/1167 1614/1382/1161 1615/1386/1165
f 1577/1312/1095 1550/1311/1094 1616/1376/1155 1617/1381/1160 1618/1390/1169
f 1618/1390/1169 1617/1381/1160 1621/1391/1170 1620/1392/1171
f 1581/1342/1123 1577/1312/1095 1618/1390/1169 1620/1392/1171
f 1566/1331/1114 1581/1342/1123 1620/1392/1171 1619/1387/1166
f 1621/1391/1170 1613/1383/1162 1619/1387/1166 1620/1392/1171
f 1622/1379/1158 1626/1393/1172 1625/1394/1173 1624/1380/1159
f 1621/1391/1170 1617/1381/1160 1624/1380/1159 1625/1394/1173
f 1623/1384/1163 1613/1383/1162 1621/1391/1170 1625/1394/1173
f 1626/1393/1172 1611/1385/1164 1623/1384/1163 1625/1394/1173
f 1627/1395/1174 1631/1396/1175 1630/1397/1176 1629/1398/1177 1643/1399/1178
f 1615/1386/1165 1611/1385/1164 1634/1400/1179 1629/1398/1177 1630/1397/1176
f 1628/1401/1180 1673/1402/1181 1609/1389/1168 1615/1386/1165 1630/1397/1176
f 1631/1396/1175 1607/1403/1148 1682/1404/1147 1628/1401/1180 1630/1397/1176
f 1638/1405/1182 1632/1406/1183 1641/1407/1184 1640/1408/1185
f 1636/1409/1186 1635/1410/1187 1633/1411/1188 1637/1412/1189
f 1626/1393/1172 1622/1379/1158 1635/1410/1187 1636/1409/1186
f 1634/1400/1179 1611/1385/1164 1626/1393/1172 1636/1409/1186
f 1629/1398/1177 1634/1400/1179 1636/1409/1186 1637/1412/1189
f 1639/1378/1157 1610/1377/1156 1638/1405/1182 1640/1408/1185
f 1622/1379/1158 1639/1378/1157 1640/1408/1185 1635/1410/1187
f 1641/1407/1184 1633/1411/1188 1635/1410/1187 1640/1408/1185
f 1642/1413/1190 1646/1414/1191 1645/1415/1192 1644/1416/1193
f 1637/1412/1189 1633/1411/1188 1644/1416/1193 1645/1415/1192
f 1643/1399/1178 1629/1398/1177 1637/1412/1189 1645/1415/1192
f 1646/1414/1191 1627/1395/1174 1643/1399/1178 1645/1415/1192
f 1641/1407/1184 1632/1406/1183 1647/1375/1154 1648/1374/1153
f 1644/1416/1193 1633/1411/1188 1641/1407/1184 1648/1374/1153
f 1649/1373/1152 1642/1413/1190 1644/1416/1193 1648/1374/1153
f 1612/1417/1167 1609/1418/1168 1675/1419/1194 1659/1420/1195 1661/1421/1196 1654/1422/1197
f 1650/1423/1198 1653/1424/1199 1652/1425/1200 1651/1426/1201 1660/1427/1202
f 1596/1358/1137 1593/1357/1136 1655/1428/1203 1651/1426/1201 1652/1425/1200
f 1616/1376/1155 1550/1311/1094 1596/1358/1137 1652/1425/1200
f 1653/1424/1199 1610/1377/1156 1616/1376/1155 1652/1425/1200
f 1517/1271/1058 1612/1417/1167 1654/1422/1197 1656/1429/1204 1602/1272/1059
f 1654/1422/1197 1658/1430/1205 1657/1431/1206 1656/1429/1204
f 1606/1366/1145 1602/1272/1059 1656/1429/1204 1657/1431/1206
f 1655/1428/1203 1593/1357/1136 1606/1366/1145 1657/1431/1206
f 1658/1430/1205 1651/1426/1201 1655/1428/1203 1657/1431/1206
f 1659/1420/1195 1663/1432/1207 1662/1433/1208 1661/1421/1196
f 1658/1430/1205 1654/1422/1197 1661/1421/1196 1662/1433/1208
f 1660/1427/1202 1651/1426/1201 1658/1430/1205 1662/1433/1208
f 1663/1432/1207 1650/1423/1198 1660/1427/1202 1662/1433/1208
f 1664/1434/1209 1667/1435/1210 1666/1436/1211 1665/1437/1212 1678/1438/1213
f 1653/1424/1199 1650/1423/1198 1669/1439/1214 1665/1437/1212 1666/1436/1211
f 1632/1406/1183 1638/1405/1182 1610/1377/1156 1653/1424/1199 1666/1436/1211
f 1667/1435/1210 1608/1372/1151 1647/1375/1154 1632/1406/1183 1666/1436/1211
f 1673/1440/1181 1628/1441/1180 1676/1442/1215 1674/1443/1216
f 1668/1444/1217 1672/1445/1218 1671/1446/1219 1670/1447/1220
f 1663/1432/1207 1659/1420/1195 1670/1447/1220 1671/1446/1219
f 1669/1439/1214 1650/1423/1198 1663/1432/1207 1671/1446/1219
f 1672/1445/1218 1665/1437/1212 1669/1439/1214 1671/1446/1219
f 1609/1418/1168 1673/1440/1181 1674/1443/1216 1675/1419/1194
f 1674/1443/1216 1670/1447/1220 1659/1420/1195 1675/1419/1194
f 1676/1442/1215 1668/1444/1217 1670/1447/1220 1674/1443/1216
f 1677/1448/1221 1681/1449/1222 1680/1450/1223 1679/1451/1224
f 1672/1445/1218 1668/1444/1217 1679/1451/1224 1680/1450/1223
f 1678/1438/1213 1665/1437/1212 1672/1445/1218 1680/1450/1223
f 1681/1449/1222 1664/1434/1209 1678/1438/1213 1680/1450/1223
f 1628/1441/1180 1682/1368/1147 1683/1371/1150 1676/1442/1215
f 1683/1371/1150 1679/1451/1224 1668/1444/1217 1676/1442/1215
f 1684/1370/1149 1677/1448/1221 1679/1451/1224 1683/1371/1150
f 1685/1452/1225 1731/1453/1226 1730/1454/1227 1729/1455/1228
f 1707/1456/1229 1687/1457/1230 1709/1458/1231 1708/1459/1232
f 1691/1460/1233 1690/1461/1234 1703/1462/1235 1688/1463/1236 1692/1464/1237
f 1631/1396/1175 1627/1395/1174 1696/1465/1238 1690/1461/1234 1691/1460/1233
f 1689/1466/1239 1741/1467/1240 1607/1403/1148 1631/1396/1175 1691/1460/1233
f 1686/1468/1241 1749/1469/1242 1689/1466/1239 1691/1460/1233 1692/1464/1237
f 1699/1470/1243 1693/1471/1244 1701/1472/1245 1700/1473/1246
f 1695/1474/1247 1694/1475/1248 1698/1476/1249 1697/1477/1250
f 1646/1414/1191 1642/1413/1190 1695/1474/1247 1697/1477/1250
f 1627/1395/1174 1646/1414/1191 1697/1477/1250 1696/1465/1238
f 1698/1476/1249 1690/1461/1234 1696/1465/1238 1697/1477/1250
f 1649/1373/1152 1608/1372/1151 1699/1470/1243 1700/1473/1246
f 1642/1413/1190 1649/1373/1152 1700/1473/1246 1695/1474/1247
f 1701/1472/1245 1694/1475/1248 1695/1474/1247 1700/1473/1246
f 1702/1478/1251 1706/1479/1252 1705/1480/1253 1704/1481/1254
f 1698/1476/1249 1694/1475/1248 1704/1481/1254 1705/1480/1253
f 1703/1462/1235 1690/1461/1234 1698/1476/1249 1705/1480/1253
f 1706/1479/1252 1688/1463/1236 1703/1462/1235 1705/1480/1253
f 1693/1471/1244 1707/1456/1229 1708/1459/1232 1701/1472/1245
f 1708/1459/1232 1704/1481/1254 1694/1475/1248 1701/1472/1245
f 1709/1458/1231 1702/1478/1251 1704/1481/1254 1708/1459/1232
f 1710/1482/1255 1714/1483/1256 1713/1484/1257 1712/1485/1258 1725/1486/1259
f 1692/1464/1237 1688/1463/1236 1717/1487/1260 1712/1485/1258 1713/1484/1257
f 1711/1488/1261 1761/1489/1262 1686/1468/1241 1692/1464/1237 1713/1484/1257
f 1714/1483/1256 1269/1490/806 1769/1491/805 1711/1488/1261 1713/1484/1257
f 1721/1492/1263 1715/1493/1264 1723/1494/1265 1722/1495/1266
f 1719/1496/1267 1718/1497/1268 1716/1498/1269 1720/1499/1270
f 1706/1479/1252 1702/1478/1251 1718/1497/1268 1719/1496/1267
f 1717/1487/1260 1688/1463/1236 1706/1479/1252 1719/1496/1267
f 1712/1485/1258 1717/1487/1260 1719/1496/1267 1720/1499/1270
f 1709/1458/1231 1687/1457/1230 1721/1492/1263 1722/1495/1266
f 1702/1478/1251 1709/1458/1231 1722/1495/1266 1718/1497/1268
f 1723/1494/1265 1716/1498/1269 1718/1497/1268 1722/1495/1266
f 1724/1500/1271 1728/1501/1272 1727/1502/1273 1726/1503/1274
f 1720/1499/1270 1716/1498/1269 1726/1503/1274 1727/1502/1273
f 1725/1486/1259 1712/1485/1258 1720/1499/1270 1727/1502/1273
f 1728/1501/1272 1710/1482/1255 1725/1486/1259 1727/1502/1273
f 1723/1494/1265 1715/1493/1264 1729/1455/1228 1730/1454/1227
f 1726/1503/1274 1716/1498/1269 1723/1494/1265 1730/1454/1227
f 1731/1453/1226 1724/1500/1271 1726/1503/1274 1730/1454/1227
f 1749/1504/1242 1686/1505/1241 1751/1506/1275 1750/1507/1276
f 1732/1508/1277 1735/1509/1278 1734/1510/1279 1733/1511/1280 1745/1512/1281
f 1667/1435/1210 1664/1434/1209 1737/1513/1282 1733/1511/1280 1734/1510/1279
f 1693/1471/1244 1699/1470/1243 1608/1372/1151 1667/1435/1210 1734/1510/1279
f 1735/1509/1278 1687/1457/1230 1707/1456/1229 1693/1471/1244 1734/1510/1279
f 1741/1514/1240 1689/1515/1239 1743/1516/1283 1742/1517/1284
f 1736/1518/1285 1740/1519/1286 1739/1520/1287 1738/1521/1288
f 1681/1449/1222 1677/1448/1221 1738/1521/1288 1739/1520/1287
f 1737/1513/1282 1664/1434/1209 1681/1449/1222 1739/1520/1287
f 1740/1519/1286 1733/1511/1280 1737/1513/1282 1739/1520/1287
f 1607/1369/1148 1741/1514/1240 1742/1517/1284 1684/1370/1149
f 1742/1517/1284 1738/1521/1288 1677/1448/1221 1684/1370/1149
f 1743/1516/1283 1736/1518/1285 1738/1521/1288 1742/1517/1284
f 1744/1522/1289 1748/1523/1290 1747/1524/1291 1746/1525/1292
f 1740/1519/1286 1736/1518/1285 1746/1525/1292 1747/1524/1291
f 1745/1512/1281 1733/1511/1280 1740/1519/1286 1747/1524/1291
f 1748/1523/1290 1732/1508/1277 1745/1512/1281 1747/1524/1291
f 1689/1515/1239 1749/1504/1242 1750/1507/1276 1743/1516/1283
f 1750/1507/1276 1746/1525/1292 1736/1518/1285 1743/1516/1283
f 1751/1506/1275 1744/1522/1289 1746/1525/1292 1750/1507/1276
f 1752/1526/1293 1755/1527/1294 1754/1528/1295 1753/1529/1296 1765/1530/1297
f 1735/1509/1278 1732/1508/1277 1757/1531/1298 1753/1529/1296 1754/1528/1295
f 1715/1493/1264 1721/1492/1263 1687/1457/1230 1735/1509/1278 1754/1528/1295
f 1755/1527/1294 1685/1452/1225 1729/1455/1228 1715/1493/1264 1754/1528/1295
f 1761/1532/1262 1711/1533/1261 1763/1534/1299 1762/1535/1300
f 1756/1536/1301 1760/1537/1302 1759/1538/1303 1758/1539/1304
f 1748/1523/1290 1744/1522/1289 1758/1539/1304 1759/1538/1303
f 1757/1531/1298 1732/1508/1277 1748/1523/1290 1759/1538/1303
f 1760/1537/1302 1753/1529/1296 1757/1531/1298 1759/1538/1303
f 1686/1505/1241 1761/1532/1262 1762/1535/1300 1751/1506/1275
f 1762/1535/1300 1758/1539/1304 1744/1522/1289 1751/1506/1275
f 1763/1534/1299 1756/1536/1301 1758/1539/1304 1762/1535/1300
f 1764/1540/1305 1768/1541/1306 1767/1542/1307 1766/1543/1308
f 1760/1537/1302 1756/1536/1301 1766/1543/1308 1767/1542/1307
f 1765/1530/1297 1753/1529/1296 1760/1537/1302 1767/1542/1307
f 1768/1541/1306 1752/1526/1293 1765/1530/1297 1767/1542/1307
f 1711/1533/1261 1769/995/805 1770/998/808 1763/1534/1299
f 1770/998/808 1766/1543/1308 1756/1536/1301 1763/1534/1299
f 1771/997/807 1764/1540/1305 1766/1543/1308 1770/998/808
f 2038/1544/1309 1772/1545/1310 2041/1546/1311 2039/1547/1312
f 1864/1548/1313 1773/1549/1314 1902/1550/1315 1904/1551/1316 1897/1552/1317
f 1798/1553/1318 1774/1554/1319 1839/1555/1320 1841/1556/1321 1834/1557/1322
f 1775/1558/1323 1808/1559/1324 1810/1560/1325 1803/1561/1326 1802/1562/1327
f 1783/1563/1328 1777/1564/1329 1792/1565/1330 1794/1566/1331 1784/1567/1332 1791/1568/1333
f 1781/1569/1334 1780/1570/1335 1793/1571/1336 1778/1572/1337 1782/1573/1338
f 1714/1483/1256 1710/1482/1255 1786/1574/1339 1780/1570/1335 1781/1569/1334
f 1779/1575/1340 1822/1576/1341 1269/1490/806 1714/1483/1256 1781/1569/1334
f 1776/1577/1342 1779/1575/1340 1781/1569/1334 1782/1573/1338
f 1789/1578/1343 1783/1563/1328 1791/1568/1333 1790/1579/1344
f 1785/1580/1345 1784/1567/1332 1788/1581/1346 1787/1582/1347
f 1728/1501/1272 1724/1500/1271 1785/1580/1345 1787/1582/1347
f 1710/1482/1255 1728/1501/1272 1787/1582/1347 1786/1574/1339
f 1788/1581/1346 1780/1570/1335 1786/1574/1339 1787/1582/1347
f 1731/1453/1226 1685/1452/1225 1789/1578/1343 1790/1579/1344
f 1724/1500/1271 1731/1453/1226 1790/1579/1344 1785/1580/1345
f 1791/1568/1333 1784/1567/1332 1785/1580/1345 1790/1579/1344
f 1792/1565/1330 1796/1583/1348 1795/1584/1349 1794/1566/1331
f 1788/1581/1346 1784/1567/1332 1794/1566/1331 1795/1584/1349
f 1793/1571/1336 1780/1570/1335 1788/1581/1346 1795/1584/1349
f 1796/1583/1348 1778/1572/1337 1793/1571/1336 1795/1584/1349
f 1797/1585/1350 1801/1586/1351 1800/1587/1352 1799/1588/1353 1809/1589/1354
f 1782/1573/1338 1778/1572/1337 1804/1590/1355 1799/1588/1353 1800/1587/1352
f 1798/1591/1318 1776/1577/1342 1782/1573/1338 1800/1587/1352
f 1801/1586/1351 1774/1592/1319 1798/1591/1318 1800/1587/1352
f 1792/1565/1330 1777/1564/1329 1802/1562/1327 1803/1561/1326 1805/1593/1356
f 1806/1594/1357 1805/1593/1356 1803/1561/1326 1807/1595/1358
f 1796/1583/1348 1792/1565/1330 1805/1593/1356 1806/1594/1357
f 1804/1590/1355 1778/1572/1337 1796/1583/1348 1806/1594/1357
f 1799/1588/1353 1804/1590/1355 1806/1594/1357 1807/1595/1358
f 1808/1559/1324 1812/1596/1359 1811/1597/1360 1810/1560/1325
f 1807/1595/1358 1803/1561/1326 1810/1560/1325 1811/1597/1360
f 1809/1589/1354 1799/1588/1353 1807/1595/1358 1811/1597/1360
f 1812/1596/1359 1797/1585/1350 1809/1589/1354 1811/1597/1360
f 1779/1598/1340 1776/1599/1342 1825/1600/1361 1827/1601/1362 1817/1602/1363 1824/1603/1364
f 1813/1604/1365 1816/1605/1366 1815/1606/1367 1814/1607/1368 1826/1608/1369
f 1755/1527/1294 1752/1526/1293 1818/1609/1370 1814/1607/1368 1815/1606/1367
f 1783/1563/1328 1789/1578/1343 1685/1452/1225 1755/1527/1294 1815/1606/1367
f 1816/1605/1366 1777/1564/1329 1783/1563/1328 1815/1606/1367
f 1822/1610/1341 1779/1598/1340 1824/1603/1364 1823/1611/1371
f 1817/1602/1363 1821/1612/1372 1820/1613/1373 1819/1614/1374
f 1768/1541/1306 1764/1540/1305 1819/1614/1374 1820/1613/1373
f 1818/1609/1370 1752/1526/1293 1768/1541/1306 1820/1613/1373
f 1821/1612/1372 1814/1607/1368 1818/1609/1370 1820/1613/1373
f 1269/996/806 1822/1610/1341 1823/1611/1371 1771/997/807
f 1823/1611/1371 1819/1614/1374 1764/1540/1305 1771/997/807
f 1824/1603/1364 1817/1602/1363 1819/1614/1374 1823/1611/1371
f 1825/1600/1361 1829/1615/1375 1828/1616/1376 1827/1601/1362
f 1821/1612/1372 1817/1602/1363 1827/1601/1362 1828/1616/1376
f 1826/1608/1369 1814/1607/1368 1821/1612/1372 1828/1616/1376
f 1829/1615/1375 1813/1604/1365 1826/1608/1369 1828/1616/1376
f 1830/1617/1377 1833/1618/1378 1832/1619/1379 1831/1620/1380 1840/1621/1381
f 1816/1605/1366 1813/1604/1365 1835/1622/1382 1831/1620/1380 1832/1619/1379
f 1802/1562/1327 1777/1564/1329 1816/1605/1366 1832/1619/1379
f 1833/1618/1378 1775/1558/1323 1802/1562/1327 1832/1619/1379
f 1776/1599/1342 1798/1553/1318 1834/1557/1322 1836/1623/1383 1825/1600/1361
f 1834/1557/1322 1838/1624/1384 1837/1625/1385 1836/1623/1383
f 1829/1615/1375 1825/1600/1361 1836/1623/1383 1837/1625/1385
f 1835/1622/1382 1813/1604/1365 1829/1615/1375 1837/1625/1385
f 1838/1624/1384 1831/1620/1380 1835/1622/1382 1837/1625/1385
f 1839/1555/1320 1843/1626/1386 1842/1627/1387 1841/1556/1321
f 1838/1624/1384 1834/1557/1322 1841/1556/1321 1842/1627/1387
f 1840/1621/1381 1831/1620/1380 1838/1624/1384 1842/1627/1387
f 1843/1626/1386 1830/1617/1377 1840/1621/1381 1842/1627/1387
f 1844/1628/1388 1874/1629/1389 1876/1630/1390 1869/1631/1391 1868/1632/1392
f 1852/1633/1393 1846/1634/1394 1858/1635/1395 1860/1636/1396 1853/1637/1397
f 1850/1638/1398 1849/1639/1399 1859/1640/1400 1847/1641/1401 1851/1642/1402
f 1801/1586/1351 1797/1585/1350 1855/1643/1403 1849/1639/1399 1850/1638/1398
f 1848/1644/1404 1774/1592/1319 1801/1586/1351 1850/1638/1398
f 1845/1645/1405 1848/1644/1404 1850/1638/1398 1851/1642/1402
f 1808/1559/1324 1775/1558/1323 1852/1633/1393 1853/1637/1397 1854/1646/1406
f 1854/1646/1406 1853/1637/1397 1857/1647/1407 1856/1648/1408
f 1812/1596/1359 1808/1559/1324 1854/1646/1406 1856/1648/1408
f 1797/1585/1350 1812/1596/1359 1856/1648/1408 1855/1643/1403
f 1857/1647/1407 1849/1639/1399 1855/1643/1403 1856/1648/1408
f 1858/1635/1395 1862/1649/1409 1861/1650/1410 1860/1636/1396
f 1857/1647/1407 1853/1637/1397 1860/1636/1396 1861/1650/1410
f 1859/1640/1400 1849/1639/1399 1857/1647/1407 1861/1650/1410
f 1862/1649/1409 1847/1641/1401 1859/1640/1400 1861/1650/1410
f 1863/1651/1411 1867/1652/1412 1866/1653/1413 1865/1654/1414 1875/1655/1415
f 1851/1642/1402 1847/1641/1401 1870/1656/1416 1865/1654/1414 1866/1653/1413
f 1864/1657/1313 1845/1645/1405 1851/1642/1402 1866/1653/1413
f 1867/1652/1412 1773/1658/1314 1864/1657/1313 1866/1653/1413
f 1858/1635/1395 1846/1634/1394 1868/1632/1392 1869/1631/1391 1871/1659/1417
f 1872/1660/1418 1871/1659/1417 1869/1631/1391 1873/1661/1419
f 1862/1649/1409 1858/1635/1395 1871/1659/1417 1872/1660/1418
f 1870/1656/1416 1847/1641/1401 1862/1649/1409 1872/1660/1418
f 1865/1654/1414 1870/1656/1416 1872/1660/1418 1873/1661/1419
f 1874/1629/1389 1878/1662/1420 1877/1663/1421 1876/1630/1390
f 1873/1661/1419 1869/1631/1391 1876/1630/1390 1877/1663/1421
f 1875/1655/1415 1865/1654/1414 1873/1661/1419 1877/1663/1421
f 1878/1662/1420 1863/1651/1411 1875/1655/1415 1877/1663/1421
f 1848/1664/1404 1845/1665/1405 1888/1666/1422 1890/1667/1423 1883/1668/1424
f 1879/1669/1425 1882/1670/1426 1881/1671/1427 1880/1672/1428 1889/1673/1429
f 1833/1618/1378 1830/1617/1377 1884/1674/1430 1880/1672/1428 1881/1671/1427
f 1852/1633/1393 1775/1558/1323 1833/1618/1378 1881/1671/1427
f 1882/1670/1426 1846/1634/1394 1852/1633/1393 1881/1671/1427
f 1774/1554/1319 1848/1664/1404 1883/1668/1424 1885/1675/1431 1839/1555/1320
f 1883/1668/1424 1887/1676/1432 1886/1677/1433 1885/1675/1431
f 1843/1626/1386 1839/1555/1320 1885/1675/1431 1886/1677/1433
f 1884/1674/1430 1830/1617/1377 1843/1626/1386 1886/1677/1433
f 1887/1676/1432 1880/1672/1428 1884/1674/1430 1886/1677/1433
f 1888/1666/1422 1892/1678/1434 1891/1679/1435 1890/1667/1423
f 1887/1676/1432 1883/1668/1424 1890/1667/1423 1891/1679/1435
f 1889/1673/1429 1880/1672/1428 1887/1676/1432 1891/1679/1435
f 1892/1678/1434 1879/1669/1425 1889/1673/1429 1891/1679/1435
f 1893/1680/1436 1896/1681/1437 1895/1682/1438 1894/1683/1439 1903/1684/1440
f 1882/1670/1426 1879/1669/1425 1898/1685/1441 1894/1683/1439 1895/1682/1438
f 1868/1632/1392 1846/1634/1394 1882/1670/1426 1895/1682/1438
f 1896/1681/1437 1844/1628/1388 1868/1632/1392 1895/1682/1438
f 1845/1665/1405 1864/1548/1313 1897/1552/1317 1899/1686/1442 1888/1666/1422
f 1897/1552/1317 1901/1687/1443 1900/1688/1444 1899/1686/1442
f 1892/1678/1434 1888/1666/1422 1899/1686/1442 1900/1688/1444
f 1898/1685/1441 1879/1669/1425 1892/1678/1434 1900/1688/1444
f 1901/1687/1443 1894/1683/1439 1898/1685/1441 1900/1688/1444
f 1902/1550/1315 1906/1689/1445 1905/1690/1446 1904/1551/1316
f 1901/1687/1443 1897/1552/1317 1904/1551/1316 1905/1690/1446
f 1903/1684/1440 1894/1683/1439 1901/1687/1443 1905/1690/1446
f 1906/1689/1445 1893/1680/1436 1903/1684/1440 1905/1690/1446
f 1928/1691/1447 1907/1692/1448 1966/1693/1449 1968/1694/1450 1961/1695/1451
f 1908/1696/1452 1938/1697/1453 1940/1698/1454 1933/1699/1455 1932/1700/1456
f 1916/1701/1457 1910/1702/1458 1922/1703/1459 1924/1704/1460 1917/1705/1461
f 1914/1706/1462 1913/1707/1463 1923/1708/1464 1911/1709/1465 1915/1710/1466
f 1867/1652/1412 1863/1651/1411 1919/1711/1467 1913/1707/1463 1914/1706/1462
f 1912/1712/1468 1773/1658/1314 1867/1652/1412 1914/1706/1462
f 1909/1713/1469 1912/1712/1468 1914/1706/1462 1915/1710/1466
f 1874/1629/1389 1844/1628/1388 1916/1701/1457 1917/1705/1461 1918/1714/1470
f 1918/1714/1470 1917/1705/1461 1921/1715/1471 1920/1716/1472
f 1878/1662/1420 1874/1629/1389 1918/1714/1470 1920/1716/1472
f 1863/1651/1411 1878/1662/1420 1920/1716/1472 1919/1711/1467
f 1921/1715/1471 1913/1707/1463 1919/1711/1467 1920/1716/1472
f 1922/1703/1459 1926/1717/1473 1925/1718/1474 1924/1704/1460
f 1921/1715/1471 1917/1705/1461 1924/1704/1460 1925/1718/1474
f 1923/1708/1464 1913/1707/1463 1921/1715/1471 1925/1718/1474
f 1926/1717/1473 1911/1709/1465 1923/1708/1464 1925/1718/1474
f 1927/1719/1475 1931/1720/1476 1930/1721/1477 1929/1722/1478 1939/1723/1479
f 1915/1710/1466 1911/1709/1465 1934/1724/1480 1929/1722/1478 1930/1721/1477
f 1928/1725/1447 1909/1713/1469 1915/1710/1466 1930/1721/1477
f 1931/1720/1476 1907/1726/1448 1928/1725/1447 1930/1721/1477
f 1922/1703/1459 1910/1702/1458 1932/1700/1456 1933/1699/1455 1935/1727/1481
f 1936/1728/1482 1935/1727/1481 1933/1699/1455 1937/1729/1483
f 1926/1717/1473 1922/1703/1459 1935/1727/1481 1936/1728/1482
f 1934/1724/1480 1911/1709/1465 1926/1717/1473 1936/1728/1482
f 1929/1722/1478 1934/1724/1480 1936/1728/1482 1937/1729/1483
f 1938/1697/1453 1942/1730/1484 1941/1731/1485 1940/1698/1454
f 1937/1729/1483 1933/1699/1455 1940/1698/1454 1941/1731/1485
f 1939/1723/1479 1929/1722/1478 1937/1729/1483 1941/1731/1485
f 1942/1730/1484 1927/1719/1475 1939/1723/1479 1941/1731/1485
f 1912/1732/1468 1909/1733/1469 1952/1734/1486 1954/1735/1487 1947/1736/1488
f 1943/1737/1489 1946/1738/1490 1945/1739/1491 1944/1740/1492 1953/1741/1493
f 1896/1681/1437 1893/1680/1436 1948/1742/1494 1944/1740/1492 1945/1739/1491
f 1916/1701/1457 1844/1628/1388 1896/1681/1437 1945/1739/1491
f 1946/1738/1490 1910/1702/1458 1916/1701/1457 1945/1739/1491
f 1773/1549/1314 1912/1732/1468 1947/1736/1488 1949/1743/1495 1902/1550/1315
f 1947/1736/1488 1951/1744/1496 1950/1745/1497 1949/1743/1495
f 1906/1689/1445 1902/1550/1315 1949/1743/1495 1950/1745/1497
f 1948/1742/1494 1893/1680/1436 1906/1689/1445 1950/1745/1497
f 1951/1744/1496 1944/1740/1492 1948/1742/1494 1950/1745/1497
f 1952/1734/1486 1956/1746/1498 1955/1747/1499 1954/1735/1487
f 1951/1744/1496 1947/1736/1488 1954/1735/1487 1955/1747/1499
f 1953/1741/1493 1944/1740/1492 1951/1744/1496 1955/1747/1499
f 1956/1746/1498 1943/1737/1489 1953/1741/1493 1955/1747/1499
f 1957/1748/1500 1960/1749/1501 1959/1750/1502 1958/1751/1503 1967/1752/1504
f 1946/1738/1490 1943/1737/1489 1962/1753/1505 1958/1751/1503 1959/1750/1502
f 1932/1700/1456 1910/1702/1458 1946/1738/1490 1959/1750/1502
f 1960/1749/1501 1908/1696/1452 1932/1700/1456 1959/1750/1502
f 1909/1733/1469 1928/1691/1447 1961/1695/1451 1963/1754/1506 1952/1734/1486
f 1961/1695/1451 1965/1755/1507 1964/1756/1508 1963/1754/1506
f 1956/1746/1498 1952/1734/1486 1963/1754/1506 1964/1756/1508
f 1962/1753/1505 1943/1737/1489 1956/1746/1498 1964/1756/1508
f 1965/1755/1507 1958/1751/1503 1962/1753/1505 1964/1756/1508
f 1966/1693/1449 1970/1757/1509 1969/1758/1510 1968/1694/1450
f 1965/1755/1507 1961/1695/1451 1968/1694/1450 1969/1758/1510
f 1967/1752/1504 1958/1751/1503 1965/1755/1507 1969/1758/1510
f 1970/1757/1509 1957/1748/1500 1967/1752/1504 1969/1758/1510
f 1971/1759/1511 2009/1760/1512 2008/1761/1513 2006/1762/1514
f 1979/1763/1515 1973/1764/1516 1985/1765/1517 1987/1766/1518 1980/1767/1519
f 1977/1768/1520 1976/1769/1521 1986/1770/1522 1974/1771/1523 1978/1772/1524
f 1931/1720/1476 1927/1719/1475 1982/1773/1525 1976/1769/1521 1977/1768/1520
f 1975/1774/1526 1907/1726/1448 1931/1720/1476 1977/1768/1520
f 1972/1775/1527 1975/1774/1526 1977/1768/1520 1978/1772/1524
f 1938/1697/1453 1908/1696/1452 1979/1763/1515 1980/1767/1519 1981/1776/1528
f 1981/1776/1528 1980/1767/1519 1984/1777/1529 1983/1778/1530
f 1942/1730/1484 1938/1697/1453 1981/1776/1528 1983/1778/1530
f 1927/1719/1475 1942/1730/1484 1983/1778/1530 1982/1773/1525
f 1984/1777/1529 1976/1769/1521 1982/1773/1525 1983/1778/1530
f 1985/1765/1517 1989/1779/1531 1988/1780/1532 1987/1766/1518
f 1984/1777/1529 1980/1767/1519 1987/1766/1518 1988/1780/1532
f 1986/1770/1522 1976/1769/1521 1984/1777/1529 1988/1780/1532
f 1989/1779/1531 1974/1771/1523 1986/1770/1522 1988/1780/1532
f 1990/1781/1533 1994/1782/1534 1993/1783/1535 1992/1784/1536 2002/1785/1537
f 1978/1772/1524 1974/1771/1523 1997/1786/1538 1992/1784/1536 1993/1783/1535
f 1991/1787/1539 1972/1775/1527 1978/1772/1524 1993/1783/1535
f 1994/1782/1534 1772/1788/1310 2038/1789/1309 1991/1787/1539 1993/1783/1535
f 1985/1765/1517 1973/1764/1516 1995/1790/1540 2007/1791/1541 1996/1792/1542 1998/1793/1543
f 1999/1794/1544 1998/1793/1543 1996/1792/1542 2000/1795/1545
f 1989/1779/1531 1985/1765/1517 1998/1793/1543 1999/1794/1544
f 1997/1786/1538 1974/1771/1523 1989/1779/1531 1999/1794/1544
f 1992/1784/1536 1997/1786/1538 1999/1794/1544 2000/1795/1545
f 2001/1796/1546 2005/1797/1547 2004/1798/1548 2003/1799/1549
f 2000/1795/1545 1996/1792/1542 2003/1799/1549 2004/1798/1548
f 2002/1785/1537 1992/1784/1536 2000/1795/1545 2004/1798/1548
f 2005/1797/1547 1990/1781/1533 2002/1785/1537 2004/1798/1548
f 2007/1791/1541 1995/1790/1540 2006/1762/1514 2008/1761/1513
f 2003/1799/1549 1996/1792/1542 2007/1791/1541 2008/1761/1513
f 2009/1760/1512 2001/1796/1546 2003/1799/1549 2008/1761/1513
f 1975/1800/1526 1972/1801/1527 2019/1802/1550 2021/1803/1551 2014/1804/1552
f 2010/1805/1553 2013/1806/1554 2012/1807/1555 2011/1808/1556 2020/1809/1557
f 1960/1749/1501 1957/1748/1500 2015/1810/1558 2011/1808/1556 2012/1807/1555
f 1979/1763/1515 1908/1696/1452 1960/1749/1501 2012/1807/1555
f 2013/1806/1554 1973/1764/1516 1979/1763/1515 2012/1807/1555
f 1907/1692/1448 1975/1800/1526 2014/1804/1552 2016/1811/1559 1966/1693/1449
f 2014/1804/1552 2018/1812/1560 2017/1813/1561 2016/1811/1559
f 1970/1757/1509 1966/1693/1449 2016/1811/1559 2017/1813/1561
f 2015/1810/1558 1957/1748/1500 1970/1757/1509 2017/1813/1561
f 2018/1812/1560 2011/1808/1556 2015/1810/1558 2017/1813/1561
f 2019/1802/1550 2023/1814/1562 2022/1815/1563 2021/1803/1551
f 2018/1812/1560 2014/1804/1552 2021/1803/1551 2022/1815/1563
f 2020/1809/1557 2011/1808/1556 2018/1812/1560 2022/1815/1563
f 2023/1814/1562 2010/1805/1553 2020/1809/1557 2022/1815/1563
f 2024/1816/1564 2027/1817/1565 2026/1818/1566 2025/1819/1567 2034/1820/1568
f 2013/1806/1554 2010/1805/1553 2029/1821/1569 2025/1819/1567 2026/1818/1566
f 1995/1790/1540 1973/1764/1516 2013/1806/1554 2026/1818/1566
f 2027/1817/1565 1971/1759/1511 2006/1762/1514 1995/1790/1540 2026/1818/1566
f 1972/1801/1527 1991/1822/1539 2040/1823/1570 2028/1824/1571 2030/1825/1572 2019/1802/1550
f 2028/1824/1571 2032/1826/1573 2031/1827/1574 2030/1825/1572
f 2023/1814/1562 2019/1802/1550 2030/1825/1572 2031/1827/1574
f 2029/1821/1569 2010/1805/1553 2023/1814/1562 2031/1827/1574
f 2032/1826/1573 2025/1819/1567 2029/1821/1569 2031/1827/1574
f 2033/1828/1575 2037/1829/1576 2036/1830/1577 2035/1831/1578
f 2032/1826/1573 2028/1824/1571 2035/1831/1578 2036/1830/1577
f 2034/1820/1568 2025/1819/1567 2032/1826/1573 2036/1830/1577
f 2037/1829/1576 2024/1816/1564 2034/1820/1568 2036/1830/1577
f 1991/1822/1539 2038/1544/1309 2039/1547/1312 2040/1823/1570
f 2039/1547/1312 2035/1831/1578 2028/1824/1571 2040/1823/1570
f 2041/1546/1311 2033/1828/1575 2035/1831/1578 2039/1547/1312
f 2208/1832/1579 2042/1833/1580 2211/1834/1581 2210/1835/1582
f 2128/1836/1583 2043/1837/1584 2130/1838/1585 2129/1839/1586
f 2044/1840/1587 2090/1841/1588 2089/1842/1589 2088/1843/1590
f 2066/1844/1591 2046/1845/1592 2068/1846/1593 2067/1847/1594
f 2050/1848/1595 2049/1849/1596 2062/1850/1597 2047/1851/1598 2051/1852/1599
f 1994/1782/1534 1990/1781/1533 2055/1853/1600 2049/1849/1596 2050/1848/1595
f 2048/1854/1601 2100/1855/1602 1772/1788/1310 1994/1782/1534 2050/1848/1595
f 2045/1856/1603 2108/1857/1604 2048/1854/1601 2050/1848/1595 2051/1852/1599
f 2058/1858/1605 2052/1859/1606 2060/1860/1607 2059/1861/1608
f 2054/1862/1609 2053/1863/1610 2057/1864/1611 2056/1865/1612
f 2005/1797/1547 2001/1796/1546 2054/1862/1609 2056/1865/1612
f 1990/1781/1533 2005/1797/1547 2056/1865/1612 2055/1853/1600
f 2057/1864/1611 2049/1849/1596 2055/1853/1600 2056/1865/1612
f 2009/1760/1512 1971/1759/1511 2058/1858/1605 2059/1861/1608
f 2001/1796/1546 2009/1760/1512 2059/1861/1608 2054/1862/1609
f 2060/1860/1607 2053/1863/1610 2054/1862/1609 2059/1861/1608
f 2061/1866/1613 2065/1867/1614 2064/1868/1615 2063/1869/1616
f 2057/1864/1611 2053/1863/1610 2063/1869/1616 2064/1868/1615
f 2062/1850/1597 2049/1849/1596 2057/1864/1611 2064/1868/1615
f 2065/1867/1614 2047/1851/1598 2062/1850/1597 2064/1868/1615
f 2052/1859/1606 2066/1844/1591 2067/1847/1594 2060/1860/1607
f 2067/1847/1594 2063/1869/1616 2053/1863/1610 2060/1860/1607
f 2068/1846/1593 2061/1866/1613 2063/1869/1616 2067/1847/1594
f 2069/1870/1617 2073/1871/1618 2072/1872/1619 2071/1873/1620 2084/1874/1621
f 2051/1852/1599 2047/1851/1598 2076/1875/1622 2071/1873/1620 2072/1872/1619
f 2070/1876/1623 2120/1877/1624 2045/1856/1603 2051/1852/1599 2072/1872/1619
f 2073/1871/1618 2043/1878/1584 2128/1879/1583 2070/1876/1623 2072/1872/1619
f 2080/1880/1625 2074/1881/1626 2082/1882/1627 2081/1883/1628
f 2078/1884/1629 2077/1885/1630 2075/1886/1631 2079/1887/1632
f 2065/1867/1614 2061/1866/1613 2077/1885/1630 2078/1884/1629
f 2076/1875/1622 2047/1851/1598 2065/1867/1614 2078/1884/1629
f 2071/1873/1620 2076/1875/1622 2078/1884/1629 2079/1887/1632
f 2068/1846/1593 2046/1845/1592 2080/1880/1625 2081/1883/1628
f 2061/1866/1613 2068/1846/1593 2081/1883/1628 2077/1885/1630
f 2082/1882/1627 2075/1886/1631 2077/1885/1630 2081/1883/1628
f 2083/1888/1633 2087/1889/1634 2086/1890/1635 2085/1891/1636
f 2079/1887/1632 2075/1886/1631 2085/1891/1636 2086/1890/1635
f 2084/1874/1621 2071/1873/1620 2079/1887/1632 2086/1890/1635
f 2087/1889/1634 2069/1870/1617 2084/1874/1621 2086/1890/1635
f 2082/1882/1627 2074/1881/1626 2088/1843/1590 2089/1842/1589
f 2085/1891/1636 2075/1886/1631 2082/1882/1627 2089/1842/1589
f 2090/1841/1588 2083/1888/1633 2085/1891/1636 2089/1842/1589
f 2108/1892/1604 2045/1893/1603 2110/1894/1637 2109/1895/1638
f 2091/1896/1639 2094/1897/1640 2093/1898/1641 2092/1899/1642 2104/1900/1643
f 2027/1817/1565 2024/1816/1564 2096/1901/1644 2092/1899/1642 2093/1898/1641
f 2052/1859/1606 2058/1858/1605 1971/1759/1511 2027/1817/1565 2093/1898/1641
f 2094/1897/1640 2046/1845/1592 2066/1844/1591 2052/1859/1606 2093/1898/1641
f 2100/1902/1602 2048/1903/1601 2102/1904/1645 2101/1905/1646
f 2095/1906/1647 2099/1907/1648 2098/1908/1649 2097/1909/1650
f 2037/1829/1576 2033/1828/1575 2097/1909/1650 2098/1908/1649
f 2096/1901/1644 2024/1816/1564 2037/1829/1576 2098/1908/1649
f 2099/1907/1648 2092/1899/1642 2096/1901/1644 2098/1908/1649
f 1772/1545/1310 2100/1902/1602 2101/1905/1646 2041/1546/1311
f 2101/1905/1646 2097/1909/1650 2033/1828/1575 2041/1546/1311
f 2102/1904/1645 2095/1906/1647 2097/1909/1650 2101/1905/1646
f 2103/1910/1651 2107/1911/1652 2106/1912/1653 2105/1913/1654
f 2099/1907/1648 2095/1906/1647 2105/1913/1654 2106/1912/1653
f 2104/1900/1643 2092/1899/1642 2099/1907/1648 2106/1912/1653
f 2107/1911/1652 2091/1896/1639 2104/1900/1643 2106/1912/1653
f 2048/1903/1601 2108/1892/1604 2109/1895/1638 2102/1904/1645
f 2109/1895/1638 2105/1913/1654 2095/1906/1647 2102/1904/1645
f 2110/1894/1637 2103/1910/1651 2105/1913/1654 2109/1895/1638
f 2111/1914/1655 2114/1915/1656 2113/1916/1657 2112/1917/1658 2124/1918/1659
f 2094/1897/1640 2091/1896/1639 2116/1919/1660 2112/1917/1658 2113/1916/1657
f 2074/1881/1626 2080/1880/1625 2046/1845/1592 2094/1897/1640 2113/1916/1657
f 2114/1915/1656 2044/1840/1587 2088/1843/1590 2074/1881/1626 2113/1916/1657
f 2120/1920/1624 2070/1921/1623 2122/1922/1661 2121/1923/1662
f 2115/1924/1663 2119/1925/1664 2118/1926/1665 2117/1927/1666
f 2107/1911/1652 2103/1910/1651 2117/1927/1666 2118/1926/1665
f 2116/1919/1660 2091/1896/1639 2107/1911/1652 2118/1926/1665
f 2119/1925/1664 2112/1917/1658 2116/1919/1660 2118/1926/1665
f 2045/1893/1603 2120/1920/1624 2121/1923/1662 2110/1894/1637
f 2121/1923/1662 2117/1927/1666 2103/1910/1651 2110/1894/1637
f 2122/1922/1661 2115/1924/1663 2117/1927/1666 2121/1923/1662
f 2123/1928/1667 2127/1929/1668 2126/1930/1669 2125/1931/1670
f 2119/1925/1664 2115/1924/1663 2125/1931/1670 2126/1930/1669
f 2124/1918/1659 2112/1917/1658 2119/1925/1664 2126/1930/1669
f 2127/1929/1668 2111/1914/1655 2124/1918/1659 2126/1930/1669
f 2070/1921/1623 2128/1836/1583 2129/1839/1586 2122/1922/1661
f 2129/1839/1586 2125/1931/1670 2115/1924/1663 2122/1922/1661
f 2130/1838/1585 2123/1928/1667 2125/1931/1670 2129/1839/1586
f 2131/1932/1671 2174/1933/1672 2173/1934/1673 2172/1935/1674
f 2153/1936/1675 2133/1937/1676 2155/1938/1677 2154/1939/1678
f 2137/1940/1679 2136/1941/1680 2149/1942/1681 2134/1943/1682 2138/1944/1683
f 2073/1871/1618 2069/1870/1617 2142/1945/1684 2136/1941/1680 2137/1940/1679
f 2135/1946/1685 2184/1947/1686 2043/1878/1584 2073/1871/1618 2137/1940/1679
f 2132/1948/1687 2192/1949/1688 2135/1946/1685 2137/1940/1679 2138/1944/1683
f 2145/1950/1689 2139/1951/1690 2147/1952/1691 2146/1953/1692
f 2141/1954/1693 2140/1955/1694 2144/1956/1695 2143/1957/1696
f 2087/1889/1634 2083/1888/1633 2141/1954/1693 2143/1957/1696
f 2069/1870/1617 2087/1889/1634 2143/1957/1696 2142/1945/1684
f 2144/1956/1695 2136/1941/1680 2142/1945/1684 2143/1957/1696
f 2090/1841/1588 2044/1840/1587 2145/1950/1689 2146/1953/1692
f 2083/1888/1633 2090/1841/1588 2146/1953/1692 2141/1954/1693
f 2147/1952/1691 2140/1955/1694 2141/1954/1693 2146/1953/1692
f 2148/1958/1697 2152/1959/1698 2151/1960/1699 2150/1961/1700
f 2144/1956/1695 2140/1955/1694 2150/1961/1700 2151/1960/1699
f 2149/1942/1681 2136/1941/1680 2144/1956/1695 2151/1960/1699
f 2152/1959/1698 2134/1943/1682 2149/1942/1681 2151/1960/1699
f 2139/1951/1690 2153/1936/1675 2154/1939/1678 2147/1952/1691
f 2154/1939/1678 2150/1961/1700 2140/1955/1694 2147/1952/1691
f 2155/1938/1677 2148/1958/1697 2150/1961/1700 2154/1939/1678
f 2156/1962/1701 2160/1963/1702 2159/1964/1703 2158/1965/1704
f 2138/1944/1683 2134/1943/1682 2163/1966/1705 2158/1965/1704 2159/1964/1703
f 2157/1967/1706 2204/1968/1707 2132/1948/1687 2138/1944/1683 2159/1964/1703
f 2160/1963/1702 2042/1969/1580 2208/1970/1579 2157/1967/1706 2159/1964/1703
f 2167/1971/1708 2161/1972/1709 2169/1973/1710 2168/1974/1711
f 2165/1975/1712 2164/1976/1713 2162/1977/1714 2166/1978/1715
f 2152/1959/1698 2148/1958/1697 2164/1976/1713 2165/1975/1712
f 2163/1966/1705 2134/1943/1682 2152/1959/1698 2165/1975/1712
f 2158/1965/1704 2163/1966/1705 2165/1975/1712 2166/1978/1715
f 2155/1938/1677 2133/1937/1676 2167/1971/1708 2168/1974/1711
f 2148/1958/1697 2155/1938/1677 2168/1974/1711 2164/1976/1713
f 2169/1973/1710 2162/1977/1714 2164/1976/1713 2168/1974/1711
f 2170/1979/1716 2156/1962/1701 2158/1965/1704 2166/1978/1715 2162/1977/1714 2171/1980/1717
f 2169/1973/1710 2161/1972/1709 2172/1935/1674 2173/1934/1673
f 2171/1980/1717 2162/1977/1714 2169/1973/1710 2173/1934/1673
f 2174/1933/1672 2170/1979/1716 2171/1980/1717 2173/1934/1673
f 2192/1981/1688 2132/1982/1687 2194/1983/1718 2193/1984/1719
f 2175/1985/1720 2178/1986/1721 2177/1987/1722 2176/1988/1723 2188/1989/1724
f 2114/1915/1656 2111/1914/1655 2180/1990/1725 2176/1988/1723 2177/1987/1722
f 2139/1951/1690 2145/1950/1689 2044/1840/1587 2114/1915/1656 2177/1987/1722
f 2178/1986/1721 2133/1937/1676 2153/1936/1675 2139/1951/1690 2177/1987/1722
f 2184/1991/1686 2135/1992/1685 2186/1993/1726 2185/1994/1727
f 2179/1995/1728 2183/1996/1729 2182/1997/1730 2181/1998/1731
f 2127/1929/1668 2123/1928/1667 2181/1998/1731 2182/1997/1730
f 2180/1990/1725 2111/1914/1655 2127/1929/1668 2182/1997/1730
f 2183/1996/1729 2176/1988/1723 2180/1990/1725 2182/1997/1730
f 2043/1837/1584 2184/1991/1686 2185/1994/1727 2130/1838/1585
f 2185/1994/1727 2181/1998/1731 2123/1928/1667 2130/1838/1585
f 2186/1993/1726 2179/1995/1728 2181/1998/1731 2185/1994/1727
f 2187/1999/1732 2191/2000/1733 2190/2001/1734 2189/2002/1735
f 2183/1996/1729 2179/1995/1728 2189/2002/1735 2190/2001/1734
f 2188/1989/1724 2176/1988/1723 2183/1996/1729 2190/2001/1734
f 2191/2000/1733 2175/1985/1720 2188/1989/1724 2190/2001/1734
f 2135/1992/1685 2192/1981/1688 2193/1984/1719 2186/1993/1726
f 2193/1984/1719 2189/2002/1735 2179/1995/1728 2186/1993/1726
f 2194/1983/1718 2187/1999/1732 2189/2002/1735 2193/1984/1719
f 2195/2003/1736 2198/2004/1737 2197/2005/1738 2196/2006/1739
f 2178/1986/1721 2175/1985/1720 2200/2007/1740 2196/2006/1739 2197/2005/1738
f 2161/1972/1709 2167/1971/1708 2133/1937/1676 2178/1986/1721 2197/2005/1738
f 2198/2004/1737 2131/1932/1671 2172/1935/1674 2161/1972/1709 2197/2005/1738
f 2204/2008/1707 2157/2009/1706 2206/2010/1741 2205/2011/1742
f 2199/2012/1743 2203/2013/1744 2202/2014/1745 2201/2015/1746
f 2191/2000/1733 2187/1999/1732 2201/2015/1746 2202/2014/1745
f 2200/2007/1740 2175/1985/1720 2191/2000/1733 2202/2014/1745
f 2203/2013/1744 2196/2006/1739 2200/2007/1740 2202/2014/1745
f 2132/1982/1687 2204/2008/1707 2205/2011/1742 2194/1983/1718
f 2205/2011/1742 2201/2015/1746 2187/1999/1732 2194/1983/1718
f 2206/2010/1741 2199/2012/1743 2201/2015/1746 2205/2011/1742
f 2207/2016/1747 2195/2003/1736 2196/2006/1739 2203/2013/1744 2199/2012/1743 2209/2017/1748
f 2157/2009/1706 2208/1832/1579 2210/1835/1582 2206/2010/1741
f 2210/1835/1582 2209/2017/1748 2199/2012/1743 2206/2010/1741
f 2211/1834/1581 2207/2016/1747 2209/2017/1748 2210/1835/1582
f 2225/2018/1749 2212/2019/1750 2243/2020/1751 2242/2021/1752
f 2213/2022/1753 2231/2023/1754 2230/2024/1755 2229/2025/1756
f 2221/2026/1757 2215/2027/1758 2223/2028/1759 2222/2029/1760
f 2219/2030/1761 2218/2031/1762 2216/2032/1763 2220/2033/1764
f 2160/1963/1702 2156/1962/1701 2218/2031/1762 2219/2030/1761
f 2217/2034/1765 2042/1969/1580 2160/1963/1702 2219/2030/1761
f 2214/2035/1766 2217/2034/1765 2219/2030/1761 2220/2033/1764
f 2170/1979/1716 2174/1933/1672 2131/1932/1671 2221/2026/1757 2222/2029/1760
f 2156/1962/1701 2170/1979/1716 2222/2029/1760 2218/2031/1762
f 2223/2028/1759 2216/2032/1763 2218/2031/1762 2222/2029/1760
f 2224/2036/1767 2228/2037/1768 2227/2038/1769 2226/2039/1770
f 2220/2033/1764 2216/2032/1763 2226/2039/1770 2227/2038/1769
f 2225/2040/1749 2214/2035/1766 2220/2033/1764 2227/2038/1769
f 2228/2037/1768 2212/2041/1750 2225/2040/1749 2227/2038/1769
f 2223/2028/1759 2215/2027/1758 2229/2025/1756 2230/2024/1755
f 2226/2039/1770 2216/2032/1763 2223/2028/1759 2230/2024/1755
f 2231/2023/1754 2224/2036/1767 2226/2039/1770 2230/2024/1755
f 2217/2042/1765 2214/2043/1766 2237/2044/1771 2236/2045/1772
f 2232/2046/1773 2235/2047/1774 2234/2048/1775 2233/2049/1776
f 2198/2004/1737 2195/2003/1736 2233/2049/1776 2234/2048/1775
f 2221/2026/1757 2131/1932/1671 2198/2004/1737 2234/2048/1775
f 2235/2047/1774 2215/2027/1758 2221/2026/1757 2234/2048/1775
f 2042/1833/1580 2217/2042/1765 2236/2045/1772 2207/2016/1747 2211/1834/1581
f 2236/2045/1772 2233/2049/1776 2195/2003/1736 2207/2016/1747
f 2237/2044/1771 2232/2046/1773 2233/2049/1776 2236/2045/1772
f 2238/2050/1777 2241/2051/1778 2240/2052/1779 2239/2053/1780
f 2235/2047/1774 2232/2046/1773 2239/2053/1780 2240/2052/1779
f 2229/2025/1756 2215/2027/1758 2235/2047/1774 2240/2052/1779
f 2241/2051/1778 2213/2022/1753 2229/2025/1756 2240/2052/1779
f 2214/2043/1766 2225/2018/1749 2242/2021/1752 2237/2044/1771
f 2242/2021/1752 2239/2053/1780 2232/2046/1773 2237/2044/1771
f 2243/2020/1751 2238/2050/1777 2239/2053/1780 2242/2021/1752
f 2244/2054/1781 2262/2055/1782 2261/2056/1783 2260/2057/1784
f 2252/2058/1785 2246/2059/1786 2254/2060/1787 2253/2061/1788
f 2250/2062/1789 2249/2063/1790 2247/2064/1791 2251/2065/1792
f 2228/2037/1768 2224/2036/1767 2249/2063/1790 2250/2062/1789
f 2248/2066/1793 2212/2041/1750 2228/2037/1768 2250/2062/1789
f 2245/2067/1794 2248/2066/1793 2250/2062/1789 2251/2065/1792
f 2231/2023/1754 2213/2022/1753 2252/2058/1785 2253/2061/1788
f 2224/2036/1767 2231/2023/1754 2253/2061/1788 2249/2063/1790
f 2254/2060/1787 2247/2064/1791 2249/2063/1790 2253/2061/1788
f 2255/2068/1795 2259/2069/1796 2258/2070/1797 2257/2071/1798
f 2251/2065/1792 2247/2064/1791 2257/2071/1798 2258/2070/1797
f 2256/2072/801 2245/2067/1794 2251/2065/1792 2258/2070/1797
f 2259/2069/1796 1268/2073/802 2256/2072/801 2258/2070/1797
f 2254/2060/1787 2246/2059/1786 2260/2057/1784 2261/2056/1783
f 2257/2071/1798 2247/2064/1791 2254/2060/1787 2261/2056/1783
f 2262/2055/1782 2255/2068/1795 2257/2071/1798 2261/2056/1783
f 2248/2074/1793 2245/2075/1794 2268/2076/1799 2267/2077/1800
f 2263/2078/1801 2266/2079/1802 2265/2080/1803 2264/2081/1804
f 2241/2051/1778 2238/2050/1777 2264/2081/1804 2265/2080/1803
f 2252/2058/1785 2213/2022/1753 2241/2051/1778 2265/2080/1803
f 2266/2079/1802 2246/2059/1786 2252/2058/1785 2265/2080/1803
f 2212/2019/1750 2248/2074/1793 2267/2077/1800 2243/2020/1751
f 2267/2077/1800 2264/2081/1804 2238/2050/1777 2243/2020/1751
f 2268/2076/1799 2263/2078/1801 2264/2081/1804 2267/2077/1800
f 2269/2082/1805 2272/2083/1806 2271/2084/1807 2270/2085/1808
f 2266/2079/1802 2263/2078/1801 2270/2085/1808 2271/2084/1807
f 2260/2057/1784 2246/2059/1786 2266/2079/1802 2271/2084/1807
f 2272/2083/1806 2244/2054/1781 2260/2057/1784 2271/2084/1807
f 2245/2075/1794 2256/991/801 2273/994/804 2268/2076/1799
f 2273/994/804 2270/2085/1808 2263/2078/1801 2268/2076/1799
f 2274/993/803 2269/2082/1805 2270/2085/1808 2273/994/804
f 2290/54/17 2282/55/17 2283/56/17 2294/57/17
f 2298/58/18 2297/59/19 2300/60/20 2299/61/21
f 2297/59/19 2296/62/22 2301/214/23 2300/60/20
f 2296/62/22 2295/215/24 2302/65/25 2301/214/23
f 2306/66/26 2305/67/1809 2308/68/1810 2307/69/29
f 2305/67/1809 2304/70/30 2309/71/131 2308/68/1810
f 2304/70/30 2303/72/1811 2310/73/132 2309/71/131
f 2314/74/34 2313/75/35 2316/216/36 2315/77/37
f 2313/75/35 2312/78/38 2317/79/39 2316/216/36
f 2312/78/38 2311/80/40 2318/81/41 2317/79/39
f 2322/217/42 2321/83/43 2324/84/44 2323/85/45
f 2321/83/43 2320/86/46 2325/87/47 2324/84/44
f 2320/86/46 2319/88/48 2326/89/49 2325/87/47
f 2303/72/1811 2279/218/50 2283/91/51 2310/73/132
f 2288/92/52 2322/217/42 2323/85/45 2294/93/53
f 2293/94/133 2318/81/41 2311/80/40 2284/95/55
f 2299/61/21 2289/96/56 2278/97/57 2298/58/18
f 2278/97/57 2277/98/58 2330/99/59 2298/58/18
f 2277/98/58 2276/100/60 2334/101/61 2330/99/59
f 2276/102/60 2275/103/62 2338/104/63 2334/105/61
f 2275/103/62 2279/218/50 2303/72/1811 2338/104/63
f 2283/91/51 2282/219/64 2342/107/65 2310/73/132
f 2282/219/64 2281/108/66 2346/109/67 2342/107/65
f 2281/110/66 2280/111/68 2350/112/69 2346/113/67
f 2280/111/68 2284/95/55 2311/80/40 2350/112/69
f 2288/92/52 2287/114/70 2354/115/71 2322/217/42
f 2287/114/70 2286/116/72 2358/117/73 2354/115/71
f 2286/118/72 2285/220/74 2362/120/75 2358/121/73
f 2285/220/74 2289/96/56 2299/61/21 2362/120/75
f 2293/94/133 2292/122/76 2366/123/77 2318/81/41
f 2292/122/76 2291/124/78 2370/125/147 2366/123/77
f 2291/221/78 2290/127/80 2374/128/81 2370/222/147
f 2290/127/80 2294/93/53 2323/85/45 2374/128/81
f 2306/130/26 2319/131/48 2351/132/82 2335/133/83
f 2297/59/19 2298/58/18 2330/99/59 2329/223/136
f 2295/215/24 2296/62/22 2328/135/85 2327/136/86
f 2296/62/22 2297/59/19 2329/223/87 2328/135/85
f 2309/71/131 2310/73/132 2342/107/65 2341/137/88
f 2307/69/29 2308/68/1810 2340/138/149 2339/139/90
f 2308/68/1810 2309/71/131 2341/137/88 2340/138/149
f 2317/79/39 2318/81/41 2366/123/77 2365/224/1812
f 2315/77/37 2316/216/36 2364/141/92 2363/142/93
f 2316/216/36 2317/79/39 2365/224/138 2364/141/92
f 2321/83/43 2322/217/42 2354/115/71 2353/143/95
f 2319/88/48 2320/86/46 2352/144/96 2351/145/82
f 2320/86/46 2321/83/43 2353/143/95 2352/144/96
f 2329/223/136 2330/99/59 2334/101/61 2333/146/97
f 2327/136/86 2328/135/85 2332/147/98 2331/148/139
f 2328/135/85 2329/223/87 2333/146/100 2332/147/98
f 2333/149/97 2334/105/61 2338/104/63 2337/150/796
f 2331/151/139 2332/225/98 2336/226/102 2335/154/83
f 2332/225/98 2333/149/100 2337/150/796 2336/226/102
f 2303/72/1811 2304/70/30 2337/150/796 2338/104/63
f 2304/70/30 2305/67/1809 2336/226/102 2337/150/796
f 2305/67/1809 2306/66/26 2335/154/83 2336/226/102
f 2341/137/88 2342/107/65 2346/109/67 2345/227/103
f 2339/139/90 2340/138/149 2344/228/104 2343/157/140
f 2340/138/149 2341/137/88 2345/227/106 2344/228/104
f 2345/158/103 2346/113/67 2350/112/69 2349/159/797
f 2343/160/140 2344/161/104 2348/162/108 2347/163/109
f 2344/161/104 2345/158/106 2349/159/142 2348/162/108
f 2311/80/40 2312/78/38 2349/159/797 2350/112/69
f 2312/78/38 2313/75/35 2348/162/108 2349/159/142
f 2313/75/35 2314/74/34 2347/163/109 2348/162/108
f 2353/143/95 2354/115/71 2358/117/73 2357/164/111
f 2351/145/82 2352/144/96 2356/165/112 2355/229/113
f 2352/144/96 2353/143/95 2357/164/114 2356/165/112
f 2357/167/111 2358/121/73 2362/120/75 2361/168/143
f 2355/169/113 2356/2086/112 2360/171/116 2359/172/117
f 2356/2086/112 2357/167/114 2361/168/118 2360/171/116
f 2299/61/21 2300/60/20 2361/168/143 2362/120/75
f 2300/60/20 2301/214/23 2360/171/116 2361/168/118
f 2301/214/23 2302/65/25 2359/172/117 2360/171/116
f 2365/224/1812 2366/123/77 2370/125/147 2369/230/119
f 2363/142/93 2364/141/92 2368/174/120 2367/175/121
f 2364/141/92 2365/224/138 2369/230/122 2368/174/120
f 2369/176/119 2370/222/147 2374/128/81 2373/231/123
f 2367/178/121 2368/179/120 2372/180/124 2371/181/125
f 2368/179/120 2369/176/122 2373/231/123 2372/180/124
f 2323/85/45 2324/84/44 2373/231/123 2374/128/81
f 2324/84/44 2325/87/47 2372/180/124 2373/231/123
f 2325/87/47 2326/89/49 2371/181/125 2372/180/124
f 2339/182/90 2371/183/125 2326/232/49 2307/185/29
f 2343/186/140 2367/187/121 2371/183/125 2339/182/90
f 2363/188/93 2347/189/109 2314/190/34 2315/191/37
f 2363/188/93 2367/187/121 2343/186/140 2347/189/109
f 2307/185/29 2326/232/49 2319/131/48 2306/130/26
f 2331/192/139 2355/193/113 2359/194/117 2327/195/86
f 2335/133/83 2351/132/82 2355/193/113 2331/192/139
f 2327/195/86 2359/194/117 2302/196/25 2295/197/24
f 2287/198/17 2275/199/17 2276/233/17 2286/201/17
f 2288/202/17 2279/203/17 2275/199/17 2287/198/17
f 2285/204/17 2277/205/17 2278/206/17 2289/207/17
f 2286/201/17 2276/233/17 2277/205/17 2285/204/17
f 2294/57/17 2283/56/17 2279/203/17 2288/202/17
f 2281/234/17 2291/209/17 2292/235/17 2280/211/17
f 2290/54/17 2291/209/17 2281/234/17 2282/55/17
f 2280/211/17 2292/235/17 2293/236/17 2284/213/17
f 2379/2087/800 2386/2088/800 2381/2089/17 2378/2090/17
f 2402/2091/1813 2401/2092/1814 2404/2093/1815 2403/2094/1816
f 2401/2092/1814 2400/2095/1817 2405/2096/1818 2404/2093/1815
f 2400/2095/1817 2399/2097/1819 2406/2098/1820 2405/2096/1818
f 2410/2099/1821 2409/2100/1822 2412/2101/1823 2411/2102/1824
f 2409/2100/1822 2408/2103/1825 2413/2104/1826 2412/2101/1823
f 2408/2103/1825 2407/2105/1827 2414/2106/1828 2413/2104/1829
f 2418/2107/1830 2417/2108/1831 2420/2109/1832 2419/2110/1833
f 2417/2108/1831 2416/2111/1834 2421/2112/1835 2420/2109/1832
f 2416/2111/1834 2415/2113/1836 2422/2114/1837 2421/2112/1835
f 2426/2115/1838 2425/2116/1839 2428/2117/1840 2427/2105/1841
f 2425/2116/1842 2424/2118/1843 2429/2119/1844 2428/2117/1840
f 2424/2118/1843 2423/2120/1845 2430/2121/1846 2429/2119/1844
f 2407/2105/1827 2380/2122/1847 2385/2123/1848 2414/2106/1828
f 2391/2124/1849 2426/2115/1838 2427/2105/1841 2398/2125/1850
f 2397/2126/1851 2422/2114/1837 2415/2113/1836 2386/2127/1852
f 2403/2094/1816 2392/2128/1853 2379/2129/1854 2402/2091/1813
f 2379/2129/1854 2378/2130/1855 2434/2131/1856 2402/2091/1813
f 2378/2130/1855 2377/2132/1857 2438/2133/1858 2434/2131/1856
f 2377/2134/1857 2376/2135/1859 2442/2136/1860 2438/2137/1858
f 2376/2135/1859 2375/2138/1861 2446/2139/1862 2442/2136/1860
f 2375/2138/1861 2380/2122/1847 2407/2105/1827 2446/2139/1862
f 2385/2123/1848 2384/2140/1863 2450/2141/1864 2414/2106/1828
f 2384/2140/1863 2383/2142/1865 2454/2143/1866 2450/2141/1864
f 2383/2142/1865 2382/2144/1867 2458/2145/1868 2454/2143/1866
f 2382/2146/1867 2381/2147/1869 2462/2148/1870 2458/2149/1868
f 2381/2147/1869 2386/2127/1852 2415/2113/1836 2462/2148/1870
f 2391/2124/1849 2390/2150/1871 2466/2151/1872 2426/2115/1838
f 2390/2150/1871 2389/2152/1873 2470/2153/1874 2466/2151/1872
f 2389/2152/1873 2388/2154/1875 2474/2155/1876 2470/2153/1874
f 2388/2156/1875 2387/2157/1877 2478/2158/1878 2474/2159/1876
f 2387/2157/1877 2392/2128/1853 2403/2094/1816 2478/2158/1878
f 2397/2126/1851 2396/2160/1879 2482/2161/1880 2422/2114/1837
f 2396/2160/1879 2395/2162/1881 2486/2163/1882 2482/2161/1880
f 2395/2164/1881 2394/2135/1883 2490/2136/1884 2486/2137/1882
f 2394/2135/1883 2393/2138/1885 2494/2139/1886 2490/2136/1884
f 2393/2138/1885 2398/2125/1850 2427/2105/1841 2494/2139/1886
f 2435/2165/1887 2455/2166/1888 2459/2167/1889 2431/2168/1890
f 2401/2092/1814 2402/2091/1813 2434/2131/1856 2433/2169/1891
f 2400/2095/1817 2432/2170/1892 2431/2171/1890 2399/2097/1819
f 2400/2095/1817 2401/2092/1814 2433/2169/1893 2432/2170/1892
f 2413/2104/1829 2414/2106/1828 2450/2141/1864 2449/2172/1894
f 2411/2102/1824 2412/2101/1823 2448/2173/1895 2447/2174/1896
f 2412/2101/1823 2413/2104/1826 2449/2172/1897 2448/2173/1895
f 2421/2112/1835 2422/2114/1837 2482/2161/1880 2481/2175/1898
f 2419/2110/1833 2420/2109/1832 2480/2176/1899 2479/2177/1900
f 2420/2109/1832 2421/2112/1835 2481/2175/1901 2480/2176/1899
f 2425/2116/1839 2426/2115/1838 2466/2151/1872 2465/2178/1902
f 2423/2120/1845 2424/2118/1843 2464/2179/1903 2463/2180/1904
f 2424/2118/1843 2425/2116/1842 2465/2178/1905 2464/2179/1903
f 2433/2169/1891 2434/2131/1856 2438/2133/1858 2437/2181/1906
f 2431/2171/1890 2432/2170/1892 2436/2182/1907 2435/2183/1887
f 2432/2170/1892 2433/2169/1893 2437/2181/1908 2436/2182/1907
f 2437/2184/1906 2438/2137/1858 2442/2136/1860 2441/2185/1909
f 2435/2186/1887 2436/2187/1907 2440/2188/1910 2439/2189/1911
f 2436/2187/1907 2437/2184/1908 2441/2185/1909 2440/2188/1910
f 2441/2185/1909 2442/2136/1860 2446/2139/1862 2445/2190/1912
f 2439/2189/1911 2440/2188/1910 2444/2191/1913 2443/2192/1914
f 2440/2188/1910 2441/2185/1909 2445/2190/1912 2444/2191/1913
f 2407/2105/1827 2408/2103/1825 2445/2190/1912 2446/2139/1862
f 2408/2103/1825 2409/2100/1822 2444/2191/1913 2445/2190/1912
f 2409/2100/1822 2410/2099/1821 2443/2192/1914 2444/2191/1913
f 2449/2172/1894 2450/2141/1864 2454/2143/1866 2453/2193/1915
f 2447/2174/1896 2448/2173/1895 2452/2194/1916 2451/2195/1917
f 2448/2173/1895 2449/2172/1897 2453/2193/1918 2452/2194/1916
f 2453/2193/1915 2454/2143/1866 2458/2145/1868 2457/2196/1919
f 2451/2195/1917 2452/2194/1916 2456/2197/1920 2455/2198/1888
f 2452/2194/1916 2453/2193/1918 2457/2196/1921 2456/2197/1920
f 2457/2199/1919 2458/2149/1868 2462/2148/1870 2461/2200/1922
f 2455/2201/1888 2456/2202/1920 2460/2203/1923 2459/2204/1889
f 2456/2202/1920 2457/2199/1921 2461/2200/1922 2460/2203/1923
f 2415/2113/1836 2416/2111/1834 2461/2200/1922 2462/2148/1870
f 2416/2111/1834 2417/2108/1831 2460/2203/1923 2461/2200/1922
f 2417/2108/1831 2418/2107/1830 2459/2204/1889 2460/2203/1923
f 2465/2178/1902 2466/2151/1872 2470/2153/1874 2469/2205/1924
f 2463/2180/1904 2464/2179/1903 2468/2206/1925 2467/2207/1926
f 2464/2179/1903 2465/2178/1905 2469/2205/1927 2468/2206/1925
f 2469/2205/1924 2470/2153/1874 2474/2155/1876 2473/2208/1928
f 2467/2207/1926 2468/2206/1925 2472/2209/1929 2471/2210/1930
f 2468/2206/1925 2469/2205/1927 2473/2208/1931 2472/2209/1929
f 2473/2211/1928 2474/2159/1876 2478/2158/1878 2477/2212/1932
f 2471/2213/1930 2472/2214/1929 2476/2215/1933 2475/2216/1934
f 2472/2214/1929 2473/2211/1931 2477/2212/1932 2476/2215/1933
f 2403/2094/1816 2404/2093/1815 2477/2212/1932 2478/2158/1878
f 2404/2093/1815 2405/2096/1818 2476/2215/1933 2477/2212/1932
f 2405/2096/1818 2406/2098/1820 2475/2216/1934 2476/2215/1933
f 2481/2175/1898 2482/2161/1880 2486/2163/1882 2485/2217/1935
f 2479/2177/1900 2480/2176/1899 2484/2218/1936 2483/2219/1937
f 2480/2176/1899 2481/2175/1901 2485/2217/1938 2484/2218/1936
f 2485/2220/1935 2486/2137/1882 2490/2136/1884 2489/2221/1939
f 2483/2222/1937 2484/2187/1936 2488/2223/1940 2487/2224/1941
f 2484/2187/1936 2485/2220/1938 2489/2221/1939 2488/2223/1940
f 2489/2221/1939 2490/2136/1884 2494/2139/1886 2493/2190/1942
f 2487/2224/1941 2488/2223/1940 2492/2191/1943 2491/2225/1944
f 2488/2223/1940 2489/2221/1939 2493/2190/1942 2492/2191/1943
f 2427/2105/1841 2428/2117/1840 2493/2190/1942 2494/2139/1886
f 2428/2117/1840 2429/2119/1844 2492/2191/1943 2493/2190/1942
f 2429/2119/1844 2430/2121/1846 2491/2225/1944 2492/2191/1943
f 2399/2226/1819 2418/2227/1830 2419/2228/1833 2406/2229/1820
f 2443/2230/1914 2447/2231/1896 2451/2232/1917 2439/2233/1911
f 2439/2233/1911 2451/2232/1917 2455/2166/1888 2435/2165/1887
f 2411/2234/1824 2447/2231/1896 2443/2230/1914 2410/2235/1821
f 2475/2236/1934 2479/2237/1900 2483/2238/1937 2471/2239/1930
f 2406/2229/1820 2419/2228/1833 2479/2237/1900 2475/2236/1934
f 2467/2240/1926 2487/2241/1941 2491/2242/1944 2463/2243/1904
f 2471/2239/1930 2483/2238/1937 2487/2241/1941 2467/2240/1926
f 2463/2243/1904 2491/2242/1944 2430/2244/1846 2423/2245/1845
f 2388/2246/17 2395/2247/17 2396/2248/800 2387/2249/800
f 2387/2249/800 2396/2248/800 2397/2250/800 2392/2251/800
f 2393/2252/800 2394/2253/17 2389/2254/17 2390/2255/800
f 2389/2254/17 2394/2253/17 2395/2247/17 2388/2246/17
f 2393/2252/800 2390/2255/800 2391/2256/800 2398/2257/800
f 2392/2251/800 2397/2250/800 2386/2088/800 2379/2087/800
f 2383/2258/800 2376/2259/800 2377/2260/17 2382/2261/17
f 2375/2262/17 2384/2263/17 2385/2264/800 2380/2265/800
f 2431/2168/1890 2459/2167/1889 2418/2227/1830 2399/2226/1819
f 2382/2261/17 2377/2260/17 2378/2090/17 2381/2089/17
f 2384/2263/17 2375/2262/17 2376/2259/800 2383/2258/800
f 2510/54/17 2502/55/17 2503/56/17 2514/57/17
f 2518/58/18 2517/59/19 2520/60/20 2519/61/21
f 2517/59/19 2516/62/22 2521/63/23 2520/60/20
f 2516/62/22 2515/64/24 2522/65/25 2521/63/23
f 2526/66/26 2525/67/27 2528/68/28 2527/69/29
f 2525/67/27 2524/70/30 2529/71/131 2528/68/28
f 2524/70/30 2523/72/32 2530/73/132 2529/71/131
f 2534/74/34 2533/75/35 2536/76/36 2535/77/37
f 2533/75/35 2532/78/38 2537/79/39 2536/76/36
f 2532/78/38 2531/80/40 2538/81/41 2537/79/39
f 2542/82/1945 2541/83/43 2544/84/44 2543/85/45
f 2541/83/43 2540/86/46 2545/87/47 2544/84/44
f 2540/86/46 2539/88/48 2546/89/49 2545/87/47
f 2523/72/32 2499/218/50 2503/91/51 2530/73/132
f 2508/92/52 2542/82/1945 2543/85/45 2514/93/53
f 2513/94/133 2538/81/41 2531/80/40 2504/95/55
f 2519/61/21 2509/96/56 2498/97/57 2518/58/18
f 2498/97/57 2497/98/58 2550/99/59 2518/58/18
f 2497/98/58 2496/100/60 2554/101/61 2550/99/59
f 2496/102/60 2495/103/62 2558/104/63 2554/105/61
f 2495/103/62 2499/218/50 2523/72/32 2558/104/63
f 2503/91/51 2502/106/64 2562/107/65 2530/73/132
f 2502/106/64 2501/108/66 2566/109/67 2562/107/65
f 2501/110/66 2500/111/68 2570/112/69 2566/113/67
f 2500/111/68 2504/95/55 2531/80/40 2570/112/69
f 2508/92/52 2507/114/70 2574/115/71 2542/82/1945
f 2507/114/70 2506/116/72 2578/117/73 2574/115/71
f 2506/118/72 2505/119/74 2582/120/134 2578/121/73
f 2505/119/74 2509/96/56 2519/61/21 2582/120/134
f 2513/94/133 2512/122/76 2586/123/146 2538/81/41
f 2512/122/76 2511/124/78 2590/125/135 2586/123/146
f 2511/126/78 2510/127/80 2594/128/1946 2590/129/135
f 2510/127/80 2514/93/53 2543/85/45 2594/128/1946
f 2526/130/26 2539/131/48 2571/132/82 2555/133/83
f 2517/59/19 2518/58/18 2550/99/59 2549/134/148
f 2515/64/24 2516/62/22 2548/135/85 2547/136/86
f 2516/62/22 2517/59/19 2549/134/1947 2548/135/85
f 2529/71/131 2530/73/132 2562/107/65 2561/137/1948
f 2527/69/29 2528/68/28 2560/138/149 2559/139/90
f 2528/68/28 2529/71/131 2561/137/1948 2560/138/149
f 2537/79/39 2538/81/41 2586/123/146 2585/140/150
f 2535/77/37 2536/76/36 2584/141/92 2583/142/93
f 2536/76/36 2537/79/39 2585/140/138 2584/141/92
f 2541/83/43 2542/82/1945 2574/115/71 2573/143/95
f 2539/88/48 2540/86/46 2572/144/151 2571/145/82
f 2540/86/46 2541/83/43 2573/143/95 2572/144/151
f 2549/134/148 2550/99/59 2554/101/61 2553/146/97
f 2547/136/86 2548/135/85 2552/147/98 2551/148/99
f 2548/135/85 2549/134/1947 2553/146/100 2552/147/98
f 2553/149/97 2554/105/61 2558/104/63 2557/150/796
f 2551/151/99 2552/152/98 2556/153/1949 2555/154/83
f 2552/152/98 2553/149/100 2557/150/796 2556/153/1949
f 2523/72/32 2524/70/30 2557/150/796 2558/104/63
f 2524/70/30 2525/67/27 2556/153/1949 2557/150/796
f 2525/67/27 2526/66/26 2555/154/83 2556/153/1949
f 2561/137/1948 2562/107/65 2566/109/67 2565/155/103
f 2559/139/90 2560/138/149 2564/156/104 2563/157/105
f 2560/138/149 2561/137/1948 2565/155/106 2564/156/104
f 2565/158/103 2566/113/67 2570/112/69 2569/159/1950
f 2563/160/105 2564/161/104 2568/162/108 2567/163/109
f 2564/161/104 2565/158/106 2569/159/142 2568/162/108
f 2531/80/40 2532/78/38 2569/159/1950 2570/112/69
f 2532/78/38 2533/75/35 2568/162/108 2569/159/142
f 2533/75/35 2534/74/34 2567/163/109 2568/162/108
f 2573/143/95 2574/115/71 2578/117/73 2577/164/111
f 2571/145/82 2572/144/151 2576/165/112 2575/166/113
f 2572/144/151 2573/143/95 2577/164/114 2576/165/112
f 2577/167/111 2578/121/73 2582/120/134 2581/168/1951
f 2575/169/113 2576/170/112 2580/171/116 2579/172/117
f 2576/170/112 2577/167/114 2581/168/118 2580/171/116
f 2519/61/21 2520/60/20 2581/168/1951 2582/120/134
f 2520/60/20 2521/63/23 2580/171/116 2581/168/118
f 2521/63/23 2522/65/25 2579/172/117 2580/171/116
f 2585/140/150 2586/123/146 2590/125/135 2589/173/119
f 2583/142/93 2584/141/92 2588/174/120 2587/175/121
f 2584/141/92 2585/140/138 2589/173/122 2588/174/120
f 2589/176/119 2590/129/135 2594/128/1946 2593/177/123
f 2587/178/121 2588/179/120 2592/180/144 2591/181/125
f 2588/179/120 2589/176/122 2593/177/123 2592/180/144
f 2543/85/45 2544/84/44 2593/177/123 2594/128/1946
f 2544/84/44 2545/87/47 2592/180/144 2593/177/123
f 2545/87/47 2546/89/49 2591/181/125 2592/180/144
f 2559/182/90 2591/183/125 2546/184/49 2527/185/29
f 2563/186/105 2587/187/121 2591/183/125 2559/182/90
f 2583/188/93 2567/189/109 2534/190/34 2535/191/37
f 2583/188/93 2587/187/121 2563/186/105 2567/189/109
f 2527/185/29 2546/184/49 2539/131/48 2526/130/26
f 2551/192/99 2575/193/113 2579/194/117 2547/195/86
f 2555/133/83 2571/132/82 2575/193/113 2551/192/99
f 2547/195/86 2579/194/117 2522/196/25 2515/197/24
f 2507/198/17 2495/199/17 2496/200/17 2506/201/17
f 2508/202/17 2499/203/17 2495/199/17 2507/198/17
f 2505/204/17 2497/205/17 2498/206/126 2509/207/126
f 2506/201/17 2496/200/17 2497/205/17 2505/204/17
f 2514/57/17 2503/56/17 2499/203/17 2508/202/17
f 2501/208/17 2511/209/17 2512/210/17 2500/211/17
f 2510/54/17 2511/209/17 2501/208/17 2502/55/17
f 2500/211/17 2512/210/17 2513/212/127 2504/213/127
f 2610/54/17 2602/55/17 2603/56/17 2614/57/17
f 2618/58/18 2617/59/19 2620/60/20 2619/61/21
f 2617/59/19 2616/62/22 2621/214/23 2620/60/20
f 2616/62/22 2615/215/24 2622/65/25 2621/214/23
f 2626/66/26 2625/67/1809 2628/68/1810 2627/69/29
f 2625/67/1809 2624/70/30 2629/71/131 2628/68/1810
f 2624/70/30 2623/72/32 2630/73/132 2629/71/131
f 2634/74/34 2633/75/35 2636/216/36 2635/77/37
f 2633/75/35 2632/78/1952 2637/79/39 2636/216/36
f 2632/78/1952 2631/80/40 2638/81/41 2637/79/39
f 2642/217/42 2641/83/43 2644/84/44 2643/85/45
f 2641/83/43 2640/86/46 2645/87/47 2644/84/44
f 2640/86/46 2639/88/48 2646/89/49 2645/87/47
f 2623/72/32 2599/218/50 2603/91/51 2630/73/132
f 2608/92/52 2642/217/42 2643/85/45 2614/93/53
f 2613/94/133 2638/81/41 2631/80/40 2604/95/55
f 2619/61/21 2609/96/56 2598/97/57 2618/58/18
f 2598/97/57 2597/98/58 2650/99/59 2618/58/18
f 2597/98/58 2596/100/60 2654/101/61 2650/99/59
f 2596/102/60 2595/103/62 2658/104/63 2654/105/61
f 2595/103/62 2599/218/50 2623/72/32 2658/104/63
f 2603/91/51 2602/219/64 2662/107/65 2630/73/132
f 2602/219/64 2601/108/66 2666/109/67 2662/107/65
f 2601/110/66 2600/111/68 2670/112/69 2666/113/67
f 2600/111/68 2604/95/55 2631/80/40 2670/112/69
f 2608/92/52 2607/114/70 2674/115/71 2642/217/42
f 2607/114/70 2606/116/72 2678/117/157 2674/115/71
f 2606/118/72 2605/220/74 2682/120/75 2678/121/157
f 2605/220/74 2609/96/56 2619/61/21 2682/120/75
f 2613/94/133 2612/122/76 2686/123/77 2638/81/41
f 2612/122/76 2611/124/78 2690/125/147 2686/123/77
f 2611/221/78 2610/127/80 2694/128/1946 2690/222/147
f 2610/127/80 2614/93/53 2643/85/45 2694/128/1946
f 2626/130/26 2639/131/48 2671/132/82 2655/133/83
f 2617/59/19 2618/58/18 2650/99/59 2649/223/84
f 2615/215/24 2616/62/22 2648/135/85 2647/136/86
f 2616/62/22 2617/59/19 2649/223/87 2648/135/85
f 2629/71/131 2630/73/132 2662/107/65 2661/137/88
f 2627/69/29 2628/68/1810 2660/138/149 2659/139/90
f 2628/68/1810 2629/71/131 2661/137/88 2660/138/149
f 2637/79/39 2638/81/41 2686/123/77 2685/224/1953
f 2635/77/37 2636/216/36 2684/141/92 2683/142/93
f 2636/216/36 2637/79/39 2685/224/138 2684/141/92
f 2641/83/43 2642/217/42 2674/115/71 2673/143/95
f 2639/88/48 2640/86/46 2672/144/96 2671/145/82
f 2640/86/46 2641/83/43 2673/143/95 2672/144/96
f 2649/223/84 2650/99/59 2654/101/61 2653/146/97
f 2647/136/86 2648/135/85 2652/147/98 2651/148/139
f 2648/135/85 2649/223/87 2653/146/100 2652/147/98
f 2653/149/97 2654/105/61 2658/104/63 2657/150/101
f 2651/151/139 2652/225/98 2656/226/1949 2655/154/83
f 2652/225/98 2653/149/100 2657/150/101 2656/226/1949
f 2623/72/32 2624/70/30 2657/150/101 2658/104/63
f 2624/70/30 2625/67/1809 2656/226/1949 2657/150/101
f 2625/67/1809 2626/66/26 2655/154/83 2656/226/1949
f 2661/137/88 2662/107/65 2666/109/67 2665/227/103
f 2659/139/90 2660/138/149 2664/228/104 2663/157/140
f 2660/138/149 2661/137/88 2665/227/106 2664/228/104
f 2665/158/103 2666/113/67 2670/112/69 2669/159/797
f 2663/160/140 2664/161/104 2668/162/108 2667/163/109
f 2664/161/104 2665/158/106 2669/159/142 2668/162/108
f 2631/80/40 2632/78/1952 2669/159/797 2670/112/69
f 2632/78/1952 2633/75/35 2668/162/108 2669/159/142
f 2633/75/35 2634/74/34 2667/163/109 2668/162/108
f 2673/143/95 2674/115/71 2678/117/157 2677/164/111
f 2671/145/82 2672/144/96 2676/165/112 2675/229/113
f 2672/144/96 2673/143/95 2677/164/114 2676/165/112
f 2677/167/111 2678/121/157 2682/120/75 2681/168/1954
f 2675/169/113 2676/170/112 2680/171/116 2679/172/117
f 2676/170/112 2677/167/114 2681/168/118 2680/171/116
f 2619/61/21 2620/60/20 2681/168/1954 2682/120/75
f 2620/60/20 2621/214/23 2680/171/116 2681/168/118
f 2621/214/23 2622/65/25 2679/172/117 2680/171/116
f 2685/224/1953 2686/123/77 2690/125/147 2689/230/119
f 2683/142/93 2684/141/92 2688/174/120 2687/175/121
f 2684/141/92 2685/224/138 2689/230/122 2688/174/120
f 2689/176/119 2690/222/147 2694/128/1946 2693/231/123
f 2687/178/121 2688/179/120 2692/180/144 2691/181/125
f 2688/179/120 2689/176/122 2693/231/123 2692/180/144
f 2643/85/45 2644/84/44 2693/231/123 2694/128/1946
f 2644/84/44 2645/87/47 2692/180/144 2693/231/123
f 2645/87/47 2646/89/49 2691/181/125 2692/180/144
f 2659/182/90 2691/183/125 2646/232/49 2627/185/29
f 2663/186/140 2687/187/121 2691/183/125 2659/182/90
f 2683/188/93 2667/189/109 2634/190/34 2635/191/37
f 2683/188/93 2687/187/121 2663/186/140 2667/189/109
f 2627/185/29 2646/232/49 2639/131/48 2626/130/26
f 2651/192/139 2675/193/113 2679/194/117 2647/195/86
f 2655/133/83 2671/132/82 2675/193/113 2651/192/139
f 2647/195/86 2679/194/117 2622/196/25 2615/197/24
f 2607/198/17 2595/199/17 2596/233/17 2606/201/17
f 2608/202/17 2599/203/17 2595/199/17 2607/198/17
f 2605/204/17 2597/205/17 2598/206/17 2609/207/17
f 2606/201/17 2596/233/17 2597/205/17 2605/204/17
f 2614/57/17 2603/56/17 2599/203/17 2608/202/17
f 2601/234/17 2611/209/17 2612/235/17 2600/211/17
f 2610/54/17 2611/209/17 2601/234/17 2602/55/17
f 2600/211/17 2612/235/17 2613/236/17 2604/213/17
f 2710/54/17 2702/55/17 2703/56/17 2714/57/17
f 2718/58/18 2717/59/19 2720/60/20 2719/61/21
f 2717/59/19 2716/62/1955 2721/214/23 2720/60/20
f 2716/62/1955 2715/215/24 2722/65/25 2721/214/23
f 2726/66/26 2725/67/128 2728/68/129 2727/69/29
f 2725/67/128 2724/70/30 2729/71/131 2728/68/129
f 2724/70/30 2723/72/32 2730/73/132 2729/71/131
f 2734/74/34 2733/75/35 2736/216/36 2735/77/37
f 2733/75/35 2732/78/38 2737/79/39 2736/216/36
f 2732/78/38 2731/80/40 2738/81/41 2737/79/39
f 2742/217/42 2741/83/43 2744/84/44 2743/85/45
f 2741/83/43 2740/86/46 2745/87/47 2744/84/44
f 2740/86/46 2739/88/48 2746/89/49 2745/87/47
f 2723/72/32 2699/218/50 2703/91/156 2730/73/132
f 2708/92/52 2742/217/42 2743/85/45 2714/93/53
f 2713/94/133 2738/81/41 2731/80/40 2704/95/55
f 2719/61/21 2709/96/56 2698/97/57 2718/58/18
f 2698/97/57 2697/98/58 2750/99/59 2718/58/18
f 2697/98/58 2696/100/60 2754/101/61 2750/99/59
f 2696/102/60 2695/103/62 2758/104/63 2754/105/61
f 2695/103/62 2699/218/50 2723/72/32 2758/104/63
f 2703/91/156 2702/219/64 2762/107/65 2730/73/132
f 2702/219/64 2701/108/66 2766/109/67 2762/107/65
f 2701/110/66 2700/111/68 2770/112/69 2766/113/67
f 2700/111/68 2704/95/55 2731/80/40 2770/112/69
f 2708/92/52 2707/2266/70 2774/115/71 2742/217/42
f 2707/2266/70 2706/116/72 2778/117/157 2774/115/71
f 2706/118/72 2705/220/74 2782/120/75 2778/121/157
f 2705/220/74 2709/96/56 2719/61/21 2782/120/75
f 2713/94/133 2712/122/76 2786/123/77 2738/81/41
f 2712/122/76 2711/124/78 2790/125/147 2786/123/77
f 2711/221/78 2710/127/80 2794/128/81 2790/222/147
f 2710/127/80 2714/93/53 2743/85/45 2794/128/81
f 2726/130/26 2739/131/48 2771/132/82 2755/133/83
f 2717/59/19 2718/58/18 2750/99/59 2749/223/136
f 2715/215/24 2716/62/1955 2748/135/85 2747/136/86
f 2716/62/1955 2717/59/19 2749/223/87 2748/135/85
f 2729/71/131 2730/73/132 2762/107/65 2761/137/88
f 2727/69/29 2728/68/129 2760/138/149 2759/139/90
f 2728/68/129 2729/71/131 2761/137/88 2760/138/149
f 2737/79/39 2738/81/41 2786/123/77 2785/224/91
f 2735/77/37 2736/216/36 2784/141/92 2783/142/93
f 2736/216/36 2737/79/39 2785/224/138 2784/141/92
f 2741/83/43 2742/217/42 2774/115/71 2773/143/95
f 2739/88/48 2740/86/46 2772/144/96 2771/145/82
f 2740/86/46 2741/83/43 2773/143/95 2772/144/96
f 2749/223/136 2750/99/59 2754/101/61 2753/146/97
f 2747/136/86 2748/135/85 2752/147/98 2751/148/139
f 2748/135/85 2749/223/87 2753/146/100 2752/147/98
f 2753/149/97 2754/105/61 2758/104/63 2757/150/101
f 2751/151/139 2752/225/98 2756/226/102 2755/154/83
f 2752/225/98 2753/149/100 2757/150/101 2756/226/102
f 2723/72/32 2724/70/30 2757/150/101 2758/104/63
f 2724/70/30 2725/67/128 2756/226/102 2757/150/101
f 2725/67/128 2726/66/26 2755/154/83 2756/226/102
f 2761/137/88 2762/107/65 2766/109/67 2765/227/103
f 2759/139/90 2760/138/149 2764/228/1956 2763/157/140
f 2760/138/149 2761/137/88 2765/227/106 2764/228/1956
f 2765/158/103 2766/113/67 2770/112/69 2769/159/1950
f 2763/160/140 2764/161/1956 2768/162/108 2767/163/109
f 2764/161/1956 2765/158/106 2769/159/142 2768/162/108
f 2731/80/40 2732/78/38 2769/159/1950 2770/112/69
f 2732/78/38 2733/75/35 2768/162/108 2769/159/142
f 2733/75/35 2734/74/34 2767/163/109 2768/162/108
f 2773/143/95 2774/115/71 2778/117/157 2777/164/111
f 2771/145/82 2772/144/96 2776/165/112 2775/229/113
f 2772/144/96 2773/143/95 2777/164/114 2776/165/112
f 2777/167/111 2778/121/157 2782/120/75 2781/168/143
f 2775/169/113 2776/2086/112 2780/171/116 2779/172/117
f 2776/2086/112 2777/167/114 2781/168/1957 2780/171/116
f 2719/61/21 2720/60/20 2781/168/143 2782/120/75
f 2720/60/20 2721/214/23 2780/171/116 2781/168/1957
f 2721/214/23 2722/65/25 2779/172/117 2780/171/116
f 2785/224/91 2786/123/77 2790/125/147 2789/230/119
f 2783/142/93 2784/141/92 2788/174/120 2787/175/121
f 2784/141/92 2785/224/138 2789/230/122 2788/174/120
f 2789/176/119 2790/222/147 2794/128/81 2793/231/123
f 2787/178/121 2788/179/120 2792/180/144 2791/181/125
f 2788/179/120 2789/176/122 2793/231/123 2792/180/144
f 2743/85/45 2744/84/44 2793/231/123 2794/128/81
f 2744/84/44 2745/87/47 2792/180/144 2793/231/123
f 2745/87/47 2746/89/49 2791/181/125 2792/180/144
f 2759/182/90 2791/183/125 2746/232/49 2727/185/29
f 2763/186/140 2787/187/121 2791/183/125 2759/182/90
f 2783/188/93 2767/189/109 2734/190/34 2735/191/37
f 2783/188/93 2787/187/121 2763/186/140 2767/189/109
f 2727/185/29 2746/232/49 2739/131/48 2726/130/26
f 2751/192/139 2775/193/113 2779/194/117 2747/195/86
f 2755/133/83 2771/132/82 2775/193/113 2751/192/139
f 2747/195/86 2779/194/117 2722/196/25 2715/197/24
f 2707/198/17 2695/199/17 2696/233/17 2706/201/17
f 2708/202/17 2699/203/17 2695/199/17 2707/198/17
f 2705/204/17 2697/205/17 2698/206/126 2709/207/126
f 2706/201/17 2696/233/17 2697/205/17 2705/204/17
f 2714/57/17 2703/56/17 2699/203/17 2708/202/17
f 2701/234/17 2711/209/17 2712/235/17 2700/211/17
f 2710/54/17 2711/209/17 2701/234/17 2702/55/17
f 2700/211/17 2712/235/17 2713/236/127 2704/213/127
f 2810/54/17 2802/55/17 2803/56/17 2814/57/17
f 2818/58/18 2817/59/1958 2820/60/20 2819/61/21
f 2817/59/1958 2816/62/1955 2821/214/23 2820/60/20
f 2816/62/1955 2815/215/24 2822/65/25 2821/214/23
f 2826/66/26 2825/67/128 2828/68/129 2827/69/29
f 2825/67/128 2824/70/130 2829/71/131 2828/68/129
f 2824/70/130 2823/72/32 2830/73/132 2829/71/131
f 2834/74/34 2833/75/35 2836/216/36 2835/77/37
f 2833/75/35 2832/78/1952 2837/79/39 2836/216/36
f 2832/78/1952 2831/80/40 2838/81/41 2837/79/39
f 2842/217/42 2841/83/43 2844/84/44 2843/85/45
f 2841/83/43 2840/86/46 2845/87/47 2844/84/44
f 2840/86/46 2839/88/48 2846/89/49 2845/87/47
f 2823/72/32 2799/218/50 2803/91/51 2830/73/132
f 2808/92/52 2842/217/42 2843/85/45 2814/93/53
f 2813/94/133 2838/81/41 2831/80/40 2804/95/55
f 2819/61/21 2809/96/56 2798/97/57 2818/58/18
f 2798/97/57 2797/98/58 2850/99/59 2818/58/18
f 2797/98/58 2796/100/60 2854/101/61 2850/99/59
f 2796/102/60 2795/103/62 2858/104/63 2854/105/61
f 2795/103/62 2799/218/50 2823/72/32 2858/104/63
f 2803/91/51 2802/219/64 2862/107/65 2830/73/132
f 2802/219/64 2801/108/66 2866/109/67 2862/107/65
f 2801/110/66 2800/111/68 2870/112/69 2866/113/67
f 2800/111/68 2804/95/55 2831/80/40 2870/112/69
f 2808/92/52 2807/114/70 2874/115/71 2842/217/42
f 2807/114/70 2806/116/72 2878/117/157 2874/115/71
f 2806/118/72 2805/220/74 2882/120/75 2878/121/157
f 2805/220/74 2809/96/56 2819/61/21 2882/120/75
f 2813/94/133 2812/122/76 2886/123/77 2838/81/41
f 2812/122/76 2811/124/78 2890/125/135 2886/123/77
f 2811/221/78 2810/127/80 2894/128/81 2890/222/135
f 2810/127/80 2814/93/53 2843/85/45 2894/128/81
f 2826/130/26 2839/131/48 2871/132/82 2855/133/83
f 2817/59/1958 2818/58/18 2850/99/59 2849/223/148
f 2815/215/24 2816/62/1955 2848/135/85 2847/136/86
f 2816/62/1955 2817/59/1958 2849/223/87 2848/135/85
f 2829/71/131 2830/73/132 2862/107/65 2861/137/88
f 2827/69/29 2828/68/129 2860/138/149 2859/139/90
f 2828/68/129 2829/71/131 2861/137/88 2860/138/149
f 2837/79/39 2838/81/41 2886/123/77 2885/224/91
f 2835/77/37 2836/216/36 2884/141/92 2883/142/93
f 2836/216/36 2837/79/39 2885/224/138 2884/141/92
f 2841/83/43 2842/217/42 2874/115/71 2873/143/95
f 2839/88/48 2840/86/46 2872/144/96 2871/145/82
f 2840/86/46 2841/83/43 2873/143/95 2872/144/96
f 2849/223/148 2850/99/59 2854/101/61 2853/146/97
f 2847/136/86 2848/135/85 2852/147/98 2851/148/139
f 2848/135/85 2849/223/87 2853/146/100 2852/147/98
f 2853/149/97 2854/105/61 2858/104/63 2857/150/101
f 2851/151/139 2852/225/98 2856/226/102 2855/154/83
f 2852/225/98 2853/149/100 2857/150/101 2856/226/102
f 2823/72/32 2824/70/130 2857/150/101 2858/104/63
f 2824/70/130 2825/67/128 2856/226/102 2857/150/101
f 2825/67/128 2826/66/26 2855/154/83 2856/226/102
f 2861/137/88 2862/107/65 2866/109/67 2865/227/103
f 2859/139/90 2860/138/149 2864/228/104 2863/157/140
f 2860/138/149 2861/137/88 2865/227/106 2864/228/104
f 2865/158/103 2866/113/67 2870/112/69 2869/159/152
f 2863/160/140 2864/161/104 2868/162/108 2867/163/109
f 2864/161/104 2865/158/106 2869/159/142 2868/162/108
f 2831/80/40 2832/78/1952 2869/159/152 2870/112/69
f 2832/78/1952 2833/75/35 2868/162/108 2869/159/142
f 2833/75/35 2834/74/34 2867/163/109 2868/162/108
f 2873/143/95 2874/115/71 2878/117/157 2877/164/111
f 2871/145/82 2872/144/96 2876/165/112 2875/229/113
f 2872/144/96 2873/143/95 2877/164/114 2876/165/112
f 2877/167/111 2878/121/157 2882/120/75 2881/168/153
f 2875/169/113 2876/170/112 2880/171/116 2879/172/117
f 2876/170/112 2877/167/114 2881/168/118 2880/171/116
f 2819/61/21 2820/60/20 2881/168/153 2882/120/75
f 2820/60/20 2821/214/23 2880/171/116 2881/168/118
f 2821/214/23 2822/65/25 2879/172/117 2880/171/116
f 2885/224/91 2886/123/77 2890/125/135 2889/230/119
f 2883/142/93 2884/141/92 2888/174/120 2887/175/121
f 2884/141/92 2885/224/138 2889/230/122 2888/174/120
f 2889/176/119 2890/222/135 2894/128/81 2893/231/123
f 2887/178/121 2888/179/120 2892/180/144 2891/181/125
f 2888/179/120 2889/176/122 2893/231/123 2892/180/144
f 2843/85/45 2844/84/44 2893/231/123 2894/128/81
f 2844/84/44 2845/87/47 2892/180/144 2893/231/123
f 2845/87/47 2846/89/49 2891/181/125 2892/180/144
f 2859/182/90 2891/183/125 2846/232/49 2827/185/29
f 2863/186/140 2887/187/121 2891/183/125 2859/182/90
f 2883/188/93 2867/189/109 2834/190/34 2835/191/37
f 2883/188/93 2887/187/121 2863/186/140 2867/189/109
f 2827/185/29 2846/232/49 2839/131/48 2826/130/26
f 2851/192/139 2875/193/113 2879/194/117 2847/195/86
f 2855/133/83 2871/132/82 2875/193/113 2851/192/139
f 2847/195/86 2879/194/117 2822/196/25 2815/197/24
f 2807/198/17 2795/199/17 2796/233/17 2806/201/17
f 2808/202/17 2799/203/17 2795/199/17 2807/198/17
f 2805/204/800 2797/205/800 2798/206/126 2809/207/126
f 2806/201/17 2796/233/17 2797/205/800 2805/204/800
f 2814/57/17 2803/56/17 2799/203/17 2808/202/17
f 2801/234/17 2811/209/17 2812/235/17 2800/211/17
f 2810/54/17 2811/209/17 2801/234/17 2802/55/17
f 2800/211/17 2812/235/17 2813/236/1959 2804/213/1959
f 2910/54/17 2902/55/17 2903/56/17 2914/57/17
f 2918/58/18 2917/59/19 2920/60/20 2919/61/21
f 2917/59/19 2916/62/22 2921/214/23 2920/60/20
f 2916/62/22 2915/215/24 2922/65/25 2921/214/23
f 2926/66/26 2925/67/27 2928/68/28 2927/69/29
f 2925/67/27 2924/70/30 2929/71/131 2928/68/28
f 2924/70/30 2923/72/32 2930/73/132 2929/71/131
f 2934/74/34 2933/75/35 2936/216/36 2935/77/37
f 2933/75/35 2932/78/38 2937/79/39 2936/216/36
f 2932/78/38 2931/80/40 2938/81/41 2937/79/39
f 2942/217/42 2941/83/43 2944/84/44 2943/85/45
f 2941/83/43 2940/86/46 2945/87/47 2944/84/44
f 2940/86/46 2939/88/48 2946/89/49 2945/87/47
f 2923/72/32 2899/218/50 2903/91/51 2930/73/132
f 2908/92/52 2942/217/42 2943/85/45 2914/93/53
f 2913/94/133 2938/81/41 2931/80/40 2904/95/55
f 2919/61/21 2909/96/56 2898/97/57 2918/58/18
f 2898/97/57 2897/98/58 2950/99/59 2918/58/18
f 2897/98/58 2896/100/60 2954/101/61 2950/99/59
f 2896/102/60 2895/103/62 2958/104/63 2954/105/61
f 2895/103/62 2899/218/50 2923/72/32 2958/104/63
f 2903/91/51 2902/219/64 2962/107/65 2930/73/132
f 2902/219/64 2901/108/66 2966/109/67 2962/107/65
f 2901/110/66 2900/111/68 2970/112/69 2966/113/67
f 2900/111/68 2904/95/55 2931/80/40 2970/112/69
f 2908/92/52 2907/114/70 2974/2267/71 2942/217/42
f 2907/114/70 2906/116/72 2978/117/157 2974/2267/71
f 2906/118/72 2905/220/74 2982/120/75 2978/121/157
f 2905/220/74 2909/96/56 2919/61/21 2982/120/75
f 2913/94/133 2912/122/76 2986/123/146 2938/81/41
f 2912/122/76 2911/124/78 2990/125/147 2986/123/146
f 2911/221/78 2910/127/80 2994/128/81 2990/222/147
f 2910/127/80 2914/93/53 2943/85/45 2994/128/81
f 2926/130/26 2939/131/48 2971/132/82 2955/133/83
f 2917/59/19 2918/58/18 2950/99/59 2949/223/148
f 2915/215/24 2916/62/22 2948/135/85 2947/136/86
f 2916/62/22 2917/59/19 2949/223/87 2948/135/85
f 2929/71/131 2930/73/132 2962/107/65 2961/137/88
f 2927/69/29 2928/68/28 2960/138/149 2959/139/90
f 2928/68/28 2929/71/131 2961/137/88 2960/138/149
f 2937/79/39 2938/81/41 2986/123/146 2985/224/1812
f 2935/77/37 2936/216/36 2984/141/92 2983/142/93
f 2936/216/36 2937/79/39 2985/224/138 2984/141/92
f 2941/83/43 2942/217/42 2974/2267/71 2973/143/95
f 2939/88/48 2940/86/46 2972/144/96 2971/145/82
f 2940/86/46 2941/83/43 2973/143/95 2972/144/96
f 2949/223/148 2950/99/59 2954/101/61 2953/146/97
f 2947/136/86 2948/135/85 2952/147/98 2951/148/99
f 2948/135/85 2949/223/87 2953/146/100 2952/147/98
f 2953/149/97 2954/105/61 2958/104/63 2957/150/101
f 2951/151/99 2952/225/98 2956/226/102 2955/154/83
f 2952/225/98 2953/149/100 2957/150/101 2956/226/102
f 2923/72/32 2924/70/30 2957/150/101 2958/104/63
f 2924/70/30 2925/67/27 2956/226/102 2957/150/101
f 2925/67/27 2926/66/26 2955/154/83 2956/226/102
f 2961/137/88 2962/107/65 2966/109/67 2965/227/103
f 2959/139/90 2960/138/149 2964/228/104 2963/157/105
f 2960/138/149 2961/137/88 2965/227/106 2964/228/104
f 2965/158/103 2966/113/67 2970/112/69 2969/159/797
f 2963/160/105 2964/161/104 2968/162/108 2967/163/109
f 2964/161/104 2965/158/106 2969/159/110 2968/162/108
f 2931/80/40 2932/78/38 2969/159/797 2970/112/69
f 2932/78/38 2933/75/35 2968/162/108 2969/159/110
f 2933/75/35 2934/74/34 2967/163/109 2968/162/108
f 2973/143/95 2974/2267/71 2978/117/157 2977/164/111
f 2971/145/82 2972/144/96 2976/165/112 2975/229/113
f 2972/144/96 2973/143/95 2977/164/114 2976/165/112
f 2977/167/111 2978/121/157 2982/120/75 2981/168/153
f 2975/169/113 2976/170/112 2980/171/116 2979/172/117
f 2976/170/112 2977/167/114 2981/168/118 2980/171/116
f 2919/61/21 2920/60/20 2981/168/153 2982/120/75
f 2920/60/20 2921/214/23 2980/171/116 2981/168/118
f 2921/214/23 2922/65/25 2979/172/117 2980/171/116
f 2985/224/1812 2986/123/146 2990/125/147 2989/230/119
f 2983/142/93 2984/141/92 2988/174/120 2987/175/121
f 2984/141/92 2985/224/138 2989/230/122 2988/174/120
f 2989/176/119 2990/222/147 2994/128/81 2993/231/123
f 2987/178/121 2988/179/120 2992/180/124 2991/181/125
f 2988/179/120 2989/176/122 2993/231/123 2992/180/124
f 2943/85/45 2944/84/44 2993/231/123 2994/128/81
f 2944/84/44 2945/87/47 2992/180/124 2993/231/123
f 2945/87/47 2946/89/49 2991/181/125 2992/180/124
f 2959/182/90 2991/183/125 2946/232/49 2927/185/29
f 2963/186/105 2987/187/121 2991/183/125 2959/182/90
f 2983/188/93 2967/189/109 2934/190/34 2935/191/37
f 2983/188/93 2987/187/121 2963/186/105 2967/189/109
f 2927/185/29 2946/232/49 2939/131/48 2926/130/26
f 2951/192/99 2975/193/113 2979/194/117 2947/195/86
f 2955/133/83 2971/132/82 2975/193/113 2951/192/99
f 2947/195/86 2979/194/117 2922/196/25 2915/197/24
f 2907/198/17 2895/199/17 2896/233/17 2906/201/17
f 2908/202/17 2899/203/17 2895/199/17 2907/198/17
f 2905/204/800 2897/205/800 2898/206/126 2909/207/126
f 2906/201/17 2896/233/17 2897/205/800 2905/204/800
f 2914/57/17 2903/56/17 2899/203/17 2908/202/17
f 2901/234/17 2911/209/17 2912/235/17 2900/211/17
f 2910/54/17 2911/209/17 2901/234/17 2902/55/17
f 2900/211/17 2912/235/17 2913/236/127 2904/213/127
f 3010/54/17 3002/55/17 3003/56/17 3014/57/17
f 3018/58/18 3017/59/19 3020/60/20 3019/61/21
f 3017/59/19 3016/62/22 3021/214/23 3020/60/20
f 3016/62/22 3015/215/24 3022/65/25 3021/214/23
f 3026/66/26 3025/67/27 3028/68/1810 3027/69/29
f 3025/67/27 3024/70/30 3029/71/131 3028/68/1810
f 3024/70/30 3023/72/32 3030/73/132 3029/71/131
f 3034/74/34 3033/75/35 3036/216/36 3035/77/37
f 3033/75/35 3032/78/1952 3037/79/39 3036/216/36
f 3032/78/1952 3031/80/40 3038/81/41 3037/79/39
f 3042/217/42 3041/83/43 3044/84/44 3043/85/45
f 3041/83/43 3040/86/46 3045/87/47 3044/84/44
f 3040/86/46 3039/88/48 3046/89/49 3045/87/47
f 3023/72/32 2999/218/50 3003/91/51 3030/73/132
f 3008/92/52 3042/217/42 3043/85/45 3014/93/53
f 3013/94/133 3038/81/41 3031/80/40 3004/95/55
f 3019/61/21 3009/96/56 2998/97/57 3018/58/18
f 2998/97/57 2997/98/58 3050/99/59 3018/58/18
f 2997/98/58 2996/100/60 3054/101/61 3050/99/59
f 2996/102/60 2995/103/62 3058/104/63 3054/105/61
f 2995/103/62 2999/218/50 3023/72/32 3058/104/63
f 3003/91/51 3002/219/64 3062/107/65 3030/73/132
f 3002/219/64 3001/108/66 3066/109/67 3062/107/65
f 3001/110/66 3000/111/68 3070/112/69 3066/113/67
f 3000/111/68 3004/95/55 3031/80/40 3070/112/69
f 3008/92/52 3007/114/70 3074/115/71 3042/217/42
f 3007/114/70 3006/116/72 3078/117/794 3074/115/71
f 3006/118/72 3005/220/74 3082/120/134 3078/121/794
f 3005/220/74 3009/96/56 3019/61/21 3082/120/134
f 3013/94/133 3012/122/76 3086/123/77 3038/81/41
f 3012/122/76 3011/124/78 3090/125/135 3086/123/77
f 3011/221/78 3010/127/80 3094/128/81 3090/222/135
f 3010/127/80 3014/93/53 3043/85/45 3094/128/81
f 3026/130/26 3039/131/48 3071/132/82 3055/133/83
f 3017/59/19 3018/58/18 3050/99/59 3049/223/84
f 3015/215/24 3016/62/22 3048/135/85 3047/136/86
f 3016/62/22 3017/59/19 3049/223/87 3048/135/85
f 3029/71/131 3030/73/132 3062/107/65 3061/137/88
f 3027/69/29 3028/68/1810 3060/138/149 3059/139/90
f 3028/68/1810 3029/71/131 3061/137/88 3060/138/149
f 3037/79/39 3038/81/41 3086/123/77 3085/140/1812
f 3035/77/37 3036/216/36 3084/141/92 3083/142/93
f 3036/216/36 3037/79/39 3085/140/94 3084/141/92
f 3041/83/43 3042/217/42 3074/115/71 3073/143/95
f 3039/88/48 3040/86/46 3072/144/96 3071/145/82
f 3040/86/46 3041/83/43 3073/143/95 3072/144/96
f 3049/223/84 3050/99/59 3054/101/61 3053/146/97
f 3047/136/86 3048/135/85 3052/147/1960 3051/148/139
f 3048/135/85 3049/223/87 3053/146/100 3052/147/1960
f 3053/149/97 3054/105/61 3058/104/63 3057/150/101
f 3051/151/139 3052/225/1960 3056/226/102 3055/154/83
f 3052/225/1960 3053/149/100 3057/150/101 3056/226/102
f 3023/72/32 3024/70/30 3057/150/101 3058/104/63
f 3024/70/30 3025/67/27 3056/226/102 3057/150/101
f 3025/67/27 3026/66/26 3055/154/83 3056/226/102
f 3061/137/88 3062/107/65 3066/109/67 3065/227/103
f 3059/139/90 3060/138/149 3064/228/104 3063/157/140
f 3060/138/149 3061/137/88 3065/227/106 3064/228/104
f 3065/158/103 3066/113/67 3070/112/69 3069/159/797
f 3063/160/140 3064/161/104 3068/162/108 3067/163/109
f 3064/161/104 3065/158/106 3069/159/142 3068/162/108
f 3031/80/40 3032/78/1952 3069/159/797 3070/112/69
f 3032/78/1952 3033/75/35 3068/162/108 3069/159/142
f 3033/75/35 3034/74/34 3067/163/109 3068/162/108
f 3073/143/95 3074/115/71 3078/117/794 3077/164/111
f 3071/145/82 3072/144/96 3076/165/112 3075/229/113
f 3072/144/96 3073/143/95 3077/164/114 3076/165/112
f 3077/167/111 3078/121/794 3082/120/134 3081/168/153
f 3075/169/113 3076/170/112 3080/171/116 3079/172/117
f 3076/170/112 3077/167/114 3081/168/118 3080/171/116
f 3019/61/21 3020/60/20 3081/168/153 3082/120/134
f 3020/60/20 3021/214/23 3080/171/116 3081/168/118
f 3021/214/23 3022/65/25 3079/172/117 3080/171/116
f 3085/140/1812 3086/123/77 3090/125/135 3089/230/119
f 3083/142/93 3084/141/92 3088/174/120 3087/175/121
f 3084/141/92 3085/140/94 3089/230/122 3088/174/120
f 3089/176/119 3090/222/135 3094/128/81 3093/231/123
f 3087/178/121 3088/179/120 3092/180/124 3091/181/125
f 3088/179/120 3089/176/122 3093/231/123 3092/180/124
f 3043/85/45 3044/84/44 3093/231/123 3094/128/81
f 3044/84/44 3045/87/47 3092/180/124 3093/231/123
f 3045/87/47 3046/89/49 3091/181/125 3092/180/124
f 3059/182/90 3091/183/125 3046/232/49 3027/185/29
f 3063/186/140 3087/187/121 3091/183/125 3059/182/90
f 3083/188/93 3067/189/109 3034/190/34 3035/191/37
f 3083/188/93 3087/187/121 3063/186/140 3067/189/109
f 3027/185/29 3046/232/49 3039/131/48 3026/130/26
f 3051/192/139 3075/193/113 3079/194/117 3047/195/86
f 3055/133/83 3071/132/82 3075/193/113 3051/192/139
f 3047/195/86 3079/194/117 3022/196/25 3015/197/24
f 3007/198/17 2995/199/17 2996/233/17 3006/201/17
f 3008/202/17 2999/203/17 2995/199/17 3007/198/17
f 3005/204/17 2997/205/17 2998/206/17 3009/207/17
f 3006/201/17 2996/233/17 2997/205/17 3005/204/17
f 3014/57/17 3003/56/17 2999/203/17 3008/202/17
f 3001/234/17 3011/209/17 3012/235/17 3000/211/17
f 3010/54/17 3011/209/17 3001/234/17 3002/55/17
f 3000/211/17 3012/235/17 3013/236/800 3004/213/800
